field_id,crop_id,crop_type,area_m2,n_fragments,n_source_chips,source_pixels,geometry_type
5559,14,Coriander,25507.875822977545,1,1,255,Polygon
6299,14,Coriander,17402.92286221531,1,1,174,Polygon
766,14,Coriander,6302.6190746437,1,1,63,Polygon
1144,8,Garlic,6301.971712187345,1,1,63,Polygon
5270,8,Garlic,14701.469948495258,1,1,147,Polygon
5271,8,Garlic,4900.482250515392,1,1,49,Polygon
5279,8,Garlic,11504.231779430427,1,1,115,Polygon
5300,8,Garlic,12101.536124425971,1,1,121,Polygon
5302,8,Garlic,7000.881513628696,1,1,70,Polygon
5318,8,Garlic,8501.442554243124,1,1,85,Polygon
5347,8,Garlic,23594.24730825419,1,1,236,Polygon
5358,8,Garlic,6700.6097508886805,1,1,67,Polygon
5462,8,Garlic,12201.205113629661,1,1,122,Polygon
5476,8,Garlic,7702.912848451412,1,1,77,Polygon
5517,8,Garlic,6400.581010117881,1,1,64,Polygon
5723,8,Garlic,23505.50068269642,1,1,235,Polygon
5882,8,Garlic,12198.579545112178,1,1,122,Polygon
5917,8,Garlic,10301.706021319074,1,1,103,Polygon
5946,8,Garlic,8501.905316362643,1,1,85,Polygon
6012,8,Garlic,7500.612426868424,1,1,75,Polygon
6048,8,Garlic,17006.60902031412,1,1,170,Polygon
6216,8,Garlic,11402.646761459448,1,1,114,Polygon
6300,8,Garlic,8601.468549486066,1,1,86,Polygon
5267,13,Gram,9701.283110556446,1,1,97,Polygon
5331,13,Gram,20306.059703874107,1,1,203,Polygon
5340,13,Gram,7201.809345291813,1,1,72,Polygon
5357,13,Gram,8001.926533938916,1,1,80,Polygon
5477,13,Gram,6198.997740162817,1,1,62,Polygon
5522,13,Gram,13504.411535616535,1,1,135,Polygon
5562,13,Gram,13904.252024307976,1,1,139,Polygon
5573,13,Gram,99.95444632345036,1,1,1,Polygon
5693,13,Gram,6300.291367667987,1,1,63,Polygon
5822,13,Gram,5599.488904936772,1,1,56,Polygon
5865,13,Gram,14305.203537081235,1,1,143,Polygon
5906,13,Gram,12702.86681732517,1,1,127,Polygon
5986,13,Gram,12893.990307481758,1,1,129,Polygon
5988,13,Gram,8495.983273175847,1,1,85,Polygon
6045,13,Gram,11503.697525882637,1,1,115,Polygon
6073,13,Gram,8995.814034101582,1,1,90,Polygon
6074,13,Gram,7096.7025353096815,1,1,71,Polygon
6183,13,Gram,12599.747838747415,1,1,126,Polygon
6261,13,Gram,14092.772146430061,1,1,141,Polygon
4796,5,Green pea,8296.638275787502,1,1,83,Polygon
539,5,Green pea,7803.984844433875,1,1,78,Polygon
1151,3,Lentil,8101.691557565751,1,1,81,Polygon
12,3,Lentil,7201.586676747637,1,1,72,Polygon
1332,3,Lentil,7002.568549198137,1,1,70,Polygon
1616,3,Lentil,5801.641346745614,1,1,58,Polygon
2544,3,Lentil,4903.543514640672,1,1,49,Polygon
2609,3,Lentil,6604.810960310464,1,1,66,Polygon
2802,3,Lentil,6604.9080515544,1,1,66,Polygon
5512,3,Lentil,10595.087018384309,1,1,106,Polygon
2084,9,Maize,6404.415137750002,1,1,64,Polygon
4882,9,Maize,7597.13557458863,1,1,76,Polygon
6339,9,Maize,7605.003064172621,1,1,76,Polygon
6341,9,Maize,13610.542705912998,1,1,136,Polygon
6455,9,Maize,6204.139030175857,1,1,62,Polygon
6505,9,Maize,8005.805561475771,1,1,80,Polygon
6511,9,Maize,5804.494600225816,1,1,58,Polygon
6512,9,Maize,11408.83406447077,1,1,114,Polygon
6543,9,Maize,6204.115369997695,1,1,62,Polygon
6656,9,Maize,7505.819667277109,1,1,75,Polygon
6672,9,Maize,7705.209392837923,1,1,77,Polygon
6716,9,Maize,7705.240169329508,1,1,77,Polygon
6730,9,Maize,9907.017485666658,1,1,99,Polygon
6752,9,Maize,17713.06487997543,1,1,177,Polygon
6759,9,Maize,6404.357139522772,1,1,64,Polygon
6761,9,Maize,7705.783900389182,1,1,77,Polygon
6779,9,Maize,6404.823973377763,1,1,64,Polygon
6835,9,Maize,6204.643531356344,1,1,62,Polygon
6919,9,Maize,5603.812418874254,1,1,56,Polygon
6977,9,Maize,7404.5527606694195,1,1,74,Polygon
7006,9,Maize,5404.026297045748,1,1,54,Polygon
7053,9,Maize,6605.009299119185,1,1,66,Polygon
7089,9,Maize,6004.474857691946,1,1,60,Polygon
7137,9,Maize,6104.605869101572,1,1,61,Polygon
7220,9,Maize,6504.84305327514,1,1,65,Polygon
7242,9,Maize,6304.958327384311,1,1,63,Polygon
7249,9,Maize,7906.066594709576,1,1,79,Polygon
7258,9,Maize,6905.070601146489,1,1,69,Polygon
7260,9,Maize,6204.557408709005,1,1,62,Polygon
7278,9,Maize,100.07705631414072,1,1,1,Polygon
7298,9,Maize,11007.929145636468,1,1,110,Polygon
1001,2,Mustard,10204.729629041361,1,1,102,Polygon
1003,2,Mustard,7803.630725145866,1,1,78,Polygon
1015,2,Mustard,6603.107703888031,1,1,66,Polygon
1061,2,Mustard,9202.43310021322,1,1,92,Polygon
1104,2,Mustard,7803.2546235655,1,1,78,Polygon
1116,2,Mustard,6601.722984909865,1,1,66,Polygon
1123,2,Mustard,8201.69752003936,1,1,82,Polygon
1128,2,Mustard,8502.628488162769,1,1,85,Polygon
1143,2,Mustard,6301.992096529374,1,1,63,Polygon
1209,2,Mustard,6701.24108483679,1,1,67,Polygon
1239,2,Mustard,6802.840454143298,1,1,68,Polygon
1338,2,Mustard,5601.758394804663,1,1,56,Polygon
1493,2,Mustard,10502.949648559037,1,1,105,Polygon
1494,2,Mustard,8202.306662050778,1,1,82,Polygon
1586,2,Mustard,5401.655756351703,1,1,54,Polygon
1588,2,Mustard,6001.834978637661,1,1,60,Polygon
1589,2,Mustard,15102.531270378166,1,1,151,Polygon
1592,2,Mustard,6902.873491633981,1,1,69,Polygon
1685,2,Mustard,9102.7263454363,1,1,91,Polygon
1781,2,Mustard,8906.502834248095,1,1,89,Polygon
1890,2,Mustard,7905.734253773638,1,1,79,Polygon
1948,2,Mustard,6505.136099855024,1,1,65,Polygon
2004,2,Mustard,9907.61897177992,1,1,99,Polygon
2041,2,Mustard,9606.6815780751,1,1,96,Polygon
2043,2,Mustard,7505.2381097132065,1,1,75,Polygon
211,2,Mustard,5602.629293620025,1,1,56,Polygon
225,2,Mustard,6902.4713432496455,1,1,69,Polygon
2252,2,Mustard,6404.866667448305,1,1,64,Polygon
2320,2,Mustard,7605.883905726193,1,1,76,Polygon
2641,2,Mustard,5604.353713614538,1,1,56,Polygon
2652,2,Mustard,9106.327458584447,1,1,91,Polygon
2965,2,Mustard,7104.992352155445,1,1,71,Polygon
3131,2,Mustard,9305.991624867575,1,1,93,Polygon
3381,2,Mustard,6705.009189633776,1,1,67,Polygon
3392,2,Mustard,6404.560647809975,1,1,64,Polygon
3444,2,Mustard,4903.296450717943,1,1,49,Polygon
3510,2,Mustard,8906.762378375264,1,1,89,Polygon
3578,2,Mustard,6803.905815231506,1,1,68,Polygon
394,2,Mustard,6602.005838959531,1,1,66,Polygon
423,2,Mustard,9103.07681939416,1,1,91,Polygon
5265,2,Mustard,8395.713725589083,1,1,84,Polygon
5268,2,Mustard,7901.05452684755,1,1,79,Polygon
5286,2,Mustard,19402.002945112494,1,1,194,Polygon
5298,2,Mustard,21607.025556694683,1,1,216,Polygon
5299,2,Mustard,26403.34810629485,1,1,264,Polygon
5307,2,Mustard,17795.819381677265,1,1,178,Polygon
5311,2,Mustard,15602.969842401657,1,1,156,Polygon
5312,2,Mustard,13902.646570745623,1,1,139,Polygon
5313,2,Mustard,8001.519010211278,1,1,80,Polygon
5327,2,Mustard,6701.993505190151,1,1,67,Polygon
5328,2,Mustard,9402.830400984354,1,1,94,Polygon
5332,2,Mustard,11703.520585915046,1,1,117,Polygon
5333,2,Mustard,8502.491482289734,1,1,85,Polygon
5334,2,Mustard,10499.189471309392,1,1,105,Polygon
5346,2,Mustard,13196.349909743092,1,1,132,Polygon
5348,2,Mustard,16205.936502599567,1,1,162,Polygon
5352,2,Mustard,8402.038598024314,1,1,84,Polygon
5355,2,Mustard,6301.506807141561,1,1,63,Polygon
5361,2,Mustard,7600.83038153933,1,1,76,Polygon
5365,2,Mustard,10100.996024111793,1,1,101,Polygon
5366,2,Mustard,9100.898969647127,1,1,91,Polygon
5369,2,Mustard,6700.706478815765,1,1,67,Polygon
5375,2,Mustard,8102.869037992331,1,1,81,Polygon
5376,2,Mustard,10903.89465990314,1,1,109,Polygon
5377,2,Mustard,10404.188376783844,1,1,104,Polygon
5378,2,Mustard,9203.712031064855,1,1,92,Polygon
5379,2,Mustard,5402.180364078809,1,1,54,Polygon
5383,2,Mustard,9499.658842823404,1,1,95,Polygon
5384,2,Mustard,6801.21737960882,1,1,68,Polygon
5386,2,Mustard,7401.329046639512,1,1,74,Polygon
5424,2,Mustard,9701.16158421912,1,1,97,Polygon
5427,2,Mustard,15201.807115206604,1,1,152,Polygon
5443,2,Mustard,6600.591960713597,1,1,66,Polygon
5445,2,Mustard,5400.485774669165,1,1,54,Polygon
5447,2,Mustard,9901.014616417819,1,1,99,Polygon
5450,2,Mustard,11201.188609249675,1,1,112,Polygon
5451,2,Mustard,6199.124924627873,1,1,62,Polygon
5458,2,Mustard,14298.691822402237,1,1,143,Polygon
5460,2,Mustard,8499.221570392616,1,1,85,Polygon
5474,2,Mustard,7700.525834174323,1,1,77,Polygon
5486,2,Mustard,9400.020335363593,1,1,94,Polygon
5501,2,Mustard,9499.717756977676,1,1,95,Polygon
5504,2,Mustard,7801.023145752616,1,1,78,Polygon
5513,2,Mustard,7099.383236323476,1,1,71,Polygon
5524,2,Mustard,6800.541285437144,1,1,68,Polygon
5525,2,Mustard,17801.407751096278,1,1,178,Polygon
5530,2,Mustard,19292.959822112844,1,1,193,Polygon
5531,2,Mustard,17299.577008591918,1,1,173,Polygon
5534,2,Mustard,9000.146503264406,1,1,90,Polygon
5539,2,Mustard,8801.342432583704,1,1,88,Polygon
5541,2,Mustard,6601.1199561026615,1,1,66,Polygon
5545,2,Mustard,5799.154125909552,1,1,58,Polygon
5551,2,Mustard,9103.420247338669,1,1,91,Polygon
5561,2,Mustard,5401.66227418174,1,1,54,Polygon
5604,2,Mustard,9698.001635934503,1,1,97,Polygon
5609,2,Mustard,9100.760996074237,1,1,91,Polygon
5615,2,Mustard,6800.975503761327,1,1,68,Polygon
5624,2,Mustard,57510.01265196988,1,1,575,Polygon
5633,2,Mustard,9299.648771796794,1,1,93,Polygon
5643,2,Mustard,7000.8993727753705,1,1,70,Polygon
5644,2,Mustard,6102.1568502916525,1,1,61,Polygon
5645,2,Mustard,8002.829971443555,1,1,80,Polygon
5646,2,Mustard,8900.194568131259,1,1,89,Polygon
5650,2,Mustard,7402.903946404994,1,1,74,Polygon
5651,2,Mustard,7302.861165427191,1,1,73,Polygon
5655,2,Mustard,7698.208036495479,1,1,77,Polygon
5658,2,Mustard,9400.618468717092,1,1,94,Polygon
5665,2,Mustard,11401.300883838967,1,1,114,Polygon
5670,2,Mustard,12000.863381719097,1,1,120,Polygon
5672,2,Mustard,6399.74204192497,1,1,64,Polygon
5677,2,Mustard,11003.467737875886,1,1,110,Polygon
5678,2,Mustard,8302.617245599333,1,1,83,Polygon
5679,2,Mustard,6702.106998797028,1,1,67,Polygon
5680,2,Mustard,14304.355236818476,1,1,143,Polygon
5689,2,Mustard,8800.379315056736,1,1,88,Polygon
5696,2,Mustard,15303.249786765868,1,1,153,Polygon
5699,2,Mustard,15092.248187389705,1,1,151,Polygon
5719,2,Mustard,9502.225052058753,1,1,95,Polygon
5722,2,Mustard,29406.84390684766,1,1,294,Polygon
5735,2,Mustard,15502.604168391632,1,1,155,Polygon
5736,2,Mustard,10301.811731961874,1,1,103,Polygon
5739,2,Mustard,9400.346899121872,1,1,94,Polygon
5744,2,Mustard,9601.73937460845,1,1,96,Polygon
5749,2,Mustard,7298.954451220489,1,1,73,Polygon
5769,2,Mustard,8600.73535553141,1,1,86,Polygon
5770,2,Mustard,15601.36497772396,1,1,156,Polygon
5772,2,Mustard,6900.636493683146,1,1,69,Polygon
5786,2,Mustard,4899.993142932153,1,1,49,Polygon
5787,2,Mustard,7000.413254788489,1,1,70,Polygon
5790,2,Mustard,5400.748427510052,1,1,54,Polygon
5802,2,Mustard,12000.104753409745,1,1,120,Polygon
5808,2,Mustard,16501.892924217205,1,1,165,Polygon
5809,2,Mustard,6600.802126059841,1,1,66,Polygon
5810,2,Mustard,12297.34276019964,1,1,123,Polygon
5815,2,Mustard,9501.419315859468,1,1,95,Polygon
5816,2,Mustard,30204.450864876122,1,1,302,Polygon
5819,2,Mustard,21901.3488745255,1,1,219,Polygon
5820,2,Mustard,13900.842134835159,1,1,139,Polygon
5848,2,Mustard,7001.108489788985,1,1,70,Polygon
5855,2,Mustard,8199.80225266177,1,1,82,Polygon
5856,2,Mustard,9499.760049024984,1,1,95,Polygon
5857,2,Mustard,23599.447295239024,1,1,236,Polygon
5867,2,Mustard,7102.508153272613,1,1,71,Polygon
5875,2,Mustard,5999.973058901964,1,1,60,Polygon
5879,2,Mustard,13796.665034341642,1,1,138,Polygon
5885,2,Mustard,8498.056324377716,1,1,85,Polygon
5886,2,Mustard,13802.31514074992,1,1,138,Polygon
5888,2,Mustard,9701.688341918447,1,1,97,Polygon
5890,2,Mustard,21805.294318630702,1,1,218,Polygon
5891,2,Mustard,5401.313242018274,1,1,54,Polygon
5893,2,Mustard,9095.286889764828,1,1,91,Polygon
5895,2,Mustard,6496.638944087157,1,1,65,Polygon
5913,2,Mustard,7801.342159532698,1,1,78,Polygon
5916,2,Mustard,6301.06298341044,1,1,63,Polygon
5934,2,Mustard,7600.733931870886,1,1,76,Polygon
5937,2,Mustard,6500.8638116485145,1,1,65,Polygon
5938,2,Mustard,8599.477431750342,1,1,86,Polygon
5942,2,Mustard,18198.939808210995,1,1,182,Polygon
5949,2,Mustard,16500.34262788773,1,1,165,Polygon
5964,2,Mustard,16701.632557798344,1,1,167,Polygon
5966,2,Mustard,8200.763077999,1,1,82,Polygon
5975,2,Mustard,7098.04001021287,1,1,71,Polygon
5977,2,Mustard,7497.918623681319,1,1,75,Polygon
5981,2,Mustard,10403.141701893213,1,1,104,Polygon
5984,2,Mustard,6201.864831898306,1,1,62,Polygon
5987,2,Mustard,14393.396679176947,1,1,144,Polygon
6008,2,Mustard,6900.732047439693,1,1,69,Polygon
6009,2,Mustard,9403.385512476296,1,1,94,Polygon
6010,2,Mustard,13404.839372001465,1,1,134,Polygon
6011,2,Mustard,9403.395270011537,1,1,94,Polygon
6015,2,Mustard,12501.126503229134,1,1,125,Polygon
6020,2,Mustard,7400.652562277277,1,1,74,Polygon
6024,2,Mustard,6900.405714572372,1,1,69,Polygon
6028,2,Mustard,6900.385695362762,1,1,69,Polygon
6029,2,Mustard,11800.70952724609,1,1,118,Polygon
6035,2,Mustard,14305.75158307097,1,1,143,Polygon
6039,2,Mustard,15302.030953241881,1,1,153,Polygon
6054,2,Mustard,10497.690365433631,1,1,105,Polygon
6055,2,Mustard,10097.666368292019,1,1,101,Polygon
6057,2,Mustard,9197.879675420707,1,1,92,Polygon
6062,2,Mustard,10798.779992671176,1,1,108,Polygon
6065,2,Mustard,11900.973583195255,1,1,119,Polygon
6067,2,Mustard,8300.452276399104,1,1,83,Polygon
6082,2,Mustard,7301.197610070624,1,1,73,Polygon
6083,2,Mustard,23403.86310460698,1,1,234,Polygon
6084,2,Mustard,15102.507830448265,1,1,151,Polygon
6095,2,Mustard,9501.148245711493,1,1,95,Polygon
6096,2,Mustard,8598.136384803476,1,1,86,Polygon
6101,2,Mustard,8601.468828833971,1,1,86,Polygon
6110,2,Mustard,4900.124617071099,1,1,49,Polygon
6117,2,Mustard,26806.316474766816,1,1,268,Polygon
6118,2,Mustard,12003.656688839785,1,1,120,Polygon
6119,2,Mustard,22106.78858715236,1,1,221,Polygon
6121,2,Mustard,26400.63566667436,1,1,264,Polygon
6122,2,Mustard,26100.542571074784,1,1,261,Polygon
6132,2,Mustard,6800.699313060652,1,1,68,Polygon
6133,2,Mustard,7600.775058965401,1,1,76,Polygon
6157,2,Mustard,6100.540501237618,1,1,61,Polygon
6170,2,Mustard,41404.99445897657,1,1,414,Polygon
6172,2,Mustard,14302.387042192946,1,1,143,Polygon
6173,2,Mustard,17302.893926274024,1,1,173,Polygon
6175,2,Mustard,13304.346973184707,1,1,133,Polygon
6178,2,Mustard,13101.627903186554,1,1,131,Polygon
6188,2,Mustard,11202.586344777856,1,1,112,Polygon
6190,2,Mustard,9302.148278081919,1,1,93,Polygon
6191,2,Mustard,18604.305126099123,1,1,186,Polygon
6205,2,Mustard,17395.282812212943,1,1,174,Polygon
6208,2,Mustard,7701.592773843595,1,1,77,Polygon
6214,2,Mustard,12002.748453778948,1,1,120,Polygon
6215,2,Mustard,14803.416510841227,1,1,148,Polygon
6218,2,Mustard,22508.16935275197,1,1,225,Polygon
6221,2,Mustard,7296.796688976285,1,1,73,Polygon
6223,2,Mustard,7396.741053825885,1,1,74,Polygon
6235,2,Mustard,13000.790486086144,1,1,130,Polygon
6240,2,Mustard,15300.729937629905,1,1,153,Polygon
6242,2,Mustard,10802.173649210648,1,1,108,Polygon
6243,2,Mustard,6301.278667827049,1,1,63,Polygon
6244,2,Mustard,10502.094937505995,1,1,105,Polygon
6263,2,Mustard,11094.345005527128,1,1,111,Polygon
6277,2,Mustard,6001.856934505208,1,1,60,Polygon
6280,2,Mustard,10803.34493235566,1,1,108,Polygon
6282,2,Mustard,12595.992507415334,1,1,126,Polygon
6283,2,Mustard,10501.026427571896,1,1,105,Polygon
6294,2,Mustard,11601.546357238101,1,1,116,Polygon
6323,2,Mustard,6505.033076238818,1,1,65,Polygon
6353,2,Mustard,100.07531240541277,1,1,1,Polygon
6440,2,Mustard,7805.484305226326,1,1,78,Polygon
6441,2,Mustard,24417.157278131443,1,1,244,Polygon
6545,2,Mustard,9506.279622211108,1,1,95,Polygon
656,2,Mustard,7701.743632967561,1,1,77,Polygon
6729,2,Mustard,5603.814054600597,1,1,56,Polygon
6763,2,Mustard,7504.952793630491,1,1,75,Polygon
6846,2,Mustard,6004.519439254036,1,1,60,Polygon
6868,2,Mustard,6404.075506485921,1,1,64,Polygon
6953,2,Mustard,8005.345068300936,1,1,80,Polygon
7035,2,Mustard,6904.598666306892,1,1,69,Polygon
7042,2,Mustard,8305.477614857722,1,1,83,Polygon
7196,2,Mustard,7505.173154440398,1,1,75,Polygon
7304,2,Mustard,17912.1956725029,1,1,179,Polygon
7305,2,Mustard,8405.724056441968,1,1,84,Polygon
779,2,Mustard,9701.592142907142,1,1,97,Polygon
780,2,Mustard,6501.096832217363,1,1,65,Polygon
887,2,Mustard,5601.70442790167,1,1,56,Polygon
1121,4,No crop/Fallow,8201.256086196952,1,1,82,Polygon
1147,4,No crop/Fallow,7901.682049095731,1,1,79,Polygon
1193,4,No crop/Fallow,7300.602405390791,1,1,73,Polygon
1394,4,No crop/Fallow,6702.287776097403,1,1,67,Polygon
1426,4,No crop/Fallow,100.03975127844387,1,1,1,Polygon
1762,4,No crop/Fallow,6705.138080174886,1,1,67,Polygon
1841,4,No crop/Fallow,6204.777207609845,1,1,62,Polygon
2300,4,No crop/Fallow,6704.846559573257,1,1,67,Polygon
2941,4,No crop/Fallow,6004.156722721234,1,1,60,Polygon
3661,4,No crop/Fallow,13589.73991488584,1,1,136,Polygon
3698,4,No crop/Fallow,18292.525387204416,1,1,183,Polygon
3699,4,No crop/Fallow,26289.13105975928,1,1,263,Polygon
3722,4,No crop/Fallow,7095.681060010042,1,1,71,Polygon
3748,4,No crop/Fallow,5997.726908292762,1,1,60,Polygon
3754,4,No crop/Fallow,8693.375382244834,1,1,87,Polygon
3762,4,No crop/Fallow,14390.198363100953,1,1,144,Polygon
3771,4,No crop/Fallow,10789.508945186866,1,1,108,Polygon
3772,4,No crop/Fallow,9790.500437816263,1,1,98,Polygon
3780,4,No crop/Fallow,13283.2467517485,1,1,133,Polygon
3808,4,No crop/Fallow,5396.601514219298,1,1,54,Polygon
3839,4,No crop/Fallow,9992.156990654092,1,1,100,Polygon
3841,4,No crop/Fallow,5795.426422403311,1,1,58,Polygon
3842,4,No crop/Fallow,9492.677275430502,1,1,95,Polygon
3877,4,No crop/Fallow,13081.05078737645,1,1,131,Polygon
3878,4,No crop/Fallow,8487.942029342767,1,1,85,Polygon
3884,4,No crop/Fallow,99.89820887118432,1,1,1,Polygon
3971,4,No crop/Fallow,5595.892610103547,1,1,56,Polygon
4041,4,No crop/Fallow,6597.663298906455,1,1,66,Polygon
4051,4,No crop/Fallow,8696.68872866245,1,1,87,Polygon
4052,4,No crop/Fallow,8396.811700370203,1,1,84,Polygon
4088,4,No crop/Fallow,8193.716667270668,1,1,82,Polygon
4128,4,No crop/Fallow,7388.760731372892,1,1,74,Polygon
4142,4,No crop/Fallow,26081.133662543536,1,1,261,Polygon
4159,4,No crop/Fallow,8693.872165991585,1,1,87,Polygon
4169,4,No crop/Fallow,14289.668229327466,1,1,143,Polygon
4170,4,No crop/Fallow,8593.753561795826,1,1,86,Polygon
4190,4,No crop/Fallow,10195.763446884857,1,1,102,Polygon
4213,4,No crop/Fallow,10495.77666200897,1,1,105,Polygon
4214,4,No crop/Fallow,7496.986757518606,1,1,75,Polygon
4216,4,No crop/Fallow,8496.566917343758,1,1,85,Polygon
4298,4,No crop/Fallow,5591.702080852594,1,1,56,Polygon
4299,4,No crop/Fallow,8892.602298020725,1,1,89,Polygon
4312,4,No crop/Fallow,5994.038415150687,1,1,60,Polygon
4353,4,No crop/Fallow,99.91124108448,1,1,1,Polygon
4357,4,No crop/Fallow,4896.477102250486,1,1,49,Polygon
4402,4,No crop/Fallow,7395.1779553889955,1,1,74,Polygon
4431,4,No crop/Fallow,5397.94192451584,1,1,54,Polygon
4432,4,No crop/Fallow,6897.416025906176,1,1,69,Polygon
4469,4,No crop/Fallow,7089.268702002685,1,1,71,Polygon
4636,4,No crop/Fallow,21284.48389560335,1,1,213,Polygon
4664,4,No crop/Fallow,6590.821205422779,1,1,66,Polygon
4679,4,No crop/Fallow,10387.209189042593,1,1,104,Polygon
4721,4,No crop/Fallow,9692.549519741598,1,1,97,Polygon
4723,4,No crop/Fallow,8596.535050047227,1,1,86,Polygon
4738,4,No crop/Fallow,14594.23800350478,1,1,146,Polygon
4740,4,No crop/Fallow,6497.384964014526,1,1,65,Polygon
4744,4,No crop/Fallow,18886.42138534935,1,1,189,Polygon
4751,4,No crop/Fallow,13183.31168544653,1,1,132,Polygon
4752,4,No crop/Fallow,13682.711501049864,1,1,137,Polygon
4814,4,No crop/Fallow,11888.430766660455,1,1,119,Polygon
4815,4,No crop/Fallow,10190.049533076075,1,1,102,Polygon
4839,4,No crop/Fallow,9393.917269033682,1,1,94,Polygon
4842,4,No crop/Fallow,6097.667002576183,1,1,61,Polygon
4865,4,No crop/Fallow,8693.614043099575,1,1,87,Polygon
4867,4,No crop/Fallow,7492.658359119672,1,1,75,Polygon
4891,4,No crop/Fallow,7190.058502263382,1,1,72,Polygon
4913,4,No crop/Fallow,6194.798790421209,1,1,62,Polygon
5091,4,No crop/Fallow,8288.077081547754,1,1,83,Polygon
5093,4,No crop/Fallow,5392.238027496108,1,1,54,Polygon
5112,4,No crop/Fallow,6195.55131272995,1,1,62,Polygon
5116,4,No crop/Fallow,10795.837650489293,1,1,108,Polygon
5124,4,No crop/Fallow,7596.849360251252,1,1,76,Polygon
5142,4,No crop/Fallow,7290.640677761183,1,1,73,Polygon
5151,4,No crop/Fallow,20682.393445705744,1,1,207,Polygon
5164,4,No crop/Fallow,19293.790410210237,1,1,193,Polygon
5220,4,No crop/Fallow,10990.602012274876,1,1,110,Polygon
5259,4,No crop/Fallow,7397.163472420458,1,1,74,Polygon
550,4,No crop/Fallow,13607.040258634526,1,1,136,Polygon
5659,4,No crop/Fallow,5600.371189724888,1,1,56,Polygon
5713,4,No crop/Fallow,8496.104093868827,1,1,85,Polygon
5803,4,No crop/Fallow,20897.404655309405,1,1,209,Polygon
5804,4,No crop/Fallow,7499.021032849276,1,1,75,Polygon
5961,4,No crop/Fallow,17003.819141280637,1,1,170,Polygon
6081,4,No crop/Fallow,15802.601740235496,1,1,158,Polygon
61,4,No crop/Fallow,8302.570040030943,1,1,83,Polygon
6109,4,No crop/Fallow,4900.066542111501,1,1,49,Polygon
6113,4,No crop/Fallow,18500.262035897154,1,1,185,Polygon
6329,4,No crop/Fallow,5603.837178906077,1,1,56,Polygon
6463,4,No crop/Fallow,6004.367811131168,1,1,60,Polygon
6628,4,No crop/Fallow,5803.93267245563,1,1,58,Polygon
6855,4,No crop/Fallow,5604.262472828127,1,1,56,Polygon
6877,4,No crop/Fallow,7304.385232372901,1,1,73,Polygon
6942,4,No crop/Fallow,7504.481326433026,1,1,75,Polygon
70,4,No crop/Fallow,5802.775649809435,1,1,58,Polygon
7031,4,No crop/Fallow,16711.914211829804,1,1,167,Polygon
7032,4,No crop/Fallow,5402.876874482009,1,1,54,Polygon
7037,4,No crop/Fallow,7505.586265708422,1,1,75,Polygon
71,4,No crop/Fallow,6303.0140136554255,1,1,63,Polygon
88,4,No crop/Fallow,8002.584562991641,1,1,80,Polygon
3737,36,Rice,19392.309645822163,1,1,194,Polygon
3880,36,Rice,7491.046383276707,1,1,75,Polygon
3974,36,Rice,21993.124414808026,1,1,220,Polygon
4043,36,Rice,20791.93695104763,1,1,208,Polygon
4082,36,Rice,99.9062536130885,1,1,1,Polygon
4235,36,Rice,6593.373009987694,1,1,66,Polygon
4322,36,Rice,8393.582651137585,1,1,84,Polygon
4534,36,Rice,18974.691523961268,1,1,190,Polygon
4881,36,Rice,7896.99546005774,1,1,79,Polygon
5163,36,Rice,8897.139610512404,1,1,89,Polygon
5245,36,Rice,11484.692394758866,1,1,115,Polygon
7232,36,Rice,6003.572814282141,1,1,60,Polygon
1114,6,Sugarcane,5401.425864216125,1,1,54,Polygon
1183,6,Sugarcane,8901.55467017068,1,1,89,Polygon
1316,6,Sugarcane,17507.213945920626,1,1,175,Polygon
1435,6,Sugarcane,6002.899975750674,1,1,60,Polygon
1535,6,Sugarcane,17205.911288902815,1,1,172,Polygon
1631,6,Sugarcane,6302.465492068101,1,1,63,Polygon
1783,6,Sugarcane,6404.693642730839,1,1,64,Polygon
2260,6,Sugarcane,6604.841095222648,1,1,66,Polygon
2321,6,Sugarcane,11508.902506185668,1,1,115,Polygon
2322,6,Sugarcane,7005.419005767748,1,1,70,Polygon
2324,6,Sugarcane,6004.628126867936,1,1,60,Polygon
2358,6,Sugarcane,9706.515182101526,1,1,97,Polygon
2380,6,Sugarcane,7806.037258405888,1,1,78,Polygon
2629,6,Sugarcane,5804.105073108833,1,1,58,Polygon
2637,6,Sugarcane,7605.687627191834,1,1,76,Polygon
3203,6,Sugarcane,7205.7275237913655,1,1,72,Polygon
3378,6,Sugarcane,9107.045235893316,1,1,91,Polygon
3400,6,Sugarcane,8206.157078674916,1,1,82,Polygon
3469,6,Sugarcane,5403.925815891089,1,1,54,Polygon
471,6,Sugarcane,6102.1251376171895,1,1,61,Polygon
719,6,Sugarcane,9803.541382968277,1,1,98,Polygon
798,6,Sugarcane,7303.035924577083,1,1,73,Polygon
1013,1,Wheat,8403.340226142409,1,1,84,Polygon
1026,1,Wheat,5801.869247815562,1,1,58,Polygon
1047,1,Wheat,11101.703139292242,1,1,111,Polygon
1048,1,Wheat,15302.338631862733,1,1,153,Polygon
1070,1,Wheat,13206.955220059494,1,1,132,Polygon
1102,1,Wheat,7001.124045625426,1,1,70,Polygon
1111,1,Wheat,8403.465205508091,1,1,84,Polygon
1112,1,Wheat,6602.738562743616,1,1,66,Polygon
1117,1,Wheat,8001.206957866146,1,1,80,Polygon
1118,1,Wheat,6701.027064707936,1,1,67,Polygon
1146,1,Wheat,8102.553941658068,1,1,81,Polygon
1166,1,Wheat,7402.589473548256,1,1,74,Polygon
1196,1,Wheat,5800.499278059768,1,1,58,Polygon
1228,1,Wheat,12103.770925344268,1,1,121,Polygon
1241,1,Wheat,10504.40290288262,1,1,105,Polygon
1253,1,Wheat,6100.983439210912,1,1,61,Polygon
128,1,Wheat,5802.084343815261,1,1,58,Polygon
1346,1,Wheat,5601.757274679813,1,1,56,Polygon
1369,1,Wheat,8502.90421959101,1,1,85,Polygon
1444,1,Wheat,21607.892429077223,1,1,216,Polygon
1513,1,Wheat,8501.222068134475,1,1,85,Polygon
1521,1,Wheat,6702.261275383068,1,1,67,Polygon
1524,1,Wheat,8400.721032547206,1,1,84,Polygon
1540,1,Wheat,7601.117691358855,1,1,76,Polygon
1546,1,Wheat,12403.074827879547,1,1,124,Polygon
1568,1,Wheat,10003.162169241723,1,1,100,Polygon
161,1,Wheat,7400.723032179008,1,1,74,Polygon
1632,1,Wheat,5402.088590654813,1,1,54,Polygon
1635,1,Wheat,5802.651247060892,1,1,58,Polygon
1649,1,Wheat,14002.709639407518,1,1,140,Polygon
1650,1,Wheat,7701.504173739635,1,1,77,Polygon
1651,1,Wheat,15102.87791499646,1,1,151,Polygon
1665,1,Wheat,22008.98873091512,1,1,220,Polygon
1666,1,Wheat,9403.857772243342,1,1,94,Polygon
1717,1,Wheat,6004.372346603913,1,1,60,Polygon
1731,1,Wheat,6404.663401646991,1,1,64,Polygon
1750,1,Wheat,8005.516787886136,1,1,80,Polygon
1765,1,Wheat,6605.060479657794,1,1,66,Polygon
1785,1,Wheat,6104.653218388757,1,1,61,Polygon
1820,1,Wheat,6004.58160849565,1,1,60,Polygon
1829,1,Wheat,6304.897247182372,1,1,63,Polygon
1833,1,Wheat,5403.588525167815,1,1,54,Polygon
1835,1,Wheat,7805.18415673389,1,1,78,Polygon
1888,1,Wheat,7705.58897710548,1,1,77,Polygon
1932,1,Wheat,13108.536737085924,1,1,131,Polygon
1955,1,Wheat,7204.859629579183,1,1,72,Polygon
1978,1,Wheat,7905.489595514888,1,1,79,Polygon
1992,1,Wheat,7105.507832918714,1,1,71,Polygon
2026,1,Wheat,9907.357408169502,1,1,99,Polygon
2027,1,Wheat,8106.024098490139,1,1,81,Polygon
2044,1,Wheat,13009.034686833767,1,1,130,Polygon
2051,1,Wheat,6304.484232600577,1,1,63,Polygon
2096,1,Wheat,5403.681048669767,1,1,54,Polygon
2130,1,Wheat,8004.879587871965,1,1,80,Polygon
2159,1,Wheat,13109.563301982867,1,1,131,Polygon
2227,1,Wheat,6004.611050767169,1,1,60,Polygon
2236,1,Wheat,5804.515598445005,1,1,58,Polygon
2246,1,Wheat,24818.93212004608,1,1,248,Polygon
2254,1,Wheat,7105.179717500921,1,1,71,Polygon
2259,1,Wheat,6104.561219795627,1,1,61,Polygon
2303,1,Wheat,8406.62011041662,1,1,84,Polygon
2348,1,Wheat,5804.423140723945,1,1,58,Polygon
2385,1,Wheat,7105.347504492257,1,1,71,Polygon
2403,1,Wheat,6204.2724778332,1,1,62,Polygon
2453,1,Wheat,4902.905534151375,1,1,49,Polygon
2493,1,Wheat,6605.039918006534,1,1,66,Polygon
2532,1,Wheat,6004.504595001578,1,1,60,Polygon
257,1,Wheat,9301.676067305289,1,1,93,Polygon
2579,1,Wheat,8106.166080766937,1,1,81,Polygon
2608,1,Wheat,10707.82632003354,1,1,107,Polygon
2636,1,Wheat,6905.158394371109,1,1,69,Polygon
2653,1,Wheat,7305.075555809339,1,1,73,Polygon
2714,1,Wheat,9006.563080997315,1,1,90,Polygon
2738,1,Wheat,8106.170786359499,1,1,81,Polygon
2748,1,Wheat,4903.674208888437,1,1,49,Polygon
2751,1,Wheat,4903.518175235385,1,1,49,Polygon
2773,1,Wheat,9206.523504986266,1,1,92,Polygon
2796,1,Wheat,5403.459340125809,1,1,54,Polygon
2835,1,Wheat,6504.886093307901,1,1,65,Polygon
2872,1,Wheat,8705.928656258922,1,1,87,Polygon
2894,1,Wheat,7304.615508083969,1,1,73,Polygon
2947,1,Wheat,6504.9074961726,1,1,65,Polygon
2963,1,Wheat,6004.38481304278,1,1,60,Polygon
2975,1,Wheat,8706.233934858488,1,1,87,Polygon
2983,1,Wheat,7104.287644191678,1,1,71,Polygon
3028,1,Wheat,7705.756932104086,1,1,77,Polygon
3043,1,Wheat,16811.584401598346,1,1,168,Polygon
3048,1,Wheat,6404.883157740472,1,1,64,Polygon
3083,1,Wheat,5604.220036153949,1,1,56,Polygon
3092,1,Wheat,13910.911880539028,1,1,139,Polygon
3106,1,Wheat,9905.822130539265,1,1,99,Polygon
3155,1,Wheat,6805.182982885911,1,1,68,Polygon
317,1,Wheat,6702.181625550759,1,1,67,Polygon
320,1,Wheat,7301.772942041306,1,1,73,Polygon
3207,1,Wheat,4903.7763044044805,1,1,49,Polygon
3229,1,Wheat,6204.6359717639725,1,1,62,Polygon
3387,1,Wheat,5804.286316783307,1,1,58,Polygon
3388,1,Wheat,5604.13542321757,1,1,56,Polygon
3399,1,Wheat,10007.51581071246,1,1,100,Polygon
3441,1,Wheat,6504.382280190772,1,1,65,Polygon
3446,1,Wheat,6504.456407632049,1,1,65,Polygon
3447,1,Wheat,6904.730301792214,1,1,69,Polygon
3458,1,Wheat,9006.015772796653,1,1,90,Polygon
3471,1,Wheat,8305.867953077457,1,1,83,Polygon
3489,1,Wheat,6304.708561729118,1,1,63,Polygon
35,1,Wheat,8202.566454754957,1,1,82,Polygon
3508,1,Wheat,6304.790045361769,1,1,63,Polygon
3560,1,Wheat,8706.46106193225,1,1,87,Polygon
3601,1,Wheat,5603.744060191696,1,1,56,Polygon
3604,1,Wheat,7004.224024949669,1,1,70,Polygon
3609,1,Wheat,8305.76273235705,1,1,83,Polygon
386,1,Wheat,19406.28594572811,1,1,194,Polygon
480,1,Wheat,14502.744611165273,1,1,145,Polygon
500,1,Wheat,5401.364573902981,1,1,54,Polygon
503,1,Wheat,6702.688050243872,1,1,67,Polygon
506,1,Wheat,6002.381175716919,1,1,60,Polygon
518,1,Wheat,6002.824186961465,1,1,60,Polygon
519,1,Wheat,6201.955606079221,1,1,62,Polygon
522,1,Wheat,8402.852590831122,1,1,84,Polygon
5272,1,Wheat,7500.739908045175,1,1,75,Polygon
5273,1,Wheat,4901.163344713386,1,1,49,Polygon
5275,1,Wheat,10299.07920129798,1,1,103,Polygon
5281,1,Wheat,7101.771707195434,1,1,71,Polygon
5282,1,Wheat,6501.621458600224,1,1,65,Polygon
5295,1,Wheat,5399.531551121905,1,1,54,Polygon
5310,1,Wheat,18703.57846983299,1,1,187,Polygon
5315,1,Wheat,17103.144472887714,1,1,171,Polygon
5344,1,Wheat,12196.699011260336,1,1,122,Polygon
5387,1,Wheat,13100.073242586066,1,1,131,Polygon
5388,1,Wheat,12300.046521622917,1,1,123,Polygon
5397,1,Wheat,12301.348117744723,1,1,123,Polygon
5405,1,Wheat,22797.202712334856,1,1,228,Polygon
5410,1,Wheat,8399.15153490831,1,1,84,Polygon
5422,1,Wheat,99.99472115386405,1,1,1,Polygon
543,1,Wheat,10202.255639930583,1,1,102,Polygon
5430,1,Wheat,11801.05106148598,1,1,118,Polygon
5434,1,Wheat,4898.547700309681,1,1,49,Polygon
5439,1,Wheat,10101.919307935035,1,1,101,Polygon
5446,1,Wheat,6900.414403691392,1,1,69,Polygon
5457,1,Wheat,16598.732879771294,1,1,166,Polygon
5466,1,Wheat,6497.203428481782,1,1,65,Polygon
5468,1,Wheat,15002.069406944998,1,1,150,Polygon
5475,1,Wheat,4899.597573748254,1,1,49,Polygon
5478,1,Wheat,10498.29009181241,1,1,105,Polygon
5481,1,Wheat,16797.21635271123,1,1,168,Polygon
5506,1,Wheat,7396.362132738611,1,1,74,Polygon
5521,1,Wheat,20706.744388352166,1,1,207,Polygon
5523,1,Wheat,5801.887216620312,1,1,58,Polygon
5526,1,Wheat,21501.591636825102,1,1,215,Polygon
5528,1,Wheat,8099.619567721311,1,1,81,Polygon
553,1,Wheat,8003.326728511443,1,1,80,Polygon
554,1,Wheat,11103.463649089048,1,1,111,Polygon
5554,1,Wheat,6000.82494464927,1,1,60,Polygon
5555,1,Wheat,6100.417297560801,1,1,61,Polygon
5556,1,Wheat,7002.502005560256,1,1,70,Polygon
5563,1,Wheat,26808.222391176067,1,1,268,Polygon
5565,1,Wheat,8601.052577026307,1,1,86,Polygon
5566,1,Wheat,7702.068028115483,1,1,77,Polygon
5567,1,Wheat,37209.97450486778,1,1,372,Polygon
5568,1,Wheat,18493.437869523612,1,1,185,Polygon
5569,1,Wheat,10496.275529971048,1,1,105,Polygon
5571,1,Wheat,6197.806545212837,1,1,62,Polygon
5574,1,Wheat,9995.437969362287,1,1,100,Polygon
5577,1,Wheat,9097.220420201127,1,1,91,Polygon
5578,1,Wheat,13795.931796826237,1,1,138,Polygon
5581,1,Wheat,9599.496860513917,1,1,96,Polygon
5586,1,Wheat,13901.211950141267,1,1,139,Polygon
5588,1,Wheat,10899.993760696609,1,1,109,Polygon
5597,1,Wheat,11898.629492076005,1,1,119,Polygon
5621,1,Wheat,5800.954728874631,1,1,58,Polygon
5627,1,Wheat,25802.654863686268,1,1,258,Polygon
5639,1,Wheat,7596.301066920506,1,1,76,Polygon
5656,1,Wheat,6598.461890675702,1,1,66,Polygon
5660,1,Wheat,7200.814697304977,1,1,72,Polygon
5668,1,Wheat,11000.796299997612,1,1,110,Polygon
5675,1,Wheat,10898.656266884505,1,1,109,Polygon
5697,1,Wheat,5599.858876943275,1,1,56,Polygon
5708,1,Wheat,10901.775220591791,1,1,109,Polygon
5710,1,Wheat,9901.755812136544,1,1,99,Polygon
5712,1,Wheat,8499.087079069319,1,1,85,Polygon
5715,1,Wheat,18200.7756941275,1,1,182,Polygon
5721,1,Wheat,16903.71416096463,1,1,169,Polygon
5733,1,Wheat,9599.22483396517,1,1,96,Polygon
5734,1,Wheat,12398.976436297196,1,1,124,Polygon
5738,1,Wheat,12102.232423897785,1,1,121,Polygon
5741,1,Wheat,6001.400154921703,1,1,60,Polygon
5742,1,Wheat,8999.033806688556,1,1,90,Polygon
5746,1,Wheat,8001.430249783763,1,1,80,Polygon
5747,1,Wheat,13102.369031555241,1,1,131,Polygon
5753,1,Wheat,23393.369390054424,1,1,234,Polygon
5755,1,Wheat,9597.266486637065,1,1,96,Polygon
5756,1,Wheat,7598.712402366693,1,1,76,Polygon
5757,1,Wheat,7798.6713400561175,1,1,78,Polygon
5760,1,Wheat,7803.108577940183,1,1,78,Polygon
5765,1,Wheat,6601.52240074592,1,1,66,Polygon
5767,1,Wheat,6102.2873740889645,1,1,61,Polygon
5768,1,Wheat,5602.091131091134,1,1,56,Polygon
5773,1,Wheat,25402.069351759797,1,1,254,Polygon
5774,1,Wheat,23704.36026591715,1,1,237,Polygon
5798,1,Wheat,14297.216418506056,1,1,143,Polygon
5812,1,Wheat,7698.34081151508,1,1,77,Polygon
5818,1,Wheat,6402.2484231939925,1,1,64,Polygon
5823,1,Wheat,23197.73763379392,1,1,232,Polygon
5834,1,Wheat,9399.007528692719,1,1,94,Polygon
5835,1,Wheat,6499.277154920767,1,1,65,Polygon
5836,1,Wheat,9498.942330119582,1,1,95,Polygon
5842,1,Wheat,9600.1500012238,1,1,96,Polygon
5853,1,Wheat,6896.747486406806,1,1,69,Polygon
5869,1,Wheat,10003.804769543345,1,1,100,Polygon
5872,1,Wheat,10303.890111786122,1,1,103,Polygon
5877,1,Wheat,14496.698137210182,1,1,145,Polygon
5880,1,Wheat,7299.145691304533,1,1,73,Polygon
5884,1,Wheat,7798.208565435916,1,1,78,Polygon
5896,1,Wheat,7795.998629747598,1,1,78,Polygon
5905,1,Wheat,38708.738601202596,1,1,387,Polygon
5907,1,Wheat,11302.48498327778,1,1,113,Polygon
5910,1,Wheat,5997.166833460439,1,1,60,Polygon
5914,1,Wheat,19003.15169818305,1,1,190,Polygon
5921,1,Wheat,10503.778884575544,1,1,105,Polygon
5936,1,Wheat,5400.713746999798,1,1,54,Polygon
5941,1,Wheat,4897.727994302877,1,1,49,Polygon
5947,1,Wheat,12902.882795588213,1,1,129,Polygon
5965,1,Wheat,13101.316937395455,1,1,131,Polygon
5967,1,Wheat,6600.565574962121,1,1,66,Polygon
5971,1,Wheat,15905.193155542243,1,1,159,Polygon
5974,1,Wheat,9397.40626629942,1,1,94,Polygon
6000,1,Wheat,12902.831177776461,1,1,129,Polygon
6013,1,Wheat,11200.90804837659,1,1,112,Polygon
6018,1,Wheat,8900.63725065593,1,1,89,Polygon
6022,1,Wheat,10698.838620675184,1,1,107,Polygon
6037,1,Wheat,6202.4359396406035,1,1,62,Polygon
6040,1,Wheat,11903.809925016889,1,1,119,Polygon
6043,1,Wheat,5801.864553188231,1,1,58,Polygon
6044,1,Wheat,31009.947724239486,1,1,310,Polygon
6079,1,Wheat,7296.339273533165,1,1,73,Polygon
6087,1,Wheat,10701.428474063423,1,1,107,Polygon
6090,1,Wheat,20699.415101275466,1,1,207,Polygon
6098,1,Wheat,6201.1090353252,1,1,62,Polygon
6123,1,Wheat,7701.1160513607565,1,1,77,Polygon
6142,1,Wheat,12800.979395373566,1,1,128,Polygon
6143,1,Wheat,7001.151110016266,1,1,70,Polygon
6144,1,Wheat,6401.047700712932,1,1,64,Polygon
6145,1,Wheat,6501.059025946166,1,1,65,Polygon
6146,1,Wheat,7201.174076475782,1,1,72,Polygon
6150,1,Wheat,4899.5980262313,1,1,49,Polygon
6151,1,Wheat,11198.408277456412,1,1,112,Polygon
6168,1,Wheat,8199.615487700621,1,1,82,Polygon
6177,1,Wheat,13400.466087501853,1,1,134,Polygon
6184,1,Wheat,5799.890861731537,1,1,58,Polygon
6186,1,Wheat,9301.746450412496,1,1,93,Polygon
6201,1,Wheat,5398.851850758988,1,1,54,Polygon
6202,1,Wheat,14698.439260337516,1,1,147,Polygon
6211,1,Wheat,9498.158431857686,1,1,95,Polygon
6212,1,Wheat,17296.644651967803,1,1,173,Polygon
6213,1,Wheat,8401.94165405233,1,1,84,Polygon
6231,1,Wheat,7502.8283083345505,1,1,75,Polygon
6232,1,Wheat,10603.977509307695,1,1,106,Polygon
6239,1,Wheat,13203.193028820544,1,1,132,Polygon
6252,1,Wheat,8201.02294208174,1,1,82,Polygon
6256,1,Wheat,5600.650927035676,1,1,56,Polygon
6268,1,Wheat,10902.667554574573,1,1,109,Polygon
6281,1,Wheat,9496.965657903755,1,1,95,Polygon
6290,1,Wheat,5600.298179155112,1,1,56,Polygon
6291,1,Wheat,6700.353341333349,1,1,67,Polygon
6292,1,Wheat,6200.334304974809,1,1,62,Polygon
6293,1,Wheat,9201.222691791236,1,1,92,Polygon
6301,1,Wheat,11901.979421804532,1,1,119,Polygon
6302,1,Wheat,9801.668254468468,1,1,98,Polygon
6304,1,Wheat,6001.013482685834,1,1,60,Polygon
6437,1,Wheat,7305.130233932041,1,1,73,Polygon
6506,1,Wheat,7205.22780745541,1,1,72,Polygon
6560,1,Wheat,8105.462150271486,1,1,81,Polygon
6579,1,Wheat,5803.93569027529,1,1,58,Polygon
6580,1,Wheat,5403.662906505127,1,1,54,Polygon
661,1,Wheat,7501.669383097268,1,1,75,Polygon
662,1,Wheat,10902.086306672978,1,1,109,Polygon
6956,1,Wheat,7605.035587566025,1,1,76,Polygon
698,1,Wheat,8803.701219755181,1,1,88,Polygon
701,1,Wheat,5401.600496515161,1,1,54,Polygon
7030,1,Wheat,6504.625438584839,1,1,65,Polygon
727,1,Wheat,100.0508849874856,1,1,1,Polygon
765,1,Wheat,10804.460672735719,1,1,108,Polygon
805,1,Wheat,6001.10113200534,1,1,60,Polygon
81,1,Wheat,7002.953736312245,1,1,70,Polygon
896,1,Wheat,6502.43440271422,1,1,65,Polygon
902,1,Wheat,5601.360587900822,1,1,56,Polygon
909,1,Wheat,8303.971062719656,1,1,83,Polygon
918,1,Wheat,4901.741287132314,1,1,49,Polygon
927,1,Wheat,22605.913010356213,1,1,226,Polygon
957,1,Wheat,7603.920004321207,1,1,76,Polygon
975,1,Wheat,7102.697332394347,1,1,71,Polygon
1257,4,No crop/Fallow,200.07929413069502,1,1,2,Polygon
1358,4,No crop/Fallow,200.07938254265844,1,1,2,Polygon
2288,4,No crop/Fallow,200.15640155980788,1,1,2,Polygon
3795,4,No crop/Fallow,199.8020877866852,1,1,2,Polygon
4000,4,No crop/Fallow,199.72613459814264,1,1,2,Polygon
4030,4,No crop/Fallow,199.81653169846908,1,1,2,Polygon
4087,4,No crop/Fallow,199.94795938398335,1,1,2,Polygon
4131,4,No crop/Fallow,199.71224971617772,1,1,2,Polygon
4147,4,No crop/Fallow,199.81737604867365,1,1,2,Polygon
4485,4,No crop/Fallow,199.8464094270914,1,1,2,Polygon
4552,4,No crop/Fallow,199.8648868791651,1,1,2,Polygon
4555,4,No crop/Fallow,199.80812339400546,1,1,2,Polygon
4559,4,No crop/Fallow,199.80811020119899,1,1,2,Polygon
5010,4,No crop/Fallow,199.8080562770822,1,1,2,Polygon
5057,4,No crop/Fallow,199.72595901773923,1,1,2,Polygon
5145,4,No crop/Fallow,199.71229425341178,1,1,2,Polygon
5210,4,No crop/Fallow,199.7256517252294,1,1,2,Polygon
559,4,No crop/Fallow,200.06799272860644,1,1,2,Polygon
7170,4,No crop/Fallow,200.15055325913863,1,1,2,Polygon
895,4,No crop/Fallow,200.06480367292914,1,1,2,Polygon
4944,36,Rice,199.78583847151663,1,1,2,Polygon
1855,1,Wheat,200.14487403118636,1,1,2,Polygon
3434,1,Wheat,200.1561081226115,1,1,2,Polygon
736,1,Wheat,200.07940779413016,1,1,2,Polygon
1460,8,Garlic,300.11847741221743,1,1,3,Polygon
1921,3,Lentil,300.2306425931887,1,1,3,Polygon
1974,2,Mustard,300.2084731357231,1,1,3,Polygon
301,2,Mustard,300.07981501871507,1,1,3,Polygon
101,4,No crop/Fallow,300.1189696020831,1,1,3,Polygon
106,4,No crop/Fallow,300.1190766885375,1,1,3,Polygon
1074,4,No crop/Fallow,300.1196290670648,1,1,3,Polygon
1359,4,No crop/Fallow,300.1189951539533,1,1,3,Polygon
1427,4,No crop/Fallow,300.11927281160354,1,1,3,Polygon
1951,4,No crop/Fallow,300.2140412327444,1,1,3,Polygon
2540,4,No crop/Fallow,300.23454335866165,1,1,3,Polygon
3775,4,No crop/Fallow,299.54939276862854,1,1,3,Polygon
3885,4,No crop/Fallow,299.6947778114215,1,1,3,Polygon
3905,4,No crop/Fallow,299.7433102550876,1,1,3,Polygon
4004,4,No crop/Fallow,299.5891661644313,1,1,3,Polygon
4027,4,No crop/Fallow,299.687222853922,1,1,3,Polygon
4075,4,No crop/Fallow,299.58798876273784,1,1,3,Polygon
4130,4,No crop/Fallow,299.568374541043,1,1,3,Polygon
4221,4,No crop/Fallow,299.5704405101503,1,1,3,Polygon
4319,4,No crop/Fallow,299.58821140226365,1,1,3,Polygon
4355,4,No crop/Fallow,299.7341490620601,1,1,3,Polygon
4482,4,No crop/Fallow,299.7696223703722,1,1,3,Polygon
4557,4,No crop/Fallow,299.7121554782077,1,1,3,Polygon
4561,4,No crop/Fallow,299.7014743804491,1,1,3,Polygon
4619,4,No crop/Fallow,299.9219697466341,1,1,3,Polygon
4681,4,No crop/Fallow,299.71205410239054,1,1,3,Polygon
4692,4,No crop/Fallow,299.71210989798135,1,1,3,Polygon
4979,4,No crop/Fallow,299.7435115767425,1,1,3,Polygon
5069,4,No crop/Fallow,299.5841547274332,1,1,3,Polygon
5144,4,No crop/Fallow,299.56846690685234,1,1,3,Polygon
894,4,No crop/Fallow,300.0992971100907,1,1,3,Polygon
921,4,No crop/Fallow,300.12010138746234,1,1,3,Polygon
1304,15,Potato,300.08962481343,1,1,3,Polygon
4945,36,Rice,299.67872616828254,1,1,3,Polygon
3032,1,Wheat,300.2029684768714,1,1,3,Polygon
735,1,Wheat,300.11903245082385,1,1,3,Polygon
2885,16,Bersem,400.30569872096925,1,1,4,Polygon
1973,8,Garlic,400.2778476608796,1,1,4,Polygon
2955,2,Mustard,400.2857190798927,1,1,4,Polygon
452,2,Mustard,400.1210771014358,1,1,4,Polygon
1073,4,No crop/Fallow,400.15954319919854,1,1,4,Polygon
1259,4,No crop/Fallow,400.158335513668,1,1,4,Polygon
1261,4,No crop/Fallow,400.15866405864614,1,1,4,Polygon
1357,4,No crop/Fallow,400.158664055792,1,1,4,Polygon
1610,4,No crop/Fallow,400.1588033444349,1,1,4,Polygon
1613,4,No crop/Fallow,400.15856297178823,1,1,4,Polygon
1628,4,No crop/Fallow,400.15906826006284,1,1,4,Polygon
2338,4,No crop/Fallow,400.3152806796405,1,1,4,Polygon
298,4,No crop/Fallow,400.1359093439568,1,1,4,Polygon
3552,4,No crop/Fallow,400.2914209004806,1,1,4,Polygon
3658,4,No crop/Fallow,399.5851120958665,1,1,4,Polygon
3682,4,No crop/Fallow,399.6629663005315,1,1,4,Polygon
3742,4,No crop/Fallow,399.8617346044567,1,1,4,Polygon
3787,4,No crop/Fallow,399.6955103879375,1,1,4,Polygon
3891,4,No crop/Fallow,399.45051230944284,1,1,4,Polygon
3906,4,No crop/Fallow,399.65789759921614,1,1,4,Polygon
4014,4,No crop/Fallow,399.4173245548763,1,1,4,Polygon
4033,4,No crop/Fallow,399.61590677245096,1,1,4,Polygon
4035,4,No crop/Fallow,399.61584914034086,1,1,4,Polygon
4037,4,No crop/Fallow,399.61584912093423,1,1,4,Polygon
4135,4,No crop/Fallow,399.424410275685,1,1,4,Polygon
4206,4,No crop/Fallow,399.604545215754,1,1,4,Polygon
4314,4,No crop/Fallow,399.5988480612178,1,1,4,Polygon
4320,4,No crop/Fallow,399.45093684919607,1,1,4,Polygon
4345,4,No crop/Fallow,399.5687095400172,1,1,4,Polygon
4407,4,No crop/Fallow,399.477388060923,1,1,4,Polygon
4659,4,No crop/Fallow,399.6673644363625,1,1,4,Polygon
4684,4,No crop/Fallow,399.616241843605,1,1,4,Polygon
4888,4,No crop/Fallow,399.4330002204951,1,1,4,Polygon
4983,4,No crop/Fallow,399.65804095923227,1,1,4,Polygon
5129,4,No crop/Fallow,399.67521992293155,1,1,4,Polygon
5147,4,No crop/Fallow,399.42446963326955,1,1,4,Polygon
5203,4,No crop/Fallow,399.4508566341782,1,1,4,Polygon
5251,4,No crop/Fallow,399.4864294596614,1,1,4,Polygon
6667,4,No crop/Fallow,400.2414968846755,1,1,4,Polygon
725,4,No crop/Fallow,400.1084863779518,1,1,4,Polygon
777,4,No crop/Fallow,400.1552989864437,1,1,4,Polygon
801,4,No crop/Fallow,400.18899272682665,1,1,4,Polygon
998,4,No crop/Fallow,400.1920053971637,1,1,4,Polygon
4073,36,Rice,399.89143226207045,1,1,4,Polygon
4420,36,Rice,399.57508726191725,1,1,4,Polygon
4698,36,Rice,399.6450417558425,1,1,4,Polygon
4948,36,Rice,399.5716498293007,1,1,4,Polygon
6997,36,Rice,400.2425065827829,1,1,4,Polygon
372,1,Wheat,400.1851649107608,1,1,4,Polygon
713,1,Wheat,400.1209789233808,1,1,4,Polygon
2632,16,Bersem,500.3683026164785,1,1,5,Polygon
93,8,Garlic,500.13558001974974,1,1,5,Polygon
1483,5,Green pea,500.1999017840254,1,1,5,Polygon
7060,9,Maize,500.37400372637023,1,1,5,Polygon
2293,2,Mustard,500.39120760434935,1,1,5,Polygon
4192,2,Mustard,499.79498049321614,1,1,5,Polygon
1313,4,No crop/Fallow,500.1981997258433,1,1,5,Polygon
1360,4,No crop/Fallow,500.1984603988646,1,1,5,Polygon
1361,4,No crop/Fallow,500.1985987900849,1,1,5,Polygon
1439,4,No crop/Fallow,500.2312772672865,1,1,5,Polygon
1477,4,No crop/Fallow,500.1818023228863,1,1,5,Polygon
1479,4,No crop/Fallow,500.18198487376503,1,1,5,Polygon
1930,4,No crop/Fallow,500.39577124938796,1,1,5,Polygon
2487,4,No crop/Fallow,500.362125585064,1,1,5,Polygon
3425,4,No crop/Fallow,500.3909993475938,1,1,5,Polygon
368,4,No crop/Fallow,500.2314673904881,1,1,5,Polygon
3802,4,No crop/Fallow,499.3095088664662,1,1,5,Polygon
388,4,No crop/Fallow,500.2409850355375,1,1,5,Polygon
3888,4,No crop/Fallow,499.49097073961616,1,1,5,Polygon
4012,4,No crop/Fallow,499.2712630242321,1,1,5,Polygon
4034,4,No crop/Fallow,499.51992234752225,1,1,5,Polygon
4166,4,No crop/Fallow,499.5313722220089,1,1,5,Polygon
4167,4,No crop/Fallow,499.66233789270257,1,1,5,Polygon
4189,4,No crop/Fallow,499.86979959674323,1,1,5,Polygon
4347,4,No crop/Fallow,499.46073445278995,1,1,5,Polygon
4379,4,No crop/Fallow,499.3221007009847,1,1,5,Polygon
4421,4,No crop/Fallow,499.3110104318704,1,1,5,Polygon
4533,4,No crop/Fallow,499.86637950856607,1,1,5,Polygon
4576,4,No crop/Fallow,499.7249391836195,1,1,5,Polygon
4592,4,No crop/Fallow,499.2077180151289,1,1,5,Polygon
4593,4,No crop/Fallow,499.20757334660783,1,1,5,Polygon
4658,4,No crop/Fallow,499.58411810905693,1,1,5,Polygon
4683,4,No crop/Fallow,499.52046704128304,1,1,5,Polygon
4685,4,No crop/Fallow,499.52016385884156,1,1,5,Polygon
4693,4,No crop/Fallow,499.5201638929057,1,1,5,Polygon
4782,4,No crop/Fallow,499.4353122629179,1,1,5,Polygon
4853,4,No crop/Fallow,499.52646852060946,1,1,5,Polygon
4854,4,No crop/Fallow,499.5267592863053,1,1,5,Polygon
5012,4,No crop/Fallow,499.5199081662641,1,1,5,Polygon
5021,4,No crop/Fallow,499.51128314089567,1,1,5,Polygon
5022,4,No crop/Fallow,499.5113623161999,1,1,5,Polygon
5047,4,No crop/Fallow,499.59409513325227,1,1,5,Polygon
5062,4,No crop/Fallow,499.44851036800713,1,1,5,Polygon
5065,4,No crop/Fallow,499.4485510178534,1,1,5,Polygon
5132,4,No crop/Fallow,499.59427731593547,1,1,5,Polygon
5138,4,No crop/Fallow,499.4905019098991,1,1,5,Polygon
5146,4,No crop/Fallow,499.2806241483823,1,1,5,Polygon
5149,4,No crop/Fallow,499.28047618001676,1,1,5,Polygon
5212,4,No crop/Fallow,499.3141666425504,1,1,5,Polygon
525,4,No crop/Fallow,500.198420833023,1,1,5,Polygon
5255,4,No crop/Fallow,499.3581602729915,1,1,5,Polygon
6510,4,No crop/Fallow,500.39395449831284,1,1,5,Polygon
4262,36,Rice,499.8645898329861,1,1,5,Polygon
1956,1,Wheat,500.3656567457065,1,1,5,Polygon
2088,1,Wheat,500.362488026093,1,1,5,Polygon
3384,1,Wheat,500.3513411192462,1,1,5,Polygon
3408,1,Wheat,500.3738113887374,1,1,5,Polygon
2992,14,Coriander,600.4520421937589,1,1,6,Polygon
4363,5,Green pea,599.5496528981998,1,1,6,Polygon
2056,3,Lentil,600.4511870252262,1,1,6,Polygon
641,3,Lentil,600.1988870500113,1,1,6,Polygon
6640,9,Maize,600.3580363443774,1,1,6,Polygon
1799,2,Mustard,600.452194777522,1,1,6,Polygon
1967,2,Mustard,600.4615583851994,1,1,6,Polygon
6568,2,Mustard,600.3655258818861,1,1,6,Polygon
6861,2,Mustard,600.3643642811967,1,1,6,Polygon
1009,4,No crop/Fallow,600.2472089902512,1,1,6,Polygon
1162,4,No crop/Fallow,600.272005751867,1,1,6,Polygon
1258,4,No crop/Fallow,600.2377875712413,1,1,6,Polygon
1308,4,No crop/Fallow,600.2377876017913,1,1,6,Polygon
133,4,No crop/Fallow,600.1816576450707,1,1,6,Polygon
1353,4,No crop/Fallow,600.1964620708662,1,1,6,Polygon
1355,4,No crop/Fallow,600.1965440527451,1,1,6,Polygon
1430,4,No crop/Fallow,600.2385644970557,1,1,6,Polygon
1480,4,No crop/Fallow,600.2182218803273,1,1,6,Polygon
1926,4,No crop/Fallow,600.4750659740724,1,1,6,Polygon
304,4,No crop/Fallow,600.290247964404,1,1,6,Polygon
3435,4,No crop/Fallow,600.468353875416,1,1,6,Polygon
3727,4,No crop/Fallow,599.6605395400468,1,1,6,Polygon
3800,4,No crop/Fallow,599.4061835759196,1,1,6,Polygon
3830,4,No crop/Fallow,599.0939159424303,1,1,6,Polygon
3852,4,No crop/Fallow,599.1891636791229,1,1,6,Polygon
3853,4,No crop/Fallow,599.1891637163774,1,1,6,Polygon
3890,4,No crop/Fallow,599.1752867668024,1,1,6,Polygon
3892,4,No crop/Fallow,599.1755503203251,1,1,6,Polygon
3902,4,No crop/Fallow,599.3861973993239,1,1,6,Polygon
3908,4,No crop/Fallow,599.486671597864,1,1,6,Polygon
3916,4,No crop/Fallow,599.3044173916509,1,1,6,Polygon
3917,4,No crop/Fallow,599.3038986064198,1,1,6,Polygon
3956,4,No crop/Fallow,599.4200906087874,1,1,6,Polygon
3976,4,No crop/Fallow,599.1867190825382,1,1,6,Polygon
4005,4,No crop/Fallow,599.1779339270179,1,1,6,Polygon
4009,4,No crop/Fallow,599.1255888789105,1,1,6,Polygon
4036,4,No crop/Fallow,599.4236945512259,1,1,6,Polygon
4064,4,No crop/Fallow,599.1031794990106,1,1,6,Polygon
4093,4,No crop/Fallow,599.5988910270718,1,1,6,Polygon
4162,4,No crop/Fallow,599.4372239639002,1,1,6,Polygon
4219,4,No crop/Fallow,599.4859399093648,1,1,6,Polygon
4250,4,No crop/Fallow,599.165368364674,1,1,6,Polygon
4283,4,No crop/Fallow,599.7925291154345,1,1,6,Polygon
4318,4,No crop/Fallow,599.1762263009501,1,1,6,Polygon
4400,4,No crop/Fallow,599.5432763274414,1,1,6,Polygon
4409,4,No crop/Fallow,599.215736100591,1,1,6,Polygon
4498,4,No crop/Fallow,599.1187046963753,1,1,6,Polygon
4507,4,No crop/Fallow,599.8159077859079,1,1,6,Polygon
4510,4,No crop/Fallow,599.099615529879,1,1,6,Polygon
4521,4,No crop/Fallow,599.8155939914866,1,1,6,Polygon
4524,4,No crop/Fallow,599.3270624134874,1,1,6,Polygon
4554,4,No crop/Fallow,599.5946076707365,1,1,6,Polygon
4560,4,No crop/Fallow,599.4244275182594,1,1,6,Polygon
4573,4,No crop/Fallow,599.2202078651171,1,1,6,Polygon
4578,4,No crop/Fallow,599.6692283113679,1,1,6,Polygon
4660,4,No crop/Fallow,599.5008922253492,1,1,6,Polygon
4691,4,No crop/Fallow,599.4244190618144,1,1,6,Polygon
4777,4,No crop/Fallow,599.3218980159277,1,1,6,Polygon
4791,4,No crop/Fallow,599.078499658794,1,1,6,Polygon
4807,4,No crop/Fallow,599.631143534145,1,1,6,Polygon
4889,4,No crop/Fallow,599.048900184111,1,1,6,Polygon
4910,4,No crop/Fallow,599.1497125295809,1,1,6,Polygon
4949,4,No crop/Fallow,599.161144033186,1,1,6,Polygon
4981,4,No crop/Fallow,599.4871572967162,1,1,6,Polygon
4982,4,No crop/Fallow,599.4869464491082,1,1,6,Polygon
4995,4,No crop/Fallow,599.1741874218383,1,1,6,Polygon
4999,4,No crop/Fallow,599.6364790352982,1,1,6,Polygon
5006,4,No crop/Fallow,599.4362654071741,1,1,6,Polygon
5013,4,No crop/Fallow,599.4240898444962,1,1,6,Polygon
5019,4,No crop/Fallow,599.4137936829504,1,1,6,Polygon
5024,4,No crop/Fallow,599.2207922043036,1,1,6,Polygon
5085,4,No crop/Fallow,599.2193758740315,1,1,6,Polygon
5102,4,No crop/Fallow,599.8350853456271,1,1,6,Polygon
5232,4,No crop/Fallow,599.8397436089713,1,1,6,Polygon
5252,4,No crop/Fallow,599.2297731995634,1,1,6,Polygon
5256,4,No crop/Fallow,599.2296961154301,1,1,6,Polygon
6418,4,No crop/Fallow,600.3783531319162,1,1,6,Polygon
644,4,No crop/Fallow,600.1965884554444,1,1,6,Polygon
6832,4,No crop/Fallow,600.4411868302268,1,1,6,Polygon
7081,4,No crop/Fallow,600.4584642457407,1,1,6,Polygon
877,4,No crop/Fallow,600.2072312674367,1,1,6,Polygon
954,4,No crop/Fallow,600.2371241212013,1,1,6,Polygon
995,4,No crop/Fallow,600.2880587582097,1,1,6,Polygon
4449,15,Potato,599.8079191367871,1,1,6,Polygon
3719,36,Rice,599.4453822616003,1,1,6,Polygon
3936,36,Rice,599.3626715303758,1,1,6,Polygon
4072,36,Rice,599.8374571227229,1,1,6,Polygon
4265,36,Rice,599.4098433518665,1,1,6,Polygon
4386,36,Rice,599.5127271605478,1,1,6,Polygon
4946,36,Rice,599.3573932854492,1,1,6,Polygon
4962,36,Rice,599.8374299963739,1,1,6,Polygon
5079,36,Rice,599.4098832063746,1,1,6,Polygon
2223,1,Wheat,600.4515321346494,1,1,6,Polygon
2517,1,Wheat,600.4015364572587,1,1,6,Polygon
2604,1,Wheat,600.4234029451918,1,1,6,Polygon
278,1,Wheat,600.1801094454106,1,1,6,Polygon
2994,1,Wheat,600.4514801131103,1,1,6,Polygon
6429,1,Wheat,600.3708475059989,1,1,6,Polygon
7104,1,Wheat,600.3580617132534,1,1,6,Polygon
938,1,Wheat,600.2390312765219,1,1,6,Polygon
1794,16,Bersem,700.5145115602985,1,1,7,Polygon
1486,13,Gram,700.2796514270616,1,1,7,Polygon
1838,5,Green pea,700.5221334744472,1,1,7,Polygon
3236,5,Green pea,700.4905256855895,1,1,7,Polygon
6460,9,Maize,700.5467336756615,1,1,7,Polygon
6492,9,Maize,700.4965045541891,1,1,7,Polygon
7012,9,Maize,700.5293023527606,1,1,7,Polygon
7172,9,Maize,700.4384166009436,1,1,7,Polygon
7272,9,Maize,700.4742928232884,1,1,7,Polygon
1622,2,Mustard,700.1937982355312,1,1,7,Polygon
1669,2,Mustard,700.1888509248364,1,1,7,Polygon
2178,2,Mustard,700.5267525899881,1,1,7,Polygon
237,2,Mustard,700.2417918325723,1,1,7,Polygon
3312,2,Mustard,700.5093043189273,1,1,7,Polygon
392,2,Mustard,700.3226688883658,1,1,7,Polygon
807,2,Mustard,700.2114801565124,1,1,7,Polygon
85,2,Mustard,700.1483541287729,1,1,7,Polygon
1185,4,No crop/Fallow,700.2801157136653,1,1,7,Polygon
1413,4,No crop/Fallow,700.3423601564027,1,1,7,Polygon
1496,4,No crop/Fallow,700.2394948853412,1,1,7,Polygon
1544,4,No crop/Fallow,700.176527031846,1,1,7,Polygon
1582,4,No crop/Fallow,700.3406488297949,1,1,7,Polygon
1627,4,No crop/Fallow,700.2781388699358,1,1,7,Polygon
1639,4,No crop/Fallow,700.2775831590793,1,1,7,Polygon
204,4,No crop/Fallow,700.3360266656919,1,1,7,Polygon
3011,4,No crop/Fallow,700.5034045412652,1,1,7,Polygon
3098,4,No crop/Fallow,700.5264155622385,1,1,7,Polygon
3539,4,No crop/Fallow,700.4121103404254,1,1,7,Polygon
3641,4,No crop/Fallow,698.9064216446433,1,1,7,Polygon
3703,4,No crop/Fallow,699.1598142509542,1,1,7,Polygon
373,4,No crop/Fallow,700.3242321944974,1,1,7,Polygon
3784,4,No crop/Fallow,699.8197985831821,1,1,7,Polygon
3797,4,No crop/Fallow,699.3069816069141,1,1,7,Polygon
3939,4,No crop/Fallow,699.454182460411,1,1,7,Polygon
396,4,No crop/Fallow,700.2097374285208,1,1,7,Polygon
3967,4,No crop/Fallow,699.6159497330281,1,1,7,Polygon
4013,4,No crop/Fallow,698.9804745997093,1,1,7,Polygon
4016,4,No crop/Fallow,698.9521812607084,1,1,7,Polygon
4017,4,No crop/Fallow,698.9520743446031,1,1,7,Polygon
4132,4,No crop/Fallow,698.9925829845844,1,1,7,Polygon
4207,4,No crop/Fallow,699.3079306650326,1,1,7,Polygon
4342,4,No crop/Fallow,699.2740060951089,1,1,7,Polygon
4373,4,No crop/Fallow,699.0998638015981,1,1,7,Polygon
441,4,No crop/Fallow,700.355376944268,1,1,7,Polygon
4424,4,No crop/Fallow,699.0355985013096,1,1,7,Polygon
4470,4,No crop/Fallow,699.287328522619,1,1,7,Polygon
4493,4,No crop/Fallow,699.6052656996216,1,1,7,Polygon
4506,4,No crop/Fallow,699.7800585810376,1,1,7,Polygon
4594,4,No crop/Fallow,698.8904811193559,1,1,7,Polygon
4596,4,No crop/Fallow,698.9479435562257,1,1,7,Polygon
4598,4,No crop/Fallow,698.947121746359,1,1,7,Polygon
4678,4,No crop/Fallow,699.0328082001279,1,1,7,Polygon
485,4,No crop/Fallow,700.2774003490221,1,1,7,Polygon
4856,4,No crop/Fallow,699.3367249882918,1,1,7,Polygon
4893,4,No crop/Fallow,698.9135959655746,1,1,7,Polygon
4911,4,No crop/Fallow,699.008009115747,1,1,7,Polygon
4952,4,No crop/Fallow,699.0217971046302,1,1,7,Polygon
5011,4,No crop/Fallow,699.3282341779152,1,1,7,Polygon
5066,4,No crop/Fallow,699.2279862789347,1,1,7,Polygon
5067,4,No crop/Fallow,699.2278946844212,1,1,7,Polygon
5071,4,No crop/Fallow,699.0302370762652,1,1,7,Polygon
5084,4,No crop/Fallow,699.0892169377826,1,1,7,Polygon
5107,4,No crop/Fallow,699.3368689361704,1,1,7,Polygon
5148,4,No crop/Fallow,698.992978705158,1,1,7,Polygon
5166,4,No crop/Fallow,699.414315879769,1,1,7,Polygon
5167,4,No crop/Fallow,699.4147178246466,1,1,7,Polygon
5172,4,No crop/Fallow,699.1870063785132,1,1,7,Polygon
5174,4,No crop/Fallow,699.1875912210585,1,1,7,Polygon
5181,4,No crop/Fallow,699.0056724118679,1,1,7,Polygon
611,4,No crop/Fallow,700.2184302850682,1,1,7,Polygon
643,4,No crop/Fallow,700.2280124831285,1,1,7,Polygon
677,4,No crop/Fallow,700.1313520327318,1,1,7,Polygon
7273,4,No crop/Fallow,700.5311013997642,1,1,7,Polygon
7320,4,No crop/Fallow,700.4244889524923,1,1,7,Polygon
4360,15,Potato,699.4747195433163,1,1,7,Polygon
614,15,Potato,700.189563582326,1,1,7,Polygon
3713,36,Rice,699.3119077447695,1,1,7,Polygon
4007,36,Rice,699.3788008811244,1,1,7,Polygon
4187,36,Rice,699.0321479725624,1,1,7,Polygon
4263,36,Rice,699.8103862721457,1,1,7,Polygon
4621,36,Rice,699.8180662122918,1,1,7,Polygon
4699,36,Rice,699.3790685913367,1,1,7,Polygon
6864,6,Sugarcane,700.3777715980266,1,1,7,Polygon
103,1,Wheat,700.2777295774209,1,1,7,Polygon
1145,1,Wheat,700.2205371625516,1,1,7,Polygon
1719,1,Wheat,700.4912270635047,1,1,7,Polygon
1720,1,Wheat,700.492044128311,1,1,7,Polygon
2030,1,Wheat,700.4800763532762,1,1,7,Polygon
2115,1,Wheat,700.506855121069,1,1,7,Polygon
2122,1,Wheat,700.5075593488882,1,1,7,Polygon
2228,1,Wheat,700.4277743429662,1,1,7,Polygon
2269,1,Wheat,700.4790780583231,1,1,7,Polygon
2392,1,Wheat,700.4728269434963,1,1,7,Polygon
2602,1,Wheat,700.5440779318825,1,1,7,Polygon
3031,1,Wheat,700.4749465301761,1,1,7,Polygon
3356,1,Wheat,700.5544355258289,1,1,7,Polygon
3411,1,Wheat,700.5232824040061,1,1,7,Polygon
5413,1,Wheat,700.161566700003,1,1,7,Polygon
6907,1,Wheat,700.4084065811717,1,1,7,Polygon
1129,16,Bersem,800.2456199089348,1,1,8,Polygon
1860,14,Coriander,800.6127272378974,1,1,8,Polygon
6555,14,Coriander,800.4346155494504,1,1,8,Polygon
303,5,Green pea,800.2129457548673,1,1,8,Polygon
746,5,Green pea,800.0914417700918,1,1,8,Polygon
1565,3,Lentil,800.260760621446,1,1,8,Polygon
3718,9,Maize,799.2602801392632,1,1,8,Polygon
7226,9,Maize,800.4740313696582,1,1,8,Polygon
1283,2,Mustard,800.2188739392973,1,1,8,Polygon
1800,2,Mustard,800.6045953399962,1,1,8,Polygon
2597,2,Mustard,800.5643593331856,1,1,8,Polygon
3314,2,Mustard,800.5823003731584,1,1,8,Polygon
3585,2,Mustard,800.6219009393274,1,1,8,Polygon
449,2,Mustard,800.2401987059752,1,1,8,Polygon
466,2,Mustard,800.2385459061582,1,1,8,Polygon
5751,2,Mustard,799.8932085946672,1,1,8,Polygon
613,2,Mustard,800.2202132228488,1,1,8,Polygon
615,2,Mustard,800.220903899095,1,1,8,Polygon
6566,2,Mustard,800.4873254964862,1,1,8,Polygon
7015,2,Mustard,800.6146784562563,1,1,8,Polygon
708,2,Mustard,800.3478835816798,1,1,8,Polygon
1028,4,No crop/Fallow,800.1328511616643,1,1,8,Polygon
137,4,No crop/Fallow,800.3753397971865,1,1,8,Polygon
1407,4,No crop/Fallow,800.2422503315873,1,1,8,Polygon
1442,4,No crop/Fallow,800.370345490109,1,1,8,Polygon
1462,4,No crop/Fallow,800.3175952641697,1,1,8,Polygon
1566,4,No crop/Fallow,800.2594707371336,1,1,8,Polygon
1705,4,No crop/Fallow,800.5649229769396,1,1,8,Polygon
202,4,No crop/Fallow,800.3843258571012,1,1,8,Polygon
2069,4,No crop/Fallow,800.5962018830805,1,1,8,Polygon
2271,4,No crop/Fallow,800.5472625176168,1,1,8,Polygon
2688,4,No crop/Fallow,800.6314480311843,1,1,8,Polygon
3693,4,No crop/Fallow,798.8825851589136,1,1,8,Polygon
3736,4,No crop/Fallow,799.3573192429192,1,1,8,Polygon
3761,4,No crop/Fallow,799.2018254011821,1,1,8,Polygon
3806,4,No crop/Fallow,799.3225683958802,1,1,8,Polygon
3824,4,No crop/Fallow,799.2060901421687,1,1,8,Polygon
3848,4,No crop/Fallow,798.9364899579446,1,1,8,Polygon
3849,4,No crop/Fallow,798.9362504487776,1,1,8,Polygon
3854,4,No crop/Fallow,798.9189658452304,1,1,8,Polygon
3923,4,No crop/Fallow,798.7342274901015,1,1,8,Polygon
3953,4,No crop/Fallow,799.3486329836824,1,1,8,Polygon
3970,4,No crop/Fallow,799.5600037306526,1,1,8,Polygon
3993,4,No crop/Fallow,799.508144016846,1,1,8,Polygon
4001,4,No crop/Fallow,798.9041542798491,1,1,8,Polygon
4024,4,No crop/Fallow,799.1923339588297,1,1,8,Polygon
4032,4,No crop/Fallow,799.2659918274667,1,1,8,Polygon
4066,4,No crop/Fallow,798.8044477479671,1,1,8,Polygon
4076,4,No crop/Fallow,798.9015162509388,1,1,8,Polygon
4114,4,No crop/Fallow,799.3289505514331,1,1,8,Polygon
4218,4,No crop/Fallow,799.3143141056375,1,1,8,Polygon
4220,4,No crop/Fallow,799.3144163527411,1,1,8,Polygon
4223,4,No crop/Fallow,798.8542355763396,1,1,8,Polygon
4225,4,No crop/Fallow,799.2687462548713,1,1,8,Polygon
4244,4,No crop/Fallow,799.2663594047883,1,1,8,Polygon
4246,4,No crop/Fallow,799.5645205956573,1,1,8,Polygon
4284,4,No crop/Fallow,799.7232163731055,1,1,8,Polygon
4287,4,No crop/Fallow,799.2139649383885,1,1,8,Polygon
4307,4,No crop/Fallow,799.3242710059787,1,1,8,Polygon
4317,4,No crop/Fallow,799.1974654579935,1,1,8,Polygon
4337,4,No crop/Fallow,799.40304937887,1,1,8,Polygon
4354,4,No crop/Fallow,799.2907028759611,1,1,8,Polygon
4381,4,No crop/Fallow,798.9151594666769,1,1,8,Polygon
4382,4,No crop/Fallow,798.9148958318307,1,1,8,Polygon
4383,4,No crop/Fallow,798.9149020215302,1,1,8,Polygon
4427,4,No crop/Fallow,798.8958851631484,1,1,8,Polygon
4434,4,No crop/Fallow,799.4174071070008,1,1,8,Polygon
4476,4,No crop/Fallow,799.2693268711193,1,1,8,Polygon
4487,4,No crop/Fallow,799.3859681990348,1,1,8,Polygon
4489,4,No crop/Fallow,799.171683277753,1,1,8,Polygon
4556,4,No crop/Fallow,799.2324933633213,1,1,8,Polygon
4562,4,No crop/Fallow,799.2040913123788,1,1,8,Polygon
4577,4,No crop/Fallow,799.5591731183724,1,1,8,Polygon
4579,4,No crop/Fallow,799.5596084841393,1,1,8,Polygon
4597,4,No crop/Fallow,798.7968990846539,1,1,8,Polygon
4616,4,No crop/Fallow,799.2912530502704,1,1,8,Polygon
4622,4,No crop/Fallow,799.7921648628499,1,1,8,Polygon
4626,4,No crop/Fallow,799.4927408327094,1,1,8,Polygon
4674,4,No crop/Fallow,799.416817293865,1,1,8,Polygon
4694,4,No crop/Fallow,799.2318764577699,1,1,8,Polygon
4775,4,No crop/Fallow,798.9287486579093,1,1,8,Polygon
4806,4,No crop/Fallow,799.5123011618314,1,1,8,Polygon
4810,4,No crop/Fallow,799.1771594618162,1,1,8,Polygon
4884,4,No crop/Fallow,798.9633504890306,1,1,8,Polygon
4950,4,No crop/Fallow,798.8817608882111,1,1,8,Polygon
4978,4,No crop/Fallow,799.3153341572529,1,1,8,Polygon
5076,4,No crop/Fallow,798.732071154616,1,1,8,Polygon
5110,4,No crop/Fallow,799.2421430763235,1,1,8,Polygon
513,4,No crop/Fallow,800.2511429974777,1,1,8,Polygon
5158,4,No crop/Fallow,799.2633890812218,1,1,8,Polygon
5204,4,No crop/Fallow,798.9017239082239,1,1,8,Polygon
5215,4,No crop/Fallow,798.9025144568939,1,1,8,Polygon
5247,4,No crop/Fallow,799.7616028267635,1,1,8,Polygon
6530,4,No crop/Fallow,800.5169467108906,1,1,8,Polygon
6535,4,No crop/Fallow,800.4872568941512,1,1,8,Polygon
6733,4,No crop/Fallow,800.4888215768723,1,1,8,Polygon
6829,4,No crop/Fallow,800.5882896420987,1,1,8,Polygon
7322,4,No crop/Fallow,800.4853709442575,1,1,8,Polygon
74,4,No crop/Fallow,800.1835225462789,1,1,8,Polygon
826,4,No crop/Fallow,800.3934115705733,1,1,8,Polygon
952,4,No crop/Fallow,800.3162611135797,1,1,8,Polygon
987,4,No crop/Fallow,800.3737985374935,1,1,8,Polygon
997,4,No crop/Fallow,800.3840437362064,1,1,8,Polygon
1980,15,Potato,800.5458948640664,1,1,8,Polygon
2263,15,Potato,800.5962206987389,1,1,8,Polygon
3644,36,Rice,799.2136333319928,1,1,8,Polygon
3676,36,Rice,799.2170271421267,1,1,8,Polygon
3873,36,Rice,799.2543411176079,1,1,8,Polygon
4008,36,Rice,799.2904270965562,1,1,8,Polygon
4120,36,Rice,799.1426207453046,1,1,8,Polygon
5101,36,Rice,799.253116322586,1,1,8,Polygon
1208,6,Sugarcane,800.2599118885349,1,1,8,Polygon
1130,1,Wheat,800.0874296709862,1,1,8,Polygon
122,1,Wheat,800.1388250987471,1,1,8,Polygon
1298,1,Wheat,800.3990411147624,1,1,8,Polygon
1387,1,Wheat,800.2023271314963,1,1,8,Polygon
156,1,Wheat,800.4691434892668,1,1,8,Polygon
158,1,Wheat,800.4692588343812,1,1,8,Polygon
178,1,Wheat,800.3035203409642,1,1,8,Polygon
1922,1,Wheat,800.5979944453402,1,1,8,Polygon
1957,1,Wheat,800.5847517116565,1,1,8,Polygon
2108,1,Wheat,800.6147316246552,1,1,8,Polygon
279,1,Wheat,800.2396944730085,1,1,8,Polygon
2828,1,Wheat,800.6255517858211,1,1,8,Polygon
3126,1,Wheat,800.5418887506088,1,1,8,Polygon
3134,1,Wheat,800.6087085985334,1,1,8,Polygon
3176,1,Wheat,800.5362297224527,1,1,8,Polygon
3461,1,Wheat,800.5826375266128,1,1,8,Polygon
3571,1,Wheat,800.505595161258,1,1,8,Polygon
429,1,Wheat,800.2512704919404,1,1,8,Polygon
562,1,Wheat,800.2719344838798,1,1,8,Polygon
901,1,Wheat,800.2020975894038,1,1,8,Polygon
903,1,Wheat,800.1948597801852,1,1,8,Polygon
906,1,Wheat,800.1947411087264,1,1,8,Polygon
951,1,Wheat,800.0692099458333,1,1,8,Polygon
2305,16,Bersem,900.6474021340651,1,1,9,Polygon
1813,14,Coriander,900.688187606169,1,1,9,Polygon
5794,13,Gram,900.141269142917,1,1,9,Polygon
1966,5,Green pea,900.6925859965446,1,1,9,Polygon
3534,3,Lentil,900.649345485783,1,1,9,Polygon
6458,9,Maize,900.7032533573162,1,1,9,Polygon
6641,9,Maize,900.5370680396824,1,1,9,Polygon
6960,9,Maize,900.6961921471024,1,1,9,Polygon
6961,9,Maize,900.6962069069352,1,1,9,Polygon
1138,2,Mustard,900.3784664158514,1,1,9,Polygon
1275,2,Mustard,900.3132440122693,1,1,9,Polygon
1383,2,Mustard,900.2557037006716,1,1,9,Polygon
1621,2,Mustard,900.2485990190369,1,1,9,Polygon
1923,2,Mustard,900.6728449925841,1,1,9,Polygon
2173,2,Mustard,900.6869779684607,1,1,9,Polygon
2754,2,Mustard,900.5435247933096,1,1,9,Polygon
2786,2,Mustard,900.6327633679066,1,1,9,Polygon
2794,2,Mustard,900.5811433103049,1,1,9,Polygon
3038,2,Mustard,900.5275879480666,1,1,9,Polygon
336,2,Mustard,900.2996387837272,1,1,9,Polygon
361,2,Mustard,900.4508676299872,1,1,9,Polygon
6826,2,Mustard,900.5844198561585,1,1,9,Polygon
7127,2,Mustard,900.6730239475697,1,1,9,Polygon
1030,4,No crop/Fallow,900.1492428096001,1,1,9,Polygon
1071,4,No crop/Fallow,900.4747846923339,1,1,9,Polygon
1325,4,No crop/Fallow,900.2452536627937,1,1,9,Polygon
1408,4,No crop/Fallow,900.4398348969589,1,1,9,Polygon
1428,4,No crop/Fallow,900.3576795227527,1,1,9,Polygon
1429,4,No crop/Fallow,900.3575342877198,1,1,9,Polygon
1440,4,No crop/Fallow,900.4162846875824,1,1,9,Polygon
145,4,No crop/Fallow,900.3715920203161,1,1,9,Polygon
1500,4,No crop/Fallow,900.3074832889871,1,1,9,Polygon
1614,4,No crop/Fallow,900.3570670994669,1,1,9,Polygon
1626,4,No crop/Fallow,900.3578885270367,1,1,9,Polygon
1677,4,No crop/Fallow,900.3562398420113,1,1,9,Polygon
193,4,No crop/Fallow,900.3697211985816,1,1,9,Polygon
2446,4,No crop/Fallow,900.7163577021508,1,1,9,Polygon
2827,4,No crop/Fallow,900.7040406107342,1,1,9,Polygon
307,4,No crop/Fallow,900.4359725132146,1,1,9,Polygon
3189,4,No crop/Fallow,900.7040552592459,1,1,9,Polygon
3655,4,No crop/Fallow,898.7829589362632,1,1,9,Polygon
3680,4,No crop/Fallow,899.2410244272626,1,1,9,Polygon
3764,4,No crop/Fallow,899.2456630530353,1,1,9,Polygon
3807,4,No crop/Fallow,899.2374194081842,1,1,9,Polygon
3815,4,No crop/Fallow,899.1043869065056,1,1,9,Polygon
3826,4,No crop/Fallow,899.1065829504557,1,1,9,Polygon
3834,4,No crop/Fallow,898.6404094499962,1,1,9,Polygon
3904,4,No crop/Fallow,899.2299397362005,1,1,9,Polygon
3955,4,No crop/Fallow,899.1310907095972,1,1,9,Polygon
3958,4,No crop/Fallow,899.1295150188603,1,1,9,Polygon
3963,4,No crop/Fallow,898.7021640845813,1,1,9,Polygon
3980,4,No crop/Fallow,899.6405287536816,1,1,9,Polygon
3991,4,No crop/Fallow,899.4501174438637,1,1,9,Polygon
4010,4,No crop/Fallow,898.6886164204615,1,1,9,Polygon
4031,4,No crop/Fallow,899.1744511927552,1,1,9,Polygon
4055,4,No crop/Fallow,899.1293027530398,1,1,9,Polygon
4074,4,No crop/Fallow,898.7640980902095,1,1,9,Polygon
4080,4,No crop/Fallow,899.1761092403797,1,1,9,Polygon
4092,4,No crop/Fallow,899.3984285576558,1,1,9,Polygon
4113,4,No crop/Fallow,899.2460937081779,1,1,9,Polygon
4156,4,No crop/Fallow,899.3601875012744,1,1,9,Polygon
4163,4,No crop/Fallow,899.1565138536998,1,1,9,Polygon
4175,4,No crop/Fallow,899.3319846791046,1,1,9,Polygon
4201,4,No crop/Fallow,899.1562952704662,1,1,9,Polygon
4227,4,No crop/Fallow,899.1772374833956,1,1,9,Polygon
4237,4,No crop/Fallow,898.7221785655107,1,1,9,Polygon
4243,4,No crop/Fallow,899.1743528795541,1,1,9,Polygon
4356,4,No crop/Fallow,899.202327151808,1,1,9,Polygon
4405,4,No crop/Fallow,898.8240589901764,1,1,9,Polygon
4453,4,No crop/Fallow,899.0985611487258,1,1,9,Polygon
4471,4,No crop/Fallow,899.0841208043098,1,1,9,Polygon
4525,4,No crop/Fallow,898.9907220334214,1,1,9,Polygon
4546,4,No crop/Fallow,899.1568439871999,1,1,9,Polygon
4702,4,No crop/Fallow,898.6216292187962,1,1,9,Polygon
4726,4,No crop/Fallow,899.6323862259501,1,1,9,Polygon
4789,4,No crop/Fallow,898.6178508901708,1,1,9,Polygon
4808,4,No crop/Fallow,899.0737391712421,1,1,9,Polygon
4902,4,No crop/Fallow,898.6218311978627,1,1,9,Polygon
4904,4,No crop/Fallow,899.7335056578015,1,1,9,Polygon
4934,4,No crop/Fallow,899.1302278892792,1,1,9,Polygon
4953,4,No crop/Fallow,898.7423762845553,1,1,9,Polygon
4965,4,No crop/Fallow,899.2640376233313,1,1,9,Polygon
4974,4,No crop/Fallow,899.1368517262031,1,1,9,Polygon
4994,4,No crop/Fallow,898.7603789345574,1,1,9,Polygon
5007,4,No crop/Fallow,899.1527483129349,1,1,9,Polygon
5033,4,No crop/Fallow,898.8971286667869,1,1,9,Polygon
5058,4,No crop/Fallow,898.766744394488,1,1,9,Polygon
5059,4,No crop/Fallow,898.7665522065969,1,1,9,Polygon
5087,4,No crop/Fallow,898.8293876869398,1,1,9,Polygon
5108,4,No crop/Fallow,899.1475729064083,1,1,9,Polygon
5171,4,No crop/Fallow,898.9552221388719,1,1,9,Polygon
5190,4,No crop/Fallow,899.1303730632574,1,1,9,Polygon
5235,4,No crop/Fallow,898.5924963510879,1,1,9,Polygon
5237,4,No crop/Fallow,898.676014907003,1,1,9,Polygon
5241,4,No crop/Fallow,899.4912372984768,1,1,9,Polygon
54,4,No crop/Fallow,900.3064865365928,1,1,9,Polygon
645,4,No crop/Fallow,900.2951901662423,1,1,9,Polygon
6831,4,No crop/Fallow,900.6604359876503,1,1,9,Polygon
704,4,No crop/Fallow,900.4434741297487,1,1,9,Polygon
76,4,No crop/Fallow,900.206222238305,1,1,9,Polygon
893,4,No crop/Fallow,900.2978107156848,1,1,9,Polygon
920,4,No crop/Fallow,900.3599639961127,1,1,9,Polygon
929,4,No crop/Fallow,900.2864512524652,1,1,9,Polygon
2107,15,Potato,900.6910911901025,1,1,9,Polygon
4894,15,Potato,899.6977628190975,1,1,9,Polygon
4084,36,Rice,899.1564003275097,1,1,9,Polygon
4863,36,Rice,898.7586642381161,1,1,9,Polygon
5082,36,Rice,899.1146076552141,1,1,9,Polygon
5135,36,Rice,899.0896326846189,1,1,9,Polygon
6554,36,Rice,900.489577550817,1,1,9,Polygon
7154,36,Rice,900.5863944776459,1,1,9,Polygon
914,6,Sugarcane,900.3072464193081,1,1,9,Polygon
1247,1,Wheat,900.3277365321603,1,1,9,Polygon
126,1,Wheat,900.3244635465599,1,1,9,Polygon
1290,1,Wheat,900.3054452747665,1,1,9,Polygon
1424,1,Wheat,900.2809621456437,1,1,9,Polygon
1425,1,Wheat,900.2809412776197,1,1,9,Polygon
1683,1,Wheat,900.2684787980423,1,1,9,Polygon
1723,1,Wheat,900.6325935649057,1,1,9,Polygon
1726,1,Wheat,900.6465193248234,1,1,9,Polygon
1902,1,Wheat,900.6530275924449,1,1,9,Polygon
2006,1,Wheat,900.6747275844971,1,1,9,Polygon
2197,1,Wheat,900.6227180188712,1,1,9,Polygon
2335,1,Wheat,900.6765108696762,1,1,9,Polygon
2346,1,Wheat,900.6772700544848,1,1,9,Polygon
2516,1,Wheat,900.6032567407387,1,1,9,Polygon
2605,1,Wheat,900.6236887125641,1,1,9,Polygon
2624,1,Wheat,900.6416936014331,1,1,9,Polygon
263,1,Wheat,900.443368704916,1,1,9,Polygon
2728,1,Wheat,900.6704643763246,1,1,9,Polygon
3034,1,Wheat,900.6108358074778,1,1,9,Polygon
3100,1,Wheat,900.6769899816935,1,1,9,Polygon
3367,1,Wheat,900.6949634775627,1,1,9,Polygon
3385,1,Wheat,900.6326847039666,1,1,9,Polygon
3407,1,Wheat,900.6723778020412,1,1,9,Polygon
3574,1,Wheat,900.5691325464725,1,1,9,Polygon
358,1,Wheat,900.4511231140522,1,1,9,Polygon
399,1,Wheat,900.2840648557635,1,1,9,Polygon
476,1,Wheat,900.2349822822501,1,1,9,Polygon
5516,1,Wheat,900.0813359820047,1,1,9,Polygon
558,1,Wheat,900.3064533227428,1,1,9,Polygon
602,1,Wheat,900.3430649596004,1,1,9,Polygon
712,1,Wheat,900.2705636716648,1,1,9,Polygon
745,1,Wheat,900.3245871056383,1,1,9,Polygon
889,1,Wheat,900.3749681689352,1,1,9,Polygon
322,5,Green pea,1000.5033002758889,1,1,10,Polygon
1845,3,Lentil,1000.7316119558079,1,1,10,Polygon
964,3,Lentil,1000.5088505446317,1,1,10,Polygon
2633,9,Maize,1000.7364244153241,1,1,10,Polygon
2634,9,Maize,1000.7363488535699,1,1,10,Polygon
6647,9,Maize,1000.7465002101228,1,1,10,Polygon
6670,9,Maize,1000.605731934282,1,1,10,Polygon
6771,9,Maize,1000.7550325405084,1,1,10,Polygon
7209,9,Maize,1000.7600248909577,1,1,10,Polygon
7269,9,Maize,1000.6777340678326,1,1,10,Polygon
7321,9,Maize,1000.606855120855,1,1,10,Polygon
1405,2,Mustard,1000.3023360932582,1,1,10,Polygon
1559,2,Mustard,1000.3556151186858,1,1,10,Polygon
1606,2,Mustard,1000.1111625199503,1,1,10,Polygon
1618,2,Mustard,1000.2771062028827,1,1,10,Polygon
177,2,Mustard,1000.4188629458994,1,1,10,Polygon
1791,2,Mustard,1000.7351823940506,1,1,10,Polygon
2008,2,Mustard,1000.7499184045201,1,1,10,Polygon
2166,2,Mustard,1000.733302187487,1,1,10,Polygon
2307,2,Mustard,1000.7192449516688,1,1,10,Polygon
2689,2,Mustard,1000.7222218350522,1,1,10,Polygon
2795,2,Mustard,1000.6459242428368,1,1,10,Polygon
2818,2,Mustard,1000.7895749351458,1,1,10,Polygon
3426,2,Mustard,1000.7815641676016,1,1,10,Polygon
535,2,Mustard,1000.3040735169271,1,1,10,Polygon
6272,2,Mustard,1000.1897269062341,1,1,10,Polygon
6888,2,Mustard,1000.5813379472833,1,1,10,Polygon
7099,2,Mustard,1000.6562506401746,1,1,10,Polygon
797,2,Mustard,1000.4727344485146,1,1,10,Polygon
86,2,Mustard,1000.2115316213708,1,1,10,Polygon
1039,4,No crop/Fallow,1000.469719225547,1,1,10,Polygon
113,4,No crop/Fallow,1000.3355176316937,1,1,10,Polygon
1503,4,No crop/Fallow,1000.4728629970286,1,1,10,Polygon
1518,4,No crop/Fallow,1000.2674865163469,1,1,10,Polygon
1538,4,No crop/Fallow,1000.3481582471046,1,1,10,Polygon
1679,4,No crop/Fallow,1000.3959588226528,1,1,10,Polygon
1680,4,No crop/Fallow,1000.3957305103293,1,1,10,Polygon
349,4,No crop/Fallow,1000.4507541009175,1,1,10,Polygon
3653,4,No crop/Fallow,998.4624846774461,1,1,10,Polygon
3666,4,No crop/Fallow,999.4010696895127,1,1,10,Polygon
3674,4,No crop/Fallow,999.6165265089498,1,1,10,Polygon
370,4,No crop/Fallow,1000.4632146230443,1,1,10,Polygon
3702,4,No crop/Fallow,998.7999398545275,1,1,10,Polygon
3827,4,No crop/Fallow,998.5678932514504,1,1,10,Polygon
3860,4,No crop/Fallow,998.7121239554895,1,1,10,Polygon
3895,4,No crop/Fallow,998.6254566055024,1,1,10,Polygon
3901,4,No crop/Fallow,998.9775027287583,1,1,10,Polygon
3912,4,No crop/Fallow,999.0853938283817,1,1,10,Polygon
3943,4,No crop/Fallow,999.2201101549143,1,1,10,Polygon
4063,4,No crop/Fallow,999.0844716454244,1,1,10,Polygon
4086,4,No crop/Fallow,999.7395409400006,1,1,10,Polygon
4096,4,No crop/Fallow,998.7436982868471,1,1,10,Polygon
4164,4,No crop/Fallow,999.0624049891973,1,1,10,Polygon
4376,4,No crop/Fallow,998.7135443127224,1,1,10,Polygon
4484,4,No crop/Fallow,999.232176289306,1,1,10,Polygon
4486,4,No crop/Fallow,999.231890682003,1,1,10,Polygon
4513,4,No crop/Fallow,998.4993638837246,1,1,10,Polygon
4543,4,No crop/Fallow,999.0623114549824,1,1,10,Polygon
4553,4,No crop/Fallow,999.3244123324158,1,1,10,Polygon
4563,4,No crop/Fallow,999.0044140416966,1,1,10,Polygon
4600,4,No crop/Fallow,998.4954976393813,1,1,10,Polygon
4640,4,No crop/Fallow,998.5695623476021,1,1,10,Polygon
4668,4,No crop/Fallow,999.654285326986,1,1,10,Polygon
4672,4,No crop/Fallow,999.2757168933339,1,1,10,Polygon
4805,4,No crop/Fallow,999.3816646311874,1,1,10,Polygon
481,4,No crop/Fallow,1000.396723908808,1,1,10,Polygon
4984,4,No crop/Fallow,998.7522157789945,1,1,10,Polygon
5004,4,No crop/Fallow,999.3942236882149,1,1,10,Polygon
5008,4,No crop/Fallow,999.0587614522822,1,1,10,Polygon
5020,4,No crop/Fallow,999.0223271340406,1,1,10,Polygon
5035,4,No crop/Fallow,998.7753506954168,1,1,10,Polygon
5054,4,No crop/Fallow,999.2387557492373,1,1,10,Polygon
5109,4,No crop/Fallow,999.0532291571014,1,1,10,Polygon
515,4,No crop/Fallow,1000.3134637449828,1,1,10,Polygon
517,4,No crop/Fallow,1000.3133456124788,1,1,10,Polygon
5584,4,No crop/Fallow,999.9472267100075,1,1,10,Polygon
649,4,No crop/Fallow,1000.4659782886989,1,1,10,Polygon
6702,4,No crop/Fallow,1000.6058506276697,1,1,10,Polygon
7084,4,No crop/Fallow,1000.684609842903,1,1,10,Polygon
875,4,No crop/Fallow,1000.4020840207968,1,1,10,Polygon
919,4,No crop/Fallow,1000.4023145671044,1,1,10,Polygon
953,4,No crop/Fallow,1000.3954673688006,1,1,10,Polygon
4361,15,Potato,999.2510579768225,1,1,10,Polygon
6599,15,Potato,1000.7671925033951,1,1,10,Polygon
4083,36,Rice,999.0629146466956,1,1,10,Polygon
4388,36,Rice,999.1887966264449,1,1,10,Polygon
5083,36,Rice,999.0163394373967,1,1,10,Polygon
2870,6,Sugarcane,1000.7024160613233,1,1,10,Polygon
299,6,Sugarcane,1000.3401700756654,1,1,10,Polygon
327,6,Sugarcane,1000.363780526739,1,1,10,Polygon
98,6,Sugarcane,1000.340941175688,1,1,10,Polygon
1249,1,Wheat,1000.3626461506522,1,1,10,Polygon
1260,1,Wheat,1000.3964390544271,1,1,10,Polygon
1416,1,Wheat,1000.4363586870807,1,1,10,Polygon
1448,1,Wheat,1000.483835393658,1,1,10,Polygon
1478,1,Wheat,1000.3633121409368,1,1,10,Polygon
1598,1,Wheat,1000.4677227443946,1,1,10,Polygon
1603,1,Wheat,1000.1161346890257,1,1,10,Polygon
1654,1,Wheat,1000.3024311805199,1,1,10,Polygon
1688,1,Wheat,1000.316451962606,1,1,10,Polygon
1693,1,Wheat,1000.7061558873207,1,1,10,Polygon
1725,1,Wheat,1000.7182166122915,1,1,10,Polygon
1738,1,Wheat,1000.7424705695249,1,1,10,Polygon
1900,1,Wheat,1000.7261386707063,1,1,10,Polygon
1934,1,Wheat,1000.7663726762466,1,1,10,Polygon
2055,1,Wheat,1000.7528580594226,1,1,10,Polygon
2435,1,Wheat,1000.7527876290561,1,1,10,Polygon
2568,1,Wheat,1000.7193447294889,1,1,10,Polygon
2590,1,Wheat,1000.7144090037,1,1,10,Polygon
2627,1,Wheat,1000.7230797711904,1,1,10,Polygon
2756,1,Wheat,1000.7738475400608,1,1,10,Polygon
2778,1,Wheat,1000.7293160639009,1,1,10,Polygon
2800,1,Wheat,1000.7260890187931,1,1,10,Polygon
3096,1,Wheat,1000.6693353824703,1,1,10,Polygon
3116,1,Wheat,1000.7687681850526,1,1,10,Polygon
3162,1,Wheat,1000.6772278881158,1,1,10,Polygon
3283,1,Wheat,1000.7075192303022,1,1,10,Polygon
3287,1,Wheat,1000.7277042373984,1,1,10,Polygon
3304,1,Wheat,1000.7181114449683,1,1,10,Polygon
3410,1,Wheat,1000.7472765593678,1,1,10,Polygon
3433,1,Wheat,1000.7036111658981,1,1,10,Polygon
3532,1,Wheat,1000.6793026959765,1,1,10,Polygon
3540,1,Wheat,1000.5885043553183,1,1,10,Polygon
3541,1,Wheat,1000.5894716927005,1,1,10,Polygon
420,1,Wheat,1000.2330518503585,1,1,10,Polygon
486,1,Wheat,1000.3964404566173,1,1,10,Polygon
5777,1,Wheat,1000.1532285301289,1,1,10,Polygon
588,1,Wheat,1000.4607061062728,1,1,10,Polygon
589,1,Wheat,1000.4608249683233,1,1,10,Polygon
760,1,Wheat,1000.4356996568715,1,1,10,Polygon
764,1,Wheat,1000.4360486993819,1,1,10,Polygon
803,1,Wheat,1000.2787757065823,1,1,10,Polygon
999,1,Wheat,1000.4802661821608,1,1,10,Polygon
3258,16,Bersem,1100.7944206827162,1,1,11,Polygon
4364,8,Garlic,1099.1759970433145,1,1,11,Polygon
1664,5,Green pea,1100.2687572272953,1,1,11,Polygon
1563,3,Lentil,1100.364154294517,1,1,11,Polygon
229,3,Lentil,1100.3348955326946,1,1,11,Polygon
2466,3,Lentil,1100.7902248052128,1,1,11,Polygon
528,3,Lentil,1100.2244819132247,1,1,11,Polygon
6456,9,Maize,1100.7336618852532,1,1,11,Polygon
6461,9,Maize,1100.8592832721306,1,1,11,Polygon
6537,9,Maize,1100.6698654474212,1,1,11,Polygon
6935,9,Maize,1100.8348168314185,1,1,11,Polygon
7082,9,Maize,1100.7529157380386,1,1,11,Polygon
7162,9,Maize,1100.8438021106404,1,1,11,Polygon
7216,9,Maize,1100.8430465139973,1,1,11,Polygon
7248,9,Maize,1100.843862470824,1,1,11,Polygon
7253,9,Maize,1100.8560625367086,1,1,11,Polygon
7254,9,Maize,1100.8560391830265,1,1,11,Polygon
7270,9,Maize,1100.745183039281,1,1,11,Polygon
1081,2,Mustard,1100.5323311304865,1,1,11,Polygon
1225,2,Mustard,1100.438228322767,1,1,11,Polygon
1286,2,Mustard,1100.3024558500308,1,1,11,Polygon
1633,2,Mustard,1100.504102419176,1,1,11,Polygon
2480,2,Mustard,1100.7792132864258,1,1,11,Polygon
2486,2,Mustard,1100.7225381580367,1,1,11,Polygon
2552,2,Mustard,1100.8425436801515,1,1,11,Polygon
2797,2,Mustard,1100.792401345126,1,1,11,Polygon
3133,2,Mustard,1100.8357462081628,1,1,11,Polygon
3530,2,Mustard,1100.7983193531556,1,1,11,Polygon
447,2,Mustard,1100.2964503611595,1,1,11,Polygon
536,2,Mustard,1100.3335017120257,1,1,11,Polygon
563,2,Mustard,1100.550355541577,1,1,11,Polygon
6153,2,Mustard,1099.8525080157729,1,1,11,Polygon
7192,2,Mustard,1100.8345980699253,1,1,11,Polygon
792,2,Mustard,1100.3113206268022,1,1,11,Polygon
793,2,Mustard,1100.3136528538325,1,1,11,Polygon
962,2,Mustard,1100.5568157858343,1,1,11,Polygon
1410,4,No crop/Fallow,1100.537487147506,1,1,11,Polygon
1414,4,No crop/Fallow,1100.4799924459464,1,1,11,Polygon
1441,4,No crop/Fallow,1100.5087179969394,1,1,11,Polygon
1580,4,No crop/Fallow,1100.5361054039702,1,1,11,Polygon
1596,4,No crop/Fallow,1100.515304378979,1,1,11,Polygon
1839,4,No crop/Fallow,1100.820353593741,1,1,11,Polygon
2294,4,No crop/Fallow,1100.8609612811315,1,1,11,Polygon
2336,4,No crop/Fallow,1100.859974463186,1,1,11,Polygon
3547,4,No crop/Fallow,1100.8435681354845,1,1,11,Polygon
3654,4,No crop/Fallow,1098.3103908436465,1,1,11,Polygon
3785,4,No crop/Fallow,1099.1629274978923,1,1,11,Polygon
3799,4,No crop/Fallow,1098.911603883397,1,1,11,Polygon
3821,4,No crop/Fallow,1099.1630845601046,1,1,11,Polygon
3833,4,No crop/Fallow,1098.3386098295218,1,1,11,Polygon
3850,4,No crop/Fallow,1099.6273375860562,1,1,11,Polygon
3887,4,No crop/Fallow,1098.8806507347736,1,1,11,Polygon
3927,4,No crop/Fallow,1098.258984001776,1,1,11,Polygon
3942,4,No crop/Fallow,1099.1416095863503,1,1,11,Polygon
3959,4,No crop/Fallow,1098.9381690172863,1,1,11,Polygon
3962,4,No crop/Fallow,1098.4140276021524,1,1,11,Polygon
3995,4,No crop/Fallow,1098.8526858702307,1,1,11,Polygon
4028,4,No crop/Fallow,1098.8525879661734,1,1,11,Polygon
4045,4,No crop/Fallow,1099.6420409660361,1,1,11,Polygon
4102,4,No crop/Fallow,1099.0514127327701,1,1,11,Polygon
4111,4,No crop/Fallow,1099.2975473589659,1,1,11,Polygon
4168,4,No crop/Fallow,1099.2573132755215,1,1,11,Polygon
4278,4,No crop/Fallow,1098.8809912942547,1,1,11,Polygon
4279,4,No crop/Fallow,1098.8805130754565,1,1,11,Polygon
4336,4,No crop/Fallow,1099.185617197373,1,1,11,Polygon
4348,4,No crop/Fallow,1098.8134268524832,1,1,11,Polygon
4362,4,No crop/Fallow,1099.1741121478933,1,1,11,Polygon
4411,4,No crop/Fallow,1099.2409131757997,1,1,11,Polygon
4423,4,No crop/Fallow,1098.4837160130905,1,1,11,Polygon
4508,4,No crop/Fallow,1099.6543604498538,1,1,11,Polygon
4558,4,No crop/Fallow,1098.9446451938586,1,1,11,Polygon
4595,4,No crop/Fallow,1098.3444310580799,1,1,11,Polygon
4634,4,No crop/Fallow,1099.2873174699016,1,1,11,Polygon
4951,4,No crop/Fallow,1098.46211159919,1,1,11,Polygon
4976,4,No crop/Fallow,1098.944972262168,1,1,11,Polygon
50,4,No crop/Fallow,1100.3742970028388,1,1,11,Polygon
5036,4,No crop/Fallow,1098.6520665490875,1,1,11,Polygon
5046,4,No crop/Fallow,1099.1079038019925,1,1,11,Polygon
5056,4,No crop/Fallow,1098.493028402539,1,1,11,Polygon
5169,4,No crop/Fallow,1098.7229374638887,1,1,11,Polygon
5179,4,No crop/Fallow,1099.3088817982543,1,1,11,Polygon
5191,4,No crop/Fallow,1098.9376544780516,1,1,11,Polygon
5213,4,No crop/Fallow,1098.4907763439924,1,1,11,Polygon
5248,4,No crop/Fallow,1099.6570498775272,1,1,11,Polygon
5263,4,No crop/Fallow,1098.9579553250728,1,1,11,Polygon
571,4,No crop/Fallow,1100.3293354002803,1,1,11,Polygon
654,4,No crop/Fallow,1100.5126160357731,1,1,11,Polygon
6637,4,No crop/Fallow,1100.85881786949,1,1,11,Polygon
6904,4,No crop/Fallow,1100.6116927267663,1,1,11,Polygon
7323,4,No crop/Fallow,1100.6673989832875,1,1,11,Polygon
825,4,No crop/Fallow,1100.5415495965397,1,1,11,Polygon
3102,15,Potato,1100.737953894996,1,1,11,Polygon
4617,15,Potato,1099.6270165544236,1,1,11,Polygon
3934,36,Rice,1098.8310366749035,1,1,11,Polygon
4174,36,Rice,1098.919526340185,1,1,11,Polygon
4269,36,Rice,1098.9185840906416,1,1,11,Polygon
4275,36,Rice,1098.6855912373114,1,1,11,Polygon
5080,36,Rice,1098.9176083996758,1,1,11,Polygon
5100,36,Rice,1098.9730767484132,1,1,11,Polygon
6810,36,Rice,1100.6850074006672,1,1,11,Polygon
1554,6,Sugarcane,1100.299770720106,1,1,11,Polygon
1897,6,Sugarcane,1100.8543719843155,1,1,11,Polygon
1919,6,Sugarcane,1100.8457246362213,1,1,11,Polygon
338,6,Sugarcane,1100.3328889768895,1,1,11,Polygon
378,6,Sugarcane,1100.4191500995717,1,1,11,Polygon
811,6,Sugarcane,1100.394950988474,1,1,11,Polygon
1000,1,Wheat,1100.418958807694,1,1,11,Polygon
1161,1,Wheat,1100.516047002042,1,1,11,Polygon
1348,1,Wheat,1100.3433669962446,1,1,11,Polygon
1401,1,Wheat,1100.5262647824136,1,1,11,Polygon
1661,1,Wheat,1100.259885593477,1,1,11,Polygon
181,1,Wheat,1100.5305262724573,1,1,11,Polygon
1881,1,Wheat,1100.6925398652884,1,1,11,Polygon
1927,1,Wheat,1100.8709532739274,1,1,11,Polygon
1936,1,Wheat,1100.8432949008925,1,1,11,Polygon
1938,1,Wheat,1100.7781746658438,1,1,11,Polygon
1958,1,Wheat,1100.804317516128,1,1,11,Polygon
199,1,Wheat,1100.3448485373283,1,1,11,Polygon
2463,1,Wheat,1100.8057242885561,1,1,11,Polygon
249,1,Wheat,1100.1269145000922,1,1,11,Polygon
2582,1,Wheat,1100.8617753768262,1,1,11,Polygon
2707,1,Wheat,1100.788373342991,1,1,11,Polygon
2731,1,Wheat,1100.7912911045746,1,1,11,Polygon
292,1,Wheat,1100.4402389980885,1,1,11,Polygon
3016,1,Wheat,1100.7821262645668,1,1,11,Polygon
3111,1,Wheat,1100.7788579550004,1,1,11,Polygon
3135,1,Wheat,1100.8368753604113,1,1,11,Polygon
3173,1,Wheat,1100.7576192110353,1,1,11,Polygon
3199,1,Wheat,1100.8351701265246,1,1,11,Polygon
3220,1,Wheat,1100.838969290712,1,1,11,Polygon
326,1,Wheat,1100.3988408097553,1,1,11,Polygon
3303,1,Wheat,1100.7892396410725,1,1,11,Polygon
3362,1,Wheat,1100.830751782055,1,1,11,Polygon
3386,1,Wheat,1100.7732800736082,1,1,11,Polygon
343,1,Wheat,1100.4801250367655,1,1,11,Polygon
3599,1,Wheat,1100.7541738792124,1,1,11,Polygon
3619,1,Wheat,1100.802250977843,1,1,11,Polygon
406,1,Wheat,1100.5314763900133,1,1,11,Polygon
512,1,Wheat,1100.3451047670394,1,1,11,Polygon
5542,1,Wheat,1100.1893734116163,1,1,11,Polygon
5729,1,Wheat,1100.041020309919,1,1,11,Polygon
6423,1,Wheat,1100.6560088480726,1,1,11,Polygon
6645,1,Wheat,1100.8209585141722,1,1,11,Polygon
755,1,Wheat,1100.337711474269,1,1,11,Polygon
970,1,Wheat,1100.4754644906873,1,1,11,Polygon
977,1,Wheat,1100.4270638002583,1,1,11,Polygon
991,1,Wheat,1100.5145932257099,1,1,11,Polygon
3631,16,Bersem,1200.7148337831513,1,1,12,Polygon
1859,14,Coriander,1200.916880248632,1,1,12,Polygon
2425,14,Coriander,1200.9187999773317,1,1,12,Polygon
6246,8,Garlic,1199.972625891409,1,1,12,Polygon
2767,5,Green pea,1200.8603175057908,1,1,12,Polygon
3234,5,Green pea,1200.8939680141202,1,1,12,Polygon
1321,3,Lentil,1200.4050712068702,1,1,12,Polygon
1909,3,Lentil,1200.8693438513628,1,1,12,Polygon
3185,3,Lentil,1200.9132951825163,1,1,12,Polygon
1694,9,Maize,1200.850275950734,1,1,12,Polygon
6334,9,Maize,1200.9076152979783,1,1,12,Polygon
6370,9,Maize,1200.7050597067882,1,1,12,Polygon
6447,9,Maize,1200.8142303340821,1,1,12,Polygon
6466,9,Maize,1200.8734351371431,1,1,12,Polygon
6468,9,Maize,1200.9007498066987,1,1,12,Polygon
6589,9,Maize,1200.864771512109,1,1,12,Polygon
6768,9,Maize,1200.9015858507312,1,1,12,Polygon
7171,9,Maize,1200.7510244588325,1,1,12,Polygon
7189,9,Maize,1200.8973984029672,1,1,12,Polygon
7228,9,Maize,1200.7804418004362,1,1,12,Polygon
1689,2,Mustard,1200.3811984894626,1,1,12,Polygon
1928,2,Mustard,1200.9500125897641,1,1,12,Polygon
2192,2,Mustard,1200.9214768490197,1,1,12,Polygon
2273,2,Mustard,1200.846791243072,1,1,12,Polygon
2657,2,Mustard,1200.9020424121616,1,1,12,Polygon
2694,2,Mustard,1200.8979963318948,1,1,12,Polygon
3062,2,Mustard,1200.8792274230625,1,1,12,Polygon
3129,2,Mustard,1200.812789476414,1,1,12,Polygon
3373,2,Mustard,1200.9182241497488,1,1,12,Polygon
474,2,Mustard,1200.3162408816447,1,1,12,Polygon
5558,2,Mustard,1200.3649453313246,1,1,12,Polygon
6858,2,Mustard,1200.729356843093,1,1,12,Polygon
6975,2,Mustard,1200.7793888266883,1,1,12,Polygon
936,2,Mustard,1200.5230861018163,1,1,12,Polygon
1132,4,No crop/Fallow,1200.5608715282324,1,1,12,Polygon
1157,4,No crop/Fallow,1200.5643045433326,1,1,12,Polygon
1178,4,No crop/Fallow,1200.6100069827187,1,1,12,Polygon
1195,4,No crop/Fallow,1200.0971119552162,1,1,12,Polygon
1215,4,No crop/Fallow,1200.324781668024,1,1,12,Polygon
1220,4,No crop/Fallow,1200.5151819178047,1,1,12,Polygon
1409,4,No crop/Fallow,1200.5869652915135,1,1,12,Polygon
1497,4,No crop/Fallow,1200.4096247600264,1,1,12,Polygon
1512,4,No crop/Fallow,1200.432856130492,1,1,12,Polygon
1514,4,No crop/Fallow,1200.3294430455949,1,1,12,Polygon
1599,4,No crop/Fallow,1200.5604910858374,1,1,12,Polygon
1673,4,No crop/Fallow,1200.5806546953427,1,1,12,Polygon
1867,4,No crop/Fallow,1200.9249674141952,1,1,12,Polygon
275,4,No crop/Fallow,1200.5481368319734,1,1,12,Polygon
308,4,No crop/Fallow,1200.5805335313214,1,1,12,Polygon
309,4,No crop/Fallow,1200.5807064173334,1,1,12,Polygon
3423,4,No crop/Fallow,1200.9388695494558,1,1,12,Polygon
3646,4,No crop/Fallow,1199.5141688748863,1,1,12,Polygon
3649,4,No crop/Fallow,1199.5075428267962,1,1,12,Polygon
3681,4,No crop/Fallow,1198.988439881301,1,1,12,Polygon
3683,4,No crop/Fallow,1198.9888007057364,1,1,12,Polygon
369,4,No crop/Fallow,1200.5557169624853,1,1,12,Polygon
3692,4,No crop/Fallow,1198.3248488231154,1,1,12,Polygon
3695,4,No crop/Fallow,1198.3243190568144,1,1,12,Polygon
3706,4,No crop/Fallow,1198.2500015415274,1,1,12,Polygon
3769,4,No crop/Fallow,1198.7925200918037,1,1,12,Polygon
3776,4,No crop/Fallow,1198.1984652268713,1,1,12,Polygon
3789,4,No crop/Fallow,1199.144325228602,1,1,12,Polygon
3805,4,No crop/Fallow,1198.983640714027,1,1,12,Polygon
3829,4,No crop/Fallow,1198.2811385630182,1,1,12,Polygon
3831,4,No crop/Fallow,1198.1872730944729,1,1,12,Polygon
3858,4,No crop/Fallow,1198.4538709171597,1,1,12,Polygon
3886,4,No crop/Fallow,1198.7795911422334,1,1,12,Polygon
3903,4,No crop/Fallow,1198.772136793319,1,1,12,Polygon
3922,4,No crop/Fallow,1198.1003482474237,1,1,12,Polygon
3926,4,No crop/Fallow,1198.100510176277,1,1,12,Polygon
3960,4,No crop/Fallow,1198.8416074497286,1,1,12,Polygon
3997,4,No crop/Fallow,1198.7482472538727,1,1,12,Polygon
4021,4,No crop/Fallow,1198.3707079088972,1,1,12,Polygon
4029,4,No crop/Fallow,1198.7491128786826,1,1,12,Polygon
4046,4,No crop/Fallow,1199.6090597284524,1,1,12,Polygon
4127,4,No crop/Fallow,1198.152006588708,1,1,12,Polygon
4211,4,No crop/Fallow,1198.461563539973,1,1,12,Polygon
4333,4,No crop/Fallow,1199.6792837793264,1,1,12,Polygon
4488,4,No crop/Fallow,1198.7577050361106,1,1,12,Polygon
4502,4,No crop/Fallow,1199.3322076489792,1,1,12,Polygon
4663,4,No crop/Fallow,1199.0026228900672,1,1,12,Polygon
4710,4,No crop/Fallow,1199.4966036926858,1,1,12,Polygon
4800,4,No crop/Fallow,1198.2939315782178,1,1,12,Polygon
4813,4,No crop/Fallow,1198.7654693370796,1,1,12,Polygon
4830,4,No crop/Fallow,1198.8126467542265,1,1,12,Polygon
4876,4,No crop/Fallow,1198.1657184884002,1,1,12,Polygon
4886,4,No crop/Fallow,1198.3402726388313,1,1,12,Polygon
4903,4,No crop/Fallow,1199.6429881071733,1,1,12,Polygon
4933,4,No crop/Fallow,1198.8410528525583,1,1,12,Polygon
5014,4,No crop/Fallow,1198.5773797769866,1,1,12,Polygon
5034,4,No crop/Fallow,1198.5287987738825,1,1,12,Polygon
5052,4,No crop/Fallow,1199.0875742397668,1,1,12,Polygon
5070,4,No crop/Fallow,1198.3369052095068,1,1,12,Polygon
5074,4,No crop/Fallow,1198.0988764053693,1,1,12,Polygon
5075,4,No crop/Fallow,1198.0977898875963,1,1,12,Polygon
5130,4,No crop/Fallow,1199.0257907799758,1,1,12,Polygon
5136,4,No crop/Fallow,1198.7771279065123,1,1,12,Polygon
5139,4,No crop/Fallow,1198.7774909089644,1,1,12,Polygon
514,4,No crop/Fallow,1200.3757879018049,1,1,12,Polygon
5153,4,No crop/Fallow,1198.7886189172857,1,1,12,Polygon
5189,4,No crop/Fallow,1198.8414478875384,1,1,12,Polygon
5195,4,No crop/Fallow,1198.908399272942,1,1,12,Polygon
5205,4,No crop/Fallow,1198.3529179321135,1,1,12,Polygon
5244,4,No crop/Fallow,1199.3181680841303,1,1,12,Polygon
5349,4,No crop/Fallow,1199.415134740719,1,1,12,Polygon
624,4,No crop/Fallow,1200.5210218650373,1,1,12,Polygon
633,4,No crop/Fallow,1200.254211311605,1,1,12,Polygon
6444,4,No crop/Fallow,1200.8007667145152,1,1,12,Polygon
6677,4,No crop/Fallow,1200.7989109738655,1,1,12,Polygon
6780,4,No crop/Fallow,1200.9067448746455,1,1,12,Polygon
6828,4,No crop/Fallow,1200.8804733958427,1,1,12,Polygon
6883,4,No crop/Fallow,1200.7315211476866,1,1,12,Polygon
7124,4,No crop/Fallow,1200.8206090815606,1,1,12,Polygon
739,4,No crop/Fallow,1200.594262109449,1,1,12,Polygon
922,4,No crop/Fallow,1200.480607742614,1,1,12,Polygon
967,4,No crop/Fallow,1200.52379792411,1,1,12,Polygon
994,4,No crop/Fallow,1200.5757836718437,1,1,12,Polygon
3127,15,Potato,1200.8124661188115,1,1,12,Polygon
4393,36,Rice,1198.75088863268,1,1,12,Polygon
5202,36,Rice,1198.72484563513,1,1,12,Polygon
6683,36,Rice,1200.7519318465477,1,1,12,Polygon
6901,36,Rice,1200.731019526274,1,1,12,Polygon
243,6,Sugarcane,1200.4134868048864,1,1,12,Polygon
300,6,Sugarcane,1200.4093853130871,1,1,12,Polygon
325,6,Sugarcane,1200.4573136315094,1,1,12,Polygon
350,6,Sugarcane,1200.5410195726438,1,1,12,Polygon
1045,1,Wheat,1200.6017725681738,1,1,12,Polygon
1058,1,Wheat,1200.3392790493033,1,1,12,Polygon
1302,1,Wheat,1200.400012515377,1,1,12,Polygon
1364,1,Wheat,1200.1358064068106,1,1,12,Polygon
1417,1,Wheat,1200.5235481335012,1,1,12,Polygon
143,1,Wheat,1200.3026095720757,1,1,12,Polygon
155,1,Wheat,1200.703726688654,1,1,12,Polygon
157,1,Wheat,1200.7035278904345,1,1,12,Polygon
1620,1,Wheat,1200.3323463886602,1,1,12,Polygon
1724,1,Wheat,1200.8607343287126,1,1,12,Polygon
1740,1,Wheat,1200.9007208898743,1,1,12,Polygon
1941,1,Wheat,1200.9110499316537,1,1,12,Polygon
2,1,Wheat,1200.4548087460844,1,1,12,Polygon
2199,1,Wheat,1200.8614077076174,1,1,12,Polygon
2402,1,Wheat,1200.8253874427862,1,1,12,Polygon
2490,1,Wheat,1200.8696492429713,1,1,12,Polygon
2502,1,Wheat,1200.8419970649834,1,1,12,Polygon
2569,1,Wheat,1200.8489431448008,1,1,12,Polygon
2706,1,Wheat,1200.8555509339708,1,1,12,Polygon
2730,1,Wheat,1200.893817716309,1,1,12,Polygon
3064,1,Wheat,1200.9325330606325,1,1,12,Polygon
3085,1,Wheat,1200.9230693810098,1,1,12,Polygon
3114,1,Wheat,1200.9157200729842,1,1,12,Polygon
3143,1,Wheat,1200.8940399766796,1,1,12,Polygon
3193,1,Wheat,1200.8583049263625,1,1,12,Polygon
3228,1,Wheat,1200.9146207538508,1,1,12,Polygon
3248,1,Wheat,1200.901281497093,1,1,12,Polygon
3318,1,Wheat,1200.8792923420365,1,1,12,Polygon
344,1,Wheat,1200.523258301354,1,1,12,Polygon
3543,1,Wheat,1200.8787744044407,1,1,12,Polygon
425,1,Wheat,1200.5767653472367,1,1,12,Polygon
5535,1,Wheat,1200.0280750605075,1,1,12,Polygon
5543,1,Wheat,1200.2060068271458,1,1,12,Polygon
56,1,Wheat,1200.3716442015032,1,1,12,Polygon
561,1,Wheat,1200.4082765476971,1,1,12,Polygon
631,1,Wheat,1200.2533635612247,1,1,12,Polygon
6712,1,Wheat,1200.7161870197851,1,1,12,Polygon
6715,1,Wheat,1200.831140691881,1,1,12,Polygon
6724,1,Wheat,1200.7023587883436,1,1,12,Polygon
7227,1,Wheat,1200.7804649342022,1,1,12,Polygon
791,1,Wheat,1200.3316659409643,1,1,12,Polygon
934,1,Wheat,1200.4052656888225,1,1,12,Polygon
944,1,Wheat,1200.4979225179766,1,1,12,Polygon
982,1,Wheat,1200.429435766084,1,1,12,Polygon
988,1,Wheat,1200.56054776975,1,1,12,Polygon
1300,3,Lentil,1300.6607175666963,1,1,13,Polygon
1365,3,Lentil,1300.1487298516201,1,1,13,Polygon
2968,3,Lentil,1300.9270672002237,1,1,13,Polygon
3260,3,Lentil,1300.937178230276,1,1,13,Polygon
6403,9,Maize,1300.8815924659616,1,1,13,Polygon
6436,9,Maize,1300.9963338411224,1,1,13,Polygon
6590,9,Maize,1300.937075269403,1,1,13,Polygon
6592,9,Maize,1300.9369268883022,1,1,13,Polygon
6595,9,Maize,1300.9706337907223,1,1,13,Polygon
6796,9,Maize,1300.9869796056873,1,1,13,Polygon
6797,9,Maize,1300.9869652034774,1,1,13,Polygon
1284,2,Mustard,1300.3537337892312,1,1,13,Polygon
1301,2,Mustard,1300.6606155703312,1,1,13,Polygon
1558,2,Mustard,1300.3560398373263,1,1,13,Polygon
1696,2,Mustard,1300.9176854982497,1,1,13,Polygon
2183,2,Mustard,1300.9975379004013,1,1,13,Polygon
2216,2,Mustard,1300.8927366034663,1,1,13,Polygon
242,2,Mustard,1300.4538254104605,1,1,13,Polygon
3200,2,Mustard,1300.9876854189006,1,1,13,Polygon
3206,2,Mustard,1301.0022212583724,1,1,13,Polygon
3360,2,Mustard,1301.0291574426706,1,1,13,Polygon
339,2,Mustard,1300.3950528259663,1,1,13,Polygon
37,2,Mustard,1300.533663841882,1,1,13,Polygon
459,2,Mustard,1300.3615671300793,1,1,13,Polygon
5492,2,Mustard,1299.9298172551814,1,1,13,Polygon
5732,2,Mustard,1300.04809510798,1,1,13,Polygon
5783,2,Mustard,1299.9992535902863,1,1,13,Polygon
6567,2,Mustard,1300.7918995565117,1,1,13,Polygon
6916,2,Mustard,1300.8853263831452,1,1,13,Polygon
692,2,Mustard,1300.6165449581467,1,1,13,Polygon
1063,4,No crop/Fallow,1300.5990547829351,1,1,13,Polygon
1397,4,No crop/Fallow,1300.6214157569432,1,1,13,Polygon
1399,4,No crop/Fallow,1300.6210458358678,1,1,13,Polygon
1419,4,No crop/Fallow,1300.6144512478647,1,1,13,Polygon
1670,4,No crop/Fallow,1300.3501791155809,1,1,13,Polygon
1775,4,No crop/Fallow,1300.8981610824617,1,1,13,Polygon
1943,4,No crop/Fallow,1300.9761112149981,1,1,13,Polygon
2001,4,No crop/Fallow,1301.0006458816058,1,1,13,Polygon
2896,4,No crop/Fallow,1301.0202457368464,1,1,13,Polygon
3164,4,No crop/Fallow,1300.9916168863037,1,1,13,Polygon
3657,4,No crop/Fallow,1298.652577061214,1,1,13,Polygon
3668,4,No crop/Fallow,1299.2224177628045,1,1,13,Polygon
3732,4,No crop/Fallow,1298.9549870933188,1,1,13,Polygon
3733,4,No crop/Fallow,1298.9550677458233,1,1,13,Polygon
3763,4,No crop/Fallow,1298.9106198351496,1,1,13,Polygon
3810,4,No crop/Fallow,1298.1190539662086,1,1,13,Polygon
3818,4,No crop/Fallow,1298.7050764120816,1,1,13,Polygon
3907,4,No crop/Fallow,1298.8881982297062,1,1,13,Polygon
3919,4,No crop/Fallow,1298.4927856549723,1,1,13,Polygon
3925,4,No crop/Fallow,1297.9436500681722,1,1,13,Polygon
3954,4,No crop/Fallow,1298.9413220461547,1,1,13,Polygon
3981,4,No crop/Fallow,1298.8110591444386,1,1,13,Polygon
3992,4,No crop/Fallow,1299.195343855044,1,1,13,Polygon
4065,4,No crop/Fallow,1298.056662860221,1,1,13,Polygon
4067,4,No crop/Fallow,1298.0562438715203,1,1,13,Polygon
4103,4,No crop/Fallow,1298.8790279601376,1,1,13,Polygon
417,4,No crop/Fallow,1300.5684147764296,1,1,13,Polygon
4181,4,No crop/Fallow,1298.4692390837076,1,1,13,Polygon
4202,4,No crop/Fallow,1298.7790115321097,1,1,13,Polygon
4226,4,No crop/Fallow,1298.8123474423364,1,1,13,Polygon
4248,4,No crop/Fallow,1299.2935194119432,1,1,13,Polygon
4252,4,No crop/Fallow,1298.1855803475332,1,1,13,Polygon
4255,4,No crop/Fallow,1298.4470152236015,1,1,13,Polygon
4301,4,No crop/Fallow,1298.9167682106925,1,1,13,Polygon
4309,4,No crop/Fallow,1298.1608354656255,1,1,13,Polygon
4344,4,No crop/Fallow,1298.6516445363486,1,1,13,Polygon
4479,4,No crop/Fallow,1298.8103825444073,1,1,13,Polygon
4536,4,No crop/Fallow,1298.3507404464865,1,1,13,Polygon
4584,4,No crop/Fallow,1299.0350494140732,1,1,13,Polygon
4635,4,No crop/Fallow,1299.155428780908,1,1,13,Polygon
4643,4,No crop/Fallow,1298.1403529441159,1,1,13,Polygon
4754,4,No crop/Fallow,1298.2011625062084,1,1,13,Polygon
4790,4,No crop/Fallow,1298.0034954446362,1,1,13,Polygon
4831,4,No crop/Fallow,1298.713242590236,1,1,13,Polygon
4875,4,No crop/Fallow,1298.0127203547001,1,1,13,Polygon
4987,4,No crop/Fallow,1298.3767305620072,1,1,13,Polygon
5002,4,No crop/Fallow,1299.2252238492015,1,1,13,Polygon
5003,4,No crop/Fallow,1299.2298029415952,1,1,13,Polygon
5025,4,No crop/Fallow,1298.311566243167,1,1,13,Polygon
5031,4,No crop/Fallow,1298.406091787613,1,1,13,Polygon
5077,4,No crop/Fallow,1299.1722710999454,1,1,13,Polygon
5137,4,No crop/Fallow,1298.6764804606905,1,1,13,Polygon
5192,4,No crop/Fallow,1298.7445091411876,1,1,13,Polygon
5242,4,No crop/Fallow,1299.2609370892133,1,1,13,Polygon
526,4,No crop/Fallow,1300.5163118077762,1,1,13,Polygon
5262,4,No crop/Fallow,1298.7678274894527,1,1,13,Polygon
6203,4,No crop/Fallow,1300.0489041171147,1,1,13,Polygon
6308,4,No crop/Fallow,1300.8649763131423,1,1,13,Polygon
6450,4,No crop/Fallow,1300.9421036344136,1,1,13,Polygon
6549,4,No crop/Fallow,1300.8093328444513,1,1,13,Polygon
670,4,No crop/Fallow,1300.585594552369,1,1,13,Polygon
6709,4,No crop/Fallow,1301.0161594443316,1,1,13,Polygon
679,4,No crop/Fallow,1300.2400235668504,1,1,13,Polygon
6833,4,No crop/Fallow,1300.9531851075928,1,1,13,Polygon
827,4,No crop/Fallow,1300.6392052450167,1,1,13,Polygon
828,4,No crop/Fallow,1300.6393311258262,1,1,13,Polygon
880,4,No crop/Fallow,1300.6598770832263,1,1,13,Polygon
900,4,No crop/Fallow,1300.4920877878637,1,1,13,Polygon
996,4,No crop/Fallow,1300.6237136016707,1,1,13,Polygon
3874,36,Rice,1298.7866699131341,1,1,13,Polygon
5200,36,Rice,1298.6142658486544,1,1,13,Polygon
6320,36,Rice,1300.9266658366705,1,1,13,Polygon
6357,36,Rice,1300.791522866615,1,1,13,Polygon
6684,36,Rice,1300.8141970202296,1,1,13,Polygon
6687,36,Rice,1300.8144789248138,1,1,13,Polygon
6785,36,Rice,1300.7856312931117,1,1,13,Polygon
6902,36,Rice,1300.7921886692511,1,1,13,Polygon
1692,6,Sugarcane,1300.9655916247682,1,1,13,Polygon
2071,6,Sugarcane,1300.9686209862484,1,1,13,Polygon
295,6,Sugarcane,1300.520292064162,1,1,13,Polygon
114,1,Wheat,1300.4359236521507,1,1,13,Polygon
116,1,Wheat,1300.4362283143387,1,1,13,Polygon
1721,1,Wheat,1300.9138449225427,1,1,13,Polygon
1739,1,Wheat,1300.9681700938083,1,1,13,Polygon
179,1,Wheat,1300.6287225779424,1,1,13,Polygon
1793,1,Wheat,1300.9558559961586,1,1,13,Polygon
1806,1,Wheat,1300.9350561665901,1,1,13,Polygon
1903,1,Wheat,1300.9430561719437,1,1,13,Polygon
1975,1,Wheat,1300.9032227254004,1,1,13,Polygon
1982,1,Wheat,1300.8880023590018,1,1,13,Polygon
2145,1,Wheat,1300.9987067409397,1,1,13,Polygon
2270,1,Wheat,1300.896378889419,1,1,13,Polygon
2663,1,Wheat,1300.9621828537604,1,1,13,Polygon
2670,1,Wheat,1300.980566689179,1,1,13,Polygon
2672,1,Wheat,1300.9145930736438,1,1,13,Polygon
2782,1,Wheat,1300.9954707348704,1,1,13,Polygon
2790,1,Wheat,1300.9144212373085,1,1,13,Polygon
2985,1,Wheat,1300.8816482261407,1,1,13,Polygon
3150,1,Wheat,1300.9249970523829,1,1,13,Polygon
3246,1,Wheat,1300.9764313734188,1,1,13,Polygon
3259,1,Wheat,1300.939103750094,1,1,13,Polygon
3280,1,Wheat,1300.9509970738295,1,1,13,Polygon
3313,1,Wheat,1300.9459788777724,1,1,13,Polygon
3370,1,Wheat,1301.003770531946,1,1,13,Polygon
3396,1,Wheat,1300.967170608328,1,1,13,Polygon
3401,1,Wheat,1301.01162262479,1,1,13,Polygon
3618,1,Wheat,1300.9473349445823,1,1,13,Polygon
3626,1,Wheat,1301.0165347091495,1,1,13,Polygon
419,1,Wheat,1300.5671499276327,1,1,13,Polygon
451,1,Wheat,1300.3906880671911,1,1,13,Polygon
574,1,Wheat,1300.5400757434027,1,1,13,Polygon
591,1,Wheat,1300.4027721106745,1,1,13,Polygon
60,1,Wheat,1300.2187277048154,1,1,13,Polygon
604,1,Wheat,1300.4951241880742,1,1,13,Polygon
6286,1,Wheat,1299.9265022176419,1,1,13,Polygon
632,1,Wheat,1300.2746545316277,1,1,13,Polygon
6335,1,Wheat,1300.8437589256525,1,1,13,Polygon
6723,1,Wheat,1300.7606705746584,1,1,13,Polygon
681,1,Wheat,1300.486412198758,1,1,13,Polygon
7199,1,Wheat,1300.8480867169592,1,1,13,Polygon
722,1,Wheat,1300.5669448580422,1,1,13,Polygon
753,1,Wheat,1300.39885070648,1,1,13,Polygon
955,1,Wheat,1300.513930316752,1,1,13,Polygon
983,1,Wheat,1300.6803879665158,1,1,13,Polygon
2770,16,Bersem,1400.9965191078745,1,1,14,Polygon
6159,8,Garlic,1400.1281996395214,1,1,14,Polygon
910,13,Gram,1400.5042908855426,1,1,14,Polygon
1131,3,Lentil,1400.1531672190558,1,1,14,Polygon
1135,3,Lentil,1400.6536296158638,1,1,14,Polygon
2009,3,Lentil,1401.0496641423176,1,1,14,Polygon
2721,3,Lentil,1401.005450667766,1,1,14,Polygon
28,3,Lentil,1400.517230246975,1,1,14,Polygon
2817,3,Lentil,1401.1053707603392,1,1,14,Polygon
294,3,Lentil,1400.5603027142752,1,1,14,Polygon
4773,9,Maize,1399.3859480022147,1,1,14,Polygon
6619,9,Maize,1401.0836797237591,1,1,14,Polygon
7071,9,Maize,1401.0805876141421,1,1,14,Polygon
7110,9,Maize,1400.8727378694998,1,1,14,Polygon
7179,9,Maize,1401.0611166791964,1,1,14,Polygon
7187,9,Maize,1400.9205152789475,1,1,14,Polygon
1016,2,Mustard,1400.500877339516,1,1,14,Polygon
1516,2,Mustard,1400.380412806678,1,1,14,Polygon
1567,2,Mustard,1400.4593939558501,1,1,14,Polygon
1756,2,Mustard,1401.007490445499,1,1,14,Polygon
2090,2,Mustard,1401.0490967158396,1,1,14,Polygon
2326,2,Mustard,1401.0835499458426,1,1,14,Polygon
2908,2,Mustard,1400.9567975334055,1,1,14,Polygon
2988,2,Mustard,1400.9495485941861,1,1,14,Polygon
3037,2,Mustard,1400.8203960836636,1,1,14,Polygon
3341,2,Mustard,1400.9855166512696,1,1,14,Polygon
3415,2,Mustard,1400.8957986466332,1,1,14,Polygon
3577,2,Mustard,1400.803074381323,1,1,14,Polygon
3613,2,Mustard,1400.8705959013514,1,1,14,Polygon
454,2,Mustard,1400.5598106685459,1,1,14,Polygon
464,2,Mustard,1400.4215456718869,1,1,14,Polygon
504,2,Mustard,1400.5548121937154,1,1,14,Polygon
5404,2,Mustard,1400.5270016183956,1,1,14,Polygon
5593,2,Mustard,1399.9192753042414,1,1,14,Polygon
7028,2,Mustard,1400.996734851065,1,1,14,Polygon
726,2,Mustard,1400.3720076767038,1,1,14,Polygon
1050,4,No crop/Fallow,1400.3683881996833,1,1,14,Polygon
1075,4,No crop/Fallow,1400.5586589674126,1,1,14,Polygon
112,4,No crop/Fallow,1400.4703623625087,1,1,14,Polygon
1536,4,No crop/Fallow,1400.4868814544006,1,1,14,Polygon
1986,4,No crop/Fallow,1401.0201831998697,1,1,14,Polygon
2136,4,No crop/Fallow,1401.062435177568,1,1,14,Polygon
3138,4,No crop/Fallow,1401.0735369107288,1,1,14,Polygon
3181,4,No crop/Fallow,1401.0486606545667,1,1,14,Polygon
3582,4,No crop/Fallow,1401.087861592169,1,1,14,Polygon
3638,4,No crop/Fallow,1398.6908964791019,1,1,14,Polygon
3652,4,No crop/Fallow,1397.849359221301,1,1,14,Polygon
3765,4,No crop/Fallow,1398.647718455257,1,1,14,Polygon
3793,4,No crop/Fallow,1399.578495552094,1,1,14,Polygon
3813,4,No crop/Fallow,1398.6077733389443,1,1,14,Polygon
3823,4,No crop/Fallow,1398.6096345511066,1,1,14,Polygon
3868,4,No crop/Fallow,1398.213136760335,1,1,14,Polygon
3894,4,No crop/Fallow,1398.0763255983165,1,1,14,Polygon
3924,4,No crop/Fallow,1397.7840648814763,1,1,14,Polygon
3930,4,No crop/Fallow,1399.1209379354414,1,1,14,Polygon
398,4,No crop/Fallow,1400.4399750260006,1,1,14,Polygon
4022,4,No crop/Fallow,1398.0999244049399,1,1,14,Polygon
4023,4,No crop/Fallow,1398.100376251432,1,1,14,Polygon
4106,4,No crop/Fallow,1399.4588663359204,1,1,14,Polygon
4119,4,No crop/Fallow,1398.4995893254224,1,1,14,Polygon
4191,4,No crop/Fallow,1399.4275774075709,1,1,14,Polygon
4195,4,No crop/Fallow,1398.9668009940026,1,1,14,Polygon
4209,4,No crop/Fallow,1398.2049071908243,1,1,14,Polygon
4241,4,No crop/Fallow,1398.7091349307882,1,1,14,Polygon
4249,4,No crop/Fallow,1399.2309150792926,1,1,14,Polygon
4253,4,No crop/Fallow,1398.0617636100349,1,1,14,Polygon
4281,4,No crop/Fallow,1398.575037002424,1,1,14,Polygon
4327,4,No crop/Fallow,1398.067128642815,1,1,14,Polygon
4335,4,No crop/Fallow,1398.9556838710068,1,1,14,Polygon
4339,4,No crop/Fallow,1398.9564459184764,1,1,14,Polygon
4343,4,No crop/Fallow,1398.548811451425,1,1,14,Polygon
4358,4,No crop/Fallow,1398.9931031585259,1,1,14,Polygon
4416,4,No crop/Fallow,1398.107752757262,1,1,14,Polygon
4425,4,No crop/Fallow,1398.070559412285,1,1,14,Polygon
4490,4,No crop/Fallow,1398.5487506002914,1,1,14,Polygon
4647,4,No crop/Fallow,1397.8743953990174,1,1,14,Polygon
4690,4,No crop/Fallow,1398.6044863529173,1,1,14,Polygon
4742,4,No crop/Fallow,1398.8467478358498,1,1,14,Polygon
4755,4,No crop/Fallow,1398.0652791104058,1,1,14,Polygon
4801,4,No crop/Fallow,1398.011569727773,1,1,14,Polygon
4834,4,No crop/Fallow,1398.6144257852652,1,1,14,Polygon
4843,4,No crop/Fallow,1398.877681956052,1,1,14,Polygon
4844,4,No crop/Fallow,1398.8782621018988,1,1,14,Polygon
4898,4,No crop/Fallow,1398.5477291161615,1,1,14,Polygon
4988,4,No crop/Fallow,1398.2514242027946,1,1,14,Polygon
4992,4,No crop/Fallow,1399.1265171667408,1,1,14,Polygon
5026,4,No crop/Fallow,1399.0469564650848,1,1,14,Polygon
5032,4,No crop/Fallow,1398.2857940274857,1,1,14,Polygon
5104,4,No crop/Fallow,1399.6153855085408,1,1,14,Polygon
5120,4,No crop/Fallow,1398.986887583244,1,1,14,Polygon
5125,4,No crop/Fallow,1399.4249076355427,1,1,14,Polygon
5134,4,No crop/Fallow,1398.8637795940128,1,1,14,Polygon
5140,4,No crop/Fallow,1398.5740737728797,1,1,14,Polygon
5141,4,No crop/Fallow,1398.5744360014132,1,1,14,Polygon
5183,4,No crop/Fallow,1398.01080752619,1,1,14,Polygon
5193,4,No crop/Fallow,1398.5532058776253,1,1,14,Polygon
5246,4,No crop/Fallow,1399.5646375578713,1,1,14,Polygon
5249,4,No crop/Fallow,1399.564329945782,1,1,14,Polygon
576,4,No crop/Fallow,1400.5831156133825,1,1,14,Polygon
6529,4,No crop/Fallow,1400.902564024677,1,1,14,Polygon
653,4,No crop/Fallow,1400.6521356086744,1,1,14,Polygon
6570,4,No crop/Fallow,1400.9520099693682,1,1,14,Polygon
6714,4,No crop/Fallow,1400.9708211957875,1,1,14,Polygon
6735,4,No crop/Fallow,1400.8551375329307,1,1,14,Polygon
6736,4,No crop/Fallow,1400.8549276201525,1,1,14,Polygon
6830,4,No crop/Fallow,1401.026859038026,1,1,14,Polygon
7115,4,No crop/Fallow,1400.8731559957155,1,1,14,Polygon
78,4,No crop/Fallow,1400.3151079386703,1,1,14,Polygon
2479,15,Potato,1400.991425716298,1,1,14,Polygon
6945,15,Potato,1400.9235583303546,1,1,14,Polygon
5199,36,Rice,1398.5124826541619,1,1,14,Polygon
186,6,Sugarcane,1400.4199350398583,1,1,14,Polygon
3039,6,Sugarcane,1400.8194233852084,1,1,14,Polygon
3538,6,Sugarcane,1400.8256658835317,1,1,14,Polygon
756,6,Sugarcane,1400.5500335472216,1,1,14,Polygon
1007,1,Wheat,1400.33466406553,1,1,14,Polygon
1134,1,Wheat,1400.6537904309962,1,1,14,Polygon
1238,1,Wheat,1400.5849938135118,1,1,14,Polygon
1295,1,Wheat,1400.6979128218259,1,1,14,Polygon
1324,1,Wheat,1400.3797662584277,1,1,14,Polygon
1363,1,Wheat,1400.159709617597,1,1,14,Polygon
1400,1,Wheat,1400.668941575991,1,1,14,Polygon
1508,1,Wheat,1400.531389911807,1,1,14,Polygon
1551,1,Wheat,1400.6556855951535,1,1,14,Polygon
1575,1,Wheat,1400.2487923462052,1,1,14,Polygon
1709,1,Wheat,1401.0386389348832,1,1,14,Polygon
1807,1,Wheat,1401.0070346955808,1,1,14,Polygon
1830,1,Wheat,1401.0697345057072,1,1,14,Polygon
1899,1,Wheat,1401.0148814844156,1,1,14,Polygon
1977,1,Wheat,1400.9725481568853,1,1,14,Polygon
2068,1,Wheat,1401.0443256380486,1,1,14,Polygon
2070,1,Wheat,1401.0451422398155,1,1,14,Polygon
2125,1,Wheat,1401.0112436976663,1,1,14,Polygon
214,1,Wheat,1400.43825129373,1,1,14,Polygon
2412,1,Wheat,1400.970534740366,1,1,14,Polygon
2481,1,Wheat,1400.8488846976488,1,1,14,Polygon
2524,1,Wheat,1401.0522577794563,1,1,14,Polygon
2543,1,Wheat,1401.0128665604782,1,1,14,Polygon
2573,1,Wheat,1400.990694584786,1,1,14,Polygon
2700,1,Wheat,1401.000108614005,1,1,14,Polygon
2764,1,Wheat,1401.0102883172053,1,1,14,Polygon
2779,1,Wheat,1401.0204158114784,1,1,14,Polygon
2934,1,Wheat,1401.0745260368822,1,1,14,Polygon
2993,1,Wheat,1401.0532457049194,1,1,14,Polygon
2996,1,Wheat,1401.0537951945298,1,1,14,Polygon
3010,1,Wheat,1401.00704983181,1,1,14,Polygon
3056,1,Wheat,1401.0394073745297,1,1,14,Polygon
3075,1,Wheat,1401.0446911652105,1,1,14,Polygon
3099,1,Wheat,1401.0526204895734,1,1,14,Polygon
3142,1,Wheat,1401.043167629441,1,1,14,Polygon
3194,1,Wheat,1401.0016424760981,1,1,14,Polygon
3232,1,Wheat,1401.0427986341315,1,1,14,Polygon
3284,1,Wheat,1400.9902250821067,1,1,14,Polygon
3294,1,Wheat,1401.069046519646,1,1,14,Polygon
3371,1,Wheat,1401.0809953164148,1,1,14,Polygon
3439,1,Wheat,1401.0406584595787,1,1,14,Polygon
367,1,Wheat,1400.7117172288458,1,1,14,Polygon
427,1,Wheat,1400.6733408909001,1,1,14,Polygon
5540,1,Wheat,1400.2378822219284,1,1,14,Polygon
5775,1,Wheat,1400.2141206962676,1,1,14,Polygon
5776,1,Wheat,1400.2144599692976,1,1,14,Polygon
5925,1,Wheat,1400.1574217100417,1,1,14,Polygon
6422,1,Wheat,1400.8328380189814,1,1,14,Polygon
6808,1,Wheat,1400.783135638354,1,1,14,Polygon
846,1,Wheat,1400.449971419075,1,1,14,Polygon
856,1,Wheat,1400.6112251505654,1,1,14,Polygon
2146,14,Coriander,1501.128425333395,1,1,15,Polygon
6248,13,Gram,1499.9654407601172,1,1,15,Polygon
1549,3,Lentil,1500.702704257678,1,1,15,Polygon
3261,3,Lentil,1501.0831718688787,1,1,15,Polygon
3457,3,Lentil,1501.0115485653714,1,1,15,Polygon
6462,9,Maize,1501.0918465814186,1,1,15,Polygon
6465,9,Maize,1501.09124418627,1,1,15,Polygon
6602,9,Maize,1501.1268896910442,1,1,15,Polygon
6679,9,Maize,1501.1568972457694,1,1,15,Polygon
6867,9,Maize,1500.9586570561219,1,1,15,Polygon
6921,9,Maize,1501.1512977616953,1,1,15,Polygon
6933,9,Maize,1501.1372164485026,1,1,15,Polygon
6965,9,Maize,1500.9044400683747,1,1,15,Polygon
7244,9,Maize,1501.180955339717,1,1,15,Polygon
7276,9,Maize,1501.136227656542,1,1,15,Polygon
1006,2,Mustard,1500.5375859959906,1,1,15,Polygon
1097,2,Mustard,1500.4506967168995,1,1,15,Polygon
1099,2,Mustard,1500.4514651532768,1,1,15,Polygon
111,2,Mustard,1500.5055984068924,1,1,15,Polygon
1403,2,Mustard,1500.4723260647254,1,1,15,Polygon
1814,2,Mustard,1501.147063558796,1,1,15,Polygon
1988,2,Mustard,1501.0934907106007,1,1,15,Polygon
2038,2,Mustard,1501.1243733036986,1,1,15,Polygon
2089,2,Mustard,1501.1243109176635,1,1,15,Polygon
2191,2,Mustard,1501.1708950816574,1,1,15,Polygon
2194,2,Mustard,1501.1541136538003,1,1,15,Polygon
2210,2,Mustard,1500.9506180722396,1,1,15,Polygon
2813,2,Mustard,1501.1462506256953,1,1,15,Polygon
2822,2,Mustard,1501.0901894527183,1,1,15,Polygon
3059,2,Mustard,1501.1485762392617,1,1,15,Polygon
3191,2,Mustard,1501.1734253979803,1,1,15,Polygon
3358,2,Mustard,1501.1875411783549,1,1,15,Polygon
4,2,Mustard,1500.3044636110324,1,1,15,Polygon
5454,2,Mustard,1499.7998196315634,1,1,15,Polygon
5484,2,Mustard,1500.0059749327966,1,1,15,Polygon
6668,2,Mustard,1500.9086415616182,1,1,15,Polygon
6722,2,Mustard,1500.9817971210532,1,1,15,Polygon
7010,2,Mustard,1501.0223869647261,1,1,15,Polygon
7224,2,Mustard,1500.9602874219,1,1,15,Polygon
1065,4,No crop/Fallow,1500.6901276146798,1,1,15,Polygon
1091,4,No crop/Fallow,1500.7112939627552,1,1,15,Polygon
1294,4,No crop/Fallow,1500.6256079199636,1,1,15,Polygon
139,4,No crop/Fallow,1500.3664646677985,1,1,15,Polygon
2295,4,No crop/Fallow,1501.1737383127654,1,1,15,Polygon
2340,4,No crop/Fallow,1501.1867483576862,1,1,15,Polygon
3746,4,No crop/Fallow,1498.0695763323606,1,1,15,Polygon
3777,4,No crop/Fallow,1497.7536340212837,1,1,15,Polygon
3896,4,No crop/Fallow,1497.654697208561,1,1,15,Polygon
3964,4,No crop/Fallow,1497.8374267891984,1,1,15,Polygon
4026,4,No crop/Fallow,1499.5881887273977,1,1,15,Polygon
4097,4,No crop/Fallow,1498.1161735836592,1,1,15,Polygon
4185,4,No crop/Fallow,1498.2337296737956,1,1,15,Polygon
4203,4,No crop/Fallow,1498.593020725743,1,1,15,Polygon
4239,4,No crop/Fallow,1497.8692568238826,1,1,15,Polygon
4282,4,No crop/Fallow,1498.474194218073,1,1,15,Polygon
4285,4,No crop/Fallow,1497.8132759974485,1,1,15,Polygon
4316,4,No crop/Fallow,1498.4957358808754,1,1,15,Polygon
4380,4,No crop/Fallow,1497.9659182834123,1,1,15,Polygon
446,4,No crop/Fallow,1500.405116818714,1,1,15,Polygon
4461,4,No crop/Fallow,1498.511037008694,1,1,15,Polygon
4477,4,No crop/Fallow,1498.6285746346207,1,1,15,Polygon
4480,4,No crop/Fallow,1498.6260377004342,1,1,15,Polygon
4491,4,No crop/Fallow,1498.4455379142844,1,1,15,Polygon
4495,4,No crop/Fallow,1497.7958011304058,1,1,15,Polygon
4509,4,No crop/Fallow,1499.5296372817988,1,1,15,Polygon
4511,4,No crop/Fallow,1497.7484670078038,1,1,15,Polygon
4535,4,No crop/Fallow,1498.0967885496816,1,1,15,Polygon
4545,4,No crop/Fallow,1498.5947789644574,1,1,15,Polygon
4603,4,No crop/Fallow,1499.0350850644866,1,1,15,Polygon
4687,4,No crop/Fallow,1498.5047461180054,1,1,15,Polygon
4731,4,No crop/Fallow,1498.5037494337457,1,1,15,Polygon
4776,4,No crop/Fallow,1497.9917146511739,1,1,15,Polygon
4798,4,No crop/Fallow,1497.8679616591755,1,1,15,Polygon
4804,4,No crop/Fallow,1498.4905593455549,1,1,15,Polygon
4929,4,No crop/Fallow,1498.5505041220922,1,1,15,Polygon
4930,4,No crop/Fallow,1498.5500002595409,1,1,15,Polygon
4969,4,No crop/Fallow,1497.7075965777851,1,1,15,Polygon
4996,4,No crop/Fallow,1497.9348438795685,1,1,15,Polygon
5023,4,No crop/Fallow,1498.534490617695,1,1,15,Polygon
5029,4,No crop/Fallow,1498.1223169581363,1,1,15,Polygon
5048,4,No crop/Fallow,1498.7827190600963,1,1,15,Polygon
5088,4,No crop/Fallow,1498.0480754450823,1,1,15,Polygon
5156,4,No crop/Fallow,1499.105983567838,1,1,15,Polygon
5157,4,No crop/Fallow,1498.2190334705494,1,1,15,Polygon
5229,4,No crop/Fallow,1497.6974695350423,1,1,15,Polygon
565,4,No crop/Fallow,1500.7511888813951,1,1,15,Polygon
6636,4,No crop/Fallow,1501.1696937479712,1,1,15,Polygon
6707,4,No crop/Fallow,1501.172294737859,1,1,15,Polygon
7238,4,No crop/Fallow,1500.9991251669817,1,1,15,Polygon
7324,4,No crop/Fallow,1500.9100992220133,1,1,15,Polygon
763,4,No crop/Fallow,1500.655274935725,1,1,15,Polygon
815,4,No crop/Fallow,1500.2538676488516,1,1,15,Polygon
4140,36,Rice,1498.4002589742336,1,1,15,Polygon
4323,36,Rice,1499.4416046335214,1,1,15,Polygon
4732,36,Rice,1497.7890389588715,1,1,15,Polygon
4825,36,Rice,1499.4688795694171,1,1,15,Polygon
4873,36,Rice,1498.5319601194753,1,1,15,Polygon
6610,36,Rice,1500.9054485063111,1,1,15,Polygon
6813,36,Rice,1500.9342649587734,1,1,15,Polygon
1288,6,Sugarcane,1500.4707869051285,1,1,15,Polygon
3627,6,Sugarcane,1501.172808168187,1,1,15,Polygon
458,6,Sugarcane,1500.4173037997073,1,1,15,Polygon
1107,1,Wheat,1500.418907543788,1,1,15,Polygon
1137,1,Wheat,1500.632629692438,1,1,15,Polygon
1171,1,Wheat,1500.5785150937909,1,1,15,Polygon
1210,1,Wheat,1500.460130263887,1,1,15,Polygon
1250,1,Wheat,1500.4675003428567,1,1,15,Polygon
1465,1,Wheat,1500.725570894568,1,1,15,Polygon
1533,1,Wheat,1500.571168476783,1,1,15,Polygon
1550,1,Wheat,1500.7019544103418,1,1,15,Polygon
1552,1,Wheat,1500.7021619113548,1,1,15,Polygon
1560,1,Wheat,1500.5328401444049,1,1,15,Polygon
1695,1,Wheat,1501.0590080862337,1,1,15,Polygon
1697,1,Wheat,1501.0584205006712,1,1,15,Polygon
1734,1,Wheat,1501.0073195542905,1,1,15,Polygon
1846,1,Wheat,1501.097696654523,1,1,15,Polygon
1953,1,Wheat,1501.0704185849063,1,1,15,Polygon
203,1,Wheat,1500.7198965983166,1,1,15,Polygon
2039,1,Wheat,1501.0443801987199,1,1,15,Polygon
2143,1,Wheat,1501.0964392282262,1,1,15,Polygon
2182,1,Wheat,1501.1515088437197,1,1,15,Polygon
2347,1,Wheat,1501.0393221470829,1,1,15,Polygon
2389,1,Wheat,1501.038125279127,1,1,15,Polygon
2432,1,Wheat,1501.0431624488392,1,1,15,Polygon
2443,1,Wheat,1501.0459786040037,1,1,15,Polygon
2574,1,Wheat,1501.061395617862,1,1,15,Polygon
2592,1,Wheat,1501.07175233755,1,1,15,Polygon
2595,1,Wheat,1501.1477433299683,1,1,15,Polygon
2606,1,Wheat,1501.0395315390997,1,1,15,Polygon
2613,1,Wheat,1501.1257131845327,1,1,15,Polygon
2957,1,Wheat,1501.0721359208712,1,1,15,Polygon
2984,1,Wheat,1501.0126791796606,1,1,15,Polygon
3058,1,Wheat,1500.8871692662503,1,1,15,Polygon
3094,1,Wheat,1501.1790471115596,1,1,15,Polygon
3226,1,Wheat,1501.0892788819076,1,1,15,Polygon
3289,1,Wheat,1501.0381802742916,1,1,15,Polygon
3432,1,Wheat,1501.0555892259677,1,1,15,Polygon
359,1,Wheat,1500.751954391394,1,1,15,Polygon
435,1,Wheat,1500.6299393780946,1,1,15,Polygon
545,1,Wheat,1500.4841521478702,1,1,15,Polygon
5470,1,Wheat,1500.1555422377523,1,1,15,Polygon
585,1,Wheat,1500.690244534041,1,1,15,Polygon
5918,1,Wheat,1500.321147612268,1,1,15,Polygon
6428,1,Wheat,1500.9271417648818,1,1,15,Polygon
6711,1,Wheat,1500.8946828202706,1,1,15,Polygon
6725,1,Wheat,1500.8762997185613,1,1,15,Polygon
7033,1,Wheat,1500.9856968489078,1,1,15,Polygon
7200,1,Wheat,1500.9790345898946,1,1,15,Polygon
730,1,Wheat,1500.7666910549349,1,1,15,Polygon
751,1,Wheat,1500.1713452228064,1,1,15,Polygon
775,1,Wheat,1500.5846079347612,1,1,15,Polygon
808,1,Wheat,1500.4504167155346,1,1,15,Polygon
821,1,Wheat,1500.4042730219867,1,1,15,Polygon
874,1,Wheat,1500.59913442776,1,1,15,Polygon
960,1,Wheat,1500.7606917926541,1,1,15,Polygon
1083,16,Bersem,1600.775618239296,1,1,16,Polygon
6112,8,Garlic,1600.0243729009433,1,1,16,Polygon
5795,13,Gram,1600.2505710381502,1,1,16,Polygon
5831,13,Gram,1600.4014577044607,1,1,16,Polygon
923,5,Green pea,1600.4436656256075,1,1,16,Polygon
318,3,Lentil,1600.517329569096,1,1,16,Polygon
992,3,Lentil,1600.746845773865,1,1,16,Polygon
6333,9,Maize,1601.2078964320017,1,1,16,Polygon
6376,9,Maize,1601.1915216852367,1,1,16,Polygon
6402,9,Maize,1601.193531381539,1,1,16,Polygon
6582,9,Maize,1600.9660224052093,1,1,16,Polygon
6671,9,Maize,1601.0006587868625,1,1,16,Polygon
7145,9,Maize,1601.2271341142198,1,1,16,Polygon
7178,9,Maize,1601.2132769441268,1,1,16,Polygon
1034,2,Mustard,1600.8393873508603,1,1,16,Polygon
1230,2,Mustard,1600.6735264925085,1,1,16,Polygon
1244,2,Mustard,1600.6627079576392,1,1,16,Polygon
1273,2,Mustard,1600.5578971952566,1,1,16,Polygon
1556,2,Mustard,1600.4385872140397,1,1,16,Polygon
1924,2,Mustard,1601.1960518690694,1,1,16,Polygon
2106,2,Mustard,1601.2285249403958,1,1,16,Polygon
2135,2,Mustard,1601.2148031843367,1,1,16,Polygon
2945,2,Mustard,1601.2081247633366,1,1,16,Polygon
3097,2,Mustard,1601.0725065798338,1,1,16,Polygon
3110,2,Mustard,1601.130639205249,1,1,16,Polygon
374,2,Mustard,1600.743307367244,1,1,16,Polygon
529,2,Mustard,1600.325862234123,1,1,16,Polygon
5814,2,Mustard,1599.637152199749,1,1,16,Polygon
6569,2,Mustard,1600.9745031833497,1,1,16,Polygon
672,2,Mustard,1600.7184278145871,1,1,16,Polygon
6951,2,Mustard,1601.0333879239686,1,1,16,Polygon
943,2,Mustard,1600.66747483807,1,1,16,Polygon
1037,4,No crop/Fallow,1600.7507388063493,1,1,16,Polygon
1077,4,No crop/Fallow,1600.638185681448,1,1,16,Polygon
1293,4,No crop/Fallow,1600.6666698332963,1,1,16,Polygon
1502,4,No crop/Fallow,1600.7571028303093,1,1,16,Polygon
2913,4,No crop/Fallow,1601.1717287704946,1,1,16,Polygon
3629,4,No crop/Fallow,1601.250832591164,1,1,16,Polygon
3734,4,No crop/Fallow,1598.713632166809,1,1,16,Polygon
3794,4,No crop/Fallow,1599.518737150759,1,1,16,Polygon
3803,4,No crop/Fallow,1597.7908293250016,1,1,16,Polygon
3819,4,No crop/Fallow,1598.7818322133983,1,1,16,Polygon
3847,4,No crop/Fallow,1597.8712448595893,1,1,16,Polygon
3857,4,No crop/Fallow,1597.938126243656,1,1,16,Polygon
3915,4,No crop/Fallow,1598.537047817184,1,1,16,Polygon
3921,4,No crop/Fallow,1598.143384969133,1,1,16,Polygon
3996,4,No crop/Fallow,1598.3336272386864,1,1,16,Polygon
4015,4,No crop/Fallow,1597.6048261411322,1,1,16,Polygon
4019,4,No crop/Fallow,1597.8290439203479,1,1,16,Polygon
4054,4,No crop/Fallow,1598.447322667098,1,1,16,Polygon
4151,4,No crop/Fallow,1598.8665997457322,1,1,16,Polygon
4222,4,No crop/Fallow,1597.70819896762,1,1,16,Polygon
4288,4,No crop/Fallow,1598.4260739829442,1,1,16,Polygon
4334,4,No crop/Fallow,1598.8081522158363,1,1,16,Polygon
4414,4,No crop/Fallow,1598.5277796415357,1,1,16,Polygon
4460,4,No crop/Fallow,1598.4109693768717,1,1,16,Polygon
4500,4,No crop/Fallow,1597.6509407464723,1,1,16,Polygon
4591,4,No crop/Fallow,1597.9433493621157,1,1,16,Polygon
4649,4,No crop/Fallow,1597.6815808506904,1,1,16,Polygon
4788,4,No crop/Fallow,1598.4481843701574,1,1,16,Polygon
4809,4,No crop/Fallow,1598.3557355080816,1,1,16,Polygon
4819,4,No crop/Fallow,1598.6231407115579,1,1,16,Polygon
4960,4,No crop/Fallow,1597.9390763352533,1,1,16,Polygon
5000,4,No crop/Fallow,1599.0467174611792,1,1,16,Polygon
5028,4,No crop/Fallow,1597.8349809800677,1,1,16,Polygon
5041,4,No crop/Fallow,1598.3941594078133,1,1,16,Polygon
5049,4,No crop/Fallow,1598.7030082649649,1,1,16,Polygon
5060,4,No crop/Fallow,1597.8072682087757,1,1,16,Polygon
5089,4,No crop/Fallow,1597.9187964016721,1,1,16,Polygon
51,4,No crop/Fallow,1600.5442086956932,1,1,16,Polygon
5211,4,No crop/Fallow,1597.8043585092048,1,1,16,Polygon
5276,4,No crop/Fallow,1600.0606515473924,1,1,16,Polygon
55,4,No crop/Fallow,1600.5447598820942,1,1,16,Polygon
551,4,No crop/Fallow,1600.8269903424607,1,1,16,Polygon
5669,4,No crop/Fallow,1600.135767473144,1,1,16,Polygon
6419,4,No crop/Fallow,1601.0097678439165,1,1,16,Polygon
642,4,No crop/Fallow,1600.5300934859897,1,1,16,Polygon
6538,4,No crop/Fallow,1600.9751256920097,1,1,16,Polygon
6638,4,No crop/Fallow,1601.247818841354,1,1,16,Polygon
6889,4,No crop/Fallow,1600.930231513145,1,1,16,Polygon
7111,4,No crop/Fallow,1600.9977363210162,1,1,16,Polygon
7113,4,No crop/Fallow,1600.9982306723018,1,1,16,Polygon
7141,4,No crop/Fallow,1601.0863843288348,1,1,16,Polygon
7169,4,No crop/Fallow,1601.2049466686651,1,1,16,Polygon
7173,4,No crop/Fallow,1601.0021107567807,1,1,16,Polygon
7283,4,No crop/Fallow,1601.06713734506,1,1,16,Polygon
77,4,No crop/Fallow,1600.360576348988,1,1,16,Polygon
862,4,No crop/Fallow,1600.1436559203955,1,1,16,Polygon
316,15,Potato,1600.5541146303171,1,1,16,Polygon
6451,15,Potato,1601.160199850474,1,1,16,Polygon
4368,36,Rice,1598.6678613411368,1,1,16,Polygon
4711,36,Rice,1599.4468004122846,1,1,16,Polygon
4747,36,Rice,1598.4376692152014,1,1,16,Polygon
6802,36,Rice,1601.1359629334654,1,1,16,Polygon
6879,36,Rice,1600.9695715105345,1,1,16,Polygon
7206,36,Rice,1601.0169571257895,1,1,16,Polygon
42,6,Sugarcane,1600.5549748990088,1,1,16,Polygon
1062,1,Wheat,1600.737898002526,1,1,16,Polygon
1087,1,Wheat,1600.4814422674388,1,1,16,Polygon
1224,1,Wheat,1600.6366382436352,1,1,16,Polygon
1272,1,Wheat,1600.575351782493,1,1,16,Polygon
1467,1,Wheat,1600.7737582191792,1,1,16,Polygon
1468,1,Wheat,1600.7735650229067,1,1,16,Polygon
1528,1,Wheat,1600.8299159726937,1,1,16,Polygon
1657,1,Wheat,1600.6063823386953,1,1,16,Polygon
1742,1,Wheat,1601.2012439092075,1,1,16,Polygon
1871,1,Wheat,1601.1264759211922,1,1,16,Polygon
1880,1,Wheat,1601.1904641967703,1,1,16,Polygon
1891,1,Wheat,1601.161003725431,1,1,16,Polygon
1906,1,Wheat,1600.935830904706,1,1,16,Polygon
1962,1,Wheat,1601.206697532965,1,1,16,Polygon
1963,1,Wheat,1601.2058813989406,1,1,16,Polygon
1983,1,Wheat,1601.0933059589147,1,1,16,Polygon
2060,1,Wheat,1601.1967011607094,1,1,16,Polygon
2104,1,Wheat,1601.1229532793543,1,1,16,Polygon
2149,1,Wheat,1601.1624504093973,1,1,16,Polygon
2193,1,Wheat,1601.2323496526956,1,1,16,Polygon
2215,1,Wheat,1601.1002304759597,1,1,16,Polygon
2219,1,Wheat,1601.235200263261,1,1,16,Polygon
2375,1,Wheat,1600.9976240278847,1,1,16,Polygon
2477,1,Wheat,1601.1332443332756,1,1,16,Polygon
2557,1,Wheat,1601.2218182143604,1,1,16,Polygon
2558,1,Wheat,1601.2322022905803,1,1,16,Polygon
2571,1,Wheat,1601.1320712825639,1,1,16,Polygon
2572,1,Wheat,1601.1315599664954,1,1,16,Polygon
2578,1,Wheat,1601.2160050875304,1,1,16,Polygon
2607,1,Wheat,1601.1085936734735,1,1,16,Polygon
2649,1,Wheat,1601.1658919153836,1,1,16,Polygon
2722,1,Wheat,1601.1492284061646,1,1,16,Polygon
2724,1,Wheat,1601.1493161510243,1,1,16,Polygon
276,1,Wheat,1600.7311713228803,1,1,16,Polygon
2933,1,Wheat,1601.2272470302523,1,1,16,Polygon
2973,1,Wheat,1601.1671382364175,1,1,16,Polygon
2981,1,Wheat,1601.052425510715,1,1,16,Polygon
3,1,Wheat,1600.597349963662,1,1,16,Polygon
3033,1,Wheat,1601.0826068306828,1,1,16,Polygon
3035,1,Wheat,1601.0827480224746,1,1,16,Polygon
3175,1,Wheat,1601.1023571952956,1,1,16,Polygon
3178,1,Wheat,1601.089491673131,1,1,16,Polygon
3227,1,Wheat,1601.2198736603252,1,1,16,Polygon
3238,1,Wheat,1601.1220314885586,1,1,16,Polygon
3325,1,Wheat,1601.223963502902,1,1,16,Polygon
3372,1,Wheat,1601.2362180648836,1,1,16,Polygon
3397,1,Wheat,1601.1899815850763,1,1,16,Polygon
3531,1,Wheat,1601.086246282387,1,1,16,Polygon
3568,1,Wheat,1601.2237559626756,1,1,16,Polygon
3587,1,Wheat,1601.1258219463396,1,1,16,Polygon
412,1,Wheat,1600.3058908680025,1,1,16,Polygon
418,1,Wheat,1600.698796059549,1,1,16,Polygon
592,1,Wheat,1600.496534087546,1,1,16,Polygon
601,1,Wheat,1600.6058529247023,1,1,16,Polygon
6362,1,Wheat,1601.0141941242346,1,1,16,Polygon
6385,1,Wheat,1600.99408097455,1,1,16,Polygon
6472,1,Wheat,1601.2618998854764,1,1,16,Polygon
6908,1,Wheat,1600.9338964767721,1,1,16,Polygon
6966,1,Wheat,1601.055713550264,1,1,16,Polygon
7311,1,Wheat,1600.9368212526897,1,1,16,Polygon
851,1,Wheat,1600.698636497747,1,1,16,Polygon
972,1,Wheat,1600.6983785800253,1,1,16,Polygon
6260,13,Gram,1699.1275703146096,1,1,17,Polygon
3066,9,Maize,1701.1994893481549,1,1,17,Polygon
3659,9,Maize,1699.2574981850116,1,1,17,Polygon
3739,9,Maize,1699.3380104869696,1,1,17,Polygon
6459,9,Maize,1701.3277100256096,1,1,17,Polygon
6532,9,Maize,1701.0150464797289,1,1,17,Polygon
6585,9,Maize,1701.2656886243658,1,1,17,Polygon
6777,9,Maize,1701.182976637904,1,1,17,Polygon
6964,9,Maize,1701.0251932883914,1,1,17,Polygon
7007,9,Maize,1701.0284797044164,1,1,17,Polygon
7289,9,Maize,1701.3301285624475,1,1,17,Polygon
1088,2,Mustard,1700.5142237204798,1,1,17,Polygon
1217,2,Mustard,1700.45954549121,1,1,17,Polygon
127,2,Mustard,1700.6134652784015,1,1,17,Polygon
140,2,Mustard,1700.4268969362627,1,1,17,Polygon
1519,2,Mustard,1700.5731829765054,1,1,17,Polygon
1769,2,Mustard,1701.2931580071386,1,1,17,Polygon
1929,2,Mustard,1701.3461323672439,1,1,17,Polygon
2167,2,Mustard,1701.2463484811735,1,1,17,Polygon
2238,2,Mustard,1701.0372457264848,1,1,17,Polygon
2314,2,Mustard,1701.259889211356,1,1,17,Polygon
2343,2,Mustard,1701.3039424394378,1,1,17,Polygon
2890,2,Mustard,1701.197079555173,1,1,17,Polygon
2915,2,Mustard,1701.2439105143003,1,1,17,Polygon
2918,2,Mustard,1701.2607470613923,1,1,17,Polygon
3025,2,Mustard,1701.228395416965,1,1,17,Polygon
3522,2,Mustard,1701.3104328421598,1,1,17,Polygon
3528,2,Mustard,1701.3018409816445,1,1,17,Polygon
5589,2,Mustard,1700.2339101552357,1,1,17,Polygon
5731,2,Mustard,1700.0665232507336,1,1,17,Polygon
5838,2,Mustard,1699.5582274953656,1,1,17,Polygon
7004,2,Mustard,1701.0424855690612,1,1,17,Polygon
7095,2,Mustard,1701.0563178081227,1,1,17,Polygon
710,2,Mustard,1700.50979256307,1,1,17,Polygon
718,2,Mustard,1700.6093697638607,1,1,17,Polygon
1018,4,No crop/Fallow,1700.8139441312603,1,1,17,Polygon
1285,4,No crop/Fallow,1700.4625607048342,1,1,17,Polygon
1303,4,No crop/Fallow,1700.5670272530579,1,1,17,Polygon
1411,4,No crop/Fallow,1700.8303902922987,1,1,17,Polygon
1482,4,No crop/Fallow,1700.7103710172305,1,1,17,Polygon
1905,4,No crop/Fallow,1700.9962335235539,1,1,17,Polygon
201,4,No crop/Fallow,1700.8158669399536,1,1,17,Polygon
2643,4,No crop/Fallow,1701.3210646526952,1,1,17,Polygon
3636,4,No crop/Fallow,1698.4084329758389,1,1,17,Polygon
3685,4,No crop/Fallow,1698.566412143124,1,1,17,Polygon
3756,4,No crop/Fallow,1698.6135314295757,1,1,17,Polygon
3770,4,No crop/Fallow,1698.2901117417127,1,1,17,Polygon
3820,4,No crop/Fallow,1698.704548988893,1,1,17,Polygon
3897,4,No crop/Fallow,1697.3402934573496,1,1,17,Polygon
3920,4,No crop/Fallow,1698.029655120881,1,1,17,Polygon
3978,4,No crop/Fallow,1698.4162434633583,1,1,17,Polygon
4099,4,No crop/Fallow,1697.8640831050309,1,1,17,Polygon
4101,4,No crop/Fallow,1697.8652288603994,1,1,17,Polygon
4224,4,No crop/Fallow,1697.5654472244275,1,1,17,Polygon
4232,4,No crop/Fallow,1698.9870776967043,1,1,17,Polygon
4340,4,No crop/Fallow,1698.2402072239431,1,1,17,Polygon
4375,4,No crop/Fallow,1697.8130167471666,1,1,17,Polygon
4401,4,No crop/Fallow,1698.7054999501624,1,1,17,Polygon
4455,4,No crop/Fallow,1698.2970893216216,1,1,17,Polygon
4494,4,No crop/Fallow,1699.0408143119673,1,1,17,Polygon
4503,4,No crop/Fallow,1699.0561561771183,1,1,17,Polygon
4504,4,No crop/Fallow,1699.0553569195533,1,1,17,Polygon
4587,4,No crop/Fallow,1697.8144779826514,1,1,17,Polygon
4608,4,No crop/Fallow,1698.587839261285,1,1,17,Polygon
4637,4,No crop/Fallow,1698.989758149607,1,1,17,Polygon
4818,4,No crop/Fallow,1698.5321780632564,1,1,17,Polygon
4885,4,No crop/Fallow,1697.796887766584,1,1,17,Polygon
4924,4,No crop/Fallow,1698.700083051735,1,1,17,Polygon
4970,4,No crop/Fallow,1697.4005393738266,1,1,17,Polygon
5133,4,No crop/Fallow,1698.6208316099792,1,1,17,Polygon
5227,4,No crop/Fallow,1697.3898430272698,1,1,17,Polygon
5243,4,No crop/Fallow,1699.0342690827767,1,1,17,Polygon
5788,4,No crop/Fallow,1700.0773185803748,1,1,17,Polygon
6841,4,No crop/Fallow,1700.9861720655535,1,1,17,Polygon
6937,4,No crop/Fallow,1701.0302074124845,1,1,17,Polygon
7014,4,No crop/Fallow,1701.2886465370539,1,1,17,Polygon
702,4,No crop/Fallow,1700.8414905160078,1,1,17,Polygon
7086,4,No crop/Fallow,1701.1637622292371,1,1,17,Polygon
75,4,No crop/Fallow,1700.38662051875,1,1,17,Polygon
3972,15,Potato,1699.4955802352192,1,1,17,Polygon
4802,36,Rice,1698.262859338354,1,1,17,Polygon
4914,36,Rice,1698.405418398968,1,1,17,Polygon
6786,36,Rice,1701.0289876014413,1,1,17,Polygon
1469,6,Sugarcane,1700.6769140801266,1,1,17,Polygon
1555,6,Sugarcane,1700.464981704924,1,1,17,Polygon
176,6,Sugarcane,1700.713719162834,1,1,17,Polygon
2261,6,Sugarcane,1701.2673103645561,1,1,17,Polygon
2701,6,Sugarcane,1701.2124355336039,1,1,17,Polygon
3024,6,Sugarcane,1701.2291838015035,1,1,17,Polygon
569,6,Sugarcane,1700.5102979351796,1,1,17,Polygon
1106,1,Wheat,1700.467195722306,1,1,17,Polygon
1201,1,Wheat,1700.6950357331289,1,1,17,Polygon
121,1,Wheat,1700.2954755910446,1,1,17,Polygon
1282,1,Wheat,1700.4588210591014,1,1,17,Polygon
1378,1,Wheat,1700.8192879267253,1,1,17,Polygon
1458,1,Wheat,1700.8211587167816,1,1,17,Polygon
1466,1,Wheat,1700.8237734594286,1,1,17,Polygon
1642,1,Wheat,1700.740866423747,1,1,17,Polygon
1645,1,Wheat,1700.7398577650727,1,1,17,Polygon
1728,1,Wheat,1701.1717230018817,1,1,17,Polygon
1778,1,Wheat,1701.2387757938593,1,1,17,Polygon
1831,1,Wheat,1701.2983796311896,1,1,17,Polygon
1873,1,Wheat,1701.2715475111017,1,1,17,Polygon
1914,1,Wheat,1701.1978834588158,1,1,17,Polygon
1931,1,Wheat,1701.2959652998625,1,1,17,Polygon
1968,1,Wheat,1701.3093244100335,1,1,17,Polygon
2034,1,Wheat,1701.2358280978915,1,1,17,Polygon
2059,1,Wheat,1701.3024942076358,1,1,17,Polygon
2123,1,Wheat,1701.2361451178892,1,1,17,Polygon
2128,1,Wheat,1701.3205092399676,1,1,17,Polygon
2272,1,Wheat,1701.1991769926824,1,1,17,Polygon
2342,1,Wheat,1701.3050347430012,1,1,17,Polygon
2351,1,Wheat,1701.213115769861,1,1,17,Polygon
2421,1,Wheat,1701.192532835496,1,1,17,Polygon
2445,1,Wheat,1701.3525859757324,1,1,17,Polygon
2470,1,Wheat,1701.226752317727,1,1,17,Polygon
2473,1,Wheat,1701.282502955884,1,1,17,Polygon
2505,1,Wheat,1701.1927618870734,1,1,17,Polygon
2534,1,Wheat,1701.278899541607,1,1,17,Polygon
2570,1,Wheat,1701.2038546801352,1,1,17,Polygon
2599,1,Wheat,1701.1702335379243,1,1,17,Polygon
2628,1,Wheat,1701.2294342984562,1,1,17,Polygon
2775,1,Wheat,1701.277492335302,1,1,17,Polygon
2811,1,Wheat,1701.242442417408,1,1,17,Polygon
2826,1,Wheat,1701.2225849067038,1,1,17,Polygon
2881,1,Wheat,1701.308205473864,1,1,17,Polygon
2956,1,Wheat,1701.2138770032525,1,1,17,Polygon
3012,1,Wheat,1701.1417766606003,1,1,17,Polygon
3036,1,Wheat,1701.1540118921198,1,1,17,Polygon
3123,1,Wheat,1701.233779975286,1,1,17,Polygon
3264,1,Wheat,1701.243936708796,1,1,17,Polygon
3282,1,Wheat,1701.2437881552185,1,1,17,Polygon
3321,1,Wheat,1701.0906363843771,1,1,17,Polygon
3335,1,Wheat,1701.1206537647174,1,1,17,Polygon
3468,1,Wheat,1701.2325336530982,1,1,17,Polygon
3533,1,Wheat,1701.2269043189565,1,1,17,Polygon
3557,1,Wheat,1701.1372847776815,1,1,17,Polygon
3562,1,Wheat,1701.2518841554283,1,1,17,Polygon
3573,1,Wheat,1701.0747176881039,1,1,17,Polygon
397,1,Wheat,1700.5357677905758,1,1,17,Polygon
453,1,Wheat,1700.5086733919507,1,1,17,Polygon
497,1,Wheat,1700.8746774581452,1,1,17,Polygon
544,1,Wheat,1700.549529662773,1,1,17,Polygon
5493,1,Wheat,1699.9090430070291,1,1,17,Polygon
5515,1,Wheat,1700.156358374486,1,1,17,Polygon
6042,1,Wheat,1700.545736111883,1,1,17,Polygon
6194,1,Wheat,1700.5393163261742,1,1,17,Polygon
6726,1,Wheat,1700.9928680151388,1,1,17,Polygon
976,1,Wheat,1700.6594805946806,1,1,17,Polygon
2931,16,Bersem,1801.3812859004352,1,1,18,Polygon
5464,8,Garlic,1800.1633822283638,1,1,18,Polygon
6238,13,Gram,1800.4403969716918,1,1,18,Polygon
2801,3,Lentil,1801.335330542381,1,1,18,Polygon
3072,3,Lentil,1801.343556585887,1,1,18,Polygon
749,3,Lentil,1800.1949455427039,1,1,18,Polygon
6368,9,Maize,1801.1415491941589,1,1,18,Polygon
6387,9,Maize,1801.3838738107804,1,1,18,Polygon
6390,9,Maize,1801.3661537273165,1,1,18,Polygon
6443,9,Maize,1801.2006178181525,1,1,18,Polygon
6448,9,Maize,1801.2216715357724,1,1,18,Polygon
6600,9,Maize,1801.3512040974567,1,1,18,Polygon
6650,9,Maize,1801.262296212582,1,1,18,Polygon
6746,9,Maize,1801.366313033153,1,1,18,Polygon
7047,9,Maize,1801.411457777744,1,1,18,Polygon
7085,9,Maize,1801.2318083442285,1,1,18,Polygon
917,9,Maize,1800.6398673496856,1,1,18,Polygon
1473,2,Mustard,1800.5789428896408,1,1,18,Polygon
1817,2,Mustard,1801.3785712322185,1,1,18,Polygon
2047,2,Mustard,1801.39866261801,1,1,18,Polygon
2058,2,Mustard,1801.3782226809628,1,1,18,Polygon
2083,2,Mustard,1801.3696526796673,1,1,18,Polygon
215,2,Mustard,1800.5632494801348,1,1,18,Polygon
2240,2,Mustard,1801.2834400914808,1,1,18,Polygon
2331,2,Mustard,1801.3536553600202,1,1,18,Polygon
2397,2,Mustard,1801.312979615089,1,1,18,Polygon
2478,2,Mustard,1801.2756561814033,1,1,18,Polygon
2763,2,Mustard,1801.2990746071628,1,1,18,Polygon
2784,2,Mustard,1801.3807649571415,1,1,18,Polygon
2876,2,Mustard,1801.375136353719,1,1,18,Polygon
3369,2,Mustard,1801.3890350616,1,1,18,Polygon
3593,2,Mustard,1801.1366158717656,1,1,18,Polygon
363,2,Mustard,1800.9163478972607,1,1,18,Polygon
5455,2,Mustard,1799.7597562884894,1,1,18,Polygon
564,2,Mustard,1800.9024470760667,1,1,18,Polygon
573,2,Mustard,1800.7480804693146,1,1,18,Polygon
6,2,Mustard,1800.365982662787,1,1,18,Polygon
6093,2,Mustard,1799.9833522050894,1,1,18,Polygon
674,2,Mustard,1800.8270115162281,1,1,18,Polygon
6806,2,Mustard,1801.1723418154547,1,1,18,Polygon
6823,2,Mustard,1801.1939960245063,1,1,18,Polygon
684,2,Mustard,1800.4884551575215,1,1,18,Polygon
6976,2,Mustard,1801.1037069567396,1,1,18,Polygon
7048,2,Mustard,1801.2150154508122,1,1,18,Polygon
7239,2,Mustard,1801.197657091614,1,1,18,Polygon
762,2,Mustard,1800.7852375715888,1,1,18,Polygon
831,2,Mustard,1800.4716015530075,1,1,18,Polygon
876,2,Mustard,1800.6289183380359,1,1,18,Polygon
1158,4,No crop/Fallow,1800.8462750720378,1,1,18,Polygon
1488,4,No crop/Fallow,1800.7785505907582,1,1,18,Polygon
1506,4,No crop/Fallow,1800.8449797654348,1,1,18,Polygon
197,4,No crop/Fallow,1800.7391117076727,1,1,18,Polygon
305,4,No crop/Fallow,1800.8713557344392,1,1,18,Polygon
3331,4,No crop/Fallow,1801.3986185202625,1,1,18,Polygon
3670,4,No crop/Fallow,1798.530656601117,1,1,18,Polygon
3705,4,No crop/Fallow,1798.6264692882114,1,1,18,Polygon
3743,4,No crop/Fallow,1799.3767106515465,1,1,18,Polygon
3745,4,No crop/Fallow,1797.6741489936335,1,1,18,Polygon
3786,4,No crop/Fallow,1798.6312791760674,1,1,18,Polygon
3851,4,No crop/Fallow,1799.3902445681056,1,1,18,Polygon
3856,4,No crop/Fallow,1797.68161275979,1,1,18,Polygon
3966,4,No crop/Fallow,1797.4039602643381,1,1,18,Polygon
4090,4,No crop/Fallow,1798.200053404206,1,1,18,Polygon
4129,4,No crop/Fallow,1797.1546576261323,1,1,18,Polygon
4177,4,No crop/Fallow,1798.6495285347378,1,1,18,Polygon
4631,4,No crop/Fallow,1798.3266194462626,1,1,18,Polygon
4655,4,No crop/Fallow,1798.7437595973051,1,1,18,Polygon
4661,4,No crop/Fallow,1798.5024635502023,1,1,18,Polygon
4667,4,No crop/Fallow,1798.5454699987395,1,1,18,Polygon
4820,4,No crop/Fallow,1798.447063351373,1,1,18,Polygon
4877,4,No crop/Fallow,1797.237547885038,1,1,18,Polygon
4932,4,No crop/Fallow,1798.2599547776813,1,1,18,Polygon
4938,4,No crop/Fallow,1798.845820658764,1,1,18,Polygon
5016,4,No crop/Fallow,1797.8669511806688,1,1,18,Polygon
5040,4,No crop/Fallow,1798.1928718901536,1,1,18,Polygon
5113,4,No crop/Fallow,1799.3178263451155,1,1,18,Polygon
582,4,No crop/Fallow,1800.8543423402887,1,1,18,Polygon
6111,4,No crop/Fallow,1800.0318437039405,1,1,18,Polygon
6338,4,No crop/Fallow,1801.1940557621701,1,1,18,Polygon
6420,4,No crop/Fallow,1801.135150830046,1,1,18,Polygon
6531,4,No crop/Fallow,1801.1607548522454,1,1,18,Polygon
6558,4,No crop/Fallow,1800.9780811941137,1,1,18,Polygon
6631,4,No crop/Fallow,1801.2151663612824,1,1,18,Polygon
6775,4,No crop/Fallow,1801.3788252300642,1,1,18,Polygon
688,4,No crop/Fallow,1800.8536071784329,1,1,18,Polygon
824,4,No crop/Fallow,1800.8846738120992,1,1,18,Polygon
835,4,No crop/Fallow,1800.302522178152,1,1,18,Polygon
2386,15,Potato,1801.3549591310289,1,1,18,Polygon
4896,15,Potato,1799.3955689065679,1,1,18,Polygon
6887,15,Potato,1801.1149476328865,1,1,18,Polygon
4274,36,Rice,1797.8491636175743,1,1,18,Polygon
4916,36,Rice,1798.3112190519496,1,1,18,Polygon
134,6,Sugarcane,1800.7605600484646,1,1,18,Polygon
1668,6,Sugarcane,1800.4839744222124,1,1,18,Polygon
524,6,Sugarcane,1800.6098958067755,1,1,18,Polygon
1,1,Wheat,1800.6861433574545,1,1,18,Polygon
1064,1,Wheat,1800.8295146525686,1,1,18,Polygon
1082,1,Wheat,1800.8684503037332,1,1,18,Polygon
1136,1,Wheat,1800.7562387943958,1,1,18,Polygon
1188,1,Wheat,1800.7263180397422,1,1,18,Polygon
1296,1,Wheat,1800.8989456249926,1,1,18,Polygon
1299,1,Wheat,1800.898284465578,1,1,18,Polygon
1367,1,Wheat,1800.2041008549868,1,1,18,Polygon
141,1,Wheat,1800.446870391022,1,1,18,Polygon
1484,1,Wheat,1800.714948376302,1,1,18,Polygon
1637,1,Wheat,1800.6003150208578,1,1,18,Polygon
1638,1,Wheat,1800.7972335403695,1,1,18,Polygon
171,1,Wheat,1800.349570798803,1,1,18,Polygon
1801,1,Wheat,1801.3781558622352,1,1,18,Polygon
1827,1,Wheat,1801.3441499633611,1,1,18,Polygon
1847,1,Wheat,1801.3163341313061,1,1,18,Polygon
1849,1,Wheat,1801.3081268185872,1,1,18,Polygon
2007,1,Wheat,1801.3495129946614,1,1,18,Polygon
2138,1,Wheat,1801.3667761493887,1,1,18,Polygon
2156,1,Wheat,1801.2275892468197,1,1,18,Polygon
2187,1,Wheat,1801.3815980896964,1,1,18,Polygon
2217,1,Wheat,1801.389510424709,1,1,18,Polygon
2280,1,Wheat,1801.3513096655104,1,1,18,Polygon
232,1,Wheat,1800.3635937820038,1,1,18,Polygon
2408,1,Wheat,1801.3498961162506,1,1,18,Polygon
2450,1,Wheat,1801.0668888376736,1,1,18,Polygon
2455,1,Wheat,1801.3688660569194,1,1,18,Polygon
2489,1,Wheat,1801.3040690349562,1,1,18,Polygon
2538,1,Wheat,1801.3543027587868,1,1,18,Polygon
2553,1,Wheat,1801.3085234192856,1,1,18,Polygon
2662,1,Wheat,1801.3354026875834,1,1,18,Polygon
2678,1,Wheat,1801.3038339427656,1,1,18,Polygon
2713,1,Wheat,1801.3153500658375,1,1,18,Polygon
2807,1,Wheat,1801.3711946718652,1,1,18,Polygon
2814,1,Wheat,1801.2681321363168,1,1,18,Polygon
2815,1,Wheat,1801.2661995304761,1,1,18,Polygon
2910,1,Wheat,1801.3676771198477,1,1,18,Polygon
2916,1,Wheat,1801.334164736075,1,1,18,Polygon
2978,1,Wheat,1801.282839293565,1,1,18,Polygon
3000,1,Wheat,1801.2208520112404,1,1,18,Polygon
3086,1,Wheat,1801.3839982465329,1,1,18,Polygon
3109,1,Wheat,1801.2712899778107,1,1,18,Polygon
3237,1,Wheat,1801.2624235717162,1,1,18,Polygon
3317,1,Wheat,1801.3171159351455,1,1,18,Polygon
3339,1,Wheat,1801.3126847290926,1,1,18,Polygon
3394,1,Wheat,1801.2827344230761,1,1,18,Polygon
3431,1,Wheat,1801.345555067896,1,1,18,Polygon
3591,1,Wheat,1801.144075782297,1,1,18,Polygon
3592,1,Wheat,1801.1379833006208,1,1,18,Polygon
3612,1,Wheat,1801.1209223085532,1,1,18,Polygon
3623,1,Wheat,1801.350853907855,1,1,18,Polygon
41,1,Wheat,1800.6261256997454,1,1,18,Polygon
516,1,Wheat,1800.565179704214,1,1,18,Polygon
5399,1,Wheat,1800.5693570512306,1,1,18,Polygon
5507,1,Wheat,1799.116238841561,1,1,18,Polygon
5582,1,Wheat,1799.904987907058,1,1,18,Polygon
5688,1,Wheat,1799.5937315767583,1,1,18,Polygon
5911,1,Wheat,1800.7316365065667,1,1,18,Polygon
6193,1,Wheat,1800.222650697191,1,1,18,Polygon
629,1,Wheat,1800.7463921742471,1,1,18,Polygon
6518,1,Wheat,1801.2195949028196,1,1,18,Polygon
682,1,Wheat,1800.490658240725,1,1,18,Polygon
82,1,Wheat,1800.642346044062,1,1,18,Polygon
942,1,Wheat,1800.6946216082667,1,1,18,Polygon
3250,8,Garlic,1901.42492065256,1,1,19,Polygon
1020,3,Lentil,1900.9102285168171,1,1,19,Polygon
1052,3,Lentil,1900.496658792706,1,1,19,Polygon
2660,3,Lentil,1901.4285838829621,1,1,19,Polygon
3052,3,Lentil,1901.4084208322797,1,1,19,Polygon
3166,3,Lentil,1901.4496450003705,1,1,19,Polygon
6336,9,Maize,1901.2585928746073,1,1,19,Polygon
6347,9,Maize,1901.4672775355375,1,1,19,Polygon
6487,9,Maize,1901.4688678189564,1,1,19,Polygon
6750,9,Maize,1901.4618271728261,1,1,19,Polygon
6885,9,Maize,1901.1567435444235,1,1,19,Polygon
7175,9,Maize,1901.1900402951837,1,1,19,Polygon
7233,9,Maize,1901.1241800539033,1,1,19,Polygon
1176,2,Mustard,1900.9940750097117,1,1,19,Polygon
1385,2,Mustard,1900.5276541372416,1,1,19,Polygon
1433,2,Mustard,1900.9942633973576,1,1,19,Polygon
1511,2,Mustard,1900.6854908022983,1,1,19,Polygon
154,2,Mustard,1900.66233931357,1,1,19,Polygon
173,2,Mustard,1900.381018098467,1,1,19,Polygon
2003,2,Mustard,1901.4617203201115,1,1,19,Polygon
2407,2,Mustard,1901.3398542219115,1,1,19,Polygon
2492,2,Mustard,1901.432774832817,1,1,19,Polygon
2495,2,Mustard,1901.4832721560967,1,1,19,Polygon
2645,2,Mustard,1901.3677594342134,1,1,19,Polygon
2690,2,Mustard,1901.3722497564177,1,1,19,Polygon
2740,2,Mustard,1901.4542879890423,1,1,19,Polygon
2882,2,Mustard,1901.4616408800694,1,1,19,Polygon
2922,2,Mustard,1901.3156793156393,1,1,19,Polygon
3132,2,Mustard,1901.4429668229996,1,1,19,Polygon
36,2,Mustard,1900.7870615027398,1,1,19,Polygon
5362,2,Mustard,1900.1846851841333,1,1,19,Polygon
5453,2,Mustard,1899.746459414963,1,1,19,Polygon
5456,2,Mustard,1899.745341544807,1,1,19,Polygon
5483,2,Mustard,1900.0050916976033,1,1,19,Polygon
5791,2,Mustard,1900.264266970569,1,1,19,Polygon
6253,2,Mustard,1900.2417926941885,1,1,19,Polygon
6632,2,Mustard,1901.287179228029,1,1,19,Polygon
7130,2,Mustard,1901.2256706137541,1,1,19,Polygon
860,2,Mustard,1900.7238592949855,1,1,19,Polygon
1038,4,No crop/Fallow,1900.8907356257828,1,1,19,Polygon
1153,4,No crop/Fallow,1900.741959831401,1,1,19,Polygon
1246,4,No crop/Fallow,1900.7866338545987,1,1,19,Polygon
1530,4,No crop/Fallow,1900.9855647461434,1,1,19,Polygon
20,4,No crop/Fallow,1900.6137424404483,1,1,19,Polygon
2337,4,No crop/Fallow,1901.486518090227,1,1,19,Polygon
2555,4,No crop/Fallow,1901.4500531262752,1,1,19,Polygon
2635,4,No crop/Fallow,1901.3990766487627,1,1,19,Polygon
3357,4,No crop/Fallow,1901.503883486693,1,1,19,Polygon
3650,4,No crop/Fallow,1899.2177547119545,1,1,19,Polygon
3664,4,No crop/Fallow,1898.7715612973066,1,1,19,Polygon
3730,4,No crop/Fallow,1898.9237187235274,1,1,19,Polygon
3749,4,No crop/Fallow,1898.7678303809816,1,1,19,Polygon
3865,4,No crop/Fallow,1897.5749432311293,1,1,19,Polygon
3866,4,No crop/Fallow,1897.5743722725647,1,1,19,Polygon
4062,4,No crop/Fallow,1898.2593709962323,1,1,19,Polygon
4100,4,No crop/Fallow,1897.6148710042232,1,1,19,Polygon
4176,4,No crop/Fallow,1898.5712647843725,1,1,19,Polygon
4194,4,No crop/Fallow,1899.2267906860125,1,1,19,Polygon
4205,4,No crop/Fallow,1898.1212992101093,1,1,19,Polygon
4242,4,No crop/Fallow,1898.2576066804872,1,1,19,Polygon
4251,4,No crop/Fallow,1897.3014956580575,1,1,19,Polygon
426,4,No crop/Fallow,1900.9194858586447,1,1,19,Polygon
4378,4,No crop/Fallow,1897.5563687131948,1,1,19,Polygon
4630,4,No crop/Fallow,1898.233277401548,1,1,19,Polygon
4645,4,No crop/Fallow,1897.2816870148913,1,1,19,Polygon
4922,4,No crop/Fallow,1898.5487221701733,1,1,19,Polygon
5037,4,No crop/Fallow,1898.418654670868,1,1,19,Polygon
5045,4,No crop/Fallow,1898.460582546049,1,1,19,Polygon
5072,4,No crop/Fallow,1897.367068042376,1,1,19,Polygon
548,4,No crop/Fallow,1900.974500548367,1,1,19,Polygon
5580,4,No crop/Fallow,1899.9006768912927,1,1,19,Polygon
627,4,No crop/Fallow,1900.8252345232966,1,1,19,Polygon
686,4,No crop/Fallow,1900.5190448674523,1,1,19,Polygon
6882,4,No crop/Fallow,1901.1587246735687,1,1,19,Polygon
859,4,No crop/Fallow,1900.7246227822684,1,1,19,Polygon
1993,15,Potato,1901.385936327319,1,1,19,Polygon
6326,15,Potato,1901.1109916354476,1,1,19,Polygon
3643,36,Rice,1898.1319550286116,1,1,19,Polygon
4745,36,Rice,1898.1448904279769,1,1,19,Polygon
6859,36,Rice,1901.1473201793326,1,1,19,Polygon
1164,6,Sugarcane,1900.8555835989523,1,1,19,Polygon
10,1,Wheat,1900.9033367790566,1,1,19,Polygon
1232,1,Wheat,1900.8040271506939,1,1,19,Polygon
1450,1,Wheat,1900.9190055006866,1,1,19,Polygon
1641,1,Wheat,1900.8279646241278,1,1,19,Polygon
1648,1,Wheat,1900.787922724159,1,1,19,Polygon
165,1,Wheat,1900.6982612830147,1,1,19,Polygon
1744,1,Wheat,1901.304488048891,1,1,19,Polygon
1746,1,Wheat,1901.306503927945,1,1,19,Polygon
1795,1,Wheat,1901.396837028586,1,1,19,Polygon
1875,1,Wheat,1901.4235515549165,1,1,19,Polygon
1876,1,Wheat,1901.4240981114979,1,1,19,Polygon
2113,1,Wheat,1901.3736732722075,1,1,19,Polygon
2291,1,Wheat,1901.3556616051098,1,1,19,Polygon
230,1,Wheat,1900.7275986851103,1,1,19,Polygon
2328,1,Wheat,1901.365920303656,1,1,19,Polygon
2365,1,Wheat,1901.4645138568576,1,1,19,Polygon
2398,1,Wheat,1901.297799296043,1,1,19,Polygon
2428,1,Wheat,1901.4288243948686,1,1,19,Polygon
2438,1,Wheat,1901.4302264646567,1,1,19,Polygon
2441,1,Wheat,1901.3243860094165,1,1,19,Polygon
245,1,Wheat,1900.2718955915088,1,1,19,Polygon
2482,1,Wheat,1901.1503019315644,1,1,19,Polygon
2514,1,Wheat,1901.4265985996753,1,1,19,Polygon
2531,1,Wheat,1901.430129536378,1,1,19,Polygon
2612,1,Wheat,1901.4198358847982,1,1,19,Polygon
2806,1,Wheat,1901.4489199294283,1,1,19,Polygon
2861,1,Wheat,1901.4477376560146,1,1,19,Polygon
290,1,Wheat,1900.616709985222,1,1,19,Polygon
2914,1,Wheat,1901.3909853858395,1,1,19,Polygon
3063,1,Wheat,1901.3931776495097,1,1,19,Polygon
3073,1,Wheat,1901.417964741282,1,1,19,Polygon
3122,1,Wheat,1901.3796530848417,1,1,19,Polygon
324,1,Wheat,1900.7210169562522,1,1,19,Polygon
3252,1,Wheat,1901.426454501236,1,1,19,Polygon
3255,1,Wheat,1901.4500958960334,1,1,19,Polygon
3271,1,Wheat,1901.3786375299758,1,1,19,Polygon
329,1,Wheat,1900.2727972130883,1,1,19,Polygon
3293,1,Wheat,1901.3729753710143,1,1,19,Polygon
3437,1,Wheat,1901.4123023914087,1,1,19,Polygon
3514,1,Wheat,1901.344560427148,1,1,19,Polygon
3575,1,Wheat,1901.2006148711932,1,1,19,Polygon
3580,1,Wheat,1901.3628362545128,1,1,19,Polygon
3588,1,Wheat,1901.337033443173,1,1,19,Polygon
3607,1,Wheat,1901.4522622558816,1,1,19,Polygon
498,1,Wheat,1900.9786408447528,1,1,19,Polygon
5350,1,Wheat,1899.0730039417563,1,1,19,Polygon
5417,1,Wheat,1899.9013092098962,1,1,19,Polygon
581,1,Wheat,1900.901092573883,1,1,19,Polygon
6615,1,Wheat,1901.3482775131902,1,1,19,Polygon
6713,1,Wheat,1901.1328920554033,1,1,19,Polygon
6784,1,Wheat,1901.053040831582,1,1,19,Polygon
680,1,Wheat,1900.7138801826623,1,1,19,Polygon
7026,1,Wheat,1901.3183047527584,1,1,19,Polygon
7107,1,Wheat,1901.1306772802368,1,1,19,Polygon
950,1,Wheat,1900.164021348927,1,1,19,Polygon
1320,3,Lentil,2000.6937616664131,1,1,20,Polygon
1809,3,Lentil,2001.5296039444258,1,1,20,Polygon
2878,3,Lentil,2001.4446513901958,1,1,20,Polygon
865,3,Lentil,2000.1854266633038,1,1,20,Polygon
6395,9,Maize,2001.5214676091605,1,1,20,Polygon
6464,9,Maize,2001.455148718806,1,1,20,Polygon
6852,9,Maize,2001.5588243979348,1,1,20,Polygon
6936,9,Maize,2001.5182811040122,1,1,20,Polygon
6982,9,Maize,2001.2483018555713,1,1,20,Polygon
7235,9,Maize,2001.183963095048,1,1,20,Polygon
7290,9,Maize,2001.5648618416885,1,1,20,Polygon
7328,9,Maize,2001.4433790662185,1,1,20,Polygon
1053,2,Mustard,2000.5405487241158,1,1,20,Polygon
1066,2,Mustard,2000.5206636155845,1,1,20,Polygon
1219,2,Mustard,2000.5409163520396,1,1,20,Polygon
15,2,Mustard,2000.7786731345368,1,1,20,Polygon
153,2,Mustard,2000.6964212590697,1,1,20,Polygon
1671,2,Mustard,2000.5380401028578,1,1,20,Polygon
1811,2,Mustard,2001.5296146376168,1,1,20,Polygon
2329,2,Mustard,2001.5268638821663,1,1,20,Polygon
2367,2,Mustard,2001.500659553456,1,1,20,Polygon
2521,2,Mustard,2001.528810943185,1,1,20,Polygon
2559,2,Mustard,2001.5393821038456,1,1,20,Polygon
2625,2,Mustard,2001.4260728269512,1,1,20,Polygon
3328,2,Mustard,2001.3151430726177,1,1,20,Polygon
334,2,Mustard,2000.7832037467829,1,1,20,Polygon
3559,2,Mustard,2001.3379382050402,1,1,20,Polygon
5671,2,Mustard,2000.1762684980622,1,1,20,Polygon
5811,2,Mustard,1999.5465821568057,1,1,20,Polygon
5858,2,Mustard,1999.8668061676892,1,1,20,Polygon
6080,2,Mustard,1998.9917699273924,1,1,20,Polygon
6297,2,Mustard,2000.4414979370006,1,1,20,Polygon
66,2,Mustard,2000.3982159882626,1,1,20,Polygon
6607,2,Mustard,2001.3589915733583,1,1,20,Polygon
6824,2,Mustard,2001.3259600488434,1,1,20,Polygon
7094,2,Mustard,2001.2422711623371,1,1,20,Polygon
7140,2,Mustard,2001.360999003494,1,1,20,Polygon
7303,2,Mustard,2001.3630867997376,1,1,20,Polygon
733,2,Mustard,2000.6815208448788,1,1,20,Polygon
740,2,Mustard,2000.986416002494,1,1,20,Polygon
789,2,Mustard,2000.5558683005477,1,1,20,Polygon
84,2,Mustard,2000.424757560641,1,1,20,Polygon
1323,4,No crop/Fallow,2000.544524117379,1,1,20,Polygon
2339,4,No crop/Fallow,2001.5824310844773,1,1,20,Polygon
2354,4,No crop/Fallow,2001.4254546936695,1,1,20,Polygon
2584,4,No crop/Fallow,2001.5690811364188,1,1,20,Polygon
2897,4,No crop/Fallow,2001.5698800102286,1,1,20,Polygon
2964,4,No crop/Fallow,2001.460756488315,1,1,20,Polygon
3402,4,No crop/Fallow,2001.5544464137147,1,1,20,Polygon
3523,4,No crop/Fallow,2001.5399903634109,1,1,20,Polygon
3667,4,No crop/Fallow,1998.8027269924794,1,1,20,Polygon
3782,4,No crop/Fallow,1997.3197303694205,1,1,20,Polygon
3999,4,No crop/Fallow,1997.9163843129681,1,1,20,Polygon
4048,4,No crop/Fallow,1998.3636762496408,1,1,20,Polygon
4053,4,No crop/Fallow,1998.058798034576,1,1,20,Polygon
4079,4,No crop/Fallow,1998.1744499949527,1,1,20,Polygon
4094,4,No crop/Fallow,1997.9394428587625,1,1,20,Polygon
4144,4,No crop/Fallow,1998.705174831781,1,1,20,Polygon
416,4,No crop/Fallow,2000.8735203551778,1,1,20,Polygon
4199,4,No crop/Fallow,1999.4508055894357,1,1,20,Polygon
4208,4,No crop/Fallow,1998.0236055477628,1,1,20,Polygon
4254,4,No crop/Fallow,1997.9283317765032,1,1,20,Polygon
4315,4,No crop/Fallow,1997.9944596690684,1,1,20,Polygon
4338,4,No crop/Fallow,1998.507124172009,1,1,20,Polygon
4639,4,No crop/Fallow,1998.812484268924,1,1,20,Polygon
472,4,No crop/Fallow,2000.692222233231,1,1,20,Polygon
4757,4,No crop/Fallow,1997.6877887910675,1,1,20,Polygon
4764,4,No crop/Fallow,1999.1848120379489,1,1,20,Polygon
4784,4,No crop/Fallow,1998.060842716739,1,1,20,Polygon
4816,4,No crop/Fallow,1998.2558110935374,1,1,20,Polygon
4833,4,No crop/Fallow,1998.021397842358,1,1,20,Polygon
4859,4,No crop/Fallow,1997.5457365473367,1,1,20,Polygon
4985,4,No crop/Fallow,1997.5008975935639,1,1,20,Polygon
4989,4,No crop/Fallow,1997.5055584401769,1,1,20,Polygon
4991,4,No crop/Fallow,1998.7528169238096,1,1,20,Polygon
5119,4,No crop/Fallow,1998.5636420800802,1,1,20,Polygon
5121,4,No crop/Fallow,1998.5575030564296,1,1,20,Polygon
5155,4,No crop/Fallow,1998.8058998644906,1,1,20,Polygon
5207,4,No crop/Fallow,1998.47157061224,1,1,20,Polygon
990,4,No crop/Fallow,2000.9352732396087,1,1,20,Polygon
4085,36,Rice,1998.1259232365599,1,1,20,Polygon
4188,36,Rice,1997.2332340648636,1,1,20,Polygon
4607,36,Rice,1998.05335039844,1,1,20,Polygon
4762,36,Rice,1997.4887708422386,1,1,20,Polygon
6623,36,Rice,2001.2780262948486,1,1,20,Polygon
6734,36,Rice,2001.2229708748132,1,1,20,Polygon
7156,36,Rice,2001.303887830598,1,1,20,Polygon
1108,6,Sugarcane,2000.5481514815758,1,1,20,Polygon
2615,6,Sugarcane,2001.4512988376832,1,1,20,Polygon
1119,1,Wheat,2000.2935857609264,1,1,20,Polygon
1248,1,Wheat,2000.7317770565924,1,1,20,Polygon
1415,1,Wheat,2000.8716942339815,1,1,20,Polygon
1454,1,Wheat,2000.9646997933255,1,1,20,Polygon
1594,1,Wheat,2000.834893683641,1,1,20,Polygon
1643,1,Wheat,2000.8705756389068,1,1,20,Polygon
1662,1,Wheat,2000.4720512181918,1,1,20,Polygon
1663,1,Wheat,2000.4717988305738,1,1,20,Polygon
1777,1,Wheat,2001.3770194689698,1,1,20,Polygon
1844,1,Wheat,2001.4462596009582,1,1,20,Polygon
1870,1,Wheat,2001.4082384458277,1,1,20,Polygon
1984,1,Wheat,2001.1944102678879,1,1,20,Polygon
2111,1,Wheat,2001.4464898319611,1,1,20,Polygon
2142,1,Wheat,2001.4618545726591,1,1,20,Polygon
2171,1,Wheat,2001.5134396624055,1,1,20,Polygon
2218,1,Wheat,2001.5416305258545,1,1,20,Polygon
2243,1,Wheat,2001.4829663439598,1,1,20,Polygon
231,1,Wheat,2000.4076091545746,1,1,20,Polygon
2327,1,Wheat,2001.5476326046746,1,1,20,Polygon
2405,1,Wheat,2001.4132849781302,1,1,20,Polygon
2422,1,Wheat,2001.4123894623579,1,1,20,Polygon
2431,1,Wheat,2001.4923065101834,1,1,20,Polygon
2436,1,Wheat,2001.5061005096786,1,1,20,Polygon
2442,1,Wheat,2001.3946663019196,1,1,20,Polygon
2462,1,Wheat,2001.4671046865105,1,1,20,Polygon
2539,1,Wheat,2001.5635934133509,1,1,20,Polygon
2610,1,Wheat,2001.567936738705,1,1,20,Polygon
2669,1,Wheat,2001.4577204312393,1,1,20,Polygon
2685,1,Wheat,2001.3868689188314,1,1,20,Polygon
2709,1,Wheat,2001.4501466883266,1,1,20,Polygon
2860,1,Wheat,2001.5240006341055,1,1,20,Polygon
3017,1,Wheat,2001.4219657987755,1,1,20,Polygon
3069,1,Wheat,2001.5028808776297,1,1,20,Polygon
3128,1,Wheat,2001.3545606738448,1,1,20,Polygon
3211,1,Wheat,2001.4584102410247,1,1,20,Polygon
3214,1,Wheat,2001.4592967880633,1,1,20,Polygon
3230,1,Wheat,2001.4990677945348,1,1,20,Polygon
3307,1,Wheat,2001.4374743368573,1,1,20,Polygon
3418,1,Wheat,2001.3641796672937,1,1,20,Polygon
3546,1,Wheat,2001.534870073347,1,1,20,Polygon
3589,1,Wheat,2001.4082711712965,1,1,20,Polygon
3617,1,Wheat,2001.5257536534502,1,1,20,Polygon
3621,1,Wheat,2001.4121025474863,1,1,20,Polygon
5419,1,Wheat,1999.8945550653614,1,1,20,Polygon
5778,1,Wheat,2000.305897088765,1,1,20,Polygon
587,1,Wheat,2000.9195051962897,1,1,20,Polygon
5957,1,Wheat,2000.3645697757083,1,1,20,Polygon
6061,1,Wheat,2000.720708851301,1,1,20,Polygon
609,1,Wheat,2000.8390753038516,1,1,20,Polygon
6425,1,Wheat,2001.189751225892,1,1,20,Polygon
6502,1,Wheat,2001.2044515900714,1,1,20,Polygon
6906,1,Wheat,2001.1668272302884,1,1,20,Polygon
7106,1,Wheat,2001.1912019575348,1,1,20,Polygon
723,1,Wheat,2000.8756077837718,1,1,20,Polygon
7266,1,Wheat,2001.2223573393478,1,1,20,Polygon
7268,1,Wheat,2001.4174843567534,1,1,20,Polygon
7309,1,Wheat,2001.170876895648,1,1,20,Polygon
840,1,Wheat,2000.3194444498622,1,1,20,Polygon
1712,16,Bersem,2101.562160310984,1,1,21,Polygon
1218,3,Lentil,2100.565546408252,1,1,21,Polygon
2031,3,Lentil,2101.440078278873,1,1,21,Polygon
2384,3,Lentil,2101.5718176218234,1,1,21,Polygon
2461,3,Lentil,2101.537738862534,1,1,21,Polygon
2911,3,Lentil,2101.5950540431672,1,1,21,Polygon
4040,9,Maize,2099.2522689254383,1,1,21,Polygon
6412,9,Maize,2101.5655063542135,1,1,21,Polygon
6474,9,Maize,2101.6523555745875,1,1,21,Polygon
6521,9,Maize,2101.300485208451,1,1,21,Polygon
6575,9,Maize,2101.596773045983,1,1,21,Polygon
6837,9,Maize,2101.5697571194323,1,1,21,Polygon
7045,9,Maize,2101.6454399530558,1,1,21,Polygon
7236,9,Maize,2101.4972893021763,1,1,21,Polygon
7300,9,Maize,2101.1826832544316,1,1,21,Polygon
1103,2,Mustard,2100.8786130154776,1,1,21,Polygon
1150,2,Mustard,2100.43650840222,1,1,21,Polygon
1667,2,Mustard,2100.393388275673,1,1,21,Polygon
2311,2,Mustard,2101.556239569199,1,1,21,Polygon
2511,2,Mustard,2101.574796898216,1,1,21,Polygon
266,2,Mustard,2100.8761505179955,1,1,21,Polygon
2948,2,Mustard,2101.5988756719635,1,1,21,Polygon
3108,2,Mustard,2101.4860312031315,1,1,21,Polygon
3145,2,Mustard,2101.5649963214587,1,1,21,Polygon
3231,2,Mustard,2101.5668980363293,1,1,21,Polygon
3430,2,Mustard,2101.569909648008,1,1,21,Polygon
3436,2,Mustard,2101.516029803031,1,1,21,Polygon
5449,2,Mustard,2100.213693521191,1,1,21,Polygon
5487,2,Mustard,2100.006858686218,1,1,21,Polygon
6127,2,Mustard,2099.8933777541383,1,1,21,Polygon
6181,2,Mustard,2100.358987681402,1,1,21,Polygon
6276,2,Mustard,2100.4863810849447,1,1,21,Polygon
6843,2,Mustard,2101.3776202033446,1,1,21,Polygon
8,2,Mustard,2100.4264052752087,1,1,21,Polygon
933,2,Mustard,2100.6679787805747,1,1,21,Polygon
1076,4,No crop/Fallow,2100.8372470307168,1,1,21,Polygon
147,4,No crop/Fallow,2100.8621984134884,1,1,21,Polygon
1547,4,No crop/Fallow,2100.983260200126,1,1,21,Polygon
1672,4,No crop/Fallow,2100.5623755933784,1,1,21,Polygon
3537,4,No crop/Fallow,2101.2320064398127,1,1,21,Polygon
357,4,No crop/Fallow,2100.6634532173703,1,1,21,Polygon
365,4,No crop/Fallow,2101.066961630215,1,1,21,Polygon
3750,4,No crop/Fallow,2098.635079995193,1,1,21,Polygon
3755,4,No crop/Fallow,2098.3967980900375,1,1,21,Polygon
3870,4,No crop/Fallow,2097.320946458084,1,1,21,Polygon
3898,4,No crop/Fallow,2096.716749068789,1,1,21,Polygon
3913,4,No crop/Fallow,2098.0796062387594,1,1,21,Polygon
3988,4,No crop/Fallow,2097.165046328725,1,1,21,Polygon
3994,4,No crop/Fallow,2098.3087899066095,1,1,21,Polygon
4091,4,No crop/Fallow,2098.585963565455,1,1,21,Polygon
4341,4,No crop/Fallow,2097.8212528874888,1,1,21,Polygon
4567,4,No crop/Fallow,2096.990918053476,1,1,21,Polygon
4605,4,No crop/Fallow,2098.649402102023,1,1,21,Polygon
4613,4,No crop/Fallow,2096.9521294679244,1,1,21,Polygon
4812,4,No crop/Fallow,2097.841100819132,1,1,21,Polygon
4832,4,No crop/Fallow,2097.920958161235,1,1,21,Polygon
4858,4,No crop/Fallow,2097.430915713846,1,1,21,Polygon
4860,4,No crop/Fallow,2098.6389995323157,1,1,21,Polygon
5216,4,No crop/Fallow,2096.8233438848492,1,1,21,Polygon
5238,4,No crop/Fallow,2096.9121153318583,1,1,21,Polygon
5544,4,No crop/Fallow,2099.69629756992,1,1,21,Polygon
560,4,No crop/Fallow,2100.714731371207,1,1,21,Polygon
577,4,No crop/Fallow,2100.8616398450235,1,1,21,Polygon
625,4,No crop/Fallow,2100.912099021873,1,1,21,Polygon
6547,4,No crop/Fallow,2101.2967597581464,1,1,21,Polygon
6698,4,No crop/Fallow,2101.257569029084,1,1,21,Polygon
7284,4,No crop/Fallow,2101.5864426132216,1,1,21,Polygon
899,4,No crop/Fallow,2100.8170212850496,1,1,21,Polygon
6489,15,Potato,2101.39083912163,1,1,21,Polygon
6809,36,Rice,2101.3082128355522,1,1,21,Polygon
1527,6,Sugarcane,2100.6835156356233,1,1,21,Polygon
2845,6,Sugarcane,2101.5793353599497,1,1,21,Polygon
2927,6,Sugarcane,2101.559582840878,1,1,21,Polygon
3208,6,Sugarcane,2101.61903450608,1,1,21,Polygon
757,6,Sugarcane,2100.8273657547697,1,1,21,Polygon
872,6,Sugarcane,2100.8092026490976,1,1,21,Polygon
1021,1,Wheat,2101.005113057945,1,1,21,Polygon
136,1,Wheat,2100.9844530219784,1,1,21,Polygon
14,1,Wheat,2100.648041797583,1,1,21,Polygon
1492,1,Wheat,2100.9950062375337,1,1,21,Polygon
150,1,Wheat,2100.6829700973244,1,1,21,Polygon
1507,1,Wheat,2100.9859513100123,1,1,21,Polygon
1526,1,Wheat,2100.685634129538,1,1,21,Polygon
1933,1,Wheat,2101.6068711916128,1,1,21,Polygon
1950,1,Wheat,2101.6146543460827,1,1,21,Polygon
2139,1,Wheat,2101.592699409988,1,1,21,Polygon
2239,1,Wheat,2101.498116565742,1,1,21,Polygon
2264,1,Wheat,2101.5665096083767,1,1,21,Polygon
2444,1,Wheat,2101.5263039155,1,1,21,Polygon
2546,1,Wheat,2101.435475653948,1,1,21,Polygon
2548,1,Wheat,2101.604342593557,1,1,21,Polygon
2554,1,Wheat,2101.5257733423714,1,1,21,Polygon
2566,1,Wheat,2101.5561536197874,1,1,21,Polygon
2575,1,Wheat,2101.5183551149066,1,1,21,Polygon
2603,1,Wheat,2101.63391114729,1,1,21,Polygon
2640,1,Wheat,2101.604284930324,1,1,21,Polygon
2679,1,Wheat,2101.524437263237,1,1,21,Polygon
2727,1,Wheat,2101.564457607774,1,1,21,Polygon
2729,1,Wheat,2101.5649110392133,1,1,21,Polygon
2788,1,Wheat,2101.47705473075,1,1,21,Polygon
2863,1,Wheat,2101.4993650967494,1,1,21,Polygon
2907,1,Wheat,2101.4339095544024,1,1,21,Polygon
2961,1,Wheat,2101.5803143537355,1,1,21,Polygon
30,1,Wheat,2100.7811642431698,1,1,21,Polygon
3112,1,Wheat,2101.4856625311695,1,1,21,Polygon
3186,1,Wheat,2101.59607333872,1,1,21,Polygon
3273,1,Wheat,2101.5232867130903,1,1,21,Polygon
3288,1,Wheat,2101.4471581764938,1,1,21,Polygon
3336,1,Wheat,2101.3841830947576,1,1,21,Polygon
337,1,Wheat,2100.6379174194367,1,1,21,Polygon
3391,1,Wheat,2101.380876354478,1,1,21,Polygon
3395,1,Wheat,2101.6051267143225,1,1,21,Polygon
3424,1,Wheat,2101.6424484900417,1,1,21,Polygon
3442,1,Wheat,2101.41350001343,1,1,21,Polygon
347,1,Wheat,2100.9172783962886,1,1,21,Polygon
3620,1,Wheat,2101.48636769838,1,1,21,Polygon
403,1,Wheat,2101.0137007487783,1,1,21,Polygon
5862,1,Wheat,2099.8617395300835,1,1,21,Polygon
6063,1,Wheat,2099.7995978555314,1,1,21,Polygon
6125,1,Wheat,2100.0679441836837,1,1,21,Polygon
6179,1,Wheat,2100.3585962187963,1,1,21,Polygon
6345,1,Wheat,2101.368638176522,1,1,21,Polygon
6389,1,Wheat,2101.5934257489407,1,1,21,Polygon
6406,1,Wheat,2101.3377930131724,1,1,21,Polygon
6625,1,Wheat,2101.4974711089735,1,1,21,Polygon
6840,1,Wheat,2101.221144440985,1,1,21,Polygon
761,1,Wheat,2100.9141389125552,1,1,21,Polygon
844,1,Wheat,2100.658073705257,1,1,21,Polygon
854,1,Wheat,2100.917550541667,1,1,21,Polygon
1815,14,Coriander,2201.6827427406697,1,1,22,Polygon
1216,3,Lentil,2200.5952890670783,1,1,22,Polygon
3169,3,Lentil,2201.696046995511,1,1,22,Polygon
843,3,Lentil,2200.6916031859937,1,1,22,Polygon
6313,9,Maize,2201.7016445533386,1,1,22,Polygon
6604,9,Maize,2201.359876866327,1,1,22,Polygon
6689,9,Maize,2201.690961505839,1,1,22,Polygon
6948,9,Maize,2201.4668452750434,1,1,22,Polygon
6969,9,Maize,2201.690069074416,1,1,22,Polygon
7123,9,Maize,2201.599502112622,1,1,22,Polygon
7194,9,Maize,2201.6707155651607,1,1,22,Polygon
1148,2,Mustard,2200.45826663832,1,1,22,Polygon
1328,2,Mustard,2200.595751799587,1,1,22,Polygon
1758,2,Mustard,2201.58447931136,1,1,22,Polygon
1946,2,Mustard,2201.6536758734246,1,1,22,Polygon
2357,2,Mustard,2201.6005655412564,1,1,22,Polygon
2469,2,Mustard,2201.6041347010646,1,1,22,Polygon
2995,2,Mustard,2201.6572407584927,1,1,22,Polygon
3188,2,Mustard,2201.578056854762,1,1,22,Polygon
3212,2,Mustard,2201.6051841826616,1,1,22,Polygon
3412,2,Mustard,2201.6712301647945,1,1,22,Polygon
493,2,Mustard,2201.101233312964,1,1,22,Polygon
5283,2,Mustard,2200.168088601447,1,1,22,Polygon
6273,2,Mustard,2200.416559157644,1,1,22,Polygon
6397,2,Mustard,2201.5225184774667,1,1,22,Polygon
6426,2,Mustard,2201.4865700935125,1,1,22,Polygon
7225,2,Mustard,2201.4092223731814,1,1,22,Polygon
820,2,Mustard,2200.5927546199723,1,1,22,Polygon
91,2,Mustard,2200.8111105509342,1,1,22,Polygon
1531,4,No crop/Fallow,2201.1285715218437,1,1,22,Polygon
356,4,No crop/Fallow,2200.6812684002016,1,1,22,Polygon
362,4,No crop/Fallow,2201.101945793101,1,1,22,Polygon
3642,4,No crop/Fallow,2196.5784645565873,1,1,22,Polygon
3669,4,No crop/Fallow,2198.2037278496105,1,1,22,Polygon
3704,4,No crop/Fallow,2198.3218362318266,1,1,22,Polygon
3710,4,No crop/Fallow,2196.939181603088,1,1,22,Polygon
3867,4,No crop/Fallow,2197.2491608812793,1,1,22,Polygon
3952,4,No crop/Fallow,2198.2070982595687,1,1,22,Polygon
4108,4,No crop/Fallow,2197.201895724884,1,1,22,Polygon
4231,4,No crop/Fallow,2198.689323359056,1,1,22,Polygon
4247,4,No crop/Fallow,2198.7934631990897,1,1,22,Polygon
4568,4,No crop/Fallow,2196.8614282743265,1,1,22,Polygon
4586,4,No crop/Fallow,2197.1723409703814,1,1,22,Polygon
4588,4,No crop/Fallow,2197.1720542250528,1,1,22,Polygon
4615,4,No crop/Fallow,2196.8048980015087,1,1,22,Polygon
4677,4,No crop/Fallow,2196.8480822317847,1,1,22,Polygon
4688,4,No crop/Fallow,2197.7226330170934,1,1,22,Polygon
4756,4,No crop/Fallow,2197.942550345109,1,1,22,Polygon
4906,4,No crop/Fallow,2199.349128132635,1,1,22,Polygon
4937,4,No crop/Fallow,2198.584287792698,1,1,22,Polygon
4941,4,No crop/Fallow,2198.166151231792,1,1,22,Polygon
5015,4,No crop/Fallow,2197.3939074008003,1,1,22,Polygon
5114,4,No crop/Fallow,2199.1680619998665,1,1,22,Polygon
549,4,No crop/Fallow,2201.1307811020247,1,1,22,Polygon
6700,4,No crop/Fallow,2201.327345515772,1,1,22,Polygon
6818,4,No crop/Fallow,2201.7204094558447,1,1,22,Polygon
689,4,No crop/Fallow,2201.0431316640147,1,1,22,Polygon
984,4,No crop/Fallow,2201.1438108793764,1,1,22,Polygon
6365,15,Potato,2201.399862606179,1,1,22,Polygon
7186,15,Potato,2201.6554450134795,1,1,22,Polygon
4387,36,Rice,2198.2143061677416,1,1,22,Polygon
4537,36,Rice,2196.9974835458006,1,1,22,Polygon
4869,36,Rice,2197.8497177105933,1,1,22,Polygon
7077,36,Rice,2201.3581047669404,1,1,22,Polygon
1857,6,Sugarcane,2201.636503234858,1,1,22,Polygon
1981,6,Sugarcane,2201.502494000433,1,1,22,Polygon
2617,6,Sugarcane,2201.5970266663853,1,1,22,Polygon
1226,1,Wheat,2200.877507473087,1,1,22,Polygon
1386,1,Wheat,2200.5562457174874,1,1,22,Polygon
1459,1,Wheat,2201.0611657086347,1,1,22,Polygon
1470,1,Wheat,2200.876446781973,1,1,22,Polygon
1615,1,Wheat,2200.6192401692592,1,1,22,Polygon
1624,1,Wheat,2200.687949206497,1,1,22,Polygon
1716,1,Wheat,2201.5994309064704,1,1,22,Polygon
1832,1,Wheat,2201.680165883411,1,1,22,Polygon
1907,1,Wheat,2201.59538800755,1,1,22,Polygon
1911,1,Wheat,2201.334092886787,1,1,22,Polygon
1971,1,Wheat,2201.671942206601,1,1,22,Polygon
1994,1,Wheat,2201.602980833783,1,1,22,Polygon
2054,1,Wheat,2201.6108525196105,1,1,22,Polygon
206,1,Wheat,2201.1081830908524,1,1,22,Polygon
2101,1,Wheat,2201.5434192869275,1,1,22,Polygon
2177,1,Wheat,2201.6571272005303,1,1,22,Polygon
2325,1,Wheat,2201.7019084666877,1,1,22,Polygon
2415,1,Wheat,2201.6287633786114,1,1,22,Polygon
2472,1,Wheat,2201.586708009754,1,1,22,Polygon
2512,1,Wheat,2201.6511958594574,1,1,22,Polygon
2527,1,Wheat,2201.6538655116533,1,1,22,Polygon
2686,1,Wheat,2201.5230396052307,1,1,22,Polygon
2691,1,Wheat,2201.5923900399985,1,1,22,Polygon
2741,1,Wheat,2201.683061233985,1,1,22,Polygon
2785,1,Wheat,2201.6847483961437,1,1,22,Polygon
2848,1,Wheat,2201.5155591727585,1,1,22,Polygon
2917,1,Wheat,2201.6326067821524,1,1,22,Polygon
2976,1,Wheat,2201.57702357832,1,1,22,Polygon
3014,1,Wheat,2201.5991989981994,1,1,22,Polygon
3151,1,Wheat,2201.660016261838,1,1,22,Polygon
3222,1,Wheat,2201.663228207209,1,1,22,Polygon
3240,1,Wheat,2201.632269416431,1,1,22,Polygon
3347,1,Wheat,2201.313927622409,1,1,22,Polygon
3389,1,Wheat,2201.58570679443,1,1,22,Polygon
3502,1,Wheat,2201.6617163024757,1,1,22,Polygon
3542,1,Wheat,2201.2975650885264,1,1,22,Polygon
46,1,Wheat,2200.631634966186,1,1,22,Polygon
5637,1,Wheat,2200.470019731935,1,1,22,Polygon
5687,1,Wheat,2199.034099279654,1,1,22,Polygon
5709,1,Wheat,2200.0723641341538,1,1,22,Polygon
5926,1,Wheat,2200.2464521223083,1,1,22,Polygon
6328,1,Wheat,2201.2878764983116,1,1,22,Polygon
6405,1,Wheat,2201.4012309922473,1,1,22,Polygon
6553,1,Wheat,2201.1955817568182,1,1,22,Polygon
6616,1,Wheat,2201.560914380306,1,1,22,Polygon
6981,1,Wheat,2201.1882631158187,1,1,22,Polygon
7105,1,Wheat,2201.3102418766734,1,1,22,Polygon
802,1,Wheat,2200.613024099344,1,1,22,Polygon
852,1,Wheat,2200.9607962109963,1,1,22,Polygon
1393,3,Lentil,2300.945784041175,1,1,23,Polygon
4264,9,Maize,2299.4403766426685,1,1,23,Polygon
6331,9,Maize,2301.7372722355785,1,1,23,Polygon
6361,9,Maize,2301.400505312707,1,1,23,Polygon
6377,9,Maize,2301.7695940528147,1,1,23,Polygon
6624,9,Maize,2301.638048836925,1,1,23,Polygon
6984,9,Maize,2301.4365433602684,1,1,23,Polygon
7117,9,Maize,2301.506175880172,1,1,23,Polygon
7331,9,Maize,2301.6590087914383,1,1,23,Polygon
1402,2,Mustard,2300.717514248169,1,1,23,Polygon
1961,2,Mustard,2301.8036463517756,1,1,23,Polygon
2277,2,Mustard,2301.789323057883,1,1,23,Polygon
2309,2,Mustard,2301.654534887511,1,1,23,Polygon
2366,2,Mustard,2301.7726907052684,1,1,23,Polygon
2373,2,Mustard,2301.7981543122396,1,1,23,Polygon
2900,2,Mustard,2301.7009677647457,1,1,23,Polygon
2990,2,Mustard,2301.761766848271,1,1,23,Polygon
3149,2,Mustard,2301.63627683804,1,1,23,Polygon
3197,2,Mustard,2301.740938665023,1,1,23,Polygon
3269,2,Mustard,2301.673408969815,1,1,23,Polygon
3281,2,Mustard,2301.6805842871695,1,1,23,Polygon
33,2,Mustard,2300.72054109009,1,1,23,Polygon
331,2,Mustard,2301.1358548608246,1,1,23,Polygon
3316,2,Mustard,2301.642992075145,1,1,23,Polygon
3338,2,Mustard,2301.677531784812,1,1,23,Polygon
523,2,Mustard,2300.780062832282,1,1,23,Polygon
5485,2,Mustard,2300.0071261827275,1,1,23,Polygon
5852,2,Mustard,2300.567497338044,1,1,23,Polygon
5912,2,Mustard,2300.3819230887148,1,1,23,Polygon
818,2,Mustard,2300.699453270137,1,1,23,Polygon
1732,4,No crop/Fallow,2301.679010718622,1,1,23,Polygon
1954,4,No crop/Fallow,2301.5425393086357,1,1,23,Polygon
271,4,No crop/Fallow,2301.193182496346,1,1,23,Polygon
2718,4,No crop/Fallow,2301.830547354797,1,1,23,Polygon
3709,4,No crop/Fallow,2296.8034197289526,1,1,23,Polygon
3791,4,No crop/Fallow,2298.3770869500604,1,1,23,Polygon
3869,4,No crop/Fallow,2297.065057629775,1,1,23,Polygon
3899,4,No crop/Fallow,2296.4021676418542,1,1,23,Polygon
4238,4,No crop/Fallow,2296.7359298592546,1,1,23,Polygon
4308,4,No crop/Fallow,2296.7441222948632,1,1,23,Polygon
4458,4,No crop/Fallow,2297.7168065917303,1,1,23,Polygon
4466,4,No crop/Fallow,2296.5243494351566,1,1,23,Polygon
4501,4,No crop/Fallow,2298.7227401597224,1,1,23,Polygon
4604,4,No crop/Fallow,2298.5330049924587,1,1,23,Polygon
4638,4,No crop/Fallow,2298.6331581050035,1,1,23,Polygon
4892,4,No crop/Fallow,2296.4587773550024,1,1,23,Polygon
4990,4,No crop/Fallow,2298.5641039291236,1,1,23,Polygon
5178,4,No crop/Fallow,2298.080849385249,1,1,23,Polygon
5209,4,No crop/Fallow,2298.241824082975,1,1,23,Polygon
5239,4,No crop/Fallow,2296.6258227954427,1,1,23,Polygon
531,4,No crop/Fallow,2300.857698554938,1,1,23,Polygon
6661,4,No crop/Fallow,2301.619826051151,1,1,23,Polygon
6938,4,No crop/Fallow,2301.393407857407,1,1,23,Polygon
7036,4,No crop/Fallow,2301.5345456671375,1,1,23,Polygon
7280,4,No crop/Fallow,2301.534406715437,1,1,23,Polygon
6415,15,Potato,2301.7265915768307,1,1,23,Polygon
6475,15,Potato,2301.8129360108796,1,1,23,Polygon
6488,15,Potato,2301.6432104482483,1,1,23,Polygon
3741,36,Rice,2299.2049098841226,1,1,23,Polygon
110,6,Sugarcane,2300.660169737297,1,1,23,Polygon
2787,6,Sugarcane,2301.6171408341056,1,1,23,Polygon
3009,6,Sugarcane,2301.781132538308,1,1,23,Polygon
352,6,Sugarcane,2301.0368454163213,1,1,23,Polygon
421,6,Sugarcane,2300.8279344138105,1,1,23,Polygon
456,6,Sugarcane,2300.6396525301843,1,1,23,Polygon
833,6,Sugarcane,2300.603889036024,1,1,23,Polygon
97,6,Sugarcane,2300.792713383828,1,1,23,Polygon
1349,1,Wheat,2300.7186455505603,1,1,23,Polygon
1449,1,Wheat,2301.1120932253393,1,1,23,Polygon
1455,1,Wheat,2301.111143197605,1,1,23,Polygon
1607,1,Wheat,2300.6719276185877,1,1,23,Polygon
1706,1,Wheat,2301.616304162215,1,1,23,Polygon
1743,1,Wheat,2301.583583829896,1,1,23,Polygon
175,1,Wheat,2300.449301439864,1,1,23,Polygon
1776,1,Wheat,2301.5878161581873,1,1,23,Polygon
1937,1,Wheat,2301.627345563595,1,1,23,Polygon
1942,1,Wheat,2301.7450400084085,1,1,23,Polygon
1959,1,Wheat,2301.6814575252174,1,1,23,Polygon
198,1,Wheat,2300.944823984201,1,1,23,Polygon
1998,1,Wheat,2301.675420223065,1,1,23,Polygon
2086,1,Wheat,2301.6736983950423,1,1,23,Polygon
2098,1,Wheat,2301.5680219581773,1,1,23,Polygon
2103,1,Wheat,2301.6150681243353,1,1,23,Polygon
2118,1,Wheat,2301.769234605293,1,1,23,Polygon
2168,1,Wheat,2301.6862880139433,1,1,23,Polygon
2186,1,Wheat,2301.7649778763057,1,1,23,Polygon
2189,1,Wheat,2301.6805456741217,1,1,23,Polygon
2224,1,Wheat,2301.729921668296,1,1,23,Polygon
2359,1,Wheat,2301.5457396290262,1,1,23,Polygon
2388,1,Wheat,2301.5952584180595,1,1,23,Polygon
2677,1,Wheat,2301.758061346299,1,1,23,Polygon
2692,1,Wheat,2301.7225765109774,1,1,23,Polygon
2903,1,Wheat,2301.703219079595,1,1,23,Polygon
2925,1,Wheat,2301.592098797436,1,1,23,Polygon
2958,1,Wheat,2301.6416665515208,1,1,23,Polygon
3013,1,Wheat,2301.545401303248,1,1,23,Polygon
3195,1,Wheat,2301.734570703842,1,1,23,Polygon
3285,1,Wheat,2301.6274508419347,1,1,23,Polygon
3355,1,Wheat,2301.530998490747,1,1,23,Polygon
3429,1,Wheat,2301.7196573593487,1,1,23,Polygon
3482,1,Wheat,2301.6186784560646,1,1,23,Polygon
3596,1,Wheat,2301.659434423098,1,1,23,Polygon
3633,1,Wheat,2301.36768935733,1,1,23,Polygon
366,1,Wheat,2301.171038885981,1,1,23,Polygon
415,1,Wheat,2300.7206045169282,1,1,23,Polygon
422,1,Wheat,2301.1561491113334,1,1,23,Polygon
491,1,Wheat,2301.1531292424547,1,1,23,Polygon
507,1,Wheat,2300.9713918376547,1,1,23,Polygon
5336,1,Wheat,2300.058333578648,1,1,23,Polygon
5781,1,Wheat,2299.9983181763246,1,1,23,Polygon
6131,1,Wheat,2300.2350125213793,1,1,23,Polygon
671,1,Wheat,2301.0320061838306,1,1,23,Polygon
6838,1,Wheat,2301.3376831805517,1,1,23,Polygon
696,1,Wheat,2300.3816832909133,1,1,23,Polygon
6967,1,Wheat,2301.5348214183296,1,1,23,Polygon
7001,1,Wheat,2301.5985657819665,1,1,23,Polygon
7310,1,Wheat,2301.345811803782,1,1,23,Polygon
810,1,Wheat,2300.844329803262,1,1,23,Polygon
980,1,Wheat,2300.94555418392,1,1,23,Polygon
981,1,Wheat,2300.8224671605067,1,1,23,Polygon
3625,16,Bersem,2401.801553026249,1,1,24,Polygon
2892,14,Coriander,2401.5177430373565,1,1,24,Polygon
5653,13,Gram,2399.449231893546,1,1,24,Polygon
5796,13,Gram,2400.3763350120325,1,1,24,Polygon
1862,3,Lentil,2401.833322014165,1,1,24,Polygon
6369,9,Maize,2401.410587682651,1,1,24,Polygon
6392,9,Maize,2401.8208061645937,1,1,24,Polygon
6834,9,Maize,2401.79744892637,1,1,24,Polygon
6957,9,Maize,2401.877000846948,1,1,24,Polygon
6988,9,Maize,2401.8365842019844,1,1,24,Polygon
7119,9,Maize,2401.5684372285505,1,1,24,Polygon
7143,9,Maize,2401.840399571006,1,1,24,Polygon
7195,9,Maize,2401.82119924847,1,1,24,Polygon
1190,2,Mustard,2400.544841389958,1,1,24,Polygon
159,2,Mustard,2400.8183721514615,1,1,24,Polygon
1608,2,Mustard,2400.7003885938725,1,1,24,Polygon
1757,2,Mustard,2401.728492564938,1,1,24,Polygon
1818,2,Mustard,2401.8315718498593,1,1,24,Polygon
185,2,Mustard,2401.2016321181686,1,1,24,Polygon
2241,2,Mustard,2401.7092217999366,1,1,24,Polygon
2703,2,Mustard,2401.8589846115146,1,1,24,Polygon
2943,2,Mustard,2401.814023934635,1,1,24,Polygon
3247,2,Mustard,2401.803263278196,1,1,24,Polygon
3345,2,Mustard,2401.4330160143145,1,1,24,Polygon
3352,2,Mustard,2401.597591244925,1,1,24,Polygon
3428,2,Mustard,2401.7938433019117,1,1,24,Polygon
3572,2,Mustard,2401.5175189925126,1,1,24,Polygon
442,2,Mustard,2401.04165951918,1,1,24,Polygon
5634,2,Mustard,2400.2448881158393,1,1,24,Polygon
6135,2,Mustard,2400.237925565971,1,1,24,Polygon
6176,2,Mustard,2400.220309956675,1,1,24,Polygon
6225,2,Mustard,2400.0313389197404,1,1,24,Polygon
6606,2,Mustard,2401.6353783370505,1,1,24,Polygon
774,2,Mustard,2400.9334658359926,1,1,24,Polygon
123,4,No crop/Fallow,2401.230947174872,1,1,24,Polygon
1326,4,No crop/Fallow,2400.6553302135812,1,1,24,Polygon
1498,4,No crop/Fallow,2400.8194224208555,1,1,24,Polygon
1916,4,No crop/Fallow,2401.69136573797,1,1,24,Polygon
195,4,No crop/Fallow,2400.99045955485,1,1,24,Polygon
2222,4,No crop/Fallow,2401.8079033848812,1,1,24,Polygon
2664,4,No crop/Fallow,2401.752061647037,1,1,24,Polygon
3486,4,No crop/Fallow,2401.8574409521907,1,1,24,Polygon
3566,4,No crop/Fallow,2401.7431731262177,1,1,24,Polygon
3790,4,No crop/Fallow,2398.3046780819277,1,1,24,Polygon
3816,4,No crop/Fallow,2397.611422856055,1,1,24,Polygon
4050,4,No crop/Fallow,2398.0354667657557,1,1,24,Polygon
4112,4,No crop/Fallow,2398.4675006870443,1,1,24,Polygon
4158,4,No crop/Fallow,2398.3015676388704,1,1,24,Polygon
4245,4,No crop/Fallow,2397.7878049584924,1,1,24,Polygon
4258,4,No crop/Fallow,2397.1323626497474,1,1,24,Polygon
4273,4,No crop/Fallow,2398.215065743699,1,1,24,Polygon
4581,4,No crop/Fallow,2398.220458240387,1,1,24,Polygon
4676,4,No crop/Fallow,2398.356168521772,1,1,24,Polygon
4861,4,No crop/Fallow,2398.4501156863344,1,1,24,Polygon
4967,4,No crop/Fallow,2398.037005780608,1,1,24,Polygon
4977,4,No crop/Fallow,2397.6982408042813,1,1,24,Polygon
5053,4,No crop/Fallow,2398.1755587427083,1,1,24,Polygon
5152,4,No crop/Fallow,2397.9445972370418,1,1,24,Polygon
5180,4,No crop/Fallow,2398.5363534476674,1,1,24,Polygon
5228,4,No crop/Fallow,2396.3504647548148,1,1,24,Polygon
6497,4,No crop/Fallow,2401.832633634287,1,1,24,Polygon
6674,4,No crop/Fallow,2401.6694239643275,1,1,24,Polygon
7008,4,No crop/Fallow,2401.4586823164877,1,1,24,Polygon
7090,4,No crop/Fallow,2401.7883247574973,1,1,24,Polygon
7219,4,No crop/Fallow,2401.788283612351,1,1,24,Polygon
898,4,No crop/Fallow,2400.899605727843,1,1,24,Polygon
7184,15,Potato,2401.805212920117,1,1,24,Polygon
4276,36,Rice,2397.133755349173,1,1,24,Polygon
4713,36,Rice,2396.7018101627873,1,1,24,Polygon
6770,36,Rice,2401.5452726954427,1,1,24,Polygon
6827,36,Rice,2401.7464528932737,1,1,24,Polygon
7076,36,Rice,2401.481054215147,1,1,24,Polygon
1380,6,Sugarcane,2401.1553140918154,1,1,24,Polygon
2378,6,Sugarcane,2401.8576856990985,1,1,24,Polygon
2966,6,Sugarcane,2401.687511675276,1,1,24,Polygon
773,6,Sugarcane,2400.941854675128,1,1,24,Polygon
935,6,Sugarcane,2401.0414669095253,1,1,24,Polygon
108,1,Wheat,2400.6825015342774,1,1,24,Polygon
1270,1,Wheat,2400.862326230402,1,1,24,Polygon
1274,1,Wheat,2400.823618128794,1,1,24,Polygon
1350,1,Wheat,2401.145139118642,1,1,24,Polygon
1375,1,Wheat,2400.3166295237893,1,1,24,Polygon
1698,1,Wheat,2401.656346404445,1,1,24,Polygon
1796,1,Wheat,2401.713753649093,1,1,24,Polygon
1840,1,Wheat,2401.791788026857,1,1,24,Polygon
2099,1,Wheat,2401.840598682717,1,1,24,Polygon
2114,1,Wheat,2401.7358409426192,1,1,24,Polygon
2137,1,Wheat,2401.8190986861473,1,1,24,Polygon
218,1,Wheat,2400.956580451987,1,1,24,Polygon
233,1,Wheat,2400.4688768553974,1,1,24,Polygon
2454,1,Wheat,2401.42252065221,1,1,24,Polygon
2471,1,Wheat,2401.732539586436,1,1,24,Polygon
2523,1,Wheat,2401.8358382380493,1,1,24,Polygon
2525,1,Wheat,2401.803727825644,1,1,24,Polygon
2526,1,Wheat,2401.8034586217886,1,1,24,Polygon
2710,1,Wheat,2401.739810462382,1,1,24,Polygon
2789,1,Wheat,2401.687256418587,1,1,24,Polygon
2859,1,Wheat,2401.752965121434,1,1,24,Polygon
2888,1,Wheat,2401.6947408740775,1,1,24,Polygon
2909,1,Wheat,2401.810438020344,1,1,24,Polygon
3087,1,Wheat,2401.6175800349847,1,1,24,Polygon
3306,1,Wheat,2401.725886014359,1,1,24,Polygon
3438,1,Wheat,2401.7843464099037,1,1,24,Polygon
3463,1,Wheat,2401.7976869403187,1,1,24,Polygon
3481,1,Wheat,2401.7158887941714,1,1,24,Polygon
3484,1,Wheat,2401.6901926614582,1,1,24,Polygon
351,1,Wheat,2401.081130492091,1,1,24,Polygon
3524,1,Wheat,2401.7450343143573,1,1,24,Polygon
3550,1,Wheat,2401.747500936923,1,1,24,Polygon
3556,1,Wheat,2401.6065391165807,1,1,24,Polygon
364,1,Wheat,2401.2195086721576,1,1,24,Polygon
5305,1,Wheat,2399.4398723652967,1,1,24,Polygon
5629,1,Wheat,2400.101873502152,1,1,24,Polygon
6233,1,Wheat,2399.841674882413,1,1,24,Polygon
6255,1,Wheat,2399.946193613739,1,1,24,Polygon
6289,1,Wheat,2400.128078841662,1,1,24,Polygon
6363,1,Wheat,2401.5187009692063,1,1,24,Polygon
6571,1,Wheat,2401.396627785333,1,1,24,Polygon
6572,1,Wheat,2401.395742854971,1,1,24,Polygon
6727,1,Wheat,2401.401636965665,1,1,24,Polygon
6978,1,Wheat,2401.476922536519,1,1,24,Polygon
7027,1,Wheat,2401.664655406899,1,1,24,Polygon
711,1,Wheat,2400.7192246371856,1,1,24,Polygon
7241,1,Wheat,2401.596189582068,1,1,24,Polygon
731,1,Wheat,2400.815815097444,1,1,24,Polygon
768,1,Wheat,2400.9890578454847,1,1,24,Polygon
781,1,Wheat,2400.9825162145767,1,1,24,Polygon
855,1,Wheat,2401.0499109441644,1,1,24,Polygon
5800,8,Garlic,2500.055511186151,1,1,25,Polygon
3117,5,Green pea,2501.919569047237,1,1,25,Polygon
1965,3,Lentil,2501.927412725437,1,1,25,Polygon
666,3,Lentil,2500.8762448144557,1,1,25,Polygon
6367,9,Maize,2501.585033975202,1,1,25,Polygon
6513,9,Maize,2501.9368081901944,1,1,25,Polygon
6913,9,Maize,2501.5655180401163,1,1,25,Polygon
6971,9,Maize,2501.63304671585,1,1,25,Polygon
7056,9,Maize,2501.896016445377,1,1,25,Polygon
7174,9,Maize,2501.565166109599,1,1,25,Polygon
7212,9,Maize,2501.556045271696,1,1,25,Polygon
1436,2,Mustard,2501.208782343007,1,1,25,Polygon
1437,2,Mustard,2501.207393605428,1,1,25,Polygon
1522,2,Mustard,2500.8472283998567,1,1,25,Polygon
1541,2,Mustard,2500.374540594073,1,1,25,Polygon
1770,2,Mustard,2501.901699450616,1,1,25,Polygon
2017,2,Mustard,2501.92315318965,1,1,25,Polygon
2659,2,Mustard,2501.87978116895,1,1,25,Polygon
2808,2,Mustard,2501.9056815870817,1,1,25,Polygon
2893,2,Mustard,2501.5841292938053,1,1,25,Polygon
3361,2,Mustard,2501.9788816634587,1,1,25,Polygon
3603,2,Mustard,2501.5090213976805,1,1,25,Polygon
468,2,Mustard,2500.7470897428857,1,1,25,Polygon
5392,2,Mustard,2500.292247311436,1,1,25,Polygon
5951,2,Mustard,2499.7993464987867,1,1,25,Polygon
6036,2,Mustard,2501.0175534517075,1,1,25,Polygon
6128,2,Mustard,2499.8746135141946,1,1,25,Polygon
6400,2,Mustard,2501.6466508222375,1,1,25,Polygon
6758,2,Mustard,2501.7015239280463,1,1,25,Polygon
7103,2,Mustard,2501.640877910125,1,1,25,Polygon
7177,2,Mustard,2501.8944264198767,1,1,25,Polygon
138,4,No crop/Fallow,2501.1726943455355,1,1,25,Polygon
1463,4,No crop/Fallow,2501.208084775334,1,1,25,Polygon
2117,4,No crop/Fallow,2501.9216115821027,1,1,25,Polygon
3694,4,No crop/Fallow,2496.5238400448507,1,1,25,Polygon
3735,4,No crop/Fallow,2497.9885121525294,1,1,25,Polygon
380,4,No crop/Fallow,2500.7726887455437,1,1,25,Polygon
3843,4,No crop/Fallow,2498.0275210976283,1,1,25,Polygon
3951,4,No crop/Fallow,2496.8262194242016,1,1,25,Polygon
4057,4,No crop/Fallow,2497.579306600168,1,1,25,Polygon
4286,4,No crop/Fallow,2496.286099958282,1,1,25,Polygon
4292,4,No crop/Fallow,2498.9715029049166,1,1,25,Polygon
4294,4,No crop/Fallow,2498.9812079970065,1,1,25,Polygon
4310,4,No crop/Fallow,2496.46251681648,1,1,25,Polygon
4516,4,No crop/Fallow,2497.9228625655846,1,1,25,Polygon
4701,4,No crop/Fallow,2496.352271564516,1,1,25,Polygon
4725,4,No crop/Fallow,2498.981056412006,1,1,25,Polygon
4730,4,No crop/Fallow,2497.5168499573356,1,1,25,Polygon
4748,4,No crop/Fallow,2496.2030798295273,1,1,25,Polygon
4758,4,No crop/Fallow,2497.1074785054757,1,1,25,Polygon
5123,4,No crop/Fallow,2498.3658234629884,1,1,25,Polygon
5161,4,No crop/Fallow,2498.574888229506,1,1,25,Polygon
5234,4,No crop/Fallow,2496.0922863010437,1,1,25,Polygon
7062,4,No crop/Fallow,2501.6694458597617,1,1,25,Polygon
707,4,No crop/Fallow,2501.2368990763193,1,1,25,Polygon
7125,4,No crop/Fallow,2501.7097590251306,1,1,25,Polygon
2829,6,Sugarcane,2501.9551952569022,1,1,25,Polygon
1019,1,Wheat,2501.197935909246,1,1,25,Polygon
1085,1,Wheat,2500.889963777701,1,1,25,Polygon
1181,1,Wheat,2501.2660128999473,1,1,25,Polygon
1271,1,Wheat,2500.890520335066,1,1,25,Polygon
1445,1,Wheat,2501.206353501514,1,1,25,Polygon
1490,1,Wheat,2501.1827844526883,1,1,25,Polygon
1602,1,Wheat,2500.862434229078,1,1,25,Polygon
1646,1,Wheat,2501.0892591166153,1,1,25,Polygon
1658,1,Wheat,2501.047447747688,1,1,25,Polygon
1715,1,Wheat,2501.817988602521,1,1,25,Polygon
1861,1,Wheat,2501.9097409236924,1,1,25,Polygon
1944,1,Wheat,2501.877346333257,1,1,25,Polygon
1996,1,Wheat,2501.8174641175024,1,1,25,Polygon
2072,1,Wheat,2501.824993938073,1,1,25,Polygon
2155,1,Wheat,2501.712053425522,1,1,25,Polygon
2195,1,Wheat,2501.9238080284563,1,1,25,Polygon
2229,1,Wheat,2501.527801619602,1,1,25,Polygon
2457,1,Wheat,2501.9037815725833,1,1,25,Polygon
2528,1,Wheat,2501.8791611287593,1,1,25,Polygon
2733,1,Wheat,2501.8885975762873,1,1,25,Polygon
2774,1,Wheat,2501.8793088281486,1,1,25,Polygon
2776,1,Wheat,2501.875690916972,1,1,25,Polygon
2777,1,Wheat,2501.8816798400558,1,1,25,Polygon
2783,1,Wheat,2501.9175181162036,1,1,25,Polygon
2819,1,Wheat,2501.9759366407034,1,1,25,Polygon
2833,1,Wheat,2501.881586671975,1,1,25,Polygon
3020,1,Wheat,2501.7778493398064,1,1,25,Polygon
3263,1,Wheat,2501.7626670789964,1,1,25,Polygon
328,1,Wheat,2500.9203064356134,1,1,25,Polygon
3346,1,Wheat,2501.4991646092517,1,1,25,Polygon
3404,1,Wheat,2501.94339073497,1,1,25,Polygon
3464,1,Wheat,2501.8722858813508,1,1,25,Polygon
440,1,Wheat,2501.268875773762,1,1,25,Polygon
49,1,Wheat,2500.7853252617765,1,1,25,Polygon
510,1,Wheat,2501.0554229045697,1,1,25,Polygon
5547,1,Wheat,2500.300198141572,1,1,25,Polygon
5598,1,Wheat,2499.7000604995246,1,1,25,Polygon
5779,1,Wheat,2500.3832707874,1,1,25,Polygon
5919,1,Wheat,2500.5371227859105,1,1,25,Polygon
5990,1,Wheat,2500.2432305092866,1,1,25,Polygon
6386,1,Wheat,2501.5525044732904,1,1,25,Polygon
6909,1,Wheat,2501.458969373749,1,1,25,Polygon
7025,1,Wheat,2501.73407105481,1,1,25,Polygon
853,1,Wheat,2501.0932552817153,1,1,25,Polygon
861,1,Wheat,2500.9489365075583,1,1,25,Polygon
863,1,Wheat,2500.235856474642,1,1,25,Polygon
958,1,Wheat,2500.995674998117,1,1,25,Polygon
961,1,Wheat,2501.265325822563,1,1,25,Polygon
3452,16,Bersem,2601.872578883062,1,1,26,Polygon
5983,16,Bersem,2600.7905622915687,1,1,26,Polygon
5797,13,Gram,2600.4085260514535,1,1,26,Polygon
6031,13,Gram,2599.84485749897,1,1,26,Polygon
439,3,Lentil,2601.082460084985,1,1,26,Polygon
6372,9,Maize,2601.5287195266105,1,1,26,Polygon
6394,9,Maize,2601.977727172074,1,1,26,Polygon
6546,9,Maize,2601.7199200269606,1,1,26,Polygon
6598,9,Maize,2601.9452602960646,1,1,26,Polygon
6609,9,Maize,2601.835376342204,1,1,26,Polygon
6696,9,Maize,2601.7252980619746,1,1,26,Polygon
6995,9,Maize,2602.0112724518563,1,1,26,Polygon
7326,9,Maize,2601.6990510953383,1,1,26,Polygon
1027,2,Mustard,2600.4986745408364,1,1,26,Polygon
1489,2,Mustard,2600.8663214259827,1,1,26,Polygon
1729,2,Mustard,2601.893663479171,1,1,26,Polygon
2064,2,Mustard,2601.957038947567,1,1,26,Polygon
2593,2,Mustard,2601.98730850904,1,1,26,Polygon
2831,2,Mustard,2601.9585764019175,1,1,26,Polygon
2899,2,Mustard,2602.0402733403153,1,1,26,Polygon
313,2,Mustard,2600.9035817728395,1,1,26,Polygon
3536,2,Mustard,2601.9868446474616,1,1,26,Polygon
5489,2,Mustard,2599.8489023442685,1,1,26,Polygon
6006,2,Mustard,2600.2521215711113,1,1,26,Polygon
6158,2,Mustard,2600.2388322193415,1,1,26,Polygon
6228,2,Mustard,2600.035566202919,1,1,26,Polygon
638,2,Mustard,2601.0952941725313,1,1,26,Polygon
6383,2,Mustard,2601.951976022653,1,1,26,Polygon
655,2,Mustard,2601.2820627486235,1,1,26,Polygon
6807,2,Mustard,2601.692741695745,1,1,26,Polygon
7050,2,Mustard,2601.755758192194,1,1,26,Polygon
1343,4,No crop/Fallow,2600.801796083655,1,1,26,Polygon
1446,4,No crop/Fallow,2601.254951250292,1,1,26,Polygon
1491,4,No crop/Fallow,2601.2310882573192,1,1,26,Polygon
3825,4,No crop/Fallow,2597.421812119473,1,1,26,Polygon
3987,4,No crop/Fallow,2596.4884565231473,1,1,26,Polygon
4109,4,No crop/Fallow,2598.34373136101,1,1,26,Polygon
4233,4,No crop/Fallow,2596.311813955486,1,1,26,Polygon
4582,4,No crop/Fallow,2598.070154915845,1,1,26,Polygon
4583,4,No crop/Fallow,2598.0668113275237,1,1,26,Polygon
4625,4,No crop/Fallow,2598.3678890664314,1,1,26,Polygon
4670,4,No crop/Fallow,2598.105381869553,1,1,26,Polygon
4763,4,No crop/Fallow,2598.910066299694,1,1,26,Polygon
4942,4,No crop/Fallow,2597.833956471573,1,1,26,Polygon
4968,4,No crop/Fallow,2596.023000217313,1,1,26,Polygon
5780,4,No crop/Fallow,2600.3985212541725,1,1,26,Polygon
690,4,No crop/Fallow,2601.2318638538773,1,1,26,Polygon
6941,4,No crop/Fallow,2601.5743558249537,1,1,26,Polygon
4445,36,Rice,2596.45429096812,1,1,26,Polygon
4530,36,Rice,2598.9480700346985,1,1,26,Polygon
7332,36,Rice,2601.937930175747,1,1,26,Polygon
1223,6,Sugarcane,2601.089986937153,1,1,26,Polygon
2952,6,Sugarcane,2601.5542651220385,1,1,26,Polygon
310,6,Sugarcane,2600.9407085388043,1,1,26,Polygon
438,6,Sugarcane,2601.0841340695997,1,1,26,Polygon
634,6,Sugarcane,2601.1052380032806,1,1,26,Polygon
1025,1,Wheat,2600.838993179609,1,1,26,Polygon
1046,1,Wheat,2601.303963947581,1,1,26,Polygon
115,1,Wheat,2600.8734047270805,1,1,26,Polygon
1175,1,Wheat,2601.356830920175,1,1,26,Polygon
1342,1,Wheat,2600.8320617263503,1,1,26,Polygon
1653,1,Wheat,2600.7906844337103,1,1,26,Polygon
1848,1,Wheat,2601.896962975739,1,1,26,Polygon
1854,1,Wheat,2601.581038011457,1,1,26,Polygon
1889,1,Wheat,2601.887235709697,1,1,26,Polygon
1991,1,Wheat,2602.017334556308,1,1,26,Polygon
2175,1,Wheat,2601.9575120812196,1,1,26,Polygon
2176,1,Wheat,2601.9579740831227,1,1,26,Polygon
2220,1,Wheat,2602.00620263227,1,1,26,Polygon
2221,1,Wheat,2602.0061251398224,1,1,26,Polygon
227,1,Wheat,2600.933073363387,1,1,26,Polygon
2299,1,Wheat,2601.8796971620914,1,1,26,Polygon
2355,1,Wheat,2601.850914837277,1,1,26,Polygon
2404,1,Wheat,2601.7896905454554,1,1,26,Polygon
2411,1,Wheat,2601.7763159938468,1,1,26,Polygon
2434,1,Wheat,2601.7519090447518,1,1,26,Polygon
2452,1,Wheat,2601.5413513228364,1,1,26,Polygon
2491,1,Wheat,2601.8848567455216,1,1,26,Polygon
2630,1,Wheat,2601.8407959963133,1,1,26,Polygon
2646,1,Wheat,2601.8380516704724,1,1,26,Polygon
2702,1,Wheat,2601.8591518174876,1,1,26,Polygon
281,1,Wheat,2600.785634635022,1,1,26,Polygon
2840,1,Wheat,2601.85644673034,1,1,26,Polygon
288,1,Wheat,2600.8476069451226,1,1,26,Polygon
2880,1,Wheat,2601.8814701356628,1,1,26,Polygon
2932,1,Wheat,2601.9944795329848,1,1,26,Polygon
2959,1,Wheat,2601.9538715245685,1,1,26,Polygon
302,1,Wheat,2600.6929477315143,1,1,26,Polygon
3146,1,Wheat,2601.84460338727,1,1,26,Polygon
3148,1,Wheat,2601.8442278383977,1,1,26,Polygon
3157,1,Wheat,2601.9832570784515,1,1,26,Polygon
3262,1,Wheat,2601.83235870602,1,1,26,Polygon
3376,1,Wheat,2601.98827960974,1,1,26,Polygon
3488,1,Wheat,2601.9490188462773,1,1,26,Polygon
3493,1,Wheat,2601.9083566860545,1,1,26,Polygon
3515,1,Wheat,2601.8372478271413,1,1,26,Polygon
3519,1,Wheat,2601.9700114636753,1,1,26,Polygon
3581,1,Wheat,2601.8671252403983,1,1,26,Polygon
5683,1,Wheat,2599.29632133197,1,1,26,Polygon
5799,1,Wheat,2600.0312875341156,1,1,26,Polygon
6230,1,Wheat,2600.981000591453,1,1,26,Polygon
691,1,Wheat,2601.2323129921997,1,1,26,Polygon
7108,1,Wheat,2601.5626317807883,1,1,26,Polygon
7150,1,Wheat,2601.6294930405434,1,1,26,Polygon
7167,1,Wheat,2601.7196268070566,1,1,26,Polygon
905,1,Wheat,2600.648464859818,1,1,26,Polygon
937,1,Wheat,2601.1344934388567,1,1,26,Polygon
966,1,Wheat,2600.8878589900714,1,1,26,Polygon
5701,13,Gram,2698.6182052181475,1,1,27,Polygon
2393,3,Lentil,2701.843511821923,1,1,27,Polygon
1842,9,Maize,2701.952121320482,1,1,27,Polygon
6374,9,Maize,2701.5878674243254,1,1,27,Polygon
6410,9,Maize,2702.0138027991475,1,1,27,Polygon
6516,9,Maize,2702.0916019099104,1,1,27,Polygon
6748,9,Maize,2702.0451912387753,1,1,27,Polygon
6753,9,Maize,2701.9828153602716,1,1,27,Polygon
6764,9,Maize,2701.786402945443,1,1,27,Polygon
6798,9,Maize,2702.047441098106,1,1,27,Polygon
7051,9,Maize,2701.9632832302777,1,1,27,Polygon
7250,9,Maize,2702.071684114742,1,1,27,Polygon
1024,2,Mustard,2700.612058470006,1,1,27,Polygon
1331,2,Mustard,2700.737111559185,1,1,27,Polygon
1947,2,Mustard,2702.131081924046,1,1,27,Polygon
2082,2,Mustard,2702.0529560249015,1,1,27,Polygon
2160,2,Mustard,2702.055179713029,1,1,27,Polygon
2323,2,Mustard,2701.8545261793925,1,1,27,Polygon
2333,2,Mustard,2701.9512630562967,1,1,27,Polygon
3158,2,Mustard,2701.827690742424,1,1,27,Polygon
3254,2,Mustard,2702.0650690259504,1,1,27,Polygon
5316,2,Mustard,2700.4965987931823,1,1,27,Polygon
5635,2,Mustard,2700.577383859742,1,1,27,Polygon
567,2,Mustard,2700.7962890730496,1,1,27,Polygon
5959,2,Mustard,2700.4922494555094,1,1,27,Polygon
6296,2,Mustard,2700.5965610140574,1,1,27,Polygon
6337,2,Mustard,2701.791736409656,1,1,27,Polygon
6351,2,Mustard,2702.0325235272653,1,1,27,Polygon
6900,2,Mustard,2701.502427539348,1,1,27,Polygon
693,2,Mustard,2700.83803225742,1,1,27,Polygon
7098,2,Mustard,2701.775061230085,1,1,27,Polygon
7306,2,Mustard,2701.838656531745,1,1,27,Polygon
1152,4,No crop/Fallow,2701.0461072173684,1,1,27,Polygon
1675,4,No crop/Fallow,2701.3070719018247,1,1,27,Polygon
2150,4,No crop/Fallow,2701.9061130363234,1,1,27,Polygon
2723,4,No crop/Fallow,2701.939399231087,1,1,27,Polygon
3640,4,No crop/Fallow,2695.798915186387,1,1,27,Polygon
3714,4,No crop/Fallow,2698.369576245275,1,1,27,Polygon
3751,4,No crop/Fallow,2698.2520661781537,1,1,27,Polygon
4198,4,No crop/Fallow,2698.008304147413,1,1,27,Polygon
4459,4,No crop/Fallow,2697.3302046407825,1,1,27,Polygon
4657,4,No crop/Fallow,2698.6015951672107,1,1,27,Polygon
5030,4,No crop/Fallow,2696.610236495303,1,1,27,Polygon
5118,4,No crop/Fallow,2698.9826002226773,1,1,27,Polygon
5126,4,No crop/Fallow,2698.891024661685,1,1,27,Polygon
73,4,No crop/Fallow,2700.6101692301104,1,1,27,Polygon
2282,6,Sugarcane,2702.0376180698445,1,1,27,Polygon
2849,6,Sugarcane,2701.86038506199,1,1,27,Polygon
312,6,Sugarcane,2700.9406818279153,1,1,27,Polygon
771,6,Sugarcane,2701.1160756519885,1,1,27,Polygon
1093,1,Wheat,2701.288496839176,1,1,27,Polygon
1179,1,Wheat,2701.373184327681,1,1,27,Polygon
1319,1,Wheat,2700.9121895996495,1,1,27,Polygon
1457,1,Wheat,2701.3005071670123,1,1,27,Polygon
1644,1,Wheat,2701.1759468285854,1,1,27,Polygon
167,1,Wheat,2700.9773453758253,1,1,27,Polygon
2234,1,Wheat,2702.0988895581204,1,1,27,Polygon
2279,1,Wheat,2702.0270791800385,1,1,27,Polygon
234,1,Wheat,2700.535572400495,1,1,27,Polygon
2451,1,Wheat,2701.5954387409065,1,1,27,Polygon
2456,1,Wheat,2702.0567539462822,1,1,27,Polygon
2535,1,Wheat,2702.030621208706,1,1,27,Polygon
2671,1,Wheat,2702.0373206795502,1,1,27,Polygon
2765,1,Wheat,2701.937347148773,1,1,27,Polygon
2858,1,Wheat,2701.971236052967,1,1,27,Polygon
2866,1,Wheat,2702.0496675013974,1,1,27,Polygon
2970,1,Wheat,2701.9675307858834,1,1,27,Polygon
2977,1,Wheat,2701.9378154092674,1,1,27,Polygon
3007,1,Wheat,2702.090086234533,1,1,27,Polygon
3082,1,Wheat,2702.0328074549566,1,1,27,Polygon
3089,1,Wheat,2702.0590778618584,1,1,27,Polygon
3152,1,Wheat,2702.0232837905155,1,1,27,Polygon
3225,1,Wheat,2701.8903050866447,1,1,27,Polygon
3363,1,Wheat,2702.0390186884556,1,1,27,Polygon
3403,1,Wheat,2702.0984689860993,1,1,27,Polygon
3460,1,Wheat,2701.9669682830367,1,1,27,Polygon
3477,1,Wheat,2702.0695166821797,1,1,27,Polygon
3558,1,Wheat,2701.8081879684805,1,1,27,Polygon
508,1,Wheat,2701.136944183893,1,1,27,Polygon
511,1,Wheat,2701.2890861901847,1,1,27,Polygon
5920,1,Wheat,2700.5766445270833,1,1,27,Polygon
6342,1,Wheat,2701.7592778882067,1,1,27,Polygon
6480,1,Wheat,2701.6943973782145,1,1,27,Polygon
6504,1,Wheat,2701.6269206654742,1,1,27,Polygon
6728,1,Wheat,2701.5766759613857,1,1,27,Polygon
685,1,Wheat,2700.734803508089,1,1,27,Polygon
5630,8,Garlic,2800.119822150842,1,1,28,Polygon
5876,8,Garlic,2799.991742842473,1,1,28,Polygon
6038,13,Gram,2800.353123815407,1,1,28,Polygon
1141,5,Green pea,2801.111315495662,1,1,28,Polygon
2188,3,Lentil,2802.0461459903468,1,1,28,Polygon
3545,3,Lentil,2802.14757355623,1,1,28,Polygon
3270,9,Maize,2802.035893758383,1,1,28,Polygon
6445,9,Maize,2801.8681623015927,1,1,28,Polygon
6517,9,Maize,2801.8929590720027,1,1,28,Polygon
6894,9,Maize,2802.155704003605,1,1,28,Polygon
6972,9,Maize,2802.1178652197395,1,1,28,Polygon
7064,9,Maize,2801.8901758341694,1,1,28,Polygon
7318,9,Maize,2801.690499109232,1,1,28,Polygon
100,2,Mustard,2800.9474749407736,1,1,28,Polygon
1264,2,Mustard,2800.5549999978884,1,1,28,Polygon
2180,2,Mustard,2802.205794776538,1,1,28,Polygon
2352,2,Mustard,2801.9952570494042,1,1,28,Polygon
256,2,Mustard,2800.527491247633,1,1,28,Polygon
2758,2,Mustard,2802.16603940883,1,1,28,Polygon
3042,2,Mustard,2801.9279238000304,1,1,28,Polygon
3554,2,Mustard,2802.1063503754413,1,1,28,Polygon
4797,2,Mustard,2798.856114363715,1,1,28,Polygon
5319,2,Mustard,2800.514565003693,1,1,28,Polygon
5641,2,Mustard,2798.6418893797972,1,1,28,Polygon
5824,2,Mustard,2799.7705617262636,1,1,28,Polygon
5889,2,Mustard,2800.477903775341,1,1,28,Polygon
6694,2,Mustard,2801.853970417343,1,1,28,Polygon
709,2,Mustard,2801.2154195445332,1,1,28,Polygon
7255,2,Mustard,2802.1784420994422,1,1,28,Polygon
120,4,No crop/Fallow,2801.304312601326,1,1,28,Polygon
1351,4,No crop/Fallow,2801.332828409243,1,1,28,Polygon
1474,4,No crop/Fallow,2800.9102758055706,1,1,28,Polygon
2170,4,No crop/Fallow,2802.119484443797,1,1,28,Polygon
2447,4,No crop/Fallow,2802.2295561714122,1,1,28,Polygon
3159,4,No crop/Fallow,2801.8897220610156,1,1,28,Polygon
32,4,No crop/Fallow,2800.8377401484636,1,1,28,Polygon
3883,4,No crop/Fallow,2798.1995693873914,1,1,28,Polygon
4047,4,No crop/Fallow,2797.7104520982543,1,1,28,Polygon
4095,4,No crop/Fallow,2797.1127731259085,1,1,28,Polygon
4104,4,No crop/Fallow,2798.9387940270276,1,1,28,Polygon
4641,4,No crop/Fallow,2795.9930028765334,1,1,28,Polygon
4793,4,No crop/Fallow,2798.851354120452,1,1,28,Polygon
4835,4,No crop/Fallow,2797.226240377312,1,1,28,Polygon
4864,4,No crop/Fallow,2797.9663780057285,1,1,28,Polygon
4918,4,No crop/Fallow,2797.885236478415,1,1,28,Polygon
5154,4,No crop/Fallow,2798.3301560180466,1,1,28,Polygon
586,4,No crop/Fallow,2801.292896075119,1,1,28,Polygon
5992,4,No crop/Fallow,2800.272107803335,1,1,28,Polygon
6526,4,No crop/Fallow,2802.119455081148,1,1,28,Polygon
6588,4,No crop/Fallow,2802.0862940954025,1,1,28,Polygon
6731,4,No crop/Fallow,2801.983785582149,1,1,28,Polygon
7112,4,No crop/Fallow,2801.7469603559352,1,1,28,Polygon
4324,36,Rice,2798.956239474032,1,1,28,Polygon
223,6,Sugarcane,2801.0030186795498,1,1,28,Polygon
2904,6,Sugarcane,2801.9118197601215,1,1,28,Polygon
3594,6,Sugarcane,2801.9898659986948,1,1,28,Polygon
830,6,Sugarcane,2800.7311561744445,1,1,28,Polygon
1204,1,Wheat,2800.9584214900046,1,1,28,Polygon
1269,1,Wheat,2801.0047954309816,1,1,28,Polygon
1281,1,Wheat,2801.343753899357,1,1,28,Polygon
1461,1,Wheat,2801.1031823173203,1,1,28,Polygon
1545,1,Wheat,2800.7043436918816,1,1,28,Polygon
2000,1,Wheat,2802.039190546305,1,1,28,Polygon
2011,1,Wheat,2801.9743405911468,1,1,28,Polygon
2062,1,Wheat,2802.092725979078,1,1,28,Polygon
2181,1,Wheat,2802.2029891749426,1,1,28,Polygon
2296,1,Wheat,2802.1291057730923,1,1,28,Polygon
2317,1,Wheat,2802.1591428919082,1,1,28,Polygon
2409,1,Wheat,2802.096563970927,1,1,28,Polygon
2503,1,Wheat,2801.96599677549,1,1,28,Polygon
2550,1,Wheat,2802.1388482405805,1,1,28,Polygon
2600,1,Wheat,2802.177746722494,1,1,28,Polygon
2658,1,Wheat,2802.1070059096933,1,1,28,Polygon
2753,1,Wheat,2801.686860574358,1,1,28,Polygon
2838,1,Wheat,2802.0529587008864,1,1,28,Polygon
2843,1,Wheat,2802.106662671019,1,1,28,Polygon
2919,1,Wheat,2802.0768417213217,1,1,28,Polygon
3023,1,Wheat,2802.022627205482,1,1,28,Polygon
3068,1,Wheat,2802.10824480938,1,1,28,Polygon
3125,1,Wheat,2802.0322584424034,1,1,28,Polygon
3172,1,Wheat,2802.0694318804512,1,1,28,Polygon
3244,1,Wheat,2802.1064872987877,1,1,28,Polygon
3257,1,Wheat,2802.1540471024105,1,1,28,Polygon
333,1,Wheat,2801.09747829995,1,1,28,Polygon
3491,1,Wheat,2802.0293491860903,1,1,28,Polygon
443,1,Wheat,2800.471321615201,1,1,28,Polygon
527,1,Wheat,2800.572463407925,1,1,28,Polygon
5617,1,Wheat,2800.500549662667,1,1,28,Polygon
6106,1,Wheat,2800.640001976045,1,1,28,Polygon
6138,1,Wheat,2800.214088023796,1,1,28,Polygon
6229,1,Wheat,2800.0365935986065,1,1,28,Polygon
6556,1,Wheat,2801.520216608841,1,1,28,Polygon
6658,1,Wheat,2802.170162699189,1,1,28,Polygon
6839,1,Wheat,2801.62969786761,1,1,28,Polygon
839,1,Wheat,2800.4475690128465,1,1,28,Polygon
552,16,Bersem,2901.4933729680924,1,1,29,Polygon
5579,13,Gram,2899.1482469502184,1,1,29,Polygon
6743,5,Green pea,2901.7913338255385,1,1,29,Polygon
1571,3,Lentil,2900.9950694214626,1,1,29,Polygon
1764,3,Lentil,2902.22147224573,1,1,29,Polygon
1772,3,Lentil,2902.2066292093286,1,1,29,Polygon
2109,3,Lentil,2902.2287007891714,1,1,29,Polygon
3406,3,Lentil,2902.254984306046,1,1,29,Polygon
6473,9,Maize,2902.282079194873,1,1,29,Polygon
6740,9,Maize,2902.134604813041,1,1,29,Polygon
6821,9,Maize,2902.1866531235,1,1,29,Polygon
6897,9,Maize,2902.23154792082,1,1,29,Polygon
6920,9,Maize,2902.22583248462,1,1,29,Polygon
6991,9,Maize,2902.236467292845,1,1,29,Polygon
7214,9,Maize,2901.805720781868,1,1,29,Polygon
7265,9,Maize,2902.096012750282,1,1,29,Polygon
1687,2,Mustard,2900.912194961893,1,1,29,Polygon
1912,2,Mustard,2901.7556102411363,1,1,29,Polygon
2005,2,Mustard,2902.172916935048,1,1,29,Polygon
2374,2,Mustard,2901.8010688425793,1,1,29,Polygon
2500,2,Mustard,2902.212992641175,1,1,29,Polygon
2506,2,Mustard,2902.007399258704,1,1,29,Polygon
3088,2,Mustard,2901.954926012312,1,1,29,Polygon
3492,2,Mustard,2902.1280805513084,1,1,29,Polygon
5494,2,Mustard,2900.9012383751956,1,1,29,Polygon
6413,2,Mustard,2901.8469426010165,1,1,29,Polygon
6565,2,Mustard,2902.282448715045,1,1,29,Polygon
6719,2,Mustard,2901.903678736964,1,1,29,Polygon
6791,2,Mustard,2901.8884271552006,1,1,29,Polygon
7148,2,Mustard,2901.8929670978437,1,1,29,Polygon
1537,4,No crop/Fallow,2901.008518135531,1,1,29,Polygon
2417,4,No crop/Fallow,2902.1482331502757,1,1,29,Polygon
2618,4,No crop/Fallow,2902.2064154855516,1,1,29,Polygon
3647,4,No crop/Fallow,2898.8224234711784,1,1,29,Polygon
3691,4,No crop/Fallow,2895.963714074323,1,1,29,Polygon
3986,4,No crop/Fallow,2896.0806469215204,1,1,29,Polygon
4146,4,No crop/Fallow,2897.5779130822925,1,1,29,Polygon
4330,4,No crop/Fallow,2898.41507456192,1,1,29,Polygon
4410,4,No crop/Fallow,2898.000226665404,1,1,29,Polygon
4465,4,No crop/Fallow,2895.619756078633,1,1,29,Polygon
4703,4,No crop/Fallow,2895.561640129801,1,1,29,Polygon
5177,4,No crop/Fallow,2897.5812495297614,1,1,29,Polygon
5766,4,No crop/Fallow,2900.499807826466,1,1,29,Polygon
6482,4,No crop/Fallow,2902.1984340274525,1,1,29,Polygon
6849,4,No crop/Fallow,2901.936836682681,1,1,29,Polygon
6940,4,No crop/Fallow,2901.7377833082783,1,1,29,Polygon
259,15,Potato,2900.3829973662214,1,1,29,Polygon
3377,15,Potato,2902.245172264314,1,1,29,Polygon
6794,15,Potato,2902.147838247903,1,1,29,Polygon
3864,36,Rice,2898.2038637220835,1,1,29,Polygon
1686,6,Sugarcane,2900.872467902052,1,1,29,Polygon
1005,1,Wheat,2901.0383022870897,1,1,29,Polygon
1154,1,Wheat,2901.122883580672,1,1,29,Polygon
1200,1,Wheat,2901.185448452324,1,1,29,Polygon
1291,1,Wheat,2900.98479113454,1,1,29,Polygon
1432,1,Wheat,2901.5183528291004,1,1,29,Polygon
1471,1,Wheat,2900.9392660444887,1,1,29,Polygon
1748,1,Wheat,2901.9993246375725,1,1,29,Polygon
1774,1,Wheat,2901.9957261848886,1,1,29,Polygon
1852,1,Wheat,2901.7656065774204,1,1,29,Polygon
1894,1,Wheat,2902.257368595592,1,1,29,Polygon
1901,1,Wheat,2902.107301859133,1,1,29,Polygon
1979,1,Wheat,2902.1026709350526,1,1,29,Polygon
200,1,Wheat,2900.9162796298406,1,1,29,Polygon
2040,1,Wheat,2902.018753249011,1,1,29,Polygon
2045,1,Wheat,2902.283280079311,1,1,29,Polygon
2073,1,Wheat,2902.2199902800326,1,1,29,Polygon
2162,1,Wheat,2902.2061478265055,1,1,29,Polygon
246,1,Wheat,2900.4435134269543,1,1,29,Polygon
2576,1,Wheat,2902.1006023400746,1,1,29,Polygon
2719,1,Wheat,2902.0826901577166,1,1,29,Polygon
2736,1,Wheat,2902.185963839116,1,1,29,Polygon
2836,1,Wheat,2902.101269482325,1,1,29,Polygon
2847,1,Wheat,2902.1815908470167,1,1,29,Polygon
2921,1,Wheat,2902.1679698643775,1,1,29,Polygon
2967,1,Wheat,2902.039650172799,1,1,29,Polygon
3053,1,Wheat,2902.1541871638738,1,1,29,Polygon
3104,1,Wheat,2901.9478650513674,1,1,29,Polygon
3144,1,Wheat,2902.16118264589,1,1,29,Polygon
3223,1,Wheat,2902.0381818758337,1,1,29,Polygon
3242,1,Wheat,2902.1515425432995,1,1,29,Polygon
3322,1,Wheat,2901.858761208105,1,1,29,Polygon
3565,1,Wheat,2902.2093572988924,1,1,29,Polygon
3597,1,Wheat,2902.168397071291,1,1,29,Polygon
5306,1,Wheat,2899.3234311845267,1,1,29,Polygon
5335,1,Wheat,2900.0707455458564,1,1,29,Polygon
5537,1,Wheat,2900.0663852169355,1,1,29,Polygon
5550,1,Wheat,2901.040052455055,1,1,29,Polygon
568,1,Wheat,2900.857951135781,1,1,29,Polygon
5839,1,Wheat,2899.2466210862294,1,1,29,Polygon
5859,1,Wheat,2899.8085287646745,1,1,29,Polygon
5939,1,Wheat,2900.1130444618234,1,1,29,Polygon
7208,1,Wheat,2902.2017744621667,1,1,29,Polygon
963,1,Wheat,2901.4738655459323,1,1,29,Polygon
5448,8,Garlic,3000.3033882138498,1,1,30,Polygon
1236,3,Lentil,3001.2660403602854,1,1,30,Polygon
2621,3,Lentil,3002.278874816289,1,1,30,Polygon
34,3,Lentil,3000.9350649656917,1,1,30,Polygon
1727,9,Maize,3002.065717436292,1,1,30,Polygon
6666,9,Maize,3002.352258173471,1,1,30,Polygon
6681,9,Maize,3002.3137945150256,1,1,30,Polygon
6896,9,Maize,3002.3116685217506,1,1,30,Polygon
6910,9,Maize,3001.878153090837,1,1,30,Polygon
6911,9,Maize,3001.87454487311,1,1,30,Polygon
6990,9,Maize,3002.1668865017014,1,1,30,Polygon
7024,9,Maize,3002.052104522074,1,1,30,Polygon
7122,9,Maize,3002.1799950304985,1,1,30,Polygon
1472,2,Mustard,3000.9658499994202,1,1,30,Polygon
2016,2,Mustard,3002.308222564422,1,1,30,Polygon
385,2,Mustard,3001.122356016235,1,1,30,Polygon
40,2,Mustard,3001.038689075053,1,1,30,Polygon
5391,2,Mustard,3000.3839375940865,1,1,30,Polygon
6161,2,Mustard,3000.2790327573844,1,1,30,Polygon
673,2,Mustard,3001.3484960330766,1,1,30,Polygon
7222,2,Mustard,3002.2601622541265,1,1,30,Polygon
858,2,Mustard,3001.160409352462,1,1,30,Polygon
124,4,No crop/Fallow,3001.540592008028,1,1,30,Polygon
164,4,No crop/Fallow,3001.084430858988,1,1,30,Polygon
4186,4,No crop/Fallow,2996.467944930719,1,1,30,Polygon
4654,4,No crop/Fallow,2998.1173900688614,1,1,30,Polygon
4665,4,No crop/Fallow,2997.584021405492,1,1,30,Polygon
4712,4,No crop/Fallow,2998.9927788031223,1,1,30,Polygon
4737,4,No crop/Fallow,2997.7695853641903,1,1,30,Polygon
4787,4,No crop/Fallow,2997.0969310325972,1,1,30,Polygon
489,4,No crop/Fallow,3001.5005850621105,1,1,30,Polygon
5226,4,No crop/Fallow,2996.923838896204,1,1,30,Polygon
619,4,No crop/Fallow,3001.0653683865403,1,1,30,Polygon
6393,4,No crop/Fallow,3002.280978378186,1,1,30,Polygon
6446,4,No crop/Fallow,3001.999565139702,1,1,30,Polygon
6663,4,No crop/Fallow,3002.3523284122903,1,1,30,Polygon
6980,4,No crop/Fallow,3001.848520059728,1,1,30,Polygon
7009,4,No crop/Fallow,3001.8245031598244,1,1,30,Polygon
7180,4,No crop/Fallow,3002.2910365354164,1,1,30,Polygon
6815,15,Potato,3002.261120085187,1,1,30,Polygon
1576,6,Sugarcane,3000.697613678057,1,1,30,Polygon
1086,1,Wheat,3001.063773358595,1,1,30,Polygon
1169,1,Wheat,3001.168934940272,1,1,30,Polygon
1305,1,Wheat,3000.895221093281,1,1,30,Polygon
1388,1,Wheat,3000.6917203673565,1,1,30,Polygon
1708,1,Wheat,3002.2321484989325,1,1,30,Polygon
1733,1,Wheat,3002.262374138226,1,1,30,Polygon
1760,1,Wheat,3002.147434070265,1,1,30,Polygon
2024,1,Wheat,3002.335069491772,1,1,30,Polygon
2131,1,Wheat,3001.8302071917255,1,1,30,Polygon
22,1,Wheat,3000.976593933161,1,1,30,Polygon
2750,1,Wheat,3002.1517584013745,1,1,30,Polygon
2837,1,Wheat,3002.172962843909,1,1,30,Polygon
2864,1,Wheat,3002.2760124154916,1,1,30,Polygon
2891,1,Wheat,3002.104162439247,1,1,30,Polygon
3041,1,Wheat,3002.0782676968956,1,1,30,Polygon
3217,1,Wheat,3002.258908854367,1,1,30,Polygon
3277,1,Wheat,3001.8252956522465,1,1,30,Polygon
3340,1,Wheat,3002.1880136648433,1,1,30,Polygon
3343,1,Wheat,3002.111133640604,1,1,30,Polygon
3479,1,Wheat,3002.1449849457904,1,1,30,Polygon
3525,1,Wheat,3002.177679325553,1,1,30,Polygon
3544,1,Wheat,3002.299477788628,1,1,30,Polygon
5351,1,Wheat,2998.5372284646323,1,1,30,Polygon
5354,1,Wheat,3000.7236712471577,1,1,30,Polygon
5393,1,Wheat,3000.37534576128,1,1,30,Polygon
5603,1,Wheat,3000.5250390380506,1,1,30,Polygon
5861,1,Wheat,2999.79995856564,1,1,30,Polygon
5991,1,Wheat,3000.2967795322406,1,1,30,Polygon
6851,1,Wheat,3001.9480587343064,1,1,30,Polygon
7153,1,Wheat,3001.88317840429,1,1,30,Polygon
2350,16,Bersem,3102.369778244335,1,1,31,Polygon
1997,3,Lentil,3102.2620711190993,1,1,31,Polygon
7151,3,Lentil,3101.942462969497,1,1,31,Polygon
908,3,Lentil,3101.491043973421,1,1,31,Polygon
6324,9,Maize,3102.3982697489832,1,1,31,Polygon
6519,9,Maize,3101.9377578834296,1,1,31,Polygon
6774,9,Maize,3102.3754515294604,1,1,31,Polygon
6804,9,Maize,3102.255322981341,1,1,31,Polygon
6944,9,Maize,3102.04562698345,1,1,31,Polygon
7129,9,Maize,3102.3173901169407,1,1,31,Polygon
7165,9,Maize,3101.942845989581,1,1,31,Polygon
1578,2,Mustard,3100.7049627717442,1,1,31,Polygon
2035,2,Mustard,3102.326680342463,1,1,31,Polygon
2364,2,Mustard,3102.3892051342104,1,1,31,Polygon
2591,2,Mustard,3102.214270984569,1,1,31,Polygon
2712,2,Mustard,3102.2523476374286,1,1,31,Polygon
3021,2,Mustard,3102.2395870715054,1,1,31,Polygon
315,2,Mustard,3101.078459933006,1,1,31,Polygon
3209,2,Mustard,3102.3907390830573,1,1,31,Polygon
3564,2,Mustard,3102.2849773930343,1,1,31,Polygon
5338,2,Mustard,3100.0701272478173,1,1,31,Polygon
5400,2,Mustard,3101.1603522837127,1,1,31,Polygon
5663,2,Mustard,3098.6287191982638,1,1,31,Polygon
6717,2,Mustard,3102.110180568223,1,1,31,Polygon
7044,2,Mustard,3102.0473866509687,1,1,31,Polygon
1033,4,No crop/Fallow,3101.6246652061623,1,1,31,Polygon
1198,4,No crop/Fallow,3100.259105101668,1,1,31,Polygon
1341,4,No crop/Fallow,3101.248883967703,1,1,31,Polygon
3663,4,No crop/Fallow,3097.658550814138,1,1,31,Polygon
3708,4,No crop/Fallow,3095.685763797916,1,1,31,Polygon
3965,4,No crop/Fallow,3095.5309080483294,1,1,31,Polygon
3979,4,No crop/Fallow,3098.7763174987886,1,1,31,Polygon
4025,4,No crop/Fallow,3099.149184786803,1,1,31,Polygon
4110,4,No crop/Fallow,3098.027917885544,1,1,31,Polygon
4311,4,No crop/Fallow,3095.6129310681586,1,1,31,Polygon
4377,4,No crop/Fallow,3096.0109532090332,1,1,31,Polygon
4463,4,No crop/Fallow,3095.8300875432897,1,1,31,Polygon
4492,4,No crop/Fallow,3096.7876482530746,1,1,31,Polygon
4632,4,No crop/Fallow,3097.115748048869,1,1,31,Polygon
4783,4,No crop/Fallow,3096.9935268244526,1,1,31,Polygon
5038,4,No crop/Fallow,3097.4198700698803,1,1,31,Polygon
6396,4,No crop/Fallow,3102.137422306209,1,1,31,Polygon
7101,4,No crop/Fallow,3102.0393789336767,1,1,31,Polygon
7223,4,No crop/Fallow,3102.332431416395,1,1,31,Polygon
3875,36,Rice,3096.8825287225354,1,1,31,Polygon
3332,6,Sugarcane,3102.408764686959,1,1,31,Polygon
3632,6,Sugarcane,3101.8426448060814,1,1,31,Polygon
1035,1,Wheat,3100.514693669432,1,1,31,Polygon
1068,1,Wheat,3100.808292704257,1,1,31,Polygon
1170,1,Wheat,3101.188236881021,1,1,31,Polygon
1487,1,Wheat,3101.2391866265802,1,1,31,Polygon
1767,1,Wheat,3102.377268346695,1,1,31,Polygon
1788,1,Wheat,3102.3646211913106,1,1,31,Polygon
1822,1,Wheat,3102.365366047828,1,1,31,Polygon
1883,1,Wheat,3102.4039354927118,1,1,31,Polygon
2033,1,Wheat,3102.4418308967515,1,1,31,Polygon
2077,1,Wheat,3102.1242841206918,1,1,31,Polygon
2144,1,Wheat,3102.1730087315977,1,1,31,Polygon
2344,1,Wheat,3102.3322026912,1,1,31,Polygon
2496,1,Wheat,3102.4199557598613,1,1,31,Polygon
2513,1,Wheat,3102.324285220561,1,1,31,Polygon
2752,1,Wheat,3102.221479831837,1,1,31,Polygon
2856,1,Wheat,3102.3563118565394,1,1,31,Polygon
2895,1,Wheat,3102.4327931187304,1,1,31,Polygon
2924,1,Wheat,3102.1522539579546,1,1,31,Polygon
3015,1,Wheat,3102.253466232875,1,1,31,Polygon
3105,1,Wheat,3101.8284834403025,1,1,31,Polygon
3130,1,Wheat,3101.9980235560943,1,1,31,Polygon
330,1,Wheat,3101.527111671062,1,1,31,Polygon
3309,1,Wheat,3102.1602127126644,1,1,31,Polygon
3465,1,Wheat,3102.2534492409513,1,1,31,Polygon
3512,1,Wheat,3102.186972882149,1,1,31,Polygon
43,1,Wheat,3101.076915310977,1,1,31,Polygon
5533,1,Wheat,3099.9243854881483,1,1,31,Polygon
6068,1,Wheat,3100.194301286281,1,1,31,Polygon
6199,1,Wheat,3099.3456849803692,1,1,31,Polygon
6594,1,Wheat,3101.724281587781,1,1,31,Polygon
7029,1,Wheat,3102.2053673922305,1,1,31,Polygon
717,1,Wheat,3101.1710982128643,1,1,31,Polygon
870,1,Wheat,3100.510318799984,1,1,31,Polygon
6091,8,Garlic,3199.9084312996733,1,1,32,Polygon
467,3,Lentil,3200.943428103014,1,1,32,Polygon
6561,9,Maize,3202.1570959357573,1,1,32,Polygon
6678,9,Maize,3202.4686262264213,1,1,32,Polygon
6819,9,Maize,3202.5034786152864,1,1,32,Polygon
6869,9,Maize,3202.045449158565,1,1,32,Polygon
6895,9,Maize,3202.4648920709583,1,1,32,Polygon
1031,2,Mustard,3200.533517013534,1,1,32,Polygon
1089,2,Mustard,3201.5256722405493,1,1,32,Polygon
1234,2,Mustard,3201.393078885432,1,1,32,Polygon
1423,2,Mustard,3201.0058511889174,1,1,32,Polygon
1853,2,Mustard,3201.948941905349,1,1,32,Polygon
2449,2,Mustard,3201.8905127498315,1,1,32,Polygon
3070,2,Mustard,3202.4078157055465,1,1,32,Polygon
502,2,Mustard,3201.282757289301,1,1,32,Polygon
5269,2,Mustard,3200.3166381217384,1,1,32,Polygon
5469,2,Mustard,3198.4937646710537,1,1,32,Polygon
5548,2,Mustard,3200.381273456673,1,1,32,Polygon
5576,2,Mustard,3199.3055316340306,1,1,32,Polygon
5667,2,Mustard,3200.2749136713014,1,1,32,Polygon
5825,2,Mustard,3199.7367045841843,1,1,32,Polygon
5978,2,Mustard,3199.1253107708126,1,1,32,Polygon
6001,2,Mustard,3200.2662876825552,1,1,32,Polygon
6026,2,Mustard,3200.1933083981153,1,1,32,Polygon
6139,2,Mustard,3200.246207631256,1,1,32,Polygon
6156,2,Mustard,3199.568123408606,1,1,32,Polygon
6220,2,Mustard,3198.5945534738767,1,1,32,Polygon
6298,2,Mustard,3200.705721123588,1,1,32,Polygon
9,2,Mustard,3200.6390286999367,1,1,32,Polygon
3639,4,No crop/Fallow,3197.005955492655,1,1,32,Polygon
3716,4,No crop/Fallow,3198.0081249404457,1,1,32,Polygon
4193,4,No crop/Fallow,3198.678081457626,1,1,32,Polygon
4295,4,No crop/Fallow,3198.6881154565713,1,1,32,Polygon
4467,4,No crop/Fallow,3195.165191536056,1,1,32,Polygon
4565,4,No crop/Fallow,3195.415571216628,1,1,32,Polygon
4879,4,No crop/Fallow,3195.708194430356,1,1,32,Polygon
5042,4,No crop/Fallow,3195.251145981264,1,1,32,Polygon
5260,4,No crop/Fallow,3197.3305221171854,1,1,32,Polygon
1572,6,Sugarcane,3201.0976054961207,1,1,32,Polygon
3337,6,Sugarcane,3202.109845147122,1,1,32,Polygon
450,6,Sugarcane,3200.96363993004,1,1,32,Polygon
580,6,Sugarcane,3201.0985868057155,1,1,32,Polygon
595,6,Sugarcane,3201.1218685161066,1,1,32,Polygon
663,6,Sugarcane,3201.1017024239654,1,1,32,Polygon
1456,1,Wheat,3201.5457792516663,1,1,32,Polygon
170,1,Wheat,3200.62469427337,1,1,32,Polygon
172,1,Wheat,3200.6269003753523,1,1,32,Polygon
1722,1,Wheat,3202.2492045786794,1,1,32,Polygon
1736,1,Wheat,3202.3481181867405,1,1,32,Polygon
1850,1,Wheat,3202.3315330883106,1,1,32,Polygon
2037,1,Wheat,3202.399510650127,1,1,32,Polygon
2433,1,Wheat,3202.224900685525,1,1,32,Polygon
244,1,Wheat,3201.1066378591913,1,1,32,Polygon
2440,1,Wheat,3202.456011870474,1,1,32,Polygon
2465,1,Wheat,3202.3028773404617,1,1,32,Polygon
254,1,Wheat,3200.5571146273915,1,1,32,Polygon
2616,1,Wheat,3202.325403393693,1,1,32,Polygon
2749,1,Wheat,3202.3995975957278,1,1,32,Polygon
2766,1,Wheat,3202.296000681357,1,1,32,Polygon
2841,1,Wheat,3202.3890359776906,1,1,32,Polygon
2946,1,Wheat,3202.4158574607304,1,1,32,Polygon
297,1,Wheat,3201.0311901174377,1,1,32,Polygon
2989,1,Wheat,3202.4515301994893,1,1,32,Polygon
3050,1,Wheat,3202.4876985827923,1,1,32,Polygon
3067,1,Wheat,3202.2553817704397,1,1,32,Polygon
3205,1,Wheat,3202.153928542336,1,1,32,Polygon
3245,1,Wheat,3202.4034211964563,1,1,32,Polygon
3354,1,Wheat,3202.132750241978,1,1,32,Polygon
3466,1,Wheat,3202.323689833869,1,1,32,Polygon
3473,1,Wheat,3202.326939612353,1,1,32,Polygon
3586,1,Wheat,3202.484693346217,1,1,32,Polygon
5325,1,Wheat,3198.417283146782,1,1,32,Polygon
5414,1,Wheat,3200.7415236878187,1,1,32,Polygon
5510,1,Wheat,3198.4227682882374,1,1,32,Polygon
6893,1,Wheat,3202.4667426207197,1,1,32,Polygon
695,1,Wheat,3200.644246269427,1,1,32,Polygon
7198,1,Wheat,3202.087791010833,1,1,32,Polygon
750,1,Wheat,3200.341188188786,1,1,32,Polygon
5380,8,Garlic,3301.3313460292597,1,1,33,Polygon
1577,3,Lentil,3300.766503727627,1,1,33,Polygon
3579,3,Lentil,3301.896821050197,1,1,33,Polygon
4771,9,Maize,3298.5542164811727,1,1,33,Polygon
6757,9,Maize,3302.254257347553,1,1,33,Polygon
6799,9,Maize,3302.4980820757773,1,1,33,Polygon
2015,2,Mustard,3302.538058167772,1,1,33,Polygon
2929,2,Mustard,3302.4124693585795,1,1,33,Polygon
3296,2,Mustard,3302.518687758302,1,1,33,Polygon
5491,2,Mustard,3299.806204565313,1,1,33,Polygon
5844,2,Mustard,3300.053714623342,1,1,33,Polygon
5927,2,Mustard,3300.371459773204,1,1,33,Polygon
6350,2,Mustard,3302.5523178180893,1,1,33,Polygon
6469,2,Mustard,3302.478767706463,1,1,33,Polygon
838,2,Mustard,3300.550856858982,1,1,33,Polygon
1548,4,No crop/Fallow,3301.5449207497313,1,1,33,Polygon
1601,4,No crop/Fallow,3301.13235532687,1,1,33,Polygon
3184,4,No crop/Fallow,3302.409404259282,1,1,33,Polygon
3721,4,No crop/Fallow,3297.9897239834645,1,1,33,Polygon
4297,4,No crop/Fallow,3298.6633434747255,1,1,33,Polygon
445,4,No crop/Fallow,3300.892684671721,1,1,33,Polygon
4722,4,No crop/Fallow,3297.4662222834577,1,1,33,Polygon
5168,4,No crop/Fallow,3297.8822888557465,1,1,33,Polygon
5208,4,No crop/Fallow,3297.4790259814113,1,1,33,Polygon
6536,4,No crop/Fallow,3302.01140584484,1,1,33,Polygon
7281,4,No crop/Fallow,3302.198764470216,1,1,33,Polygon
4926,36,Rice,3296.0195512848004,1,1,33,Polygon
2536,6,Sugarcane,3302.483133957314,1,1,33,Polygon
978,6,Sugarcane,3301.2810310624427,1,1,33,Polygon
1080,1,Wheat,3301.581547705469,1,1,33,Polygon
1199,1,Wheat,3300.608382197964,1,1,33,Polygon
17,1,Wheat,3301.290485944022,1,1,33,Polygon
18,1,Wheat,3301.069451359038,1,1,33,Polygon
1863,1,Wheat,3302.525348377886,1,1,33,Polygon
207,1,Wheat,3301.6558545832563,1,1,33,Polygon
2214,1,Wheat,3302.265369163043,1,1,33,Polygon
2245,1,Wheat,3302.4546330884896,1,1,33,Polygon
2268,1,Wheat,3302.4052010020873,1,1,33,Polygon
235,1,Wheat,3300.645490191371,1,1,33,Polygon
2587,1,Wheat,3302.333088458147,1,1,33,Polygon
2716,1,Wheat,3302.300518287844,1,1,33,Polygon
2768,1,Wheat,3302.6076395221994,1,1,33,Polygon
3215,1,Wheat,3302.4037312053506,1,1,33,Polygon
3265,1,Wheat,3302.415140885247,1,1,33,Polygon
3298,1,Wheat,3302.4851220081387,1,1,33,Polygon
3393,1,Wheat,3302.349561080264,1,1,33,Polygon
3470,1,Wheat,3302.3943387079885,1,1,33,Polygon
3529,1,Wheat,3302.39081920763,1,1,33,Polygon
3548,1,Wheat,3302.530680380645,1,1,33,Polygon
383,1,Wheat,3301.2204948037574,1,1,33,Polygon
5320,1,Wheat,3299.4742279171787,1,1,33,Polygon
533,1,Wheat,3301.2613619229687,1,1,33,Polygon
5864,1,Wheat,3299.2435140069383,1,1,33,Polygon
600,1,Wheat,3301.148002720409,1,1,33,Polygon
637,1,Wheat,3301.3932159483074,1,1,33,Polygon
6493,1,Wheat,3302.3382670121064,1,1,33,Polygon
6578,1,Wheat,3302.238734190209,1,1,33,Polygon
3374,14,Coriander,3402.5996221032924,1,1,34,Polygon
5955,13,Gram,3399.7262252628952,1,1,34,Polygon
1443,3,Lentil,3401.2368890950775,1,1,34,Polygon
1812,3,Lentil,3402.600441546114,1,1,34,Polygon
7275,9,Maize,3402.5754815488353,1,1,34,Polygon
1207,2,Mustard,3401.107982274696,1,1,34,Polygon
125,2,Mustard,3401.751034285949,1,1,34,Polygon
1590,2,Mustard,3401.4104714354853,1,1,34,Polygon
2356,2,Mustard,3402.4251862248093,1,1,34,Polygon
270,2,Mustard,3401.754149015234,1,1,34,Polygon
2734,2,Mustard,3402.566630409916,1,1,34,Polygon
3140,2,Mustard,3402.6067484254518,1,1,34,Polygon
462,2,Mustard,3400.6403105351214,1,1,34,Polygon
5514,2,Mustard,3400.310982617611,1,1,34,Polygon
5596,2,Mustard,3399.8081818910805,1,1,34,Polygon
5930,2,Mustard,3400.3521416876733,1,1,34,Polygon
6222,2,Mustard,3398.5028080959146,1,1,34,Polygon
6278,2,Mustard,3401.052397015142,1,1,34,Polygon
6348,2,Mustard,3402.630211033469,1,1,34,Polygon
6398,2,Mustard,3402.241647922363,1,1,34,Polygon
2316,4,No crop/Fallow,3402.520465248439,1,1,34,Polygon
3635,4,No crop/Fallow,3402.030798749365,1,1,34,Polygon
3675,4,No crop/Fallow,3395.179998750425,1,1,34,Polygon
3753,4,No crop/Fallow,3397.4102731692697,1,1,34,Polygon
3822,4,No crop/Fallow,3397.3925375556855,1,1,34,Polygon
4107,4,No crop/Fallow,3398.697473724694,1,1,34,Polygon
4656,4,No crop/Fallow,3397.6578979740384,1,1,34,Polygon
4753,4,No crop/Fallow,3395.34261358899,1,1,34,Polygon
4887,4,No crop/Fallow,3395.299392027287,1,1,34,Polygon
6409,4,No crop/Fallow,3402.5378276749793,1,1,34,Polygon
7294,4,No crop/Fallow,3402.6045449362646,1,1,34,Polygon
1382,6,Sugarcane,3400.949193906439,1,1,34,Polygon
1057,1,Wheat,3400.9633564915393,1,1,34,Polygon
1392,1,Wheat,3400.7831511785166,1,1,34,Polygon
1787,1,Wheat,3402.591665895241,1,1,34,Polygon
1940,1,Wheat,3402.5804411872023,1,1,34,Polygon
1970,1,Wheat,3402.6079997113166,1,1,34,Polygon
2283,1,Wheat,3402.5448042215776,1,1,34,Polygon
2395,1,Wheat,3402.4817175583803,1,1,34,Polygon
265,1,Wheat,3401.4195935820135,1,1,34,Polygon
2715,1,Wheat,3402.4838813006772,1,1,34,Polygon
2853,1,Wheat,3402.584755143027,1,1,34,Polygon
2874,1,Wheat,3402.6052845152412,1,1,34,Polygon
2889,1,Wheat,3402.3934140929905,1,1,34,Polygon
3182,1,Wheat,3402.401943874243,1,1,34,Polygon
3266,1,Wheat,3402.4717794787316,1,1,34,Polygon
3268,1,Wheat,3402.47079630395,1,1,34,Polygon
3305,1,Wheat,3402.4452113792986,1,1,34,Polygon
3555,1,Wheat,3402.5589966974035,1,1,34,Polygon
410,1,Wheat,3401.6494808529515,1,1,34,Polygon
53,1,Wheat,3401.155625734971,1,1,34,Polygon
5607,1,Wheat,3398.30954112296,1,1,34,Polygon
5928,1,Wheat,3400.3810819346754,1,1,34,Polygon
6180,1,Wheat,3400.578004369828,1,1,34,Polygon
6196,1,Wheat,3399.277904566418,1,1,34,Polygon
7093,1,Wheat,3402.1331497160904,1,1,34,Polygon
924,1,Wheat,3400.9398032904796,1,1,34,Polygon
5702,13,Gram,3498.2069304597903,1,1,35,Polygon
2418,5,Green pea,3502.5920454607926,1,1,35,Polygon
665,3,Lentil,3501.21872698876,1,1,35,Polygon
6332,9,Maize,3502.6449265376937,1,1,35,Polygon
6946,9,Maize,3502.3105246363325,1,1,35,Polygon
1337,2,Mustard,3501.3997514659586,1,1,35,Polygon
1952,2,Mustard,3502.496135583008,1,1,35,Polygon
2687,2,Mustard,3502.7659239474897,1,1,35,Polygon
2732,2,Mustard,3502.6443648181303,1,1,35,Polygon
3333,2,Mustard,3502.7185563711355,1,1,35,Polygon
3390,2,Mustard,3502.519640603799,1,1,35,Polygon
3414,2,Mustard,3502.243404744913,1,1,35,Polygon
5602,2,Mustard,3500.6089491562675,1,1,35,Polygon
5692,2,Mustard,3500.1877955499695,1,1,35,Polygon
59,2,Mustard,3501.2913472398095,1,1,35,Polygon
6019,2,Mustard,3500.251862300309,1,1,35,Polygon
6583,2,Mustard,3502.118191966275,1,1,35,Polygon
1049,4,No crop/Fallow,3500.9145859942596,1,1,35,Polygon
228,4,No crop/Fallow,3501.063022362136,1,1,35,Polygon
2297,4,No crop/Fallow,3502.5307994338077,1,1,35,Polygon
2644,4,No crop/Fallow,3502.722139142049,1,1,35,Polygon
3202,4,No crop/Fallow,3502.7865044571786,1,1,35,Polygon
3957,4,No crop/Fallow,3496.6193027283125,1,1,35,Polygon
4514,4,No crop/Fallow,3497.0939088995815,1,1,35,Polygon
5826,4,No crop/Fallow,3500.5376234281744,1,1,35,Polygon
6495,4,No crop/Fallow,3502.6715511055127,1,1,35,Polygon
6952,4,No crop/Fallow,3502.260366389774,1,1,35,Polygon
7136,4,No crop/Fallow,3502.6429400400043,1,1,35,Polygon
6364,15,Potato,3502.2230842979884,1,1,35,Polygon
3416,6,Sugarcane,3502.5649126303756,1,1,35,Polygon
1561,1,Wheat,3501.368990576476,1,1,35,Polygon
1790,1,Wheat,3502.6694819586255,1,1,35,Polygon
216,1,Wheat,3501.3291198399247,1,1,35,Polygon
2401,1,Wheat,3502.4024569677144,1,1,35,Polygon
247,1,Wheat,3500.502163918076,1,1,35,Polygon
2529,1,Wheat,3502.631086525245,1,1,35,Polygon
2585,1,Wheat,3502.746251866411,1,1,35,Polygon
2680,1,Wheat,3502.3848506477084,1,1,35,Polygon
2898,1,Wheat,3502.747699257588,1,1,35,Polygon
2950,1,Wheat,3502.0613886885158,1,1,35,Polygon
3019,1,Wheat,3502.4884792090465,1,1,35,Polygon
3027,1,Wheat,3502.621740198532,1,1,35,Polygon
31,1,Wheat,3501.1005604798556,1,1,35,Polygon
314,1,Wheat,3501.216103429866,1,1,35,Polygon
3163,1,Wheat,3502.3687128369525,1,1,35,Polygon
3218,1,Wheat,3502.6685707111387,1,1,35,Polygon
3249,1,Wheat,3502.6293444743874,1,1,35,Polygon
3351,1,Wheat,3502.6302678164984,1,1,35,Polygon
3440,1,Wheat,3502.681147242055,1,1,35,Polygon
348,1,Wheat,3501.5280160417014,1,1,35,Polygon
3569,1,Wheat,3502.671099527521,1,1,35,Polygon
3628,1,Wheat,3502.7376887672785,1,1,35,Polygon
5337,1,Wheat,3500.0837057979143,1,1,35,Polygon
6108,1,Wheat,3500.8723848411682,1,1,35,Polygon
6165,1,Wheat,3500.7357662990826,1,1,35,Polygon
6166,1,Wheat,3500.1309964571765,1,1,35,Polygon
6481,1,Wheat,3502.1976403590766,1,1,35,Polygon
907,1,Wheat,3501.679357052565,1,1,35,Polygon
926,1,Wheat,3500.965904981469,1,1,35,Polygon
974,1,Wheat,3501.3591331145535,1,1,35,Polygon
3504,14,Coriander,3602.758033511719,1,1,36,Polygon
2793,8,Garlic,3602.7126927990844,1,1,36,Polygon
5716,8,Garlic,3600.1538212438722,1,1,36,Polygon
5511,13,Gram,3598.231059437825,1,1,36,Polygon
2161,3,Lentil,3602.739881069692,1,1,36,Polygon
2190,3,Lentil,3602.6304004242265,1,1,36,Polygon
6934,9,Maize,3602.7290018249196,1,1,36,Polygon
7203,9,Maize,3602.814272266133,1,1,36,Polygon
2666,2,Mustard,3602.621105362989,1,1,36,Polygon
5374,2,Mustard,3601.250408830178,1,1,36,Polygon
5402,2,Mustard,3601.3543893743663,1,1,36,Polygon
5442,2,Mustard,3600.813489364218,1,1,36,Polygon
5730,2,Mustard,3600.1411943469634,1,1,36,Polygon
6330,2,Mustard,3602.4191747730547,1,1,36,Polygon
6822,2,Mustard,3602.443862788491,1,1,36,Polygon
7155,2,Mustard,3602.346853583622,1,1,36,Polygon
135,4,No crop/Fallow,3601.6907921650127,1,1,36,Polygon
3696,4,No crop/Fallow,3594.9918654699777,1,1,36,Polygon
3715,4,No crop/Fallow,3597.818469807535,1,1,36,Polygon
3728,4,No crop/Fallow,3597.9532887110286,1,1,36,Polygon
379,4,No crop/Fallow,3601.1354127608424,1,1,36,Polygon
3828,4,No crop/Fallow,3594.847176018329,1,1,36,Polygon
3882,4,No crop/Fallow,3597.663170355651,1,1,36,Polygon
4570,4,No crop/Fallow,3598.134788655543,1,1,36,Polygon
4642,4,No crop/Fallow,3594.8507618586623,1,1,36,Polygon
6496,4,No crop/Fallow,3602.747974687144,1,1,36,Polygon
837,4,No crop/Fallow,3600.6350713056995,1,1,36,Polygon
6720,15,Potato,3602.363861352316,1,1,36,Polygon
6401,36,Rice,3602.6830484502375,1,1,36,Polygon
1373,6,Sugarcane,3601.3823805516595,1,1,36,Polygon
1017,1,Wheat,3601.279878895054,1,1,36,Polygon
1452,1,Wheat,3600.859075464579,1,1,36,Polygon
152,1,Wheat,3601.234941455336,1,1,36,Polygon
1647,1,Wheat,3601.4953574343785,1,1,36,Polygon
1652,1,Wheat,3601.0886129375845,1,1,36,Polygon
1699,1,Wheat,3602.4848678879816,1,1,36,Polygon
1753,1,Wheat,3602.557893151617,1,1,36,Polygon
1804,1,Wheat,3602.745182743431,1,1,36,Polygon
2002,1,Wheat,3602.7690776669556,1,1,36,Polygon
2021,1,Wheat,3602.6319732606794,1,1,36,Polygon
2080,1,Wheat,3602.7390259790955,1,1,36,Polygon
2124,1,Wheat,3602.602390523601,1,1,36,Polygon
2598,1,Wheat,3602.5482825567533,1,1,36,Polygon
2695,1,Wheat,3602.546458877927,1,1,36,Polygon
2705,1,Wheat,3602.7844275313973,1,1,36,Polygon
3196,1,Wheat,3602.642627559282,1,1,36,Polygon
3350,1,Wheat,3602.713074400969,1,1,36,Polygon
3500,1,Wheat,3602.3101211105045,1,1,36,Polygon
3576,1,Wheat,3602.0703260651185,1,1,36,Polygon
390,1,Wheat,3601.7586005869293,1,1,36,Polygon
5323,1,Wheat,3598.2259242223845,1,1,36,Polygon
5415,1,Wheat,3600.8333931462485,1,1,36,Polygon
6741,1,Wheat,3602.221224236336,1,1,36,Polygon
782,1,Wheat,3601.4787926782615,1,1,36,Polygon
834,1,Wheat,3600.940952921926,1,1,36,Polygon
869,1,Wheat,3600.6253042214794,1,1,36,Polygon
6738,9,Maize,3702.7234474377105,1,1,37,Polygon
6795,9,Maize,3702.7460386729927,1,1,37,Polygon
7188,9,Maize,3702.4310112240246,1,1,37,Polygon
7230,9,Maize,3702.848505713675,1,1,37,Polygon
1819,2,Mustard,3702.82566966599,1,1,37,Polygon
2509,2,Mustard,3702.7988310118226,1,1,37,Polygon
2771,2,Mustard,3702.6896889128043,1,1,37,Polygon
3507,2,Mustard,3702.8984613583666,1,1,37,Polygon
5428,2,Mustard,3700.333109559675,1,1,37,Polygon
5784,2,Mustard,3699.9989367320404,1,1,37,Polygon
7,2,Mustard,3700.755107501651,1,1,37,Polygon
3928,4,No crop/Fallow,3697.704498886823,1,1,37,Polygon
393,4,No crop/Fallow,3701.70266388037,1,1,37,Polygon
4081,4,No crop/Fallow,3695.608492429692,1,1,37,Polygon
4305,4,No crop/Fallow,3695.25313259645,1,1,37,Polygon
4774,4,No crop/Fallow,3697.2499884295835,1,1,37,Polygon
5043,4,No crop/Fallow,3694.5052026755006,1,1,37,Polygon
5206,4,No crop/Fallow,3697.1693403587487,1,1,37,Polygon
6617,4,No crop/Fallow,3702.6137007048696,1,1,37,Polygon
6676,4,No crop/Fallow,3702.464320764461,1,1,37,Polygon
7282,4,No crop/Fallow,3702.465699159115,1,1,37,Polygon
3845,36,Rice,3697.2861984502306,1,1,37,Polygon
1268,6,Sugarcane,3701.3235593798445,1,1,37,Polygon
1782,6,Sugarcane,3702.7100289834607,1,1,37,Polygon
2697,6,Sugarcane,3702.6127871196773,1,1,37,Polygon
1120,1,Wheat,3701.031969359951,1,1,37,Polygon
1243,1,Wheat,3701.532309773753,1,1,37,Polygon
1366,1,Wheat,3700.3972237446415,1,1,37,Polygon
1713,1,Wheat,3702.749653933708,1,1,37,Polygon
1737,1,Wheat,3702.7508711344412,1,1,37,Polygon
1869,1,Wheat,3702.8122220198993,1,1,37,Polygon
2012,1,Wheat,3702.5995435034683,1,1,37,Polygon
2200,1,Wheat,3702.6683618779566,1,1,37,Polygon
2400,1,Wheat,3702.5262329456186,1,1,37,Polygon
2804,1,Wheat,3702.7497588715255,1,1,37,Polygon
3275,1,Wheat,3702.2530682346173,1,1,37,Polygon
3308,1,Wheat,3702.6560022517524,1,1,37,Polygon
3487,1,Wheat,3702.763630645839,1,1,37,Polygon
3490,1,Wheat,3702.8049205461507,1,1,37,Polygon
5277,1,Wheat,3700.140794377022,1,1,37,Polygon
530,1,Wheat,3701.3781833790595,1,1,37,Polygon
5324,1,Wheat,3698.17340616293,1,1,37,Polygon
5398,1,Wheat,3701.1824924607245,1,1,37,Polygon
5726,1,Wheat,3698.1990173531935,1,1,37,Polygon
5956,1,Wheat,3700.672743833021,1,1,37,Polygon
5994,1,Wheat,3698.1357790620564,1,1,37,Polygon
6167,1,Wheat,3700.1442282212874,1,1,37,Polygon
6476,1,Wheat,3702.283214765825,1,1,37,Polygon
7277,1,Wheat,3702.2622265945784,1,1,37,Polygon
5308,8,Garlic,3800.8290574172383,1,1,38,Polygon
5771,13,Gram,3800.3503716697214,1,1,38,Polygon
647,3,Lentil,3800.8246754560614,1,1,38,Polygon
667,3,Lentil,3801.319197377573,1,1,38,Polygon
3985,9,Maize,3794.8626028442695,1,1,38,Polygon
6494,9,Maize,3802.9022558595457,1,1,38,Polygon
1127,2,Mustard,3801.1772996147756,1,1,38,Polygon
1600,2,Mustard,3801.3027164230316,1,1,38,Polygon
2458,2,Mustard,3802.889945102105,1,1,38,Polygon
3323,2,Mustard,3802.4364996919508,1,1,38,Polygon
5664,2,Mustard,3798.318405660799,1,1,38,Polygon
5843,2,Mustard,3800.060035143081,1,1,38,Polygon
6017,2,Mustard,3801.4355390532096,1,1,38,Polygon
6174,2,Mustard,3801.234445593239,1,1,38,Polygon
3637,4,No crop/Fallow,3796.4434343570388,1,1,38,Polygon
4385,4,No crop/Fallow,3797.197595561797,1,1,38,Polygon
4429,4,No crop/Fallow,3798.5591088555957,1,1,38,Polygon
4618,4,No crop/Fallow,3795.0268865144153,1,1,38,Polygon
4652,4,No crop/Fallow,3797.201214018805,1,1,38,Polygon
4675,4,No crop/Fallow,3797.4034259394734,1,1,38,Polygon
4766,4,No crop/Fallow,3798.439289282033,1,1,38,Polygon
4794,4,No crop/Fallow,3798.4706650300463,1,1,38,Polygon
594,4,No crop/Fallow,3801.392759246414,1,1,38,Polygon
6417,4,No crop/Fallow,3802.5115333479635,1,1,38,Polygon
6629,4,No crop/Fallow,3802.5764298558083,1,1,38,Polygon
6856,4,No crop/Fallow,3802.8920633453367,1,1,38,Polygon
7073,4,No crop/Fallow,3802.9317920108065,1,1,38,Polygon
7096,4,No crop/Fallow,3802.3232187090143,1,1,38,Polygon
871,4,No crop/Fallow,3800.628433019098,1,1,38,Polygon
117,6,Sugarcane,3801.058646679854,1,1,38,Polygon
1125,1,Wheat,3800.8960140715417,1,1,38,Polygon
1180,1,Wheat,3801.9338628913215,1,1,38,Polygon
1229,1,Wheat,3801.190769215931,1,1,38,Polygon
1579,1,Wheat,3800.884910596738,1,1,38,Polygon
1714,1,Wheat,3802.8266130976144,1,1,38,Polygon
188,1,Wheat,3801.148833214195,1,1,38,Polygon
2019,1,Wheat,3802.779849313668,1,1,38,Polygon
2174,1,Wheat,3802.878510319007,1,1,38,Polygon
2248,1,Wheat,3802.890547886392,1,1,38,Polygon
2275,1,Wheat,3802.823572546748,1,1,38,Polygon
2475,1,Wheat,3802.8678556477707,1,1,38,Polygon
2508,1,Wheat,3802.6328601764158,1,1,38,Polygon
2530,1,Wheat,3802.8626067810396,1,1,38,Polygon
3065,1,Wheat,3802.931784327591,1,1,38,Polygon
3167,1,Wheat,3802.641947605704,1,1,38,Polygon
3419,1,Wheat,3802.5948348656425,1,1,38,Polygon
3494,1,Wheat,3802.786970190632,1,1,38,Polygon
5727,1,Wheat,3798.1506659554652,1,1,38,Polygon
6322,1,Wheat,3802.9359183653073,1,1,38,Polygon
6325,1,Wheat,3802.940178902018,1,1,38,Polygon
931,1,Wheat,3801.207508276293,1,1,38,Polygon
5685,8,Garlic,3898.285423752747,1,1,39,Polygon
6237,8,Garlic,3900.2579319303595,1,1,39,Polygon
5792,13,Gram,3900.6139394917564,1,1,39,Polygon
1431,3,Lentil,3901.574025664372,1,1,39,Polygon
6319,9,Maize,3903.009333312751,1,1,39,Polygon
6917,9,Maize,3902.656308159864,1,1,39,Polygon
3319,2,Mustard,3902.8620611280494,1,1,39,Polygon
3450,2,Mustard,3902.917690699667,1,1,39,Polygon
38,2,Mustard,3901.354747755726,1,1,39,Polygon
5490,2,Mustard,3899.7925942158845,1,1,39,Polygon
5608,2,Mustard,3898.0726393252166,1,1,39,Polygon
5849,2,Mustard,3900.966023162868,1,1,39,Polygon
605,2,Mustard,3901.639056354847,1,1,39,Polygon
6129,2,Mustard,3899.8017641250453,1,1,39,Polygon
6559,2,Mustard,3902.627051384339,1,1,39,Polygon
3648,4,No crop/Fallow,3898.4128664494,1,1,39,Polygon
3783,4,No crop/Fallow,3894.77035743709,1,1,39,Polygon
4196,4,No crop/Fallow,3897.1190912594284,1,1,39,Polygon
4564,4,No crop/Fallow,3894.43451325293,1,1,39,Polygon
4571,4,No crop/Fallow,3897.9806148757925,1,1,39,Polygon
4727,4,No crop/Fallow,3898.4357223101283,1,1,39,Polygon
4786,4,No crop/Fallow,3896.2143281756707,1,1,39,Polygon
6576,4,No crop/Fallow,3902.963505474726,1,1,39,Polygon
1279,6,Sugarcane,3901.874117563635,1,1,39,Polygon
3008,6,Sugarcane,3903.020179801006,1,1,39,Polygon
1711,1,Wheat,3902.8987664233405,1,1,39,Polygon
190,1,Wheat,3901.175217490309,1,1,39,Polygon
2116,1,Wheat,3902.8346166395777,1,1,39,Polygon
2134,1,Wheat,3902.757568060683,1,1,39,Polygon
2693,1,Wheat,3902.9133659929344,1,1,39,Polygon
2920,1,Wheat,3902.919095825752,1,1,39,Polygon
2997,1,Wheat,3902.813739974619,1,1,39,Polygon
3054,1,Wheat,3902.8971186957424,1,1,39,Polygon
3153,1,Wheat,3902.92228120105,1,1,39,Polygon
3467,1,Wheat,3902.834179824706,1,1,39,Polygon
3495,1,Wheat,3902.9657243366373,1,1,39,Polygon
470,1,Wheat,3901.398839310382,1,1,39,Polygon
542,1,Wheat,3900.831126208823,1,1,39,Polygon
5425,1,Wheat,3900.465694993189,1,1,39,Polygon
556,1,Wheat,3901.2309098666046,1,1,39,Polygon
6227,1,Wheat,3900.054690260508,1,1,39,Polygon
669,1,Wheat,3901.7387085733753,1,1,39,Polygon
6164,8,Garlic,4000.8412436091503,1,1,40,Polygon
6312,9,Maize,4003.0919528135464,1,1,40,Polygon
6375,9,Maize,4002.9769772088753,1,1,40,Polygon
6380,9,Maize,4002.7161227711563,1,1,40,Polygon
6523,9,Maize,4002.478227053434,1,1,40,Polygon
7256,9,Maize,4002.7177096858454,1,1,40,Polygon
1759,2,Mustard,4002.87721742353,1,1,40,Polygon
1872,2,Mustard,4002.81895525578,1,1,40,Polygon
2308,2,Mustard,4002.875765342133,1,1,40,Polygon
240,2,Mustard,4001.401272522566,1,1,40,Polygon
375,2,Mustard,4001.8609615299347,1,1,40,Polygon
5314,2,Mustard,4000.7345264242863,1,1,40,Polygon
5866,2,Mustard,4001.428308479727,1,1,40,Polygon
6692,2,Mustard,4002.5607923509333,1,1,40,Polygon
6781,2,Mustard,4003.022493459469,1,1,40,Polygon
6865,2,Mustard,4002.557494414763,1,1,40,Polygon
1344,4,No crop/Fallow,4001.2751678081204,1,1,40,Polygon
2583,4,No crop/Fallow,4003.1371601688525,1,1,40,Polygon
3662,4,No crop/Fallow,3996.966419498578,1,1,40,Polygon
3879,4,No crop/Fallow,3994.3313552563354,1,1,40,Polygon
4293,4,No crop/Fallow,3998.3911117881826,1,1,40,Polygon
4527,4,No crop/Fallow,3997.5253446973065,1,1,40,Polygon
4650,4,No crop/Fallow,3997.052863094388,1,1,40,Polygon
4653,4,No crop/Fallow,3997.46206646776,1,1,40,Polygon
4716,4,No crop/Fallow,3995.909604440986,1,1,40,Polygon
5162,4,No crop/Fallow,3997.7343736605653,1,1,40,Polygon
6762,4,No crop/Fallow,4002.6404880383634,1,1,40,Polygon
6618,36,Rice,4003.1017283083224,1,1,40,Polygon
1379,6,Sugarcane,4001.9052160835736,1,1,40,Polygon
1660,6,Sugarcane,4001.271752670694,1,1,40,Polygon
194,6,Sugarcane,4001.651263057497,1,1,40,Polygon
596,6,Sugarcane,4001.3889155872926,1,1,40,Polygon
630,6,Sugarcane,4001.543406517205,1,1,40,Polygon
1539,1,Wheat,4000.62622638605,1,1,40,Polygon
1595,1,Wheat,4001.6784974185684,1,1,40,Polygon
1741,1,Wheat,4003.0050037511364,1,1,40,Polygon
1823,1,Wheat,4003.0572300620097,1,1,40,Polygon
2153,1,Wheat,4002.7277440386188,1,1,40,Polygon
2298,1,Wheat,4002.888940593106,1,1,40,Polygon
2319,1,Wheat,4003.084913345541,1,1,40,Polygon
2394,1,Wheat,4002.716623510909,1,1,40,Polygon
2798,1,Wheat,4003.0102946957763,1,1,40,Polygon
2854,1,Wheat,4003.033005728593,1,1,40,Polygon
3081,1,Wheat,4003.0142819446664,1,1,40,Polygon
3310,1,Wheat,4002.7889570701577,1,1,40,Polygon
3520,1,Wheat,4003.0309486343363,1,1,40,Polygon
5527,1,Wheat,4000.319513307621,1,1,40,Polygon
5575,1,Wheat,3999.133622634459,1,1,40,Polygon
5642,1,Wheat,3998.082658126921,1,1,40,Polygon
5725,1,Wheat,3998.0512240259395,1,1,40,Polygon
6089,1,Wheat,3998.013979956594,1,1,40,Polygon
6099,1,Wheat,4000.683978947804,1,1,40,Polygon
809,1,Wheat,4001.4512867926933,1,1,40,Polygon
941,1,Wheat,4001.804723931029,1,1,40,Polygon
5970,13,Gram,4101.330742475332,1,1,41,Polygon
6075,13,Gram,4097.944722486722,1,1,41,Polygon
7116,9,Maize,4103.201435574133,1,1,41,Polygon
1110,2,Mustard,4101.1645073734035,1,1,41,Polygon
1569,2,Mustard,4101.429649682104,1,1,41,Polygon
2066,2,Mustard,4103.089034796347,1,1,41,Polygon
2755,2,Mustard,4103.172664245523,1,1,41,Polygon
2871,2,Mustard,4102.7923865729845,1,1,41,Polygon
3006,2,Mustard,4103.174568467326,1,1,41,Polygon
5536,2,Mustard,4100.067929668443,1,1,41,Polygon
5695,2,Mustard,4100.842256338389,1,1,41,Polygon
5982,2,Mustard,4101.235322369329,1,1,41,Polygon
657,2,Mustard,4100.909618203315,1,1,41,Polygon
6788,2,Mustard,4102.479692730625,1,1,41,Polygon
6857,2,Mustard,4102.477347462879,1,1,41,Polygon
1656,4,No crop/Fallow,4100.998269355691,1,1,41,Polygon
3910,4,No crop/Fallow,4094.1823329090703,1,1,41,Polygon
4585,4,No crop/Fallow,4096.958084033171,1,1,41,Polygon
5017,4,No crop/Fallow,4095.138334903606,1,1,41,Polygon
6416,4,No crop/Fallow,4102.710005400053,1,1,41,Polygon
7286,4,No crop/Fallow,4103.096015904712,1,1,41,Polygon
1115,6,Sugarcane,4101.079997768967,1,1,41,Polygon
1191,1,Wheat,4100.928392035989,1,1,41,Polygon
1292,1,Wheat,4101.390119963793,1,1,41,Polygon
2029,1,Wheat,4102.674090244475,1,1,41,Polygon
2172,1,Wheat,4102.911647143496,1,1,41,Polygon
2363,1,Wheat,4102.966516252212,1,1,41,Polygon
2467,1,Wheat,4103.081554293319,1,1,41,Polygon
248,1,Wheat,4100.5675290036015,1,1,41,Polygon
2565,1,Wheat,4103.035806578155,1,1,41,Polygon
2832,1,Wheat,4103.084254330088,1,1,41,Polygon
3022,1,Wheat,4102.960831873404,1,1,41,Polygon
3551,1,Wheat,4102.984521388039,1,1,41,Polygon
437,1,Wheat,4101.704197380765,1,1,41,Polygon
5661,1,Wheat,4100.47920521069,1,1,41,Polygon
5989,1,Wheat,4100.403593804617,1,1,41,Polygon
6056,1,Wheat,4099.053925515928,1,1,41,Polygon
6107,1,Wheat,4100.979719110359,1,1,41,Polygon
6204,1,Wheat,4100.156956025681,1,1,41,Polygon
979,1,Wheat,4101.68004754866,1,1,41,Polygon
6134,8,Garlic,4200.435897950925,1,1,42,Polygon
5700,13,Gram,4197.841908345144,1,1,42,Polygon
6593,9,Maize,4202.856631111546,1,1,42,Polygon
6773,9,Maize,4203.234034586395,1,1,42,Polygon
7121,9,Maize,4203.051365180213,1,1,42,Polygon
1100,2,Mustard,4200.70331958118,1,1,42,Polygon
1124,2,Mustard,4200.968780801938,1,1,42,Polygon
3120,2,Mustard,4203.227415988436,1,1,42,Polygon
3516,2,Mustard,4202.668142915091,1,1,42,Polygon
5,2,Mustard,4200.853232766962,1,1,42,Polygon
5359,2,Mustard,4200.381057195841,1,1,42,Polygon
5502,2,Mustard,4199.876398590866,1,1,42,Polygon
5626,2,Mustard,4200.41397231959,1,1,42,Polygon
5631,2,Mustard,4199.824979373241,1,1,42,Polygon
5763,2,Mustard,4201.692298753724,1,1,42,Polygon
5850,2,Mustard,4201.033934390694,1,1,42,Polygon
5973,2,Mustard,4198.833783661966,1,1,42,Polygon
6027,2,Mustard,4200.24902137244,1,1,42,Polygon
1593,4,No crop/Fallow,4201.743853316239,1,1,42,Polygon
4296,4,No crop/Fallow,4198.309913949341,1,1,42,Polygon
5078,4,No crop/Fallow,4197.327755998632,1,1,42,Polygon
720,4,No crop/Fallow,4201.502096062234,1,1,42,Polygon
4228,36,Rice,4194.247853442427,1,1,42,Polygon
4850,36,Rice,4195.765997057718,1,1,42,Polygon
7067,36,Rice,4202.557606587472,1,1,42,Polygon
2940,6,Sugarcane,4202.915584867409,1,1,42,Polygon
3344,6,Sugarcane,4202.960732487522,1,1,42,Polygon
353,6,Sugarcane,4202.158803206446,1,1,42,Polygon
785,6,Sugarcane,4201.275124069504,1,1,42,Polygon
932,6,Sugarcane,4201.333747462389,1,1,42,Polygon
1002,1,Wheat,4201.953637154502,1,1,42,Polygon
1501,1,Wheat,4201.424997664699,1,1,42,Polygon
1587,1,Wheat,4201.291589128777,1,1,42,Polygon
1745,1,Wheat,4202.894364711809,1,1,42,Polygon
1893,1,Wheat,4203.265703886925,1,1,42,Polygon
2048,1,Wheat,4203.25862793195,1,1,42,Polygon
2196,1,Wheat,4203.193393928319,1,1,42,Polygon
2318,1,Wheat,4203.239532526736,1,1,42,Polygon
2383,1,Wheat,4202.890674335427,1,1,42,Polygon
2560,1,Wheat,4203.231885479447,1,1,42,Polygon
2823,1,Wheat,4203.063882135014,1,1,42,Polygon
3241,1,Wheat,4203.11546837382,1,1,42,Polygon
3501,1,Wheat,4203.166387085376,1,1,42,Polygon
3503,1,Wheat,4203.220875954709,1,1,42,Polygon
5326,1,Wheat,4197.924669105749,1,1,42,Polygon
5662,1,Wheat,4200.479737693785,1,1,42,Polygon
5962,1,Wheat,4200.950458566274,1,1,42,Polygon
6070,1,Wheat,4199.973081495448,1,1,42,Polygon
6931,1,Wheat,4202.59215383915,1,1,42,Polygon
6950,1,Wheat,4202.310466511172,1,1,42,Polygon
795,1,Wheat,4201.98813225155,1,1,42,Polygon
2464,5,Green pea,4303.089216602207,1,1,43,Polygon
3526,3,Lentil,4303.124067584453,1,1,43,Polygon
1054,2,Mustard,4301.797363845903,1,1,43,Polygon
2267,2,Mustard,4303.13244353538,1,1,43,Polygon
2315,2,Mustard,4303.187490114115,1,1,43,Polygon
2759,2,Mustard,4303.327310515559,1,1,43,Polygon
2938,2,Mustard,4302.976362900657,1,1,43,Polygon
5782,2,Mustard,4299.997107343058,1,1,43,Polygon
5902,2,Mustard,4300.861716138647,1,1,43,Polygon
5915,2,Mustard,4300.7171667421535,1,1,43,Polygon
3672,4,No crop/Fallow,4298.34493946798,1,1,43,Polygon
4160,4,No crop/Fallow,4296.970182679956,1,1,43,Polygon
4384,4,No crop/Fallow,4296.824151627571,1,1,43,Polygon
496,4,No crop/Fallow,4302.21237372236,1,1,43,Polygon
5039,4,No crop/Fallow,4296.426136466104,1,1,43,Polygon
683,4,No crop/Fallow,4301.168546214472,1,1,43,Polygon
7063,4,No crop/Fallow,4302.8690377447965,1,1,43,Polygon
2302,6,Sugarcane,4303.387653995333,1,1,43,Polygon
2769,6,Sugarcane,4303.39427329803,1,1,43,Polygon
598,6,Sugarcane,4301.495354402735,1,1,43,Polygon
2076,1,Wheat,4303.289582645282,1,1,43,Polygon
2102,1,Wheat,4303.01958625623,1,1,43,Polygon
2205,1,Wheat,4303.189986618079,1,1,43,Polygon
2285,1,Wheat,4303.213367417815,1,1,43,Polygon
253,1,Wheat,4300.74661406586,1,1,43,Polygon
3078,1,Wheat,4303.227172025739,1,1,43,Polygon
5339,1,Wheat,4300.231059369298,1,1,43,Polygon
5367,1,Wheat,4300.423635514608,1,1,43,Polygon
5436,1,Wheat,4300.81925658646,1,1,43,Polygon
5599,1,Wheat,4300.751831370096,1,1,43,Polygon
5922,1,Wheat,4301.550496466124,1,1,43,Polygon
5945,1,Wheat,4299.760107641001,1,1,43,Polygon
5998,1,Wheat,4297.836444793358,1,1,43,Polygon
6116,1,Wheat,4298.728828352431,1,1,43,Polygon
728,1,Wheat,4302.188577422805,1,1,43,Polygon
6249,13,Gram,4399.896013468418,1,1,44,Polygon
1335,3,Lentil,4401.761309437229,1,1,44,Polygon
3156,3,Lentil,4403.350590276513,1,1,44,Polygon
342,3,Lentil,4401.7717437631745,1,1,44,Polygon
3004,2,Mustard,4403.1407365309415,1,1,44,Polygon
579,2,Mustard,4401.529435587729,1,1,44,Polygon
5968,2,Mustard,4400.378796920062,1,1,44,Polygon
6155,2,Mustard,4399.37745042725,1,1,44,Polygon
3213,4,No crop/Fallow,4403.21017879958,1,1,44,Polygon
384,4,No crop/Fallow,4401.636378839812,1,1,44,Polygon
4234,4,No crop/Fallow,4393.758110604079,1,1,44,Polygon
4700,4,No crop/Fallow,4396.326671333903,1,1,44,Polygon
4729,4,No crop/Fallow,4396.2713451224945,1,1,44,Polygon
5094,4,No crop/Fallow,4393.66461688885,1,1,44,Polygon
799,4,No crop/Fallow,4401.805155033584,1,1,44,Polygon
6886,15,Potato,4403.465527747376,1,1,44,Polygon
1887,6,Sugarcane,4403.193610816695,1,1,44,Polygon
1139,1,Wheat,4401.725928521737,1,1,44,Polygon
1287,1,Wheat,4401.691646323087,1,1,44,Polygon
2046,1,Wheat,4403.4656227278865,1,1,44,Polygon
2050,1,Wheat,4403.120820347795,1,1,44,Polygon
2154,1,Wheat,4403.0132516690255,1,1,44,Polygon
2668,1,Wheat,4403.209049069412,1,1,44,Polygon
2855,1,Wheat,4403.344528235129,1,1,44,Polygon
2923,1,Wheat,4403.050698341408,1,1,44,Polygon
5620,1,Wheat,4400.787742876987,1,1,44,Polygon
583,1,Wheat,4401.7715082247605,1,1,44,Polygon
610,1,Wheat,4401.846935084152,1,1,44,Polygon
6086,13,Gram,4500.736295582834,1,1,45,Polygon
6803,9,Maize,4503.27495000442,1,1,45,Polygon
7157,9,Maize,4503.516352651892,1,1,45,Polygon
7217,9,Maize,4503.469230486338,1,1,45,Polygon
413,2,Mustard,4501.408786592149,1,1,45,Polygon
5762,2,Mustard,4501.815313696875,1,1,45,Polygon
5829,2,Mustard,4500.113047122551,1,1,45,Polygon
6097,2,Mustard,4500.736925224795,1,1,45,Polygon
6147,2,Mustard,4500.265488334104,1,1,45,Polygon
6408,2,Mustard,4503.35544481884,1,1,45,Polygon
6790,2,Mustard,4502.920707330602,1,1,45,Polygon
1094,4,No crop/Fallow,4502.14572187842,1,1,45,Polygon
268,4,No crop/Fallow,4502.3092191702235,1,1,45,Polygon
3673,4,No crop/Fallow,4498.3018017364575,1,1,45,Polygon
4464,4,No crop/Fallow,4493.205115651358,1,1,45,Polygon
4515,4,No crop/Fallow,4496.249108345298,1,1,45,Polygon
5420,4,No crop/Fallow,4499.759757695843,1,1,45,Polygon
7164,15,Potato,4503.262633382149,1,1,45,Polygon
4398,36,Rice,4494.577684503191,1,1,45,Polygon
968,6,Sugarcane,4501.967436471397,1,1,45,Polygon
1585,1,Wheat,4501.484217328635,1,1,45,Polygon
1718,1,Wheat,4503.269506562407,1,1,45,Polygon
1898,1,Wheat,4503.462298493142,1,1,45,Polygon
1910,1,Wheat,4503.373645252909,1,1,45,Polygon
2129,1,Wheat,4503.497563169551,1,1,45,Polygon
2204,1,Wheat,4503.33852857783,1,1,45,Polygon
2253,1,Wheat,4503.420505557812,1,1,45,Polygon
2292,1,Wheat,4503.209643240679,1,1,45,Polygon
2437,1,Wheat,4503.387895511437,1,1,45,Polygon
3299,1,Wheat,4503.386033855577,1,1,45,Polygon
3445,1,Wheat,4503.028537966428,1,1,45,Polygon
5280,1,Wheat,4501.11937508297,1,1,45,Polygon
5841,1,Wheat,4500.072111208298,1,1,45,Polygon
5845,1,Wheat,4500.070399864883,1,1,45,Polygon
6016,1,Wheat,4501.699591530106,1,1,45,Polygon
6071,1,Wheat,4499.959127467313,1,1,45,Polygon
6130,1,Wheat,4499.781856914904,1,1,45,Polygon
621,1,Wheat,4501.537969749325,1,1,45,Polygon
6274,1,Wheat,4500.059769306406,1,1,45,Polygon
694,1,Wheat,4501.3988299666,1,1,45,Polygon
864,1,Wheat,4500.443474268944,1,1,45,Polygon
5874,13,Gram,4600.419164910992,1,1,46,Polygon
6034,13,Gram,4599.7190920346375,1,1,46,Polygon
1390,3,Lentil,4601.059120421707,1,1,46,Polygon
3057,3,Lentil,4603.486656269302,1,1,46,Polygon
1843,9,Maize,4603.325621247025,1,1,46,Polygon
6515,9,Maize,4603.5650157677765,1,1,46,Polygon
6974,9,Maize,4603.4869658590815,1,1,46,Polygon
1079,2,Mustard,4601.4046984903825,1,1,46,Polygon
1122,2,Mustard,4600.893881761911,1,1,46,Polygon
224,2,Mustard,4601.650521235866,1,1,46,Polygon
2507,2,Mustard,4603.185843464874,1,1,46,Polygon
2760,2,Mustard,4603.560689843431,1,1,46,Polygon
2875,2,Mustard,4603.517135775154,1,1,46,Polygon
3375,2,Mustard,4603.517697070029,1,1,46,Polygon
5851,2,Mustard,4601.134280869737,1,1,46,Polygon
5878,2,Mustard,4598.946470992207,1,1,46,Polygon
5931,2,Mustard,4597.97218413495,1,1,46,Polygon
6002,2,Mustard,4600.384910448738,1,1,46,Polygon
6236,2,Mustard,4600.309963927538,1,1,46,Polygon
1182,4,No crop/Fallow,4600.84586029579,1,1,46,Polygon
3671,4,No crop/Fallow,4598.2852940454795,1,1,46,Polygon
3747,4,No crop/Fallow,4598.226937252904,1,1,46,Polygon
5055,4,No crop/Fallow,4593.699910044725,1,1,46,Polygon
4291,36,Rice,4598.366299690763,1,1,46,Polygon
4446,36,Rice,4593.726793949857,1,1,46,Polygon
2265,6,Sugarcane,4603.43090703931,1,1,46,Polygon
608,6,Sugarcane,4601.931685492714,1,1,46,Polygon
1240,1,Wheat,4601.940880315907,1,1,46,Polygon
174,1,Wheat,4600.921638949742,1,1,46,Polygon
1913,1,Wheat,4602.7842207578105,1,1,46,Polygon
2147,1,Wheat,4603.475952278987,1,1,46,Polygon
2699,1,Wheat,4603.25408829853,1,1,46,Polygon
2735,1,Wheat,4603.46748023933,1,1,46,Polygon
2761,1,Wheat,4603.115074734397,1,1,46,Polygon
2820,1,Wheat,4603.206887491565,1,1,46,Polygon
2930,1,Wheat,4603.362564079342,1,1,46,Polygon
3168,1,Wheat,4603.195720839266,1,1,46,Polygon
3204,1,Wheat,4603.103902581081,1,1,46,Polygon
5303,1,Wheat,4598.925398871781,1,1,46,Polygon
5356,1,Wheat,4601.113896095735,1,1,46,Polygon
5437,1,Wheat,4600.859075957533,1,1,46,Polygon
5553,1,Wheat,4600.529792114764,1,1,46,Polygon
5720,1,Wheat,4600.32332122578,1,1,46,Polygon
5752,1,Wheat,4598.983766367404,1,1,46,Polygon
6092,1,Wheat,4599.955889466091,1,1,46,Polygon
6262,1,Wheat,4597.641588988157,1,1,46,Polygon
6284,1,Wheat,4600.4468326323195,1,1,46,Polygon
6653,1,Wheat,4603.3516370650295,1,1,46,Polygon
5353,13,Gram,4701.140660037079,1,1,47,Polygon
5381,13,Gram,4701.9003136715,1,1,47,Polygon
1810,3,Lentil,4703.590340647498,1,1,47,Polygon
948,3,Lentil,4701.942891009447,1,1,47,Polygon
6627,9,Maize,4703.212141506278,1,1,47,Polygon
6973,9,Maize,4703.560775346573,1,1,47,Polygon
3278,2,Mustard,4703.593198265061,1,1,47,Polygon
5789,2,Mustard,4700.185258212736,1,1,47,Polygon
5963,2,Mustard,4700.401116954832,1,1,47,Polygon
3190,4,No crop/Fallow,4703.676572091008,1,1,47,Polygon
3947,4,No crop/Fallow,4694.026165989425,1,1,47,Polygon
4526,4,No crop/Fallow,4697.131516977802,1,1,47,Polygon
7058,4,No crop/Fallow,4703.502984143923,1,1,47,Polygon
2906,6,Sugarcane,4703.217051990273,1,1,47,Polygon
3210,6,Sugarcane,4703.622115221915,1,1,47,Polygon
1255,1,Wheat,4700.734542696585,1,1,47,Polygon
2010,1,Wheat,4703.32155803295,1,1,47,Polygon
2065,1,Wheat,4703.5290173351505,1,1,47,Polygon
2112,1,Wheat,4703.39943720261,1,1,47,Polygon
2237,1,Wheat,4702.860698668661,1,1,47,Polygon
255,1,Wheat,4700.8203545854085,1,1,47,Polygon
319,1,Wheat,4701.139533702096,1,1,47,Polygon
3365,1,Wheat,4703.455542703274,1,1,47,Polygon
5322,1,Wheat,4699.253121869357,1,1,47,Polygon
5409,1,Wheat,4699.618397167028,1,1,47,Polygon
5606,1,Wheat,4697.733131574936,1,1,47,Polygon
6059,1,Wheat,4701.854055964192,1,1,47,Polygon
6149,1,Wheat,4699.615655344135,1,1,47,Polygon
6171,1,Wheat,4700.788336244545,1,1,47,Polygon
6197,1,Wheat,4699.012932373834,1,1,47,Polygon
6254,1,Wheat,4699.89521551038,1,1,47,Polygon
6614,1,Wheat,4703.335272306222,1,1,47,Polygon
822,1,Wheat,4701.205613767786,1,1,47,Polygon
5873,8,Garlic,4801.803426129964,1,1,48,Polygon
1972,3,Lentil,4803.647285495697,1,1,48,Polygon
2429,9,Maize,4803.5847772008965,1,1,48,Polygon
5465,2,Mustard,4800.283216028524,1,1,48,Polygon
6004,2,Mustard,4799.602034470337,1,1,48,Polygon
6245,2,Mustard,4799.918635260435,1,1,48,Polygon
3768,4,No crop/Fallow,4796.915812915284,1,1,48,Polygon
3837,4,No crop/Fallow,4796.359519373156,1,1,48,Polygon
3911,4,No crop/Fallow,4793.185228596828,1,1,48,Polygon
4481,4,No crop/Fallow,4792.8898328816085,1,1,48,Polygon
4646,4,No crop/Fallow,4792.706702434931,1,1,48,Polygon
4838,4,No crop/Fallow,4796.878707318408,1,1,48,Polygon
6407,4,No crop/Fallow,4803.577513458365,1,1,48,Polygon
6633,4,No crop/Fallow,4803.262124582125,1,1,48,Polygon
706,4,No crop/Fallow,4802.378320611016,1,1,48,Polygon
956,4,No crop/Fallow,4802.474112271081,1,1,48,Polygon
118,6,Sugarcane,4801.321438721156,1,1,48,Polygon
1222,6,Sugarcane,4802.058447587997,1,1,48,Polygon
163,1,Wheat,4800.447128239407,1,1,48,Polygon
2028,1,Wheat,4803.137045939505,1,1,48,Polygon
205,1,Wheat,4801.624090835551,1,1,48,Polygon
2499,1,Wheat,4803.661989963426,1,1,48,Polygon
2562,1,Wheat,4803.694605190436,1,1,48,Polygon
2665,1,Wheat,4803.496692090474,1,1,48,Polygon
2803,1,Wheat,4803.566027998331,1,1,48,Polygon
3165,1,Wheat,4803.670938787846,1,1,48,Polygon
3448,1,Wheat,4803.654405579541,1,1,48,Polygon
3474,1,Wheat,4803.490461834526,1,1,48,Polygon
5285,1,Wheat,4800.41947074444,1,1,48,Polygon
5396,1,Wheat,4800.536611529865,1,1,48,Polygon
5594,1,Wheat,4799.776450573098,1,1,48,Polygon
5618,1,Wheat,4800.858443923313,1,1,48,Polygon
57,1,Wheat,4802.507243433014,1,1,48,Polygon
5728,1,Wheat,4797.666085967715,1,1,48,Polygon
5996,1,Wheat,4797.578454139236,1,1,48,Polygon
969,1,Wheat,4802.073800027239,1,1,48,Polygon
6524,9,Maize,5003.12587314738,1,1,50,Polygon
7128,9,Maize,5003.736759891834,1,1,50,Polygon
7202,9,Maize,5003.905023054863,1,1,50,Polygon
149,2,Mustard,5001.602566783238,1,1,50,Polygon
2226,2,Mustard,5003.839615803591,1,1,50,Polygon
2901,2,Mustard,5003.698490975016,1,1,50,Polygon
5682,2,Mustard,4998.643903514209,1,1,50,Polygon
2642,4,No crop/Fallow,5003.88873459435,1,1,50,Polygon
4399,4,No crop/Fallow,4993.617941521262,1,1,50,Polygon
4765,4,No crop/Fallow,4997.889219699093,1,1,50,Polygon
668,6,Sugarcane,5001.746640263786,1,1,50,Polygon
16,1,Wheat,5001.953472485003,1,1,50,Polygon
192,1,Wheat,5002.612104505049,1,1,50,Polygon
2022,1,Wheat,5003.655696974068,1,1,50,Polygon
2053,1,Wheat,5003.654884287157,1,1,50,Polygon
2093,1,Wheat,5003.635552887169,1,1,50,Polygon
2201,1,Wheat,5003.591282459184,1,1,50,Polygon
2251,1,Wheat,5003.801960583835,1,1,50,Polygon
3342,1,Wheat,5003.523733405689,1,1,50,Polygon
3380,1,Wheat,5003.731452494172,1,1,50,Polygon
3509,1,Wheat,5003.8057395731275,1,1,50,Polygon
3549,1,Wheat,5003.833732533776,1,1,50,Polygon
5592,1,Wheat,4999.7316156379,1,1,50,Polygon
5711,1,Wheat,4999.415573313959,1,1,50,Polygon
6041,1,Wheat,5001.600692385768,1,1,50,Polygon
778,1,Wheat,5001.940643813899,1,1,50,Polygon
817,1,Wheat,5002.308942546519,1,1,50,Polygon
7022,9,Maize,5103.917622297324,1,1,51,Polygon
7023,9,Maize,5103.916270091035,1,1,51,Polygon
7291,9,Maize,5103.990786534696,1,1,51,Polygon
1481,2,Mustard,5102.161174238554,1,1,51,Polygon
2208,2,Mustard,5103.225721590037,1,1,51,Polygon
5403,2,Mustard,5101.916469027707,1,1,51,Polygon
5518,2,Mustard,5100.480181814688,1,1,51,Polygon
5837,2,Mustard,5098.66904766065,1,1,51,Polygon
6005,2,Mustard,5099.579108694749,1,1,51,Polygon
6234,2,Mustard,5100.346614898757,1,1,51,Polygon
6630,2,Mustard,5103.465633729982,1,1,51,Polygon
6792,2,Mustard,5103.315274085698,1,1,51,Polygon
4433,4,No crop/Fallow,5098.069251910548,1,1,51,Polygon
4767,4,No crop/Fallow,5097.891999351434,1,1,51,Polygon
5095,4,No crop/Fallow,5092.65811333029,1,1,51,Polygon
6844,4,No crop/Fallow,5103.555625128099,1,1,51,Polygon
1029,1,Wheat,5100.846081677092,1,1,51,Polygon
1362,1,Wheat,5102.702059592595,1,1,51,Polygon
1908,1,Wheat,5103.701478190522,1,1,51,Polygon
2519,1,Wheat,5103.81144405743,1,1,51,Polygon
261,1,Wheat,5100.731282304697,1,1,51,Polygon
2717,1,Wheat,5103.894560319006,1,1,51,Polygon
3124,1,Wheat,5103.7042859033145,1,1,51,Polygon
3274,1,Wheat,5103.701065889928,1,1,51,Polygon
58,1,Wheat,5102.082613652407,1,1,51,Polygon
986,1,Wheat,5102.641385643372,1,1,51,Polygon
2667,3,Lentil,5203.7963655367,1,1,52,Polygon
6655,9,Maize,5204.033589455393,1,1,52,Polygon
1878,2,Mustard,5203.550447159109,1,1,52,Polygon
5423,2,Mustard,5200.819994464626,1,1,52,Polygon
5519,2,Mustard,5200.47166249772,1,1,52,Polygon
5827,2,Mustard,5200.129362766633,1,1,52,Polygon
5980,2,Mustard,5201.573887011106,1,1,52,Polygon
6847,2,Mustard,5203.920957980437,1,1,52,Polygon
269,4,No crop/Fallow,5202.669185571785,1,1,52,Polygon
3929,4,No crop/Fallow,5196.769579053327,1,1,52,Polygon
4412,4,No crop/Fallow,5196.421036181551,1,1,52,Polygon
4517,4,No crop/Fallow,5196.496939657134,1,1,52,Polygon
4518,4,No crop/Fallow,5196.485252970824,1,1,52,Polygon
5090,4,No crop/Fallow,5192.503729924345,1,1,52,Polygon
912,4,No crop/Fallow,5201.777173999143,1,1,52,Polygon
4180,36,Rice,5196.047003004173,1,1,52,Polygon
4396,36,Rice,5198.094704372848,1,1,52,Polygon
107,1,Wheat,5201.495431863089,1,1,52,Polygon
1376,1,Wheat,5200.689171187119,1,1,52,Polygon
1886,1,Wheat,5203.774880091716,1,1,52,Polygon
2230,1,Wheat,5204.079838141895,1,1,52,Polygon
2497,1,Wheat,5203.670366895045,1,1,52,Polygon
2681,1,Wheat,5203.545005942122,1,1,52,Polygon
5444,1,Wheat,5200.463021413498,1,1,52,Polygon
5870,1,Wheat,5201.9646259216415,1,1,52,Polygon
5871,1,Wheat,5201.980016646659,1,1,52,Polygon
1266,3,Lentil,5302.114152627852,1,1,53,Polygon
6355,9,Maize,5304.058469851793,1,1,53,Polygon
2023,2,Mustard,5304.121205517982,1,1,53,Polygon
2427,2,Mustard,5304.056149974224,1,1,53,Polygon
5284,2,Mustard,5300.385565583779,1,1,53,Polygon
5317,2,Mustard,5300.977999933801,1,1,53,Polygon
5549,2,Mustard,5301.990047853525,1,1,53,Polygon
5758,2,Mustard,5299.099594543559,1,1,53,Polygon
6025,2,Mustard,5300.296075736397,1,1,53,Polygon
4528,4,No crop/Fallow,5296.7633284950025,1,1,53,Polygon
4728,4,No crop/Fallow,5297.868625303103,1,1,53,Polygon
6354,4,No crop/Fallow,5304.062198694076,1,1,53,Polygon
7097,4,No crop/Fallow,5303.2400853152185,1,1,53,Polygon
4883,36,Rice,5297.990744928595,1,1,53,Polygon
913,6,Sugarcane,5301.847505052772,1,1,53,Polygon
1805,1,Wheat,5304.03800578612,1,1,53,Polygon
1864,1,Wheat,5304.08370213966,1,1,53,Polygon
1964,1,Wheat,5303.997244400998,1,1,53,Polygon
3002,1,Wheat,5303.791414470393,1,1,53,Polygon
3060,1,Wheat,5304.047493309532,1,1,53,Polygon
3107,1,Wheat,5303.126841721828,1,1,53,Polygon
455,1,Wheat,5302.0703824646,1,1,53,Polygon
5471,1,Wheat,5301.903902991307,1,1,53,Polygon
5612,1,Wheat,5302.062607907866,1,1,53,Polygon
5868,1,Wheat,5302.021501718444,1,1,53,Polygon
5894,1,Wheat,5297.284167313358,1,1,53,Polygon
5291,8,Garlic,5502.09041897179,1,1,55,Polygon
6060,8,Garlic,5500.6651585311,1,1,55,Polygon
5406,13,Gram,5499.514393825555,1,1,55,Polygon
5657,13,Gram,5500.37086812603,1,1,55,Polygon
6486,9,Maize,5504.236805918612,1,1,55,Polygon
7139,9,Maize,5504.167788006771,1,1,55,Polygon
2212,2,Mustard,5503.963488286843,1,1,55,Polygon
3353,2,Mustard,5503.66304906231,1,1,55,Polygon
5394,2,Mustard,5500.61034018658,1,1,55,Polygon
5892,2,Mustard,5501.328763398078,1,1,55,Polygon
6051,2,Mustard,5500.626768408555,1,1,55,Polygon
1529,4,No crop/Fallow,5502.82826088143,1,1,55,Polygon
2567,4,No crop/Fallow,5504.093623481438,1,1,55,Polygon
4468,4,No crop/Fallow,5491.688255689698,1,1,55,Polygon
4519,4,No crop/Fallow,5496.265225569485,1,1,55,Polygon
6613,4,No crop/Fallow,5503.883726182183,1,1,55,Polygon
6862,4,No crop/Fallow,5504.257602435514,1,1,55,Polygon
6586,15,Potato,5504.093327794235,1,1,55,Polygon
1404,6,Sugarcane,5501.7287924587035,1,1,55,Polygon
2561,6,Sugarcane,5504.230252783522,1,1,55,Polygon
3330,6,Sugarcane,5504.258153520541,1,1,55,Polygon
89,6,Sugarcane,5501.772028256205,1,1,55,Polygon
1322,1,Wheat,5502.100657947416,1,1,55,Polygon
258,1,Wheat,5500.786299964056,1,1,55,Polygon
2594,1,Wheat,5504.20830152715,1,1,55,Polygon
3320,1,Wheat,5504.038012555888,1,1,55,Polygon
5572,1,Wheat,5497.468133605942,1,1,55,Polygon
5806,1,Wheat,5500.126279666485,1,1,55,Polygon
5364,13,Gram,5700.736480089705,1,1,57,Polygon
5435,13,Gram,5701.124503841516,1,1,57,Polygon
5904,13,Gram,5697.307486161715,1,1,57,Polygon
5960,13,Gram,5701.024536766543,1,1,57,Polygon
2419,2,Mustard,5704.219827710779,1,1,57,Polygon
5628,2,Mustard,5700.225026946169,1,1,57,Polygon
5979,2,Mustard,5701.731127929423,1,1,57,Polygon
6003,2,Mustard,5700.186228063865,1,1,57,Polygon
6251,2,Mustard,5700.697955603474,1,1,57,Polygon
3859,4,No crop/Fallow,5692.662626197232,1,1,57,Polygon
4215,4,No crop/Fallow,5697.722902802639,1,1,57,Polygon
4306,4,No crop/Fallow,5695.126113371944,1,1,57,Polygon
1780,6,Sugarcane,5704.178258791508,1,1,57,Polygon
1701,1,Wheat,5703.933648729979,1,1,57,Polygon
1789,1,Wheat,5704.343772198584,1,1,57,Polygon
2276,1,Wheat,5704.237724904016,1,1,57,Polygon
3090,1,Wheat,5704.473145667037,1,1,57,Polygon
3326,1,Wheat,5704.359600577117,1,1,57,Polygon
3511,1,Wheat,5704.334284931387,1,1,57,Polygon
5382,1,Wheat,5702.305666372845,1,1,57,Polygon
555,1,Wheat,5701.797063434087,1,1,57,Polygon
5640,1,Wheat,5697.246769324564,1,1,57,Polygon
6021,1,Wheat,5700.528072795378,1,1,57,Polygon
6066,1,Wheat,5700.4832776746625,1,1,57,Polygon
6124,1,Wheat,5700.144197749685,1,1,57,Polygon
867,1,Wheat,5701.791996977195,1,1,57,Polygon
5426,8,Garlic,5900.706932737103,1,1,59,Polygon
5611,8,Garlic,5902.298512660878,1,1,59,Polygon
6564,9,Maize,5904.643141243462,1,1,59,Polygon
7302,9,Maize,5903.322134919091,1,1,59,Polygon
1763,2,Mustard,5904.522895953505,1,1,59,Polygon
509,2,Mustard,5902.4881554876765,1,1,59,Polygon
5385,2,Mustard,5901.058802678397,1,1,59,Polygon
5520,2,Mustard,5901.907714554522,1,1,59,Polygon
5591,2,Mustard,5899.692716875696,1,1,59,Polygon
5748,2,Mustard,5899.168611774366,1,1,59,Polygon
6049,2,Mustard,5900.674139408837,1,1,59,Polygon
6160,4,No crop/Fallow,5900.540580260486,1,1,59,Polygon
72,4,No crop/Fallow,5902.820935533571,1,1,59,Polygon
1703,6,Sugarcane,5904.577896839327,1,1,59,Polygon
80,6,Sugarcane,5902.5010119352555,1,1,59,Polygon
1851,1,Wheat,5904.3311722784,1,1,59,Polygon
1990,1,Wheat,5904.180469369693,1,1,59,Polygon
2036,1,Wheat,5904.430670461395,1,1,59,Polygon
2256,1,Wheat,5904.168259698598,1,1,59,Polygon
2257,1,Wheat,5904.166038121929,1,1,59,Polygon
3449,1,Wheat,5904.4179432325445,1,1,59,Polygon
376,1,Wheat,5901.092833169753,1,1,59,Polygon
382,1,Wheat,5901.846128197678,1,1,59,Polygon
5431,1,Wheat,5898.306712102372,1,1,59,Polygon
6288,1,Wheat,5899.731474402413,1,1,59,Polygon
5950,8,Garlic,11999.036018978431,2,2,120,MultiPolygon
5498,13,Gram,9497.295016593991,2,2,95,Polygon
5614,13,Gram,8202.681098320687,2,2,82,Polygon
804,3,Lentil,7102.20137119796,2,2,71,Polygon
6890,9,Maize,13007.55837493728,2,2,130,Polygon
3505,2,Mustard,7505.871293020556,2,2,75,MultiPolygon
4270,2,Mustard,20991.425019900613,2,2,210,Polygon
5266,2,Mustard,9994.90933723883,2,2,100,Polygon
5293,2,Mustard,14798.73341747519,2,2,148,Polygon
5309,2,Mustard,10700.070747941358,2,2,107,MultiPolygon
5373,2,Mustard,13598.166642621469,2,2,136,Polygon
540,2,Mustard,7801.69541409195,2,2,78,MultiPolygon
5673,2,Mustard,10998.641977684807,2,2,110,MultiPolygon
5704,2,Mustard,11300.90449695375,2,2,113,MultiPolygon
5706,2,Mustard,9600.706937733346,2,2,96,Polygon
5754,2,Mustard,13196.27181589167,2,2,132,Polygon
5807,2,Mustard,16602.072657504887,2,2,166,MultiPolygon
6088,2,Mustard,19590.245389563483,2,1,196,MultiPolygon
6094,2,Mustard,11601.406292202753,2,2,116,Polygon
6207,2,Mustard,5598.448874130675,2,2,56,Polygon
6275,2,Mustard,28106.645466673384,2,2,281,Polygon
6279,2,Mustard,8302.574339700412,2,2,83,MultiPolygon
800,2,Mustard,11604.830263682174,2,2,116,Polygon
2563,4,No crop/Fallow,8706.691720994717,2,2,87,Polygon
3651,4,No crop/Fallow,7596.903153747,2,2,76,Polygon
4217,4,No crop/Fallow,5797.690983066813,2,2,58,Polygon
4739,4,No crop/Fallow,13194.7403489046,2,2,132,Polygon
4919,4,No crop/Fallow,9392.872315081757,2,2,94,Polygon
5117,4,No crop/Fallow,6097.7426349385705,2,2,61,MultiPolygon
7088,4,No crop/Fallow,4903.649449617236,2,2,49,MultiPolygon
4823,15,Potato,7297.364053648494,2,2,73,MultiPolygon
2209,6,Sugarcane,7504.7525182573445,2,2,75,Polygon
1060,1,Wheat,11202.955230560927,2,2,112,Polygon
1184,1,Wheat,6801.191910005554,2,2,68,Polygon
1451,1,Wheat,6501.541549366236,2,2,65,Polygon
1573,1,Wheat,8901.601823630906,2,2,89,Polygon
1674,1,Wheat,6903.34445198382,2,2,69,Polygon
1747,1,Wheat,15910.966643264604,2,2,159,MultiPolygon
1834,1,Wheat,8305.512112888206,2,2,83,MultiPolygon
2206,1,Wheat,4903.635964669693,2,2,49,Polygon
2247,1,Wheat,22817.42780508055,2,2,228,Polygon
2682,1,Wheat,5803.950806143551,2,2,58,Polygon
3080,1,Wheat,9607.180985332068,2,2,96,Polygon
3454,1,Wheat,6504.694069809282,2,2,65,Polygon
3472,1,Wheat,5804.077832365354,2,2,58,MultiPolygon
3517,1,Wheat,6904.393440214932,2,2,69,Polygon
3535,1,Wheat,6705.119038991874,2,2,67,Polygon
5287,1,Wheat,26997.676883032036,2,2,270,Polygon
5345,1,Wheat,8397.692024593125,2,2,84,MultiPolygon
5371,1,Wheat,10198.629061406815,2,2,102,Polygon
5467,1,Wheat,8201.12366161014,2,2,82,Polygon
5480,1,Wheat,15797.470649670904,2,2,158,MultiPolygon
5499,1,Wheat,8997.431764981458,2,2,90,Polygon
5503,1,Wheat,16102.018160731437,2,2,161,MultiPolygon
5552,1,Wheat,6300.73103615045,2,2,63,Polygon
5560,1,Wheat,17205.283871367163,2,2,172,Polygon
5674,1,Wheat,19697.56966159284,2,2,197,MultiPolygon
5698,1,Wheat,4897.495621744531,2,2,49,Polygon
5817,1,Wheat,13301.94111514743,2,2,133,MultiPolygon
5953,1,Wheat,8699.307565199046,2,2,87,Polygon
5954,1,Wheat,10499.168886982232,2,2,105,Polygon
6185,1,Wheat,6599.852722501965,2,2,66,Polygon
6198,1,Wheat,6598.611803411025,2,2,66,MultiPolygon
6206,1,Wheat,14496.007142897082,2,2,145,Polygon
6257,1,Wheat,10394.687939554235,2,2,104,Polygon
6258,1,Wheat,16791.426494680712,2,2,168,Polygon
6287,1,Wheat,7899.630961167243,2,2,79,Polygon
703,1,Wheat,10205.00144512292,2,2,102,MultiPolygon
794,1,Wheat,15402.073707568909,2,2,154,MultiPolygon
87,1,Wheat,10102.373846171204,2,2,101,Polygon
915,1,Wheat,6202.142354092263,2,2,62,Polygon
1256,4,No crop/Fallow,200.0793762350528,2,1,2,MultiPolygon
1311,4,No crop/Fallow,200.07936361442998,2,1,2,MultiPolygon
3740,4,No crop/Fallow,199.93089627818924,2,1,2,MultiPolygon
4532,4,No crop/Fallow,199.94660174598988,2,1,2,MultiPolygon
465,4,No crop/Fallow,200.05986172536043,2,1,2,MultiPolygon
3154,1,Wheat,200.15255433118367,2,1,2,MultiPolygon
444,2,Mustard,300.0810672679755,2,1,3,MultiPolygon
1611,4,No crop/Fallow,300.11893169100733,2,1,3,MultiPolygon
4149,4,No crop/Fallow,299.7260315601218,2,1,3,MultiPolygon
4204,4,No crop/Fallow,299.70354840543894,2,1,3,MultiPolygon
2141,5,Green pea,400.2902605860111,2,1,4,MultiPolygon
27,2,Mustard,400.1476449401089,2,1,4,MultiPolygon
6152,2,Mustard,399.9464828820693,2,1,4,MultiPolygon
640,2,Mustard,400.1314277920278,2,1,4,MultiPolygon
1072,4,No crop/Fallow,400.159517947972,2,1,4,MultiPolygon
3779,4,No crop/Fallow,399.39934495569923,2,2,4,Polygon
4975,4,No crop/Fallow,399.6163521667632,2,1,4,MultiPolygon
96,1,Wheat,400.11047544255706,2,1,4,MultiPolygon
131,2,Mustard,500.15130215986676,2,1,5,MultiPolygon
6528,2,Mustard,500.32268340184504,2,1,5,MultiPolygon
3731,4,No crop/Fallow,499.5979911596531,2,1,5,MultiPolygon
4352,4,No crop/Fallow,499.55636301790844,2,1,5,MultiPolygon
4852,4,No crop/Fallow,499.5263649918212,2,1,5,MultiPolygon
5009,4,No crop/Fallow,499.5199120962975,2,1,5,MultiPolygon
1263,6,Sugarcane,500.09897499641244,2,2,5,Polygon
3427,1,Wheat,500.3737604984356,2,1,5,MultiPolygon
1583,4,No crop/Fallow,600.2922406649893,2,2,6,Polygon
23,4,No crop/Fallow,600.2373893200231,2,2,6,Polygon
24,4,No crop/Fallow,600.2373143571879,2,2,6,MultiPolygon
241,4,No crop/Fallow,600.2073563659046,2,2,6,MultiPolygon
4520,4,No crop/Fallow,599.811540100839,2,2,6,Polygon
5044,4,No crop/Fallow,599.5132099348936,2,1,6,MultiPolygon
1920,1,Wheat,600.4613698087794,2,1,6,MultiPolygon
371,4,No crop/Fallow,700.3242090712581,2,1,7,MultiPolygon
3796,4,No crop/Fallow,699.3070558904253,2,1,7,MultiPolygon
6271,1,Wheat,700.1324718404062,2,1,7,MultiPolygon
83,1,Wheat,700.1475819781014,2,2,7,Polygon
6642,9,Maize,800.477422213702,2,2,8,MultiPolygon
3778,4,No crop/Fallow,798.798930870013,2,2,8,MultiPolygon
3798,4,No crop/Fallow,799.2022959248578,2,1,8,MultiPolygon
4497,4,No crop/Fallow,798.8252649554945,2,2,8,Polygon
4993,4,No crop/Fallow,798.8982171717302,2,1,8,MultiPolygon
430,1,Wheat,800.2517250929409,2,1,8,MultiPolygon
570,2,Mustard,900.2735975593657,2,2,9,MultiPolygon
2313,4,No crop/Fallow,900.6669106793662,2,1,9,MultiPolygon
3977,4,No crop/Fallow,898.7818241317545,2,2,9,MultiPolygon
4098,4,No crop/Fallow,898.8698488169873,2,1,9,MultiPolygon
4522,4,No crop/Fallow,899.7175849736852,2,2,9,Polygon
4523,4,No crop/Fallow,899.7168379526204,2,2,9,Polygon
4548,4,No crop/Fallow,898.7248826849254,2,2,9,MultiPolygon
4901,4,No crop/Fallow,898.6212232816622,2,2,9,MultiPolygon
5231,4,No crop/Fallow,899.7545114685169,2,2,9,MultiPolygon
6999,4,No crop/Fallow,900.5457013378492,2,2,9,MultiPolygon
3409,1,Wheat,900.6727171649807,2,1,9,MultiPolygon
878,2,Mustard,1000.3455784087892,2,2,10,Polygon
1289,4,No crop/Fallow,1000.310730398751,2,2,10,Polygon
3814,4,No crop/Fallow,999.003491133662,2,1,10,MultiPolygon
5194,4,No crop/Fallow,998.9663746295286,2,1,10,MultiPolygon
2824,1,Wheat,1000.718144724842,2,2,10,Polygon
47,1,Wheat,1000.3719712742691,2,1,10,MultiPolygon
752,1,Wheat,1000.3106178611906,2,2,10,Polygon
4256,4,No crop/Fallow,1098.6849531848757,2,2,11,Polygon
484,4,No crop/Fallow,1100.4354036411762,2,2,11,Polygon
1681,1,Wheat,1100.334410713109,2,2,11,Polygon
346,1,Wheat,1100.480009054611,2,1,11,MultiPolygon
965,1,Wheat,1100.5566133884686,2,2,11,Polygon
284,2,Mustard,1200.356413995013,2,2,12,MultiPolygon
7000,4,No crop/Fallow,1200.7277039011271,2,2,12,Polygon
1464,1,Wheat,1200.5800169947893,2,2,12,Polygon
323,1,Wheat,1200.601144780365,2,2,12,Polygon
3301,1,Wheat,1200.919757832583,2,2,12,MultiPolygon
293,2,Mustard,1300.5204647295009,2,1,13,MultiPolygon
3300,2,Mustard,1300.996213550411,2,2,13,Polygon
3567,2,Mustard,1300.9933153193706,2,2,13,Polygon
4785,4,No crop/Fallow,1298.739660608658,2,2,13,Polygon
2362,1,Wheat,1300.9386660106102,2,2,13,Polygon
490,1,Wheat,1300.6513731980697,2,2,13,Polygon
3766,4,No crop/Fallow,1398.6471522995369,2,2,14,Polygon
3611,1,Wheat,1400.8723874865452,2,1,14,MultiPolygon
6932,9,Maize,1501.138533767298,2,2,15,Polygon
6562,2,Mustard,1501.0102516327818,2,2,15,Polygon
7240,2,Mustard,1500.9986520851007,2,2,15,Polygon
4846,4,No crop/Fallow,1497.9720040226048,2,2,15,Polygon
772,6,Sugarcane,1500.6174613220128,2,2,15,Polygon
1262,1,Wheat,1500.2971087768162,2,2,15,Polygon
1939,1,Wheat,1501.0608139974051,2,2,15,Polygon
2501,1,Wheat,1501.1124845488887,2,2,15,Polygon
2537,1,Wheat,1501.1286544824986,2,2,15,Polygon
2310,2,Mustard,1601.150718830568,2,2,16,Polygon
1418,4,No crop/Fallow,1600.7560078332592,2,2,16,MultiPolygon
4056,4,No crop/Fallow,1598.4486513768907,2,1,16,MultiPolygon
2601,1,Wheat,1601.2436571094954,2,2,16,MultiPolygon
3324,2,Mustard,1701.3003162384698,2,2,17,Polygon
3767,4,No crop/Fallow,1698.3578872367038,2,2,17,Polygon
3948,4,No crop/Fallow,1697.8451274282104,2,2,17,Polygon
1682,5,Green pea,1800.5477211561156,2,2,18,MultiPolygon
7080,9,Maize,1801.103745156272,2,2,18,Polygon
6881,4,No crop/Fallow,1801.0975935367471,2,2,18,Polygon
3302,1,Wheat,1801.380176682706,2,2,18,Polygon
7308,2,Mustard,1901.1440168944903,2,2,19,Polygon
4456,4,No crop/Fallow,1898.0960664160834,2,2,19,Polygon
4709,4,No crop/Fallow,1899.231060507584,2,1,19,MultiPolygon
2869,1,Wheat,1901.330290305419,2,2,19,MultiPolygon
3051,1,Wheat,1901.4769117044127,2,2,19,Polygon
3476,1,Wheat,1901.4555349977686,2,2,19,MultiPolygon
3513,1,Wheat,1901.3402558141718,2,2,19,Polygon
6635,9,Maize,2001.3316079389117,2,2,20,MultiPolygon
7078,9,Maize,2001.2265462826238,2,2,20,Polygon
1384,2,Mustard,2000.5486986570481,2,2,20,Polygon
1892,2,Mustard,2001.5073616203053,2,2,20,Polygon
1605,1,Wheat,2000.232611671152,2,2,20,MultiPolygon
3327,1,Wheat,2001.3185061157394,2,1,20,MultiPolygon
6344,1,Wheat,2001.3036656847632,2,2,20,Polygon
7161,9,Maize,2101.6111977114465,2,1,21,MultiPolygon
6968,2,Mustard,2101.4002037001387,2,2,21,MultiPolygon
3918,4,No crop/Fallow,2097.564466740468,2,2,21,Polygon
4499,4,No crop/Fallow,2096.9131412061884,2,2,21,MultiPolygon
1690,1,Wheat,2101.5810250541504,2,2,21,Polygon
1012,2,Mustard,2200.8823403095757,2,2,22,MultiPolygon
6870,2,Mustard,2201.406249293773,2,2,22,MultiPolygon
3725,4,No crop/Fallow,2197.9848349273984,2,1,22,MultiPolygon
3950,4,No crop/Fallow,2197.210968832787,2,2,22,Polygon
2281,6,Sugarcane,2201.657950239473,2,2,22,Polygon
1532,1,Wheat,2201.132396049529,2,2,22,Polygon
3026,1,Wheat,2201.645570907757,2,2,22,Polygon
3055,1,Wheat,2201.632419907528,2,2,22,Polygon
623,1,Wheat,2200.759123048103,2,2,22,MultiPolygon
7190,4,No crop/Fallow,2301.7466159183064,2,2,23,Polygon
4138,36,Rice,2297.5469860290627,2,2,23,Polygon
2157,1,Wheat,2301.768129624979,2,2,23,Polygon
747,1,Wheat,2300.2509146860784,2,2,23,Polygon
354,2,Mustard,2401.2357704034453,2,2,24,MultiPolygon
2390,1,Wheat,2401.622428120254,2,2,24,Polygon
7002,1,Wheat,2401.667411495646,2,2,24,MultiPolygon
6541,4,No crop/Fallow,2501.611771789811,2,2,25,Polygon
3583,1,Wheat,2501.9411071331606,2,2,25,Polygon
4257,4,No crop/Fallow,2596.892449351505,2,2,26,Polygon
2078,1,Wheat,2601.9561674692122,2,2,26,Polygon
2341,1,Wheat,2602.0574258747793,2,2,26,Polygon
2498,1,Wheat,2601.836675182776,2,2,26,MultiPolygon
494,1,Wheat,2601.33907503413,2,2,26,Polygon
6801,9,Maize,2702.049417371346,2,2,27,Polygon
7327,9,Maize,2701.767435294956,2,2,27,MultiPolygon
3478,2,Mustard,2701.929886925498,2,2,27,MultiPolygon
3744,4,No crop/Fallow,2697.7418815220294,2,2,27,MultiPolygon
3781,4,No crop/Fallow,2696.3775493503827,2,2,27,Polygon
5050,4,No crop/Fallow,2696.6188778749847,2,2,27,Polygon
7243,4,No crop/Fallow,2702.1259192743814,2,2,27,Polygon
132,6,Sugarcane,2700.8157553827364,2,1,27,MultiPolygon
1008,1,Wheat,2701.111715980887,2,2,27,MultiPolygon
2164,1,Wheat,2802.0535911317097,2,2,28,Polygon
6959,9,Maize,2902.265070646432,2,2,29,MultiPolygon
5932,2,Mustard,2900.2821630083877,2,1,29,MultiPolygon
6544,2,Mustard,2901.9203513921343,2,2,29,MultiPolygon
2971,4,No crop/Fallow,2902.116035500088,2,2,29,Polygon
2842,6,Sugarcane,2902.180750335678,2,2,29,MultiPolygon
2286,1,Wheat,2902.173628200523,2,1,29,MultiPolygon
5997,13,Gram,2998.489757605371,2,2,30,MultiPolygon
6994,9,Maize,3002.320102609128,2,1,30,MultiPolygon
6814,2,Mustard,3002.261374060943,2,2,30,MultiPolygon
2430,4,No crop/Fallow,3002.2411371726143,2,2,30,Polygon
538,4,No crop/Fallow,3000.9054844050197,2,2,30,Polygon
2474,6,Sugarcane,3002.2612128064643,2,2,30,Polygon
2133,1,Wheat,3002.0493684112735,2,2,30,Polygon
2839,1,Wheat,3002.1910678580703,2,2,30,Polygon
499,1,Wheat,3001.544407124165,2,2,30,Polygon
6103,1,Wheat,3001.203604157688,2,2,30,Polygon
1084,2,Mustard,3101.509207543665,2,2,31,MultiPolygon
1877,2,Mustard,3202.1866361161606,2,2,32,Polygon
4880,4,No crop/Fallow,3195.7070987566867,2,2,32,Polygon
6769,4,No crop/Fallow,3202.40365553492,2,2,32,Polygon
2586,1,Wheat,3202.2628111724785,2,2,32,MultiPolygon
5969,1,Wheat,3201.036694225709,2,2,32,Polygon
2638,2,Mustard,3302.468556276356,2,2,33,Polygon
1069,1,Wheat,3400.887484700772,2,2,34,MultiPolygon
6023,1,Wheat,3399.6256177591804,2,1,34,MultiPolygon
6104,1,Wheat,3401.3631315798775,2,2,34,Polygon
646,4,No crop/Fallow,3500.743407661735,2,2,35,Polygon
1278,1,Wheat,3501.044805771694,2,1,35,MultiPolygon
1655,1,Wheat,3501.0676977185376,2,2,35,Polygon
3606,2,Mustard,3602.7497737317985,2,2,36,Polygon
1374,1,Wheat,3601.4007712747093,2,2,36,MultiPolygon
2094,1,Wheat,3602.456335052111,2,2,36,MultiPolygon
2211,1,Wheat,3602.5915155393914,2,2,36,MultiPolygon
473,2,Mustard,3701.279037526486,2,2,37,Polygon
5188,4,No crop/Fallow,3694.7577418298542,2,2,37,Polygon
2049,1,Wheat,3702.8742094748222,2,2,37,MultiPolygon
3553,1,Wheat,3702.6952871326007,2,2,37,Polygon
432,1,Wheat,3701.4534984998154,2,2,37,MultiPolygon
6772,9,Maize,3802.9359657236782,2,1,38,MultiPolygon
1634,2,Mustard,3801.738835129619,2,2,38,MultiPolygon
411,2,Mustard,3801.8506313817998,2,2,38,Polygon
6782,4,No crop/Fallow,3802.5905355516998,2,2,38,MultiPolygon
2304,6,Sugarcane,3802.994776394689,2,2,38,Polygon
2877,1,Wheat,3902.977640629437,2,2,39,MultiPolygon
3239,1,Wheat,3902.8940837906694,2,2,39,Polygon
2203,3,Lentil,4002.965805139212,2,2,40,MultiPolygon
5740,2,Mustard,4000.9324832360803,2,1,40,MultiPolygon
4331,4,No crop/Fallow,3997.813511712978,2,2,40,MultiPolygon
4623,4,No crop/Fallow,3997.4736713953084,2,2,40,Polygon
1868,1,Wheat,4003.0404194517173,2,2,40,Polygon
2091,1,Wheat,4003.1360482926166,2,2,40,Polygon
2972,1,Wheat,4002.9160200457395,2,2,40,MultiPolygon
3243,1,Wheat,4002.967749777392,2,2,40,MultiPolygon
5421,1,Wheat,3999.788590205798,2,1,40,MultiPolygon
1329,2,Mustard,4101.12372563617,2,2,41,MultiPolygon
3216,2,Mustard,4103.090105064235,2,2,41,MultiPolygon
4908,4,No crop/Fallow,4094.8004514447957,2,2,41,MultiPolygon
705,4,No crop/Fallow,4102.022278293353,2,2,41,Polygon
2805,1,Wheat,4103.0434603802105,2,2,41,Polygon
6102,1,Wheat,4100.702034359976,2,2,41,MultiPolygon
676,1,Wheat,4100.7299311704355,2,2,41,Polygon
4624,4,No crop/Fallow,4197.347943155829,2,2,42,Polygon
5258,36,Rice,4198.326169293376,2,2,42,MultiPolygon
2361,1,Wheat,4203.036470291467,2,2,42,MultiPolygon
2650,1,Wheat,4203.124339561296,2,2,42,MultiPolygon
3945,15,Potato,4298.640943801727,2,2,43,Polygon
664,6,Sugarcane,4301.484601134565,2,2,43,MultiPolygon
4332,4,No crop/Fallow,4397.602236653868,2,2,44,Polygon
1406,1,Wheat,4401.322749292532,2,2,44,Polygon
2772,1,Wheat,4403.121122338593,2,2,44,Polygon
1879,1,Wheat,4503.075772686642,2,2,45,Polygon
868,1,Wheat,4600.811704632436,2,2,46,Polygon
6317,9,Maize,4703.627517532235,2,2,47,Polygon
5903,1,Wheat,4697.781058340064,2,1,47,MultiPolygon
5993,1,Wheat,4697.630987826533,2,1,47,MultiPolygon
5294,13,Gram,4799.584203314153,2,2,48,MultiPolygon
1078,2,Mustard,4801.488241285159,2,2,48,Polygon
2095,6,Sugarcane,4803.274234258885,2,2,48,Polygon
3840,4,No crop/Fallow,4996.060303732926,2,2,50,MultiPolygon
5187,4,No crop/Fallow,4992.917787681288,2,2,50,Polygon
1625,6,Sugarcane,5001.5550289934945,2,2,50,Polygon
2052,1,Wheat,5103.620405415655,2,2,51,Polygon
2202,1,Wheat,5103.781449144447,2,2,51,Polygon
6340,9,Maize,5204.02488890166,2,2,52,Polygon
1515,2,Mustard,5201.429768506959,2,2,52,Polygon
45,1,Wheat,5201.478656456182,2,2,52,Polygon
1317,4,No crop/Fallow,5302.182238188019,2,2,53,Polygon
788,1,Wheat,5301.599621302561,2,2,53,MultiPolygon
6382,2,Mustard,5704.280436347513,2,2,57,Polygon
5292,1,Wheat,5699.506667626779,2,2,57,MultiPolygon
1372,5,Green pea,5902.292324288414,2,2,59,Polygon
5433,1,Wheat,5898.324017425017,2,1,59,MultiPolygon
578,1,Wheat,5902.034283016048,2,2,59,MultiPolygon
5897,13,Gram,9794.926961070383,3,2,98,Polygon
796,2,Mustard,6603.117786267636,3,3,66,MultiPolygon
4271,4,No crop/Fallow,8996.414807491346,3,2,90,Polygon
4857,4,No crop/Fallow,7890.267820823835,3,2,79,Polygon
890,2,Mustard,300.09856744502406,3,1,3,MultiPolygon
3253,2,Mustard,400.3058948347866,3,1,4,MultiPolygon
102,4,No crop/Fallow,400.1586072024073,3,1,4,MultiPolygon
3982,4,No crop/Fallow,399.50782472640566,3,1,4,MultiPolygon
2105,1,Wheat,500.3840081578387,3,1,5,MultiPolygon
4547,4,No crop/Fallow,699.0082442310319,3,2,7,MultiPolygon
1824,1,Wheat,1000.7644100015616,3,1,10,MultiPolygon
697,6,Sugarcane,1300.54484796043,3,1,13,MultiPolygon
940,1,Wheat,1300.5865579358956,3,1,13,MultiPolygon
2720,1,Wheat,1401.0057126565907,3,1,14,MultiPolygon
879,1,Wheat,2001.015017003566,3,1,20,MultiPolygon
1067,1,Wheat,2700.7033719544665,3,2,27,MultiPolygon
3724,4,No crop/Fallow,4995.409217314207,3,2,50,MultiPolygon
2781,3,Lentil,400.30677970951456,4,1,4,MultiPolygon
1754,1,Wheat,400.2940616704624,4,1,4,MultiPolygon
3141,1,Wheat,400.2980358649113,4,1,4,MultiPolygon
1340,3,Lentil,500.15746155720103,4,1,5,MultiPolygon
478,1,Wheat,700.1326807851647,4,1,7,MultiPolygon
2185,1,Wheat,800.6138685426183,4,1,8,MultiPolygon
3723,4,No crop/Fallow,1498.6253136288005,4,1,15,MultiPolygon
1730,1,Wheat,3402.478880004171,4,4,34,Polygon
4413,4,No crop/Fallow,4995.408676055253,4,2,50,MultiPolygon
1187,2,Mustard,5702.297150203977,4,2,57,MultiPolygon
2423,1,Wheat,900.6337564378523,5,1,9,MultiPolygon
2075,1,Wheat,1100.8395772875867,5,1,11,MultiPolygon
5717,2,Mustard,2400.56194981393,5,1,24,MultiPolygon
612,1,Wheat,1300.4086021577582,6,1,13,MultiPolygon
790,5,Green pea,1800.4971276238132,7,1,18,MultiPolygon
