field_id,feature_set,model,fold,y_true,y_pred
10,A3_S1_S2_sequence,CNN1D,0,Wheat,Sugarcane
12,A3_S1_S2_sequence,CNN1D,0,Lentil,Mustard
14,A3_S1_S2_sequence,CNN1D,0,Wheat,Sugarcane
18,A3_S1_S2_sequence,CNN1D,0,Wheat,No crop/Fallow
20,A3_S1_S2_sequence,CNN1D,0,No crop/Fallow,Potato
22,A3_S1_S2_sequence,CNN1D,0,Wheat,Mustard
31,A3_S1_S2_sequence,CNN1D,0,Wheat,Wheat
32,A3_S1_S2_sequence,CNN1D,0,No crop/Fallow,Mustard
45,A3_S1_S2_sequence,CNN1D,0,Wheat,Mustard
46,A3_S1_S2_sequence,CNN1D,0,Wheat,Wheat
49,A3_S1_S2_sequence,CNN1D,0,Wheat,Wheat
56,A3_S1_S2_sequence,CNN1D,0,Wheat,Garlic
57,A3_S1_S2_sequence,CNN1D,0,Wheat,Wheat
60,A3_S1_S2_sequence,CNN1D,0,Wheat,Mustard
61,A3_S1_S2_sequence,CNN1D,0,No crop/Fallow,Lentil
80,A3_S1_S2_sequence,CNN1D,0,Sugarcane,Sugarcane
81,A3_S1_S2_sequence,CNN1D,0,Wheat,Sugarcane
93,A3_S1_S2_sequence,CNN1D,0,Garlic,Lentil
96,A3_S1_S2_sequence,CNN1D,0,Wheat,Mustard
107,A3_S1_S2_sequence,CNN1D,0,Wheat,Sugarcane
108,A3_S1_S2_sequence,CNN1D,0,Wheat,Sugarcane
110,A3_S1_S2_sequence,CNN1D,0,Sugarcane,Wheat
117,A3_S1_S2_sequence,CNN1D,0,Sugarcane,Sugarcane
118,A3_S1_S2_sequence,CNN1D,0,Sugarcane,Sugarcane
123,A3_S1_S2_sequence,CNN1D,0,No crop/Fallow,Sugarcane
124,A3_S1_S2_sequence,CNN1D,0,No crop/Fallow,Sugarcane
125,A3_S1_S2_sequence,CNN1D,0,Mustard,Lentil
131,A3_S1_S2_sequence,CNN1D,0,Mustard,Mustard
132,A3_S1_S2_sequence,CNN1D,0,Sugarcane,Sugarcane
133,A3_S1_S2_sequence,CNN1D,0,No crop/Fallow,Mustard
139,A3_S1_S2_sequence,CNN1D,0,No crop/Fallow,Mustard
140,A3_S1_S2_sequence,CNN1D,0,Mustard,Green pea
141,A3_S1_S2_sequence,CNN1D,0,Wheat,Wheat
143,A3_S1_S2_sequence,CNN1D,0,Wheat,Mustard
149,A3_S1_S2_sequence,CNN1D,0,Mustard,Sugarcane
161,A3_S1_S2_sequence,CNN1D,0,Wheat,Wheat
163,A3_S1_S2_sequence,CNN1D,0,Wheat,Wheat
170,A3_S1_S2_sequence,CNN1D,0,Wheat,Mustard
171,A3_S1_S2_sequence,CNN1D,0,Wheat,Wheat
172,A3_S1_S2_sequence,CNN1D,0,Wheat,Wheat
173,A3_S1_S2_sequence,CNN1D,0,Mustard,Sugarcane
174,A3_S1_S2_sequence,CNN1D,0,Wheat,Sugarcane
175,A3_S1_S2_sequence,CNN1D,0,Wheat,Wheat
186,A3_S1_S2_sequence,CNN1D,0,Sugarcane,Mustard
188,A3_S1_S2_sequence,CNN1D,0,Wheat,Green pea
190,A3_S1_S2_sequence,CNN1D,0,Wheat,Wheat
192,A3_S1_S2_sequence,CNN1D,0,Wheat,Wheat
199,A3_S1_S2_sequence,CNN1D,0,Wheat,Wheat
200,A3_S1_S2_sequence,CNN1D,0,Wheat,Wheat
214,A3_S1_S2_sequence,CNN1D,0,Wheat,Wheat
215,A3_S1_S2_sequence,CNN1D,0,Mustard,Lentil
231,A3_S1_S2_sequence,CNN1D,0,Wheat,Wheat
232,A3_S1_S2_sequence,CNN1D,0,Wheat,Sugarcane
233,A3_S1_S2_sequence,CNN1D,0,Wheat,Mustard
234,A3_S1_S2_sequence,CNN1D,0,Wheat,Wheat
235,A3_S1_S2_sequence,CNN1D,0,Wheat,Mustard
256,A3_S1_S2_sequence,CNN1D,0,Mustard,Lentil
265,A3_S1_S2_sequence,CNN1D,0,Wheat,Green pea
266,A3_S1_S2_sequence,CNN1D,0,Mustard,Wheat
268,A3_S1_S2_sequence,CNN1D,0,No crop/Fallow,Sugarcane
269,A3_S1_S2_sequence,CNN1D,0,No crop/Fallow,Sugarcane
270,A3_S1_S2_sequence,CNN1D,0,Mustard,Mustard
271,A3_S1_S2_sequence,CNN1D,0,No crop/Fallow,Lentil
275,A3_S1_S2_sequence,CNN1D,0,No crop/Fallow,Lentil
276,A3_S1_S2_sequence,CNN1D,0,Wheat,Sugarcane
278,A3_S1_S2_sequence,CNN1D,0,Wheat,Mustard
279,A3_S1_S2_sequence,CNN1D,0,Wheat,Green pea
281,A3_S1_S2_sequence,CNN1D,0,Wheat,Wheat
290,A3_S1_S2_sequence,CNN1D,0,Wheat,Mustard
297,A3_S1_S2_sequence,CNN1D,0,Wheat,Wheat
317,A3_S1_S2_sequence,CNN1D,0,Wheat,Lentil
318,A3_S1_S2_sequence,CNN1D,0,Lentil,Lentil
337,A3_S1_S2_sequence,CNN1D,0,Wheat,Mustard
338,A3_S1_S2_sequence,CNN1D,0,Sugarcane,Mustard
339,A3_S1_S2_sequence,CNN1D,0,Mustard,Mustard
353,A3_S1_S2_sequence,CNN1D,0,Sugarcane,Mustard
354,A3_S1_S2_sequence,CNN1D,0,Mustard,Sugarcane
356,A3_S1_S2_sequence,CNN1D,0,No crop/Fallow,Mustard
357,A3_S1_S2_sequence,CNN1D,0,No crop/Fallow,Lentil
374,A3_S1_S2_sequence,CNN1D,0,Mustard,Sugarcane
375,A3_S1_S2_sequence,CNN1D,0,Mustard,Sugarcane
376,A3_S1_S2_sequence,CNN1D,0,Wheat,Wheat
379,A3_S1_S2_sequence,CNN1D,0,No crop/Fallow,Mustard
380,A3_S1_S2_sequence,CNN1D,0,No crop/Fallow,Sugarcane
382,A3_S1_S2_sequence,CNN1D,0,Wheat,Lentil
386,A3_S1_S2_sequence,CNN1D,0,Wheat,Sugarcane
392,A3_S1_S2_sequence,CNN1D,0,Mustard,Mustard
393,A3_S1_S2_sequence,CNN1D,0,No crop/Fallow,Sugarcane
394,A3_S1_S2_sequence,CNN1D,0,Mustard,Mustard
396,A3_S1_S2_sequence,CNN1D,0,No crop/Fallow,Bersem
397,A3_S1_S2_sequence,CNN1D,0,Wheat,Lentil
398,A3_S1_S2_sequence,CNN1D,0,No crop/Fallow,Mustard
399,A3_S1_S2_sequence,CNN1D,0,Wheat,Sugarcane
410,A3_S1_S2_sequence,CNN1D,0,Wheat,Sugarcane
411,A3_S1_S2_sequence,CNN1D,0,Mustard,Sugarcane
412,A3_S1_S2_sequence,CNN1D,0,Wheat,Wheat
413,A3_S1_S2_sequence,CNN1D,0,Mustard,Sugarcane
415,A3_S1_S2_sequence,CNN1D,0,Wheat,Wheat
429,A3_S1_S2_sequence,CNN1D,0,Wheat,Wheat
430,A3_S1_S2_sequence,CNN1D,0,Wheat,Mustard
443,A3_S1_S2_sequence,CNN1D,0,Wheat,Green pea
444,A3_S1_S2_sequence,CNN1D,0,Mustard,Sugarcane
445,A3_S1_S2_sequence,CNN1D,0,No crop/Fallow,Potato
446,A3_S1_S2_sequence,CNN1D,0,No crop/Fallow,Mustard
447,A3_S1_S2_sequence,CNN1D,0,Mustard,Potato
449,A3_S1_S2_sequence,CNN1D,0,Mustard,Mustard
450,A3_S1_S2_sequence,CNN1D,0,Sugarcane,Green pea
452,A3_S1_S2_sequence,CNN1D,0,Mustard,Maize
453,A3_S1_S2_sequence,CNN1D,0,Wheat,Green pea
462,A3_S1_S2_sequence,CNN1D,0,Mustard,Lentil
464,A3_S1_S2_sequence,CNN1D,0,Mustard,Sugarcane
465,A3_S1_S2_sequence,CNN1D,0,No crop/Fallow,No crop/Fallow
466,A3_S1_S2_sequence,CNN1D,0,Mustard,Mustard
467,A3_S1_S2_sequence,CNN1D,0,Lentil,Mustard
468,A3_S1_S2_sequence,CNN1D,0,Mustard,Bersem
474,A3_S1_S2_sequence,CNN1D,0,Mustard,Mustard
476,A3_S1_S2_sequence,CNN1D,0,Wheat,Wheat
478,A3_S1_S2_sequence,CNN1D,0,Wheat,Wheat
480,A3_S1_S2_sequence,CNN1D,0,Wheat,Wheat
494,A3_S1_S2_sequence,CNN1D,0,Wheat,No crop/Fallow
496,A3_S1_S2_sequence,CNN1D,0,No crop/Fallow,No crop/Fallow
497,A3_S1_S2_sequence,CNN1D,0,Wheat,Mustard
498,A3_S1_S2_sequence,CNN1D,0,Wheat,Wheat
499,A3_S1_S2_sequence,CNN1D,0,Wheat,Lentil
511,A3_S1_S2_sequence,CNN1D,0,Wheat,Sugarcane
512,A3_S1_S2_sequence,CNN1D,0,Wheat,Sugarcane
513,A3_S1_S2_sequence,CNN1D,0,No crop/Fallow,Mustard
514,A3_S1_S2_sequence,CNN1D,0,No crop/Fallow,Mustard
515,A3_S1_S2_sequence,CNN1D,0,No crop/Fallow,Wheat
516,A3_S1_S2_sequence,CNN1D,0,Wheat,Sugarcane
517,A3_S1_S2_sequence,CNN1D,0,No crop/Fallow,Green pea
519,A3_S1_S2_sequence,CNN1D,0,Wheat,Lentil
527,A3_S1_S2_sequence,CNN1D,0,Wheat,Wheat
528,A3_S1_S2_sequence,CNN1D,0,Lentil,Mustard
529,A3_S1_S2_sequence,CNN1D,0,Mustard,Mustard
535,A3_S1_S2_sequence,CNN1D,0,Mustard,No crop/Fallow
536,A3_S1_S2_sequence,CNN1D,0,Mustard,Sugarcane
538,A3_S1_S2_sequence,CNN1D,0,No crop/Fallow,Mustard
539,A3_S1_S2_sequence,CNN1D,0,Green pea,Mustard
540,A3_S1_S2_sequence,CNN1D,0,Mustard,Mustard
542,A3_S1_S2_sequence,CNN1D,0,Wheat,Mustard
543,A3_S1_S2_sequence,CNN1D,0,Wheat,Mustard
544,A3_S1_S2_sequence,CNN1D,0,Wheat,Wheat
545,A3_S1_S2_sequence,CNN1D,0,Wheat,Wheat
548,A3_S1_S2_sequence,CNN1D,0,No crop/Fallow,Sugarcane
549,A3_S1_S2_sequence,CNN1D,0,No crop/Fallow,Sugarcane
550,A3_S1_S2_sequence,CNN1D,0,No crop/Fallow,Sugarcane
551,A3_S1_S2_sequence,CNN1D,0,No crop/Fallow,Sugarcane
552,A3_S1_S2_sequence,CNN1D,0,Bersem,Mustard
554,A3_S1_S2_sequence,CNN1D,0,Wheat,Wheat
555,A3_S1_S2_sequence,CNN1D,0,Wheat,Wheat
556,A3_S1_S2_sequence,CNN1D,0,Wheat,Wheat
567,A3_S1_S2_sequence,CNN1D,0,Mustard,Mustard
568,A3_S1_S2_sequence,CNN1D,0,Wheat,Mustard
569,A3_S1_S2_sequence,CNN1D,0,Sugarcane,Lentil
570,A3_S1_S2_sequence,CNN1D,0,Mustard,Wheat
571,A3_S1_S2_sequence,CNN1D,0,No crop/Fallow,Wheat
605,A3_S1_S2_sequence,CNN1D,0,Mustard,Sugarcane
608,A3_S1_S2_sequence,CNN1D,0,Sugarcane,Sugarcane
609,A3_S1_S2_sequence,CNN1D,0,Wheat,Wheat
610,A3_S1_S2_sequence,CNN1D,0,Wheat,Wheat
611,A3_S1_S2_sequence,CNN1D,0,No crop/Fallow,No crop/Fallow
612,A3_S1_S2_sequence,CNN1D,0,Wheat,Wheat
613,A3_S1_S2_sequence,CNN1D,0,Mustard,Mustard
614,A3_S1_S2_sequence,CNN1D,0,Potato,Mustard
615,A3_S1_S2_sequence,CNN1D,0,Mustard,Mustard
646,A3_S1_S2_sequence,CNN1D,0,No crop/Fallow,Sugarcane
647,A3_S1_S2_sequence,CNN1D,0,Lentil,Mustard
662,A3_S1_S2_sequence,CNN1D,0,Wheat,Lentil
677,A3_S1_S2_sequence,CNN1D,0,No crop/Fallow,Lentil
679,A3_S1_S2_sequence,CNN1D,0,No crop/Fallow,No crop/Fallow
695,A3_S1_S2_sequence,CNN1D,0,Wheat,Wheat
696,A3_S1_S2_sequence,CNN1D,0,Wheat,Wheat
701,A3_S1_S2_sequence,CNN1D,0,Wheat,Wheat
710,A3_S1_S2_sequence,CNN1D,0,Mustard,Mustard
711,A3_S1_S2_sequence,CNN1D,0,Wheat,Mustard
712,A3_S1_S2_sequence,CNN1D,0,Wheat,Wheat
713,A3_S1_S2_sequence,CNN1D,0,Wheat,Bersem
730,A3_S1_S2_sequence,CNN1D,0,Wheat,Lentil
752,A3_S1_S2_sequence,CNN1D,0,Wheat,Wheat
753,A3_S1_S2_sequence,CNN1D,0,Wheat,Mustard
755,A3_S1_S2_sequence,CNN1D,0,Wheat,Wheat
768,A3_S1_S2_sequence,CNN1D,0,Wheat,Wheat
771,A3_S1_S2_sequence,CNN1D,0,Sugarcane,Sugarcane
772,A3_S1_S2_sequence,CNN1D,0,Sugarcane,Sugarcane
785,A3_S1_S2_sequence,CNN1D,0,Sugarcane,No crop/Fallow
788,A3_S1_S2_sequence,CNN1D,0,Wheat,Green pea
789,A3_S1_S2_sequence,CNN1D,0,Mustard,Mustard
790,A3_S1_S2_sequence,CNN1D,0,Green pea,Wheat
791,A3_S1_S2_sequence,CNN1D,0,Wheat,Wheat
792,A3_S1_S2_sequence,CNN1D,0,Mustard,Mustard
793,A3_S1_S2_sequence,CNN1D,0,Mustard,Wheat
805,A3_S1_S2_sequence,CNN1D,0,Wheat,Lentil
807,A3_S1_S2_sequence,CNN1D,0,Mustard,Sugarcane
808,A3_S1_S2_sequence,CNN1D,0,Wheat,Green pea
815,A3_S1_S2_sequence,CNN1D,0,No crop/Fallow,Bersem
817,A3_S1_S2_sequence,CNN1D,0,Wheat,Lentil
830,A3_S1_S2_sequence,CNN1D,0,Sugarcane,Sugarcane
831,A3_S1_S2_sequence,CNN1D,0,Mustard,Sugarcane
833,A3_S1_S2_sequence,CNN1D,0,Sugarcane,Mustard
834,A3_S1_S2_sequence,CNN1D,0,Wheat,Wheat
846,A3_S1_S2_sequence,CNN1D,0,Wheat,Potato
862,A3_S1_S2_sequence,CNN1D,0,No crop/Fallow,Rice
863,A3_S1_S2_sequence,CNN1D,0,Wheat,Wheat
864,A3_S1_S2_sequence,CNN1D,0,Wheat,Wheat
865,A3_S1_S2_sequence,CNN1D,0,Lentil,Lentil
867,A3_S1_S2_sequence,CNN1D,0,Wheat,Lentil
901,A3_S1_S2_sequence,CNN1D,0,Wheat,Wheat
902,A3_S1_S2_sequence,CNN1D,0,Wheat,Wheat
903,A3_S1_S2_sequence,CNN1D,0,Wheat,Wheat
905,A3_S1_S2_sequence,CNN1D,0,Wheat,Wheat
906,A3_S1_S2_sequence,CNN1D,0,Wheat,Wheat
923,A3_S1_S2_sequence,CNN1D,0,Green pea,Mustard
924,A3_S1_S2_sequence,CNN1D,0,Wheat,Wheat
926,A3_S1_S2_sequence,CNN1D,0,Wheat,Wheat
950,A3_S1_S2_sequence,CNN1D,0,Wheat,Wheat
951,A3_S1_S2_sequence,CNN1D,0,Wheat,Wheat
956,A3_S1_S2_sequence,CNN1D,0,No crop/Fallow,Sugarcane
957,A3_S1_S2_sequence,CNN1D,0,Wheat,Wheat
964,A3_S1_S2_sequence,CNN1D,0,Lentil,Wheat
979,A3_S1_S2_sequence,CNN1D,0,Wheat,Sugarcane
980,A3_S1_S2_sequence,CNN1D,0,Wheat,Wheat
983,A3_S1_S2_sequence,CNN1D,0,Wheat,Wheat
984,A3_S1_S2_sequence,CNN1D,0,No crop/Fallow,Sugarcane
986,A3_S1_S2_sequence,CNN1D,0,Wheat,Sugarcane
1001,A3_S1_S2_sequence,CNN1D,0,Mustard,Sugarcane
1002,A3_S1_S2_sequence,CNN1D,0,Wheat,Sugarcane
1003,A3_S1_S2_sequence,CNN1D,0,Mustard,Mustard
1008,A3_S1_S2_sequence,CNN1D,0,Wheat,Sugarcane
1009,A3_S1_S2_sequence,CNN1D,0,No crop/Fallow,Wheat
1027,A3_S1_S2_sequence,CNN1D,0,Mustard,Mustard
1033,A3_S1_S2_sequence,CNN1D,0,No crop/Fallow,No crop/Fallow
1034,A3_S1_S2_sequence,CNN1D,0,Mustard,Wheat
1035,A3_S1_S2_sequence,CNN1D,0,Wheat,Wheat
1049,A3_S1_S2_sequence,CNN1D,0,No crop/Fallow,Lentil
1050,A3_S1_S2_sequence,CNN1D,0,No crop/Fallow,Wheat
1052,A3_S1_S2_sequence,CNN1D,0,Lentil,Wheat
1053,A3_S1_S2_sequence,CNN1D,0,Mustard,Sugarcane
1054,A3_S1_S2_sequence,CNN1D,0,Mustard,Sugarcane
1057,A3_S1_S2_sequence,CNN1D,0,Wheat,Wheat
1058,A3_S1_S2_sequence,CNN1D,0,Wheat,Mustard
1066,A3_S1_S2_sequence,CNN1D,0,Mustard,Wheat
1067,A3_S1_S2_sequence,CNN1D,0,Wheat,Green pea
1068,A3_S1_S2_sequence,CNN1D,0,Wheat,Wheat
1069,A3_S1_S2_sequence,CNN1D,0,Wheat,Green pea
1070,A3_S1_S2_sequence,CNN1D,0,Wheat,Sugarcane
1071,A3_S1_S2_sequence,CNN1D,0,No crop/Fallow,Wheat
1087,A3_S1_S2_sequence,CNN1D,0,Wheat,Wheat
1088,A3_S1_S2_sequence,CNN1D,0,Mustard,Mustard
1097,A3_S1_S2_sequence,CNN1D,0,Mustard,Green pea
1099,A3_S1_S2_sequence,CNN1D,0,Mustard,Mustard
1106,A3_S1_S2_sequence,CNN1D,0,Wheat,Sugarcane
1107,A3_S1_S2_sequence,CNN1D,0,Wheat,Wheat
1108,A3_S1_S2_sequence,CNN1D,0,Sugarcane,Mustard
1110,A3_S1_S2_sequence,CNN1D,0,Mustard,Mustard
1114,A3_S1_S2_sequence,CNN1D,0,Sugarcane,Sugarcane
1115,A3_S1_S2_sequence,CNN1D,0,Sugarcane,Sugarcane
1116,A3_S1_S2_sequence,CNN1D,0,Mustard,Mustard
1122,A3_S1_S2_sequence,CNN1D,0,Mustard,Mustard
1123,A3_S1_S2_sequence,CNN1D,0,Mustard,Mustard
1127,A3_S1_S2_sequence,CNN1D,0,Mustard,Lentil
1128,A3_S1_S2_sequence,CNN1D,0,Mustard,Mustard
1143,A3_S1_S2_sequence,CNN1D,0,Mustard,Wheat
1144,A3_S1_S2_sequence,CNN1D,0,Garlic,Mustard
1145,A3_S1_S2_sequence,CNN1D,0,Wheat,Sugarcane
1146,A3_S1_S2_sequence,CNN1D,0,Wheat,Wheat
1148,A3_S1_S2_sequence,CNN1D,0,Mustard,Mustard
1150,A3_S1_S2_sequence,CNN1D,0,Mustard,Sugarcane
1151,A3_S1_S2_sequence,CNN1D,0,Lentil,Sugarcane
1175,A3_S1_S2_sequence,CNN1D,0,Wheat,Wheat
1176,A3_S1_S2_sequence,CNN1D,0,Mustard,No crop/Fallow
1183,A3_S1_S2_sequence,CNN1D,0,Sugarcane,Sugarcane
1184,A3_S1_S2_sequence,CNN1D,0,Wheat,Wheat
1193,A3_S1_S2_sequence,CNN1D,0,No crop/Fallow,Wheat
1195,A3_S1_S2_sequence,CNN1D,0,No crop/Fallow,Lentil
1196,A3_S1_S2_sequence,CNN1D,0,Wheat,Wheat
1198,A3_S1_S2_sequence,CNN1D,0,No crop/Fallow,Bersem
1199,A3_S1_S2_sequence,CNN1D,0,Wheat,Wheat
1208,A3_S1_S2_sequence,CNN1D,0,Sugarcane,Sugarcane
1209,A3_S1_S2_sequence,CNN1D,0,Mustard,Sugarcane
1210,A3_S1_S2_sequence,CNN1D,0,Wheat,Green pea
1215,A3_S1_S2_sequence,CNN1D,0,No crop/Fallow,Bersem
1216,A3_S1_S2_sequence,CNN1D,0,Lentil,Mustard
1217,A3_S1_S2_sequence,CNN1D,0,Mustard,Mustard
1218,A3_S1_S2_sequence,CNN1D,0,Lentil,Sugarcane
1219,A3_S1_S2_sequence,CNN1D,0,Mustard,Mustard
1228,A3_S1_S2_sequence,CNN1D,0,Wheat,Mustard
1229,A3_S1_S2_sequence,CNN1D,0,Wheat,Wheat
1278,A3_S1_S2_sequence,CNN1D,0,Wheat,Sugarcane
1288,A3_S1_S2_sequence,CNN1D,0,Sugarcane,No crop/Fallow
1289,A3_S1_S2_sequence,CNN1D,0,No crop/Fallow,Mustard
1304,A3_S1_S2_sequence,CNN1D,0,Potato,Sugarcane
1305,A3_S1_S2_sequence,CNN1D,0,Wheat,Wheat
1316,A3_S1_S2_sequence,CNN1D,0,Sugarcane,Sugarcane
1317,A3_S1_S2_sequence,CNN1D,0,No crop/Fallow,Mustard
1342,A3_S1_S2_sequence,CNN1D,0,Wheat,Wheat
1343,A3_S1_S2_sequence,CNN1D,0,No crop/Fallow,No crop/Fallow
1344,A3_S1_S2_sequence,CNN1D,0,No crop/Fallow,Mustard
1362,A3_S1_S2_sequence,CNN1D,0,Wheat,Mustard
1375,A3_S1_S2_sequence,CNN1D,0,Wheat,Wheat
1376,A3_S1_S2_sequence,CNN1D,0,Wheat,Wheat
1382,A3_S1_S2_sequence,CNN1D,0,Sugarcane,Sugarcane
1383,A3_S1_S2_sequence,CNN1D,0,Mustard,Mustard
1384,A3_S1_S2_sequence,CNN1D,0,Mustard,Wheat
1385,A3_S1_S2_sequence,CNN1D,0,Mustard,Mustard
1386,A3_S1_S2_sequence,CNN1D,0,Wheat,Wheat
1387,A3_S1_S2_sequence,CNN1D,0,Wheat,Potato
1405,A3_S1_S2_sequence,CNN1D,0,Mustard,Mustard
1406,A3_S1_S2_sequence,CNN1D,0,Wheat,Wheat
1407,A3_S1_S2_sequence,CNN1D,0,No crop/Fallow,Mustard
1423,A3_S1_S2_sequence,CNN1D,0,Mustard,Mustard
1424,A3_S1_S2_sequence,CNN1D,0,Wheat,No crop/Fallow
1425,A3_S1_S2_sequence,CNN1D,0,Wheat,Wheat
1432,A3_S1_S2_sequence,CNN1D,0,Wheat,Wheat
1433,A3_S1_S2_sequence,CNN1D,0,Mustard,Coriander
1435,A3_S1_S2_sequence,CNN1D,0,Sugarcane,Sugarcane
1436,A3_S1_S2_sequence,CNN1D,0,Mustard,Lentil
1437,A3_S1_S2_sequence,CNN1D,0,Mustard,Sugarcane
1471,A3_S1_S2_sequence,CNN1D,0,Wheat,Mustard
1472,A3_S1_S2_sequence,CNN1D,0,Mustard,Sugarcane
1473,A3_S1_S2_sequence,CNN1D,0,Mustard,Sugarcane
1481,A3_S1_S2_sequence,CNN1D,0,Mustard,Sugarcane
1482,A3_S1_S2_sequence,CNN1D,0,No crop/Fallow,Sugarcane
1493,A3_S1_S2_sequence,CNN1D,0,Mustard,Green pea
1494,A3_S1_S2_sequence,CNN1D,0,Mustard,Mustard
1524,A3_S1_S2_sequence,CNN1D,0,Wheat,Wheat
1528,A3_S1_S2_sequence,CNN1D,0,Wheat,Wheat
1529,A3_S1_S2_sequence,CNN1D,0,No crop/Fallow,Sugarcane
1530,A3_S1_S2_sequence,CNN1D,0,No crop/Fallow,Potato
1531,A3_S1_S2_sequence,CNN1D,0,No crop/Fallow,Mustard
1532,A3_S1_S2_sequence,CNN1D,0,Wheat,Wheat
1544,A3_S1_S2_sequence,CNN1D,0,No crop/Fallow,Wheat
1545,A3_S1_S2_sequence,CNN1D,0,Wheat,Wheat
1546,A3_S1_S2_sequence,CNN1D,0,Wheat,Wheat
1568,A3_S1_S2_sequence,CNN1D,0,Wheat,Lentil
1607,A3_S1_S2_sequence,CNN1D,0,Wheat,Mustard
1608,A3_S1_S2_sequence,CNN1D,0,Mustard,Wheat
1615,A3_S1_S2_sequence,CNN1D,0,Wheat,Green pea
1616,A3_S1_S2_sequence,CNN1D,0,Lentil,Wheat
1618,A3_S1_S2_sequence,CNN1D,0,Mustard,Wheat
1620,A3_S1_S2_sequence,CNN1D,0,Wheat,Green pea
1621,A3_S1_S2_sequence,CNN1D,0,Mustard,Mustard
1622,A3_S1_S2_sequence,CNN1D,0,Mustard,Mustard
1624,A3_S1_S2_sequence,CNN1D,0,Wheat,Wheat
1625,A3_S1_S2_sequence,CNN1D,0,Sugarcane,Sugarcane
1633,A3_S1_S2_sequence,CNN1D,0,Mustard,Sugarcane
1634,A3_S1_S2_sequence,CNN1D,0,Mustard,No crop/Fallow
1635,A3_S1_S2_sequence,CNN1D,0,Wheat,Lentil
1649,A3_S1_S2_sequence,CNN1D,0,Wheat,Wheat
1650,A3_S1_S2_sequence,CNN1D,0,Wheat,Green pea
1651,A3_S1_S2_sequence,CNN1D,0,Wheat,Wheat
1652,A3_S1_S2_sequence,CNN1D,0,Wheat,Mustard
1653,A3_S1_S2_sequence,CNN1D,0,Wheat,Green pea
1654,A3_S1_S2_sequence,CNN1D,0,Wheat,Mustard
1655,A3_S1_S2_sequence,CNN1D,0,Wheat,Wheat
1667,A3_S1_S2_sequence,CNN1D,0,Mustard,Mustard
1668,A3_S1_S2_sequence,CNN1D,0,Sugarcane,Lentil
1669,A3_S1_S2_sequence,CNN1D,0,Mustard,Mustard
1670,A3_S1_S2_sequence,CNN1D,0,No crop/Fallow,Lentil
1671,A3_S1_S2_sequence,CNN1D,0,Mustard,Sugarcane
1672,A3_S1_S2_sequence,CNN1D,0,No crop/Fallow,Lentil
1681,A3_S1_S2_sequence,CNN1D,0,Wheat,Wheat
1682,A3_S1_S2_sequence,CNN1D,0,Green pea,Mustard
1683,A3_S1_S2_sequence,CNN1D,0,Wheat,Mustard
1685,A3_S1_S2_sequence,CNN1D,0,Mustard,Sugarcane
1686,A3_S1_S2_sequence,CNN1D,0,Sugarcane,Lentil
1687,A3_S1_S2_sequence,CNN1D,0,Mustard,Lentil
1688,A3_S1_S2_sequence,CNN1D,0,Wheat,Wheat
1689,A3_S1_S2_sequence,CNN1D,0,Mustard,Sugarcane
1705,A3_S1_S2_sequence,CNN1D,0,No crop/Fallow,No crop/Fallow
1706,A3_S1_S2_sequence,CNN1D,0,Wheat,Wheat
1708,A3_S1_S2_sequence,CNN1D,0,Wheat,Wheat
1709,A3_S1_S2_sequence,CNN1D,0,Wheat,Lentil
1711,A3_S1_S2_sequence,CNN1D,0,Wheat,Wheat
1712,A3_S1_S2_sequence,CNN1D,0,Bersem,Sugarcane
1713,A3_S1_S2_sequence,CNN1D,0,Wheat,Wheat
1714,A3_S1_S2_sequence,CNN1D,0,Wheat,Mustard
1729,A3_S1_S2_sequence,CNN1D,0,Mustard,Mustard
1730,A3_S1_S2_sequence,CNN1D,0,Wheat,Wheat
1731,A3_S1_S2_sequence,CNN1D,0,Wheat,Wheat
1732,A3_S1_S2_sequence,CNN1D,0,No crop/Fallow,Sugarcane
1737,A3_S1_S2_sequence,CNN1D,0,Wheat,Wheat
1738,A3_S1_S2_sequence,CNN1D,0,Wheat,Wheat
1739,A3_S1_S2_sequence,CNN1D,0,Wheat,Wheat
1776,A3_S1_S2_sequence,CNN1D,0,Wheat,Wheat
1780,A3_S1_S2_sequence,CNN1D,0,Sugarcane,Sugarcane
1781,A3_S1_S2_sequence,CNN1D,0,Mustard,Mustard
1782,A3_S1_S2_sequence,CNN1D,0,Sugarcane,Sugarcane
1783,A3_S1_S2_sequence,CNN1D,0,Sugarcane,Mustard
1796,A3_S1_S2_sequence,CNN1D,0,Wheat,Wheat
1801,A3_S1_S2_sequence,CNN1D,0,Wheat,Lentil
1804,A3_S1_S2_sequence,CNN1D,0,Wheat,Wheat
1809,A3_S1_S2_sequence,CNN1D,0,Lentil,Potato
1810,A3_S1_S2_sequence,CNN1D,0,Lentil,Coriander
1817,A3_S1_S2_sequence,CNN1D,0,Mustard,Mustard
1818,A3_S1_S2_sequence,CNN1D,0,Mustard,Wheat
1819,A3_S1_S2_sequence,CNN1D,0,Mustard,Coriander
1820,A3_S1_S2_sequence,CNN1D,0,Wheat,Wheat
1822,A3_S1_S2_sequence,CNN1D,0,Wheat,Lentil
1823,A3_S1_S2_sequence,CNN1D,0,Wheat,Wheat
1824,A3_S1_S2_sequence,CNN1D,0,Wheat,Lentil
1838,A3_S1_S2_sequence,CNN1D,0,Green pea,Potato
1839,A3_S1_S2_sequence,CNN1D,0,No crop/Fallow,Bersem
1840,A3_S1_S2_sequence,CNN1D,0,Wheat,Wheat
1842,A3_S1_S2_sequence,CNN1D,0,Maize,Wheat
1843,A3_S1_S2_sequence,CNN1D,0,Maize,Maize
1844,A3_S1_S2_sequence,CNN1D,0,Wheat,Wheat
1845,A3_S1_S2_sequence,CNN1D,0,Lentil,Mustard
1846,A3_S1_S2_sequence,CNN1D,0,Wheat,Wheat
1847,A3_S1_S2_sequence,CNN1D,0,Wheat,Wheat
1855,A3_S1_S2_sequence,CNN1D,0,Wheat,Wheat
1886,A3_S1_S2_sequence,CNN1D,0,Wheat,Wheat
1887,A3_S1_S2_sequence,CNN1D,0,Sugarcane,Sugarcane
1888,A3_S1_S2_sequence,CNN1D,0,Wheat,Wheat
1889,A3_S1_S2_sequence,CNN1D,0,Wheat,Wheat
1890,A3_S1_S2_sequence,CNN1D,0,Mustard,Sugarcane
1891,A3_S1_S2_sequence,CNN1D,0,Wheat,Wheat
1911,A3_S1_S2_sequence,CNN1D,0,Wheat,Wheat
1912,A3_S1_S2_sequence,CNN1D,0,Mustard,Mustard
1913,A3_S1_S2_sequence,CNN1D,0,Wheat,Wheat
1954,A3_S1_S2_sequence,CNN1D,0,No crop/Fallow,No crop/Fallow
1955,A3_S1_S2_sequence,CNN1D,0,Wheat,Wheat
1993,A3_S1_S2_sequence,CNN1D,0,Potato,Lentil
1994,A3_S1_S2_sequence,CNN1D,0,Wheat,Wheat
1996,A3_S1_S2_sequence,CNN1D,0,Wheat,Wheat
1997,A3_S1_S2_sequence,CNN1D,0,Lentil,Wheat
1998,A3_S1_S2_sequence,CNN1D,0,Wheat,Wheat
2010,A3_S1_S2_sequence,CNN1D,0,Wheat,Wheat
2011,A3_S1_S2_sequence,CNN1D,0,Wheat,Wheat
2012,A3_S1_S2_sequence,CNN1D,0,Wheat,Wheat
2026,A3_S1_S2_sequence,CNN1D,0,Wheat,Wheat
2027,A3_S1_S2_sequence,CNN1D,0,Wheat,Wheat
2034,A3_S1_S2_sequence,CNN1D,0,Wheat,Wheat
2047,A3_S1_S2_sequence,CNN1D,0,Mustard,Lentil
2048,A3_S1_S2_sequence,CNN1D,0,Wheat,Wheat
2049,A3_S1_S2_sequence,CNN1D,0,Wheat,Wheat
2058,A3_S1_S2_sequence,CNN1D,0,Mustard,Lentil
2059,A3_S1_S2_sequence,CNN1D,0,Wheat,Coriander
2072,A3_S1_S2_sequence,CNN1D,0,Wheat,Mustard
2073,A3_S1_S2_sequence,CNN1D,0,Wheat,Wheat
2075,A3_S1_S2_sequence,CNN1D,0,Wheat,Wheat
2076,A3_S1_S2_sequence,CNN1D,0,Wheat,Wheat
2077,A3_S1_S2_sequence,CNN1D,0,Wheat,Wheat
2088,A3_S1_S2_sequence,CNN1D,0,Wheat,Wheat
2096,A3_S1_S2_sequence,CNN1D,0,Wheat,Wheat
2098,A3_S1_S2_sequence,CNN1D,0,Wheat,Wheat
2101,A3_S1_S2_sequence,CNN1D,0,Wheat,Wheat
2102,A3_S1_S2_sequence,CNN1D,0,Wheat,Wheat
2103,A3_S1_S2_sequence,CNN1D,0,Wheat,Wheat
2104,A3_S1_S2_sequence,CNN1D,0,Wheat,Wheat
2105,A3_S1_S2_sequence,CNN1D,0,Wheat,Lentil
2106,A3_S1_S2_sequence,CNN1D,0,Mustard,Lentil
2107,A3_S1_S2_sequence,CNN1D,0,Potato,Sugarcane
2108,A3_S1_S2_sequence,CNN1D,0,Wheat,Wheat
2109,A3_S1_S2_sequence,CNN1D,0,Lentil,Lentil
2111,A3_S1_S2_sequence,CNN1D,0,Wheat,Wheat
2112,A3_S1_S2_sequence,CNN1D,0,Wheat,Wheat
2113,A3_S1_S2_sequence,CNN1D,0,Wheat,Wheat
2114,A3_S1_S2_sequence,CNN1D,0,Wheat,Wheat
2115,A3_S1_S2_sequence,CNN1D,0,Wheat,Wheat
2122,A3_S1_S2_sequence,CNN1D,0,Wheat,Wheat
2123,A3_S1_S2_sequence,CNN1D,0,Wheat,Wheat
2144,A3_S1_S2_sequence,CNN1D,0,Wheat,Wheat
2146,A3_S1_S2_sequence,CNN1D,0,Coriander,Wheat
2147,A3_S1_S2_sequence,CNN1D,0,Wheat,Lentil
2153,A3_S1_S2_sequence,CNN1D,0,Wheat,Lentil
2154,A3_S1_S2_sequence,CNN1D,0,Wheat,Wheat
2155,A3_S1_S2_sequence,CNN1D,0,Wheat,Wheat
2156,A3_S1_S2_sequence,CNN1D,0,Wheat,Lentil
2157,A3_S1_S2_sequence,CNN1D,0,Wheat,Wheat
2170,A3_S1_S2_sequence,CNN1D,0,No crop/Fallow,No crop/Fallow
2171,A3_S1_S2_sequence,CNN1D,0,Wheat,Wheat
2192,A3_S1_S2_sequence,CNN1D,0,Mustard,Lentil
2193,A3_S1_S2_sequence,CNN1D,0,Wheat,Lentil
2194,A3_S1_S2_sequence,CNN1D,0,Mustard,Wheat
2195,A3_S1_S2_sequence,CNN1D,0,Wheat,Wheat
2199,A3_S1_S2_sequence,CNN1D,0,Wheat,Wheat
2200,A3_S1_S2_sequence,CNN1D,0,Wheat,Wheat
2201,A3_S1_S2_sequence,CNN1D,0,Wheat,Wheat
2202,A3_S1_S2_sequence,CNN1D,0,Wheat,Wheat
2203,A3_S1_S2_sequence,CNN1D,0,Lentil,Wheat
2204,A3_S1_S2_sequence,CNN1D,0,Wheat,Wheat
2205,A3_S1_S2_sequence,CNN1D,0,Wheat,Wheat
2206,A3_S1_S2_sequence,CNN1D,0,Wheat,Wheat
2214,A3_S1_S2_sequence,CNN1D,0,Wheat,Wheat
2216,A3_S1_S2_sequence,CNN1D,0,Mustard,Wheat
2226,A3_S1_S2_sequence,CNN1D,0,Mustard,Potato
2227,A3_S1_S2_sequence,CNN1D,0,Wheat,Mustard
2237,A3_S1_S2_sequence,CNN1D,0,Wheat,Wheat
2238,A3_S1_S2_sequence,CNN1D,0,Mustard,Mustard
2254,A3_S1_S2_sequence,CNN1D,0,Wheat,Wheat
2260,A3_S1_S2_sequence,CNN1D,0,Sugarcane,Sugarcane
2269,A3_S1_S2_sequence,CNN1D,0,Wheat,Mustard
2270,A3_S1_S2_sequence,CNN1D,0,Wheat,Wheat
2271,A3_S1_S2_sequence,CNN1D,0,No crop/Fallow,Wheat
2323,A3_S1_S2_sequence,CNN1D,0,Mustard,Wheat
2325,A3_S1_S2_sequence,CNN1D,0,Wheat,Wheat
2326,A3_S1_S2_sequence,CNN1D,0,Mustard,Mustard
2327,A3_S1_S2_sequence,CNN1D,0,Wheat,Wheat
2329,A3_S1_S2_sequence,CNN1D,0,Mustard,Lentil
2348,A3_S1_S2_sequence,CNN1D,0,Wheat,Wheat
2350,A3_S1_S2_sequence,CNN1D,0,Bersem,Lentil
2383,A3_S1_S2_sequence,CNN1D,0,Wheat,Wheat
2384,A3_S1_S2_sequence,CNN1D,0,Lentil,Wheat
2421,A3_S1_S2_sequence,CNN1D,0,Wheat,Lentil
2422,A3_S1_S2_sequence,CNN1D,0,Wheat,Wheat
2423,A3_S1_S2_sequence,CNN1D,0,Wheat,Wheat
2425,A3_S1_S2_sequence,CNN1D,0,Coriander,Sugarcane
2427,A3_S1_S2_sequence,CNN1D,0,Mustard,Sugarcane
2435,A3_S1_S2_sequence,CNN1D,0,Wheat,Lentil
2436,A3_S1_S2_sequence,CNN1D,0,Wheat,Wheat
2437,A3_S1_S2_sequence,CNN1D,0,Wheat,Wheat
2438,A3_S1_S2_sequence,CNN1D,0,Wheat,Wheat
2461,A3_S1_S2_sequence,CNN1D,0,Lentil,Wheat
2462,A3_S1_S2_sequence,CNN1D,0,Wheat,Wheat
2463,A3_S1_S2_sequence,CNN1D,0,Wheat,Wheat
2470,A3_S1_S2_sequence,CNN1D,0,Wheat,Lentil
2471,A3_S1_S2_sequence,CNN1D,0,Wheat,Coriander
2472,A3_S1_S2_sequence,CNN1D,0,Wheat,Lentil
2473,A3_S1_S2_sequence,CNN1D,0,Wheat,Lentil
2486,A3_S1_S2_sequence,CNN1D,0,Mustard,Mustard
2502,A3_S1_S2_sequence,CNN1D,0,Wheat,Wheat
2503,A3_S1_S2_sequence,CNN1D,0,Wheat,Wheat
2505,A3_S1_S2_sequence,CNN1D,0,Wheat,Wheat
2548,A3_S1_S2_sequence,CNN1D,0,Wheat,Lentil
2550,A3_S1_S2_sequence,CNN1D,0,Wheat,Wheat
2552,A3_S1_S2_sequence,CNN1D,0,Mustard,Lentil
2565,A3_S1_S2_sequence,CNN1D,0,Wheat,Wheat
2575,A3_S1_S2_sequence,CNN1D,0,Wheat,Sugarcane
2576,A3_S1_S2_sequence,CNN1D,0,Wheat,Wheat
2599,A3_S1_S2_sequence,CNN1D,0,Wheat,Wheat
2627,A3_S1_S2_sequence,CNN1D,0,Wheat,Wheat
2628,A3_S1_S2_sequence,CNN1D,0,Wheat,Wheat
2649,A3_S1_S2_sequence,CNN1D,0,Wheat,Wheat
2664,A3_S1_S2_sequence,CNN1D,0,No crop/Fallow,Sugarcane
2665,A3_S1_S2_sequence,CNN1D,0,Wheat,Wheat
2666,A3_S1_S2_sequence,CNN1D,0,Mustard,Mustard
2667,A3_S1_S2_sequence,CNN1D,0,Lentil,Lentil
2668,A3_S1_S2_sequence,CNN1D,0,Wheat,Wheat
2669,A3_S1_S2_sequence,CNN1D,0,Wheat,Wheat
2672,A3_S1_S2_sequence,CNN1D,0,Wheat,Wheat
2677,A3_S1_S2_sequence,CNN1D,0,Wheat,Wheat
2685,A3_S1_S2_sequence,CNN1D,0,Wheat,Wheat
2686,A3_S1_S2_sequence,CNN1D,0,Wheat,Green pea
2700,A3_S1_S2_sequence,CNN1D,0,Wheat,Wheat
2701,A3_S1_S2_sequence,CNN1D,0,Sugarcane,Sugarcane
2702,A3_S1_S2_sequence,CNN1D,0,Wheat,Wheat
2703,A3_S1_S2_sequence,CNN1D,0,Mustard,Mustard
2705,A3_S1_S2_sequence,CNN1D,0,Wheat,Wheat
2707,A3_S1_S2_sequence,CNN1D,0,Wheat,Wheat
2713,A3_S1_S2_sequence,CNN1D,0,Wheat,Wheat
2714,A3_S1_S2_sequence,CNN1D,0,Wheat,Wheat
2715,A3_S1_S2_sequence,CNN1D,0,Wheat,Wheat
2755,A3_S1_S2_sequence,CNN1D,0,Mustard,Lentil
2756,A3_S1_S2_sequence,CNN1D,0,Wheat,Mustard
2758,A3_S1_S2_sequence,CNN1D,0,Mustard,Mustard
2759,A3_S1_S2_sequence,CNN1D,0,Mustard,Mustard
2760,A3_S1_S2_sequence,CNN1D,0,Mustard,Mustard
2761,A3_S1_S2_sequence,CNN1D,0,Wheat,Wheat
2794,A3_S1_S2_sequence,CNN1D,0,Mustard,No crop/Fallow
2795,A3_S1_S2_sequence,CNN1D,0,Mustard,Wheat
2797,A3_S1_S2_sequence,CNN1D,0,Mustard,Mustard
2800,A3_S1_S2_sequence,CNN1D,0,Wheat,Bersem
2841,A3_S1_S2_sequence,CNN1D,0,Wheat,Mustard
2848,A3_S1_S2_sequence,CNN1D,0,Wheat,Wheat
2849,A3_S1_S2_sequence,CNN1D,0,Sugarcane,Sugarcane
2858,A3_S1_S2_sequence,CNN1D,0,Wheat,Wheat
2859,A3_S1_S2_sequence,CNN1D,0,Wheat,Wheat
2864,A3_S1_S2_sequence,CNN1D,0,Wheat,Lentil
2866,A3_S1_S2_sequence,CNN1D,0,Wheat,Wheat
2874,A3_S1_S2_sequence,CNN1D,0,Wheat,Wheat
2875,A3_S1_S2_sequence,CNN1D,0,Mustard,Lentil
2876,A3_S1_S2_sequence,CNN1D,0,Mustard,Lentil
2877,A3_S1_S2_sequence,CNN1D,0,Wheat,Wheat
2888,A3_S1_S2_sequence,CNN1D,0,Wheat,Wheat
2889,A3_S1_S2_sequence,CNN1D,0,Wheat,Wheat
2890,A3_S1_S2_sequence,CNN1D,0,Mustard,Wheat
2891,A3_S1_S2_sequence,CNN1D,0,Wheat,Wheat
2927,A3_S1_S2_sequence,CNN1D,0,Sugarcane,Lentil
2963,A3_S1_S2_sequence,CNN1D,0,Wheat,Green pea
2964,A3_S1_S2_sequence,CNN1D,0,No crop/Fallow,Lentil
2975,A3_S1_S2_sequence,CNN1D,0,Wheat,Wheat
2976,A3_S1_S2_sequence,CNN1D,0,Wheat,Wheat
2977,A3_S1_S2_sequence,CNN1D,0,Wheat,Wheat
2981,A3_S1_S2_sequence,CNN1D,0,Wheat,Wheat
2984,A3_S1_S2_sequence,CNN1D,0,Wheat,Wheat
2985,A3_S1_S2_sequence,CNN1D,0,Wheat,Wheat
2988,A3_S1_S2_sequence,CNN1D,0,Mustard,Lentil
2989,A3_S1_S2_sequence,CNN1D,0,Wheat,Wheat
2990,A3_S1_S2_sequence,CNN1D,0,Mustard,Lentil
2997,A3_S1_S2_sequence,CNN1D,0,Wheat,Wheat
3000,A3_S1_S2_sequence,CNN1D,0,Wheat,Wheat
3006,A3_S1_S2_sequence,CNN1D,0,Mustard,Lentil
3007,A3_S1_S2_sequence,CNN1D,0,Wheat,Mustard
3008,A3_S1_S2_sequence,CNN1D,0,Sugarcane,Sugarcane
3009,A3_S1_S2_sequence,CNN1D,0,Sugarcane,Lentil
3015,A3_S1_S2_sequence,CNN1D,0,Wheat,Bersem
3031,A3_S1_S2_sequence,CNN1D,0,Wheat,Wheat
3032,A3_S1_S2_sequence,CNN1D,0,Wheat,Mustard
3033,A3_S1_S2_sequence,CNN1D,0,Wheat,Lentil
3034,A3_S1_S2_sequence,CNN1D,0,Wheat,Wheat
3035,A3_S1_S2_sequence,CNN1D,0,Wheat,Wheat
3036,A3_S1_S2_sequence,CNN1D,0,Wheat,Wheat
3048,A3_S1_S2_sequence,CNN1D,0,Wheat,Lentil
3057,A3_S1_S2_sequence,CNN1D,0,Lentil,Lentil
3059,A3_S1_S2_sequence,CNN1D,0,Mustard,Mustard
3060,A3_S1_S2_sequence,CNN1D,0,Wheat,Wheat
3064,A3_S1_S2_sequence,CNN1D,0,Wheat,Wheat
3065,A3_S1_S2_sequence,CNN1D,0,Wheat,Wheat
3116,A3_S1_S2_sequence,CNN1D,0,Wheat,Coriander
3117,A3_S1_S2_sequence,CNN1D,0,Green pea,Lentil
3120,A3_S1_S2_sequence,CNN1D,0,Mustard,Lentil
3126,A3_S1_S2_sequence,CNN1D,0,Wheat,Wheat
3127,A3_S1_S2_sequence,CNN1D,0,Potato,Mustard
3128,A3_S1_S2_sequence,CNN1D,0,Wheat,Wheat
3129,A3_S1_S2_sequence,CNN1D,0,Mustard,Mustard
3158,A3_S1_S2_sequence,CNN1D,0,Mustard,Sugarcane
3159,A3_S1_S2_sequence,CNN1D,0,No crop/Fallow,Mustard
3162,A3_S1_S2_sequence,CNN1D,0,Wheat,Wheat
3163,A3_S1_S2_sequence,CNN1D,0,Wheat,Wheat
3172,A3_S1_S2_sequence,CNN1D,0,Wheat,Wheat
3184,A3_S1_S2_sequence,CNN1D,0,No crop/Fallow,Mustard
3204,A3_S1_S2_sequence,CNN1D,0,Wheat,Wheat
3205,A3_S1_S2_sequence,CNN1D,0,Wheat,Mustard
3211,A3_S1_S2_sequence,CNN1D,0,Wheat,Wheat
3212,A3_S1_S2_sequence,CNN1D,0,Mustard,Wheat
3213,A3_S1_S2_sequence,CNN1D,0,No crop/Fallow,Mustard
3214,A3_S1_S2_sequence,CNN1D,0,Wheat,Wheat
3215,A3_S1_S2_sequence,CNN1D,0,Wheat,Wheat
3218,A3_S1_S2_sequence,CNN1D,0,Wheat,Wheat
3220,A3_S1_S2_sequence,CNN1D,0,Wheat,Wheat
3226,A3_S1_S2_sequence,CNN1D,0,Wheat,Wheat
3227,A3_S1_S2_sequence,CNN1D,0,Wheat,Wheat
3228,A3_S1_S2_sequence,CNN1D,0,Wheat,Wheat
3239,A3_S1_S2_sequence,CNN1D,0,Wheat,Wheat
3240,A3_S1_S2_sequence,CNN1D,0,Wheat,Sugarcane
3241,A3_S1_S2_sequence,CNN1D,0,Wheat,Wheat
3242,A3_S1_S2_sequence,CNN1D,0,Wheat,Lentil
3243,A3_S1_S2_sequence,CNN1D,0,Wheat,Wheat
3271,A3_S1_S2_sequence,CNN1D,0,Wheat,Wheat
3274,A3_S1_S2_sequence,CNN1D,0,Wheat,Wheat
3275,A3_S1_S2_sequence,CNN1D,0,Wheat,Wheat
3277,A3_S1_S2_sequence,CNN1D,0,Wheat,Wheat
3294,A3_S1_S2_sequence,CNN1D,0,Wheat,Wheat
3296,A3_S1_S2_sequence,CNN1D,0,Mustard,Lentil
3303,A3_S1_S2_sequence,CNN1D,0,Wheat,Lentil
3304,A3_S1_S2_sequence,CNN1D,0,Wheat,Wheat
3305,A3_S1_S2_sequence,CNN1D,0,Wheat,Wheat
3306,A3_S1_S2_sequence,CNN1D,0,Wheat,Wheat
3307,A3_S1_S2_sequence,CNN1D,0,Wheat,Wheat
3327,A3_S1_S2_sequence,CNN1D,0,Wheat,Lentil
3328,A3_S1_S2_sequence,CNN1D,0,Mustard,Mustard
3335,A3_S1_S2_sequence,CNN1D,0,Wheat,Wheat
3336,A3_S1_S2_sequence,CNN1D,0,Wheat,Green pea
3337,A3_S1_S2_sequence,CNN1D,0,Sugarcane,Sugarcane
3387,A3_S1_S2_sequence,CNN1D,0,Wheat,Wheat
3388,A3_S1_S2_sequence,CNN1D,0,Wheat,Lentil
3391,A3_S1_S2_sequence,CNN1D,0,Wheat,Wheat
3401,A3_S1_S2_sequence,CNN1D,0,Wheat,Lentil
3402,A3_S1_S2_sequence,CNN1D,0,No crop/Fallow,Lentil
3403,A3_S1_S2_sequence,CNN1D,0,Wheat,Lentil
3404,A3_S1_S2_sequence,CNN1D,0,Wheat,Wheat
3406,A3_S1_S2_sequence,CNN1D,0,Lentil,Mustard
3407,A3_S1_S2_sequence,CNN1D,0,Wheat,Wheat
3408,A3_S1_S2_sequence,CNN1D,0,Wheat,No crop/Fallow
3409,A3_S1_S2_sequence,CNN1D,0,Wheat,Wheat
3410,A3_S1_S2_sequence,CNN1D,0,Wheat,Wheat
3411,A3_S1_S2_sequence,CNN1D,0,Wheat,Wheat
3416,A3_S1_S2_sequence,CNN1D,0,Sugarcane,Sugarcane
3418,A3_S1_S2_sequence,CNN1D,0,Wheat,Wheat
3419,A3_S1_S2_sequence,CNN1D,0,Wheat,Wheat
3440,A3_S1_S2_sequence,CNN1D,0,Wheat,Wheat
3441,A3_S1_S2_sequence,CNN1D,0,Wheat,Wheat
3442,A3_S1_S2_sequence,CNN1D,0,Wheat,Wheat
3444,A3_S1_S2_sequence,CNN1D,0,Mustard,Mustard
3445,A3_S1_S2_sequence,CNN1D,0,Wheat,Wheat
3448,A3_S1_S2_sequence,CNN1D,0,Wheat,Wheat
3452,A3_S1_S2_sequence,CNN1D,0,Bersem,Green pea
3454,A3_S1_S2_sequence,CNN1D,0,Wheat,Wheat
3457,A3_S1_S2_sequence,CNN1D,0,Lentil,Wheat
3458,A3_S1_S2_sequence,CNN1D,0,Wheat,Wheat
3465,A3_S1_S2_sequence,CNN1D,0,Wheat,Sugarcane
3466,A3_S1_S2_sequence,CNN1D,0,Wheat,Wheat
3467,A3_S1_S2_sequence,CNN1D,0,Wheat,Wheat
3468,A3_S1_S2_sequence,CNN1D,0,Wheat,Wheat
3469,A3_S1_S2_sequence,CNN1D,0,Sugarcane,Sugarcane
3470,A3_S1_S2_sequence,CNN1D,0,Wheat,Wheat
3473,A3_S1_S2_sequence,CNN1D,0,Wheat,Wheat
3474,A3_S1_S2_sequence,CNN1D,0,Wheat,Wheat
3478,A3_S1_S2_sequence,CNN1D,0,Mustard,Mustard
3479,A3_S1_S2_sequence,CNN1D,0,Wheat,Wheat
3481,A3_S1_S2_sequence,CNN1D,0,Wheat,Wheat
3490,A3_S1_S2_sequence,CNN1D,0,Wheat,Lentil
3505,A3_S1_S2_sequence,CNN1D,0,Mustard,Mustard
3507,A3_S1_S2_sequence,CNN1D,0,Mustard,Mustard
3528,A3_S1_S2_sequence,CNN1D,0,Mustard,Potato
3531,A3_S1_S2_sequence,CNN1D,0,Wheat,Wheat
3532,A3_S1_S2_sequence,CNN1D,0,Wheat,Bersem
3535,A3_S1_S2_sequence,CNN1D,0,Wheat,Wheat
3536,A3_S1_S2_sequence,CNN1D,0,Mustard,Potato
3543,A3_S1_S2_sequence,CNN1D,0,Wheat,Wheat
3544,A3_S1_S2_sequence,CNN1D,0,Wheat,Lentil
3545,A3_S1_S2_sequence,CNN1D,0,Lentil,Coriander
3546,A3_S1_S2_sequence,CNN1D,0,Wheat,Wheat
3547,A3_S1_S2_sequence,CNN1D,0,No crop/Fallow,Lentil
3548,A3_S1_S2_sequence,CNN1D,0,Wheat,Wheat
3549,A3_S1_S2_sequence,CNN1D,0,Wheat,Wheat
3556,A3_S1_S2_sequence,CNN1D,0,Wheat,Wheat
3557,A3_S1_S2_sequence,CNN1D,0,Wheat,Wheat
3558,A3_S1_S2_sequence,CNN1D,0,Wheat,Wheat
3559,A3_S1_S2_sequence,CNN1D,0,Mustard,Wheat
3560,A3_S1_S2_sequence,CNN1D,0,Wheat,Wheat
3582,A3_S1_S2_sequence,CNN1D,0,No crop/Fallow,Lentil
3583,A3_S1_S2_sequence,CNN1D,0,Wheat,Lentil
3585,A3_S1_S2_sequence,CNN1D,0,Mustard,Wheat
3586,A3_S1_S2_sequence,CNN1D,0,Wheat,Mustard
3596,A3_S1_S2_sequence,CNN1D,0,Wheat,Wheat
3601,A3_S1_S2_sequence,CNN1D,0,Wheat,Wheat
3617,A3_S1_S2_sequence,CNN1D,0,Wheat,Wheat
3636,A3_S1_S2_sequence,CNN1D,0,No crop/Fallow,Rice
3637,A3_S1_S2_sequence,CNN1D,0,No crop/Fallow,Rice
3638,A3_S1_S2_sequence,CNN1D,0,No crop/Fallow,No crop/Fallow
3639,A3_S1_S2_sequence,CNN1D,0,No crop/Fallow,Rice
3643,A3_S1_S2_sequence,CNN1D,0,Rice,No crop/Fallow
3644,A3_S1_S2_sequence,CNN1D,0,Rice,Rice
3659,A3_S1_S2_sequence,CNN1D,0,Maize,No crop/Fallow
3664,A3_S1_S2_sequence,CNN1D,0,No crop/Fallow,No crop/Fallow
3666,A3_S1_S2_sequence,CNN1D,0,No crop/Fallow,Rice
3667,A3_S1_S2_sequence,CNN1D,0,No crop/Fallow,Rice
3668,A3_S1_S2_sequence,CNN1D,0,No crop/Fallow,Rice
3675,A3_S1_S2_sequence,CNN1D,0,No crop/Fallow,No crop/Fallow
3676,A3_S1_S2_sequence,CNN1D,0,Rice,Rice
3680,A3_S1_S2_sequence,CNN1D,0,No crop/Fallow,No crop/Fallow
3681,A3_S1_S2_sequence,CNN1D,0,No crop/Fallow,No crop/Fallow
3682,A3_S1_S2_sequence,CNN1D,0,No crop/Fallow,Rice
3683,A3_S1_S2_sequence,CNN1D,0,No crop/Fallow,Rice
3685,A3_S1_S2_sequence,CNN1D,0,No crop/Fallow,Rice
3698,A3_S1_S2_sequence,CNN1D,0,No crop/Fallow,No crop/Fallow
3699,A3_S1_S2_sequence,CNN1D,0,No crop/Fallow,Potato
3706,A3_S1_S2_sequence,CNN1D,0,No crop/Fallow,No crop/Fallow
3713,A3_S1_S2_sequence,CNN1D,0,Rice,Rice
3714,A3_S1_S2_sequence,CNN1D,0,No crop/Fallow,Rice
3715,A3_S1_S2_sequence,CNN1D,0,No crop/Fallow,No crop/Fallow
3716,A3_S1_S2_sequence,CNN1D,0,No crop/Fallow,Rice
3723,A3_S1_S2_sequence,CNN1D,0,No crop/Fallow,Rice
3724,A3_S1_S2_sequence,CNN1D,0,No crop/Fallow,Rice
3725,A3_S1_S2_sequence,CNN1D,0,No crop/Fallow,No crop/Fallow
3731,A3_S1_S2_sequence,CNN1D,0,No crop/Fallow,No crop/Fallow
3732,A3_S1_S2_sequence,CNN1D,0,No crop/Fallow,No crop/Fallow
3733,A3_S1_S2_sequence,CNN1D,0,No crop/Fallow,No crop/Fallow
3734,A3_S1_S2_sequence,CNN1D,0,No crop/Fallow,No crop/Fallow
3735,A3_S1_S2_sequence,CNN1D,0,No crop/Fallow,No crop/Fallow
3736,A3_S1_S2_sequence,CNN1D,0,No crop/Fallow,No crop/Fallow
3745,A3_S1_S2_sequence,CNN1D,0,No crop/Fallow,No crop/Fallow
3746,A3_S1_S2_sequence,CNN1D,0,No crop/Fallow,No crop/Fallow
3749,A3_S1_S2_sequence,CNN1D,0,No crop/Fallow,No crop/Fallow
3750,A3_S1_S2_sequence,CNN1D,0,No crop/Fallow,No crop/Fallow
3751,A3_S1_S2_sequence,CNN1D,0,No crop/Fallow,No crop/Fallow
3761,A3_S1_S2_sequence,CNN1D,0,No crop/Fallow,No crop/Fallow
3763,A3_S1_S2_sequence,CNN1D,0,No crop/Fallow,No crop/Fallow
3764,A3_S1_S2_sequence,CNN1D,0,No crop/Fallow,No crop/Fallow
3768,A3_S1_S2_sequence,CNN1D,0,No crop/Fallow,Rice
3769,A3_S1_S2_sequence,CNN1D,0,No crop/Fallow,No crop/Fallow
3770,A3_S1_S2_sequence,CNN1D,0,No crop/Fallow,No crop/Fallow
3781,A3_S1_S2_sequence,CNN1D,0,No crop/Fallow,No crop/Fallow
3782,A3_S1_S2_sequence,CNN1D,0,No crop/Fallow,No crop/Fallow
3783,A3_S1_S2_sequence,CNN1D,0,No crop/Fallow,No crop/Fallow
3795,A3_S1_S2_sequence,CNN1D,0,No crop/Fallow,Rice
3796,A3_S1_S2_sequence,CNN1D,0,No crop/Fallow,Rice
3797,A3_S1_S2_sequence,CNN1D,0,No crop/Fallow,No crop/Fallow
3798,A3_S1_S2_sequence,CNN1D,0,No crop/Fallow,No crop/Fallow
3799,A3_S1_S2_sequence,CNN1D,0,No crop/Fallow,Rice
3800,A3_S1_S2_sequence,CNN1D,0,No crop/Fallow,No crop/Fallow
3805,A3_S1_S2_sequence,CNN1D,0,No crop/Fallow,Rice
3806,A3_S1_S2_sequence,CNN1D,0,No crop/Fallow,Rice
3807,A3_S1_S2_sequence,CNN1D,0,No crop/Fallow,Rice
3813,A3_S1_S2_sequence,CNN1D,0,No crop/Fallow,Rice
3814,A3_S1_S2_sequence,CNN1D,0,No crop/Fallow,Rice
3815,A3_S1_S2_sequence,CNN1D,0,No crop/Fallow,Rice
3816,A3_S1_S2_sequence,CNN1D,0,No crop/Fallow,Rice
3818,A3_S1_S2_sequence,CNN1D,0,No crop/Fallow,Rice
3823,A3_S1_S2_sequence,CNN1D,0,No crop/Fallow,Rice
3824,A3_S1_S2_sequence,CNN1D,0,No crop/Fallow,Rice
3825,A3_S1_S2_sequence,CNN1D,0,No crop/Fallow,Rice
3826,A3_S1_S2_sequence,CNN1D,0,No crop/Fallow,Rice
3873,A3_S1_S2_sequence,CNN1D,0,Rice,Rice
3874,A3_S1_S2_sequence,CNN1D,0,Rice,Rice
3878,A3_S1_S2_sequence,CNN1D,0,No crop/Fallow,No crop/Fallow
3879,A3_S1_S2_sequence,CNN1D,0,No crop/Fallow,No crop/Fallow
3884,A3_S1_S2_sequence,CNN1D,0,No crop/Fallow,No crop/Fallow
3885,A3_S1_S2_sequence,CNN1D,0,No crop/Fallow,Rice
3886,A3_S1_S2_sequence,CNN1D,0,No crop/Fallow,Rice
3887,A3_S1_S2_sequence,CNN1D,0,No crop/Fallow,Rice
3888,A3_S1_S2_sequence,CNN1D,0,No crop/Fallow,Rice
3896,A3_S1_S2_sequence,CNN1D,0,No crop/Fallow,No crop/Fallow
3897,A3_S1_S2_sequence,CNN1D,0,No crop/Fallow,No crop/Fallow
3898,A3_S1_S2_sequence,CNN1D,0,No crop/Fallow,No crop/Fallow
3899,A3_S1_S2_sequence,CNN1D,0,No crop/Fallow,No crop/Fallow
3901,A3_S1_S2_sequence,CNN1D,0,No crop/Fallow,Rice
3902,A3_S1_S2_sequence,CNN1D,0,No crop/Fallow,Rice
3903,A3_S1_S2_sequence,CNN1D,0,No crop/Fallow,Rice
3904,A3_S1_S2_sequence,CNN1D,0,No crop/Fallow,No crop/Fallow
3905,A3_S1_S2_sequence,CNN1D,0,No crop/Fallow,Rice
3906,A3_S1_S2_sequence,CNN1D,0,No crop/Fallow,Rice
3907,A3_S1_S2_sequence,CNN1D,0,No crop/Fallow,No crop/Fallow
3908,A3_S1_S2_sequence,CNN1D,0,No crop/Fallow,Rice
3910,A3_S1_S2_sequence,CNN1D,0,No crop/Fallow,No crop/Fallow
3911,A3_S1_S2_sequence,CNN1D,0,No crop/Fallow,No crop/Fallow
3912,A3_S1_S2_sequence,CNN1D,0,No crop/Fallow,Rice
3913,A3_S1_S2_sequence,CNN1D,0,No crop/Fallow,Rice
3915,A3_S1_S2_sequence,CNN1D,0,No crop/Fallow,Rice
3939,A3_S1_S2_sequence,CNN1D,0,No crop/Fallow,No crop/Fallow
3942,A3_S1_S2_sequence,CNN1D,0,No crop/Fallow,No crop/Fallow
3943,A3_S1_S2_sequence,CNN1D,0,No crop/Fallow,No crop/Fallow
3952,A3_S1_S2_sequence,CNN1D,0,No crop/Fallow,Rice
3953,A3_S1_S2_sequence,CNN1D,0,No crop/Fallow,Rice
3954,A3_S1_S2_sequence,CNN1D,0,No crop/Fallow,Rice
3978,A3_S1_S2_sequence,CNN1D,0,No crop/Fallow,Rice
3981,A3_S1_S2_sequence,CNN1D,0,No crop/Fallow,Rice
3994,A3_S1_S2_sequence,CNN1D,0,No crop/Fallow,No crop/Fallow
4024,A3_S1_S2_sequence,CNN1D,0,No crop/Fallow,Rice
4030,A3_S1_S2_sequence,CNN1D,0,No crop/Fallow,Rice
4031,A3_S1_S2_sequence,CNN1D,0,No crop/Fallow,Rice
4032,A3_S1_S2_sequence,CNN1D,0,No crop/Fallow,Rice
4062,A3_S1_S2_sequence,CNN1D,0,No crop/Fallow,Rice
4063,A3_S1_S2_sequence,CNN1D,0,No crop/Fallow,Rice
4064,A3_S1_S2_sequence,CNN1D,0,No crop/Fallow,No crop/Fallow
4065,A3_S1_S2_sequence,CNN1D,0,No crop/Fallow,No crop/Fallow
4066,A3_S1_S2_sequence,CNN1D,0,No crop/Fallow,No crop/Fallow
4067,A3_S1_S2_sequence,CNN1D,0,No crop/Fallow,No crop/Fallow
4074,A3_S1_S2_sequence,CNN1D,0,No crop/Fallow,No crop/Fallow
4075,A3_S1_S2_sequence,CNN1D,0,No crop/Fallow,No crop/Fallow
4076,A3_S1_S2_sequence,CNN1D,0,No crop/Fallow,No crop/Fallow
4079,A3_S1_S2_sequence,CNN1D,0,No crop/Fallow,No crop/Fallow
4080,A3_S1_S2_sequence,CNN1D,0,No crop/Fallow,Rice
4081,A3_S1_S2_sequence,CNN1D,0,No crop/Fallow,No crop/Fallow
4082,A3_S1_S2_sequence,CNN1D,0,Rice,No crop/Fallow
4083,A3_S1_S2_sequence,CNN1D,0,Rice,Rice
4084,A3_S1_S2_sequence,CNN1D,0,Rice,Rice
4085,A3_S1_S2_sequence,CNN1D,0,Rice,Rice
4090,A3_S1_S2_sequence,CNN1D,0,No crop/Fallow,Rice
4094,A3_S1_S2_sequence,CNN1D,0,No crop/Fallow,No crop/Fallow
4095,A3_S1_S2_sequence,CNN1D,0,No crop/Fallow,No crop/Fallow
4113,A3_S1_S2_sequence,CNN1D,0,No crop/Fallow,No crop/Fallow
4114,A3_S1_S2_sequence,CNN1D,0,No crop/Fallow,No crop/Fallow
4162,A3_S1_S2_sequence,CNN1D,0,No crop/Fallow,Rice
4163,A3_S1_S2_sequence,CNN1D,0,No crop/Fallow,Rice
4164,A3_S1_S2_sequence,CNN1D,0,No crop/Fallow,Rice
4166,A3_S1_S2_sequence,CNN1D,0,No crop/Fallow,Rice
4174,A3_S1_S2_sequence,CNN1D,0,Rice,Rice
4181,A3_S1_S2_sequence,CNN1D,0,No crop/Fallow,No crop/Fallow
4185,A3_S1_S2_sequence,CNN1D,0,No crop/Fallow,Rice
4186,A3_S1_S2_sequence,CNN1D,0,No crop/Fallow,No crop/Fallow
4204,A3_S1_S2_sequence,CNN1D,0,No crop/Fallow,Rice
4205,A3_S1_S2_sequence,CNN1D,0,No crop/Fallow,No crop/Fallow
4206,A3_S1_S2_sequence,CNN1D,0,No crop/Fallow,No crop/Fallow
4207,A3_S1_S2_sequence,CNN1D,0,No crop/Fallow,Rice
4208,A3_S1_S2_sequence,CNN1D,0,No crop/Fallow,No crop/Fallow
4228,A3_S1_S2_sequence,CNN1D,0,Rice,No crop/Fallow
4231,A3_S1_S2_sequence,CNN1D,0,No crop/Fallow,No crop/Fallow
4232,A3_S1_S2_sequence,CNN1D,0,No crop/Fallow,No crop/Fallow
4233,A3_S1_S2_sequence,CNN1D,0,No crop/Fallow,No crop/Fallow
4234,A3_S1_S2_sequence,CNN1D,0,No crop/Fallow,No crop/Fallow
4237,A3_S1_S2_sequence,CNN1D,0,No crop/Fallow,No crop/Fallow
4238,A3_S1_S2_sequence,CNN1D,0,No crop/Fallow,No crop/Fallow
4239,A3_S1_S2_sequence,CNN1D,0,No crop/Fallow,No crop/Fallow
4241,A3_S1_S2_sequence,CNN1D,0,No crop/Fallow,No crop/Fallow
4242,A3_S1_S2_sequence,CNN1D,0,No crop/Fallow,Rice
4243,A3_S1_S2_sequence,CNN1D,0,No crop/Fallow,No crop/Fallow
4244,A3_S1_S2_sequence,CNN1D,0,No crop/Fallow,Potato
4245,A3_S1_S2_sequence,CNN1D,0,No crop/Fallow,Rice
4254,A3_S1_S2_sequence,CNN1D,0,No crop/Fallow,Rice
4265,A3_S1_S2_sequence,CNN1D,0,Rice,Potato
4269,A3_S1_S2_sequence,CNN1D,0,Rice,No crop/Fallow
4278,A3_S1_S2_sequence,CNN1D,0,No crop/Fallow,No crop/Fallow
4279,A3_S1_S2_sequence,CNN1D,0,No crop/Fallow,Rice
4281,A3_S1_S2_sequence,CNN1D,0,No crop/Fallow,Rice
4282,A3_S1_S2_sequence,CNN1D,0,No crop/Fallow,No crop/Fallow
4285,A3_S1_S2_sequence,CNN1D,0,No crop/Fallow,No crop/Fallow
4286,A3_S1_S2_sequence,CNN1D,0,No crop/Fallow,No crop/Fallow
4312,A3_S1_S2_sequence,CNN1D,0,No crop/Fallow,No crop/Fallow
4314,A3_S1_S2_sequence,CNN1D,0,No crop/Fallow,Rice
4315,A3_S1_S2_sequence,CNN1D,0,No crop/Fallow,Rice
4316,A3_S1_S2_sequence,CNN1D,0,No crop/Fallow,Rice
4317,A3_S1_S2_sequence,CNN1D,0,No crop/Fallow,Rice
4318,A3_S1_S2_sequence,CNN1D,0,No crop/Fallow,No crop/Fallow
4319,A3_S1_S2_sequence,CNN1D,0,No crop/Fallow,No crop/Fallow
4320,A3_S1_S2_sequence,CNN1D,0,No crop/Fallow,No crop/Fallow
4402,A3_S1_S2_sequence,CNN1D,0,No crop/Fallow,No crop/Fallow
4413,A3_S1_S2_sequence,CNN1D,0,No crop/Fallow,Rice
4414,A3_S1_S2_sequence,CNN1D,0,No crop/Fallow,Rice
4445,A3_S1_S2_sequence,CNN1D,0,Rice,No crop/Fallow
4446,A3_S1_S2_sequence,CNN1D,0,Rice,No crop/Fallow
4453,A3_S1_S2_sequence,CNN1D,0,No crop/Fallow,Rice
4455,A3_S1_S2_sequence,CNN1D,0,No crop/Fallow,Rice
4456,A3_S1_S2_sequence,CNN1D,0,No crop/Fallow,Rice
4463,A3_S1_S2_sequence,CNN1D,0,No crop/Fallow,No crop/Fallow
4470,A3_S1_S2_sequence,CNN1D,0,No crop/Fallow,Rice
4471,A3_S1_S2_sequence,CNN1D,0,No crop/Fallow,Rice
4476,A3_S1_S2_sequence,CNN1D,0,No crop/Fallow,Rice
4477,A3_S1_S2_sequence,CNN1D,0,No crop/Fallow,Rice
4479,A3_S1_S2_sequence,CNN1D,0,No crop/Fallow,No crop/Fallow
4480,A3_S1_S2_sequence,CNN1D,0,No crop/Fallow,Rice
4514,A3_S1_S2_sequence,CNN1D,0,No crop/Fallow,Rice
4515,A3_S1_S2_sequence,CNN1D,0,No crop/Fallow,No crop/Fallow
4516,A3_S1_S2_sequence,CNN1D,0,No crop/Fallow,Rice
4530,A3_S1_S2_sequence,CNN1D,0,Rice,Rice
4537,A3_S1_S2_sequence,CNN1D,0,Rice,No crop/Fallow
4543,A3_S1_S2_sequence,CNN1D,0,No crop/Fallow,Rice
4545,A3_S1_S2_sequence,CNN1D,0,No crop/Fallow,Rice
4546,A3_S1_S2_sequence,CNN1D,0,No crop/Fallow,Rice
4555,A3_S1_S2_sequence,CNN1D,0,No crop/Fallow,No crop/Fallow
4556,A3_S1_S2_sequence,CNN1D,0,No crop/Fallow,No crop/Fallow
4557,A3_S1_S2_sequence,CNN1D,0,No crop/Fallow,No crop/Fallow
4558,A3_S1_S2_sequence,CNN1D,0,No crop/Fallow,No crop/Fallow
4559,A3_S1_S2_sequence,CNN1D,0,No crop/Fallow,No crop/Fallow
4560,A3_S1_S2_sequence,CNN1D,0,No crop/Fallow,No crop/Fallow
4561,A3_S1_S2_sequence,CNN1D,0,No crop/Fallow,Potato
4562,A3_S1_S2_sequence,CNN1D,0,No crop/Fallow,Potato
4563,A3_S1_S2_sequence,CNN1D,0,No crop/Fallow,Rice
4573,A3_S1_S2_sequence,CNN1D,0,No crop/Fallow,No crop/Fallow
4604,A3_S1_S2_sequence,CNN1D,0,No crop/Fallow,No crop/Fallow
4607,A3_S1_S2_sequence,CNN1D,0,Rice,Rice
4618,A3_S1_S2_sequence,CNN1D,0,No crop/Fallow,Rice
4626,A3_S1_S2_sequence,CNN1D,0,No crop/Fallow,No crop/Fallow
4630,A3_S1_S2_sequence,CNN1D,0,No crop/Fallow,Rice
4631,A3_S1_S2_sequence,CNN1D,0,No crop/Fallow,Rice
4632,A3_S1_S2_sequence,CNN1D,0,No crop/Fallow,Rice
4634,A3_S1_S2_sequence,CNN1D,0,No crop/Fallow,No crop/Fallow
4635,A3_S1_S2_sequence,CNN1D,0,No crop/Fallow,No crop/Fallow
4637,A3_S1_S2_sequence,CNN1D,0,No crop/Fallow,Rice
4638,A3_S1_S2_sequence,CNN1D,0,No crop/Fallow,No crop/Fallow
4639,A3_S1_S2_sequence,CNN1D,0,No crop/Fallow,Rice
4665,A3_S1_S2_sequence,CNN1D,0,No crop/Fallow,No crop/Fallow
4667,A3_S1_S2_sequence,CNN1D,0,No crop/Fallow,Rice
4716,A3_S1_S2_sequence,CNN1D,0,No crop/Fallow,Rice
4729,A3_S1_S2_sequence,CNN1D,0,No crop/Fallow,Rice
4730,A3_S1_S2_sequence,CNN1D,0,No crop/Fallow,Rice
4731,A3_S1_S2_sequence,CNN1D,0,No crop/Fallow,No crop/Fallow
4742,A3_S1_S2_sequence,CNN1D,0,No crop/Fallow,Rice
4756,A3_S1_S2_sequence,CNN1D,0,No crop/Fallow,Rice
4771,A3_S1_S2_sequence,CNN1D,0,Maize,Potato
4773,A3_S1_S2_sequence,CNN1D,0,Maize,No crop/Fallow
4775,A3_S1_S2_sequence,CNN1D,0,No crop/Fallow,No crop/Fallow
4776,A3_S1_S2_sequence,CNN1D,0,No crop/Fallow,No crop/Fallow
4798,A3_S1_S2_sequence,CNN1D,0,No crop/Fallow,No crop/Fallow
4800,A3_S1_S2_sequence,CNN1D,0,No crop/Fallow,No crop/Fallow
4801,A3_S1_S2_sequence,CNN1D,0,No crop/Fallow,No crop/Fallow
4802,A3_S1_S2_sequence,CNN1D,0,Rice,Rice
4804,A3_S1_S2_sequence,CNN1D,0,No crop/Fallow,Rice
4808,A3_S1_S2_sequence,CNN1D,0,No crop/Fallow,Rice
4809,A3_S1_S2_sequence,CNN1D,0,No crop/Fallow,Rice
4810,A3_S1_S2_sequence,CNN1D,0,No crop/Fallow,Rice
4812,A3_S1_S2_sequence,CNN1D,0,No crop/Fallow,Rice
4813,A3_S1_S2_sequence,CNN1D,0,No crop/Fallow,Rice
4838,A3_S1_S2_sequence,CNN1D,0,No crop/Fallow,No crop/Fallow
4839,A3_S1_S2_sequence,CNN1D,0,No crop/Fallow,No crop/Fallow
4843,A3_S1_S2_sequence,CNN1D,0,No crop/Fallow,No crop/Fallow
4844,A3_S1_S2_sequence,CNN1D,0,No crop/Fallow,No crop/Fallow
4857,A3_S1_S2_sequence,CNN1D,0,No crop/Fallow,No crop/Fallow
4858,A3_S1_S2_sequence,CNN1D,0,No crop/Fallow,No crop/Fallow
4859,A3_S1_S2_sequence,CNN1D,0,No crop/Fallow,Rice
4860,A3_S1_S2_sequence,CNN1D,0,No crop/Fallow,No crop/Fallow
4861,A3_S1_S2_sequence,CNN1D,0,No crop/Fallow,No crop/Fallow
4867,A3_S1_S2_sequence,CNN1D,0,No crop/Fallow,No crop/Fallow
4879,A3_S1_S2_sequence,CNN1D,0,No crop/Fallow,No crop/Fallow
4880,A3_S1_S2_sequence,CNN1D,0,No crop/Fallow,No crop/Fallow
4884,A3_S1_S2_sequence,CNN1D,0,No crop/Fallow,No crop/Fallow
4885,A3_S1_S2_sequence,CNN1D,0,No crop/Fallow,No crop/Fallow
4914,A3_S1_S2_sequence,CNN1D,0,Rice,No crop/Fallow
4916,A3_S1_S2_sequence,CNN1D,0,Rice,Rice
4938,A3_S1_S2_sequence,CNN1D,0,No crop/Fallow,Rice
4965,A3_S1_S2_sequence,CNN1D,0,No crop/Fallow,Rice
4967,A3_S1_S2_sequence,CNN1D,0,No crop/Fallow,Rice
4974,A3_S1_S2_sequence,CNN1D,0,No crop/Fallow,Rice
4975,A3_S1_S2_sequence,CNN1D,0,No crop/Fallow,No crop/Fallow
4976,A3_S1_S2_sequence,CNN1D,0,No crop/Fallow,No crop/Fallow
4977,A3_S1_S2_sequence,CNN1D,0,No crop/Fallow,No crop/Fallow
4990,A3_S1_S2_sequence,CNN1D,0,No crop/Fallow,Rice
4991,A3_S1_S2_sequence,CNN1D,0,No crop/Fallow,No crop/Fallow
4992,A3_S1_S2_sequence,CNN1D,0,No crop/Fallow,No crop/Fallow
4999,A3_S1_S2_sequence,CNN1D,0,No crop/Fallow,No crop/Fallow
5000,A3_S1_S2_sequence,CNN1D,0,No crop/Fallow,No crop/Fallow
5002,A3_S1_S2_sequence,CNN1D,0,No crop/Fallow,No crop/Fallow
5003,A3_S1_S2_sequence,CNN1D,0,No crop/Fallow,Rice
5004,A3_S1_S2_sequence,CNN1D,0,No crop/Fallow,Rice
5014,A3_S1_S2_sequence,CNN1D,0,No crop/Fallow,No crop/Fallow
5015,A3_S1_S2_sequence,CNN1D,0,No crop/Fallow,Rice
5016,A3_S1_S2_sequence,CNN1D,0,No crop/Fallow,Rice
5017,A3_S1_S2_sequence,CNN1D,0,No crop/Fallow,No crop/Fallow
5031,A3_S1_S2_sequence,CNN1D,0,No crop/Fallow,No crop/Fallow
5032,A3_S1_S2_sequence,CNN1D,0,No crop/Fallow,No crop/Fallow
5033,A3_S1_S2_sequence,CNN1D,0,No crop/Fallow,Rice
5034,A3_S1_S2_sequence,CNN1D,0,No crop/Fallow,No crop/Fallow
5035,A3_S1_S2_sequence,CNN1D,0,No crop/Fallow,No crop/Fallow
5036,A3_S1_S2_sequence,CNN1D,0,No crop/Fallow,No crop/Fallow
5042,A3_S1_S2_sequence,CNN1D,0,No crop/Fallow,No crop/Fallow
5043,A3_S1_S2_sequence,CNN1D,0,No crop/Fallow,No crop/Fallow
5079,A3_S1_S2_sequence,CNN1D,0,Rice,No crop/Fallow
5080,A3_S1_S2_sequence,CNN1D,0,Rice,Rice
5082,A3_S1_S2_sequence,CNN1D,0,Rice,Rice
5083,A3_S1_S2_sequence,CNN1D,0,Rice,Rice
5100,A3_S1_S2_sequence,CNN1D,0,Rice,Rice
5101,A3_S1_S2_sequence,CNN1D,0,Rice,Rice
5123,A3_S1_S2_sequence,CNN1D,0,No crop/Fallow,No crop/Fallow
5135,A3_S1_S2_sequence,CNN1D,0,Rice,No crop/Fallow
5136,A3_S1_S2_sequence,CNN1D,0,No crop/Fallow,Rice
5137,A3_S1_S2_sequence,CNN1D,0,No crop/Fallow,Rice
5138,A3_S1_S2_sequence,CNN1D,0,No crop/Fallow,Rice
5139,A3_S1_S2_sequence,CNN1D,0,No crop/Fallow,Rice
5140,A3_S1_S2_sequence,CNN1D,0,No crop/Fallow,Rice
5141,A3_S1_S2_sequence,CNN1D,0,No crop/Fallow,Rice
5153,A3_S1_S2_sequence,CNN1D,0,No crop/Fallow,Rice
5154,A3_S1_S2_sequence,CNN1D,0,No crop/Fallow,Rice
5155,A3_S1_S2_sequence,CNN1D,0,No crop/Fallow,Rice
5156,A3_S1_S2_sequence,CNN1D,0,No crop/Fallow,Rice
5157,A3_S1_S2_sequence,CNN1D,0,No crop/Fallow,No crop/Fallow
5158,A3_S1_S2_sequence,CNN1D,0,No crop/Fallow,No crop/Fallow
5166,A3_S1_S2_sequence,CNN1D,0,No crop/Fallow,No crop/Fallow
5167,A3_S1_S2_sequence,CNN1D,0,No crop/Fallow,No crop/Fallow
5181,A3_S1_S2_sequence,CNN1D,0,No crop/Fallow,No crop/Fallow
5183,A3_S1_S2_sequence,CNN1D,0,No crop/Fallow,No crop/Fallow
5187,A3_S1_S2_sequence,CNN1D,0,No crop/Fallow,No crop/Fallow
5188,A3_S1_S2_sequence,CNN1D,0,No crop/Fallow,No crop/Fallow
5193,A3_S1_S2_sequence,CNN1D,0,No crop/Fallow,No crop/Fallow
5194,A3_S1_S2_sequence,CNN1D,0,No crop/Fallow,No crop/Fallow
5195,A3_S1_S2_sequence,CNN1D,0,No crop/Fallow,No crop/Fallow
5203,A3_S1_S2_sequence,CNN1D,0,No crop/Fallow,No crop/Fallow
5204,A3_S1_S2_sequence,CNN1D,0,No crop/Fallow,No crop/Fallow
5205,A3_S1_S2_sequence,CNN1D,0,No crop/Fallow,No crop/Fallow
5220,A3_S1_S2_sequence,CNN1D,0,No crop/Fallow,No crop/Fallow
5226,A3_S1_S2_sequence,CNN1D,0,No crop/Fallow,Rice
5265,A3_S1_S2_sequence,CNN1D,0,Mustard,Mustard
5266,A3_S1_S2_sequence,CNN1D,0,Mustard,Mustard
5280,A3_S1_S2_sequence,CNN1D,0,Wheat,Wheat
5281,A3_S1_S2_sequence,CNN1D,0,Wheat,Wheat
5282,A3_S1_S2_sequence,CNN1D,0,Wheat,Wheat
5287,A3_S1_S2_sequence,CNN1D,0,Wheat,Wheat
5299,A3_S1_S2_sequence,CNN1D,0,Mustard,Mustard
5300,A3_S1_S2_sequence,CNN1D,0,Garlic,Garlic
5302,A3_S1_S2_sequence,CNN1D,0,Garlic,Garlic
5323,A3_S1_S2_sequence,CNN1D,0,Wheat,Wheat
5324,A3_S1_S2_sequence,CNN1D,0,Wheat,Wheat
5325,A3_S1_S2_sequence,CNN1D,0,Wheat,Wheat
5326,A3_S1_S2_sequence,CNN1D,0,Wheat,Wheat
5334,A3_S1_S2_sequence,CNN1D,0,Mustard,Mustard
5349,A3_S1_S2_sequence,CNN1D,0,No crop/Fallow,Mustard
5350,A3_S1_S2_sequence,CNN1D,0,Wheat,Mustard
5351,A3_S1_S2_sequence,CNN1D,0,Wheat,Wheat
5387,A3_S1_S2_sequence,CNN1D,0,Wheat,Wheat
5388,A3_S1_S2_sequence,CNN1D,0,Wheat,Wheat
5413,A3_S1_S2_sequence,CNN1D,0,Wheat,Wheat
5414,A3_S1_S2_sequence,CNN1D,0,Wheat,Gram
5415,A3_S1_S2_sequence,CNN1D,0,Wheat,Gram
5424,A3_S1_S2_sequence,CNN1D,0,Mustard,Mustard
5425,A3_S1_S2_sequence,CNN1D,0,Wheat,Garlic
5426,A3_S1_S2_sequence,CNN1D,0,Garlic,Garlic
5427,A3_S1_S2_sequence,CNN1D,0,Mustard,Mustard
5443,A3_S1_S2_sequence,CNN1D,0,Mustard,Mustard
5444,A3_S1_S2_sequence,CNN1D,0,Wheat,Mustard
5445,A3_S1_S2_sequence,CNN1D,0,Mustard,Mustard
5466,A3_S1_S2_sequence,CNN1D,0,Wheat,Wheat
5477,A3_S1_S2_sequence,CNN1D,0,Gram,Gram
5478,A3_S1_S2_sequence,CNN1D,0,Wheat,Gram
5480,A3_S1_S2_sequence,CNN1D,0,Wheat,Wheat
5481,A3_S1_S2_sequence,CNN1D,0,Wheat,Wheat
5501,A3_S1_S2_sequence,CNN1D,0,Mustard,Mustard
5502,A3_S1_S2_sequence,CNN1D,0,Mustard,Mustard
5506,A3_S1_S2_sequence,CNN1D,0,Wheat,Wheat
5507,A3_S1_S2_sequence,CNN1D,0,Wheat,Wheat
5510,A3_S1_S2_sequence,CNN1D,0,Wheat,Gram
5511,A3_S1_S2_sequence,CNN1D,0,Gram,Gram
5513,A3_S1_S2_sequence,CNN1D,0,Mustard,Mustard
5514,A3_S1_S2_sequence,CNN1D,0,Mustard,Mustard
5515,A3_S1_S2_sequence,CNN1D,0,Wheat,Wheat
5516,A3_S1_S2_sequence,CNN1D,0,Wheat,Garlic
5517,A3_S1_S2_sequence,CNN1D,0,Garlic,Garlic
5518,A3_S1_S2_sequence,CNN1D,0,Mustard,Mustard
5519,A3_S1_S2_sequence,CNN1D,0,Mustard,Mustard
5566,A3_S1_S2_sequence,CNN1D,0,Wheat,Wheat
5567,A3_S1_S2_sequence,CNN1D,0,Wheat,Wheat
5606,A3_S1_S2_sequence,CNN1D,0,Wheat,Wheat
5607,A3_S1_S2_sequence,CNN1D,0,Wheat,Wheat
5608,A3_S1_S2_sequence,CNN1D,0,Mustard,Mustard
5643,A3_S1_S2_sequence,CNN1D,0,Mustard,Mustard
5657,A3_S1_S2_sequence,CNN1D,0,Gram,Gram
5658,A3_S1_S2_sequence,CNN1D,0,Mustard,Mustard
5659,A3_S1_S2_sequence,CNN1D,0,No crop/Fallow,Mustard
5663,A3_S1_S2_sequence,CNN1D,0,Mustard,Mustard
5664,A3_S1_S2_sequence,CNN1D,0,Mustard,Mustard
5668,A3_S1_S2_sequence,CNN1D,0,Wheat,Garlic
5669,A3_S1_S2_sequence,CNN1D,0,No crop/Fallow,Gram
5685,A3_S1_S2_sequence,CNN1D,0,Garlic,Gram
5687,A3_S1_S2_sequence,CNN1D,0,Wheat,Gram
5695,A3_S1_S2_sequence,CNN1D,0,Mustard,Mustard
5698,A3_S1_S2_sequence,CNN1D,0,Wheat,Wheat
5699,A3_S1_S2_sequence,CNN1D,0,Mustard,Mustard
5700,A3_S1_S2_sequence,CNN1D,0,Gram,Gram
5701,A3_S1_S2_sequence,CNN1D,0,Gram,Mustard
5702,A3_S1_S2_sequence,CNN1D,0,Gram,Gram
5704,A3_S1_S2_sequence,CNN1D,0,Mustard,Mustard
5706,A3_S1_S2_sequence,CNN1D,0,Mustard,Mustard
5713,A3_S1_S2_sequence,CNN1D,0,No crop/Fallow,Mustard
5725,A3_S1_S2_sequence,CNN1D,0,Wheat,Wheat
5726,A3_S1_S2_sequence,CNN1D,0,Wheat,Wheat
5727,A3_S1_S2_sequence,CNN1D,0,Wheat,Gram
5728,A3_S1_S2_sequence,CNN1D,0,Wheat,Wheat
5730,A3_S1_S2_sequence,CNN1D,0,Mustard,Mustard
5731,A3_S1_S2_sequence,CNN1D,0,Mustard,Wheat
5769,A3_S1_S2_sequence,CNN1D,0,Mustard,Mustard
5770,A3_S1_S2_sequence,CNN1D,0,Mustard,Mustard
5771,A3_S1_S2_sequence,CNN1D,0,Gram,Mustard
5772,A3_S1_S2_sequence,CNN1D,0,Mustard,Mustard
5773,A3_S1_S2_sequence,CNN1D,0,Wheat,Wheat
5787,A3_S1_S2_sequence,CNN1D,0,Mustard,Mustard
5788,A3_S1_S2_sequence,CNN1D,0,No crop/Fallow,Potato
5789,A3_S1_S2_sequence,CNN1D,0,Mustard,Mustard
5806,A3_S1_S2_sequence,CNN1D,0,Wheat,Garlic
5826,A3_S1_S2_sequence,CNN1D,0,No crop/Fallow,Mustard
5841,A3_S1_S2_sequence,CNN1D,0,Wheat,Mustard
5864,A3_S1_S2_sequence,CNN1D,0,Wheat,Wheat
5893,A3_S1_S2_sequence,CNN1D,0,Mustard,Mustard
5894,A3_S1_S2_sequence,CNN1D,0,Wheat,Wheat
5895,A3_S1_S2_sequence,CNN1D,0,Mustard,Mustard
5896,A3_S1_S2_sequence,CNN1D,0,Wheat,Wheat
5897,A3_S1_S2_sequence,CNN1D,0,Gram,Gram
5912,A3_S1_S2_sequence,CNN1D,0,Mustard,Mustard
5913,A3_S1_S2_sequence,CNN1D,0,Mustard,Mustard
5914,A3_S1_S2_sequence,CNN1D,0,Wheat,Wheat
5915,A3_S1_S2_sequence,CNN1D,0,Mustard,Mustard
5916,A3_S1_S2_sequence,CNN1D,0,Mustard,Mustard
5917,A3_S1_S2_sequence,CNN1D,0,Garlic,Garlic
5939,A3_S1_S2_sequence,CNN1D,0,Wheat,Garlic
5949,A3_S1_S2_sequence,CNN1D,0,Mustard,Mustard
5993,A3_S1_S2_sequence,CNN1D,0,Wheat,Wheat
5994,A3_S1_S2_sequence,CNN1D,0,Wheat,Wheat
5996,A3_S1_S2_sequence,CNN1D,0,Wheat,Gram
5997,A3_S1_S2_sequence,CNN1D,0,Gram,Gram
5998,A3_S1_S2_sequence,CNN1D,0,Wheat,Wheat
6003,A3_S1_S2_sequence,CNN1D,0,Mustard,Mustard
6004,A3_S1_S2_sequence,CNN1D,0,Mustard,Mustard
6005,A3_S1_S2_sequence,CNN1D,0,Mustard,Mustard
6020,A3_S1_S2_sequence,CNN1D,0,Mustard,Mustard
6021,A3_S1_S2_sequence,CNN1D,0,Wheat,Gram
6048,A3_S1_S2_sequence,CNN1D,0,Garlic,Garlic
6065,A3_S1_S2_sequence,CNN1D,0,Mustard,Mustard
6066,A3_S1_S2_sequence,CNN1D,0,Wheat,Wheat
6070,A3_S1_S2_sequence,CNN1D,0,Wheat,Wheat
6071,A3_S1_S2_sequence,CNN1D,0,Wheat,Mustard
6075,A3_S1_S2_sequence,CNN1D,0,Gram,Gram
6079,A3_S1_S2_sequence,CNN1D,0,Wheat,Wheat
6080,A3_S1_S2_sequence,CNN1D,0,Mustard,Mustard
6081,A3_S1_S2_sequence,CNN1D,0,No crop/Fallow,Mustard
6082,A3_S1_S2_sequence,CNN1D,0,Mustard,Mustard
6083,A3_S1_S2_sequence,CNN1D,0,Mustard,Mustard
6084,A3_S1_S2_sequence,CNN1D,0,Mustard,Garlic
6086,A3_S1_S2_sequence,CNN1D,0,Gram,Gram
6089,A3_S1_S2_sequence,CNN1D,0,Wheat,Potato
6092,A3_S1_S2_sequence,CNN1D,0,Wheat,Garlic
6093,A3_S1_S2_sequence,CNN1D,0,Mustard,Mustard
6107,A3_S1_S2_sequence,CNN1D,0,Wheat,Wheat
6108,A3_S1_S2_sequence,CNN1D,0,Wheat,Wheat
6149,A3_S1_S2_sequence,CNN1D,0,Wheat,Wheat
6150,A3_S1_S2_sequence,CNN1D,0,Wheat,Wheat
6151,A3_S1_S2_sequence,CNN1D,0,Wheat,Wheat
6157,A3_S1_S2_sequence,CNN1D,0,Mustard,Mustard
6158,A3_S1_S2_sequence,CNN1D,0,Mustard,Mustard
6159,A3_S1_S2_sequence,CNN1D,0,Garlic,Mustard
6160,A3_S1_S2_sequence,CNN1D,0,No crop/Fallow,Mustard
6161,A3_S1_S2_sequence,CNN1D,0,Mustard,Mustard
6171,A3_S1_S2_sequence,CNN1D,0,Wheat,Wheat
6172,A3_S1_S2_sequence,CNN1D,0,Mustard,Mustard
6173,A3_S1_S2_sequence,CNN1D,0,Mustard,Mustard
6178,A3_S1_S2_sequence,CNN1D,0,Mustard,Mustard
6183,A3_S1_S2_sequence,CNN1D,0,Gram,Gram
6184,A3_S1_S2_sequence,CNN1D,0,Wheat,Wheat
6193,A3_S1_S2_sequence,CNN1D,0,Wheat,Mustard
6202,A3_S1_S2_sequence,CNN1D,0,Wheat,Wheat
6208,A3_S1_S2_sequence,CNN1D,0,Mustard,Mustard
6220,A3_S1_S2_sequence,CNN1D,0,Mustard,Mustard
6221,A3_S1_S2_sequence,CNN1D,0,Mustard,Mustard
6222,A3_S1_S2_sequence,CNN1D,0,Mustard,Mustard
6223,A3_S1_S2_sequence,CNN1D,0,Mustard,Mustard
6225,A3_S1_S2_sequence,CNN1D,0,Mustard,Mustard
6227,A3_S1_S2_sequence,CNN1D,0,Wheat,Gram
6228,A3_S1_S2_sequence,CNN1D,0,Mustard,Wheat
6229,A3_S1_S2_sequence,CNN1D,0,Wheat,Garlic
6230,A3_S1_S2_sequence,CNN1D,0,Wheat,Wheat
6231,A3_S1_S2_sequence,CNN1D,0,Wheat,Wheat
6234,A3_S1_S2_sequence,CNN1D,0,Mustard,Mustard
6235,A3_S1_S2_sequence,CNN1D,0,Mustard,Mustard
6236,A3_S1_S2_sequence,CNN1D,0,Mustard,Mustard
6237,A3_S1_S2_sequence,CNN1D,0,Garlic,Mustard
6245,A3_S1_S2_sequence,CNN1D,0,Mustard,Mustard
6251,A3_S1_S2_sequence,CNN1D,0,Mustard,Garlic
6252,A3_S1_S2_sequence,CNN1D,0,Wheat,Gram
6253,A3_S1_S2_sequence,CNN1D,0,Mustard,Mustard
6254,A3_S1_S2_sequence,CNN1D,0,Wheat,Wheat
6255,A3_S1_S2_sequence,CNN1D,0,Wheat,Wheat
6257,A3_S1_S2_sequence,CNN1D,0,Wheat,Wheat
6258,A3_S1_S2_sequence,CNN1D,0,Wheat,Wheat
6260,A3_S1_S2_sequence,CNN1D,0,Gram,Gram
6261,A3_S1_S2_sequence,CNN1D,0,Gram,Gram
6262,A3_S1_S2_sequence,CNN1D,0,Wheat,Wheat
6263,A3_S1_S2_sequence,CNN1D,0,Mustard,Mustard
6274,A3_S1_S2_sequence,CNN1D,0,Wheat,Gram
6299,A3_S1_S2_sequence,CNN1D,0,Coriander,Mustard
6300,A3_S1_S2_sequence,CNN1D,0,Garlic,Garlic
6301,A3_S1_S2_sequence,CNN1D,0,Wheat,Wheat
6302,A3_S1_S2_sequence,CNN1D,0,Wheat,Wheat
6304,A3_S1_S2_sequence,CNN1D,0,Wheat,Gram
6319,A3_S1_S2_sequence,CNN1D,0,Maize,Maize
6320,A3_S1_S2_sequence,CNN1D,0,Rice,Potato
6329,A3_S1_S2_sequence,CNN1D,0,No crop/Fallow,Maize
6331,A3_S1_S2_sequence,CNN1D,0,Maize,Maize
6332,A3_S1_S2_sequence,CNN1D,0,Maize,Maize
6333,A3_S1_S2_sequence,CNN1D,0,Maize,Maize
6334,A3_S1_S2_sequence,CNN1D,0,Maize,Maize
6339,A3_S1_S2_sequence,CNN1D,0,Maize,Maize
6351,A3_S1_S2_sequence,CNN1D,0,Mustard,Bersem
6353,A3_S1_S2_sequence,CNN1D,0,Mustard,No crop/Fallow
6367,A3_S1_S2_sequence,CNN1D,0,Maize,Potato
6368,A3_S1_S2_sequence,CNN1D,0,Maize,Maize
6382,A3_S1_S2_sequence,CNN1D,0,Mustard,Mustard
6383,A3_S1_S2_sequence,CNN1D,0,Mustard,Mustard
6393,A3_S1_S2_sequence,CNN1D,0,No crop/Fallow,Maize
6395,A3_S1_S2_sequence,CNN1D,0,Maize,Maize
6398,A3_S1_S2_sequence,CNN1D,0,Mustard,Maize
6400,A3_S1_S2_sequence,CNN1D,0,Mustard,Maize
6403,A3_S1_S2_sequence,CNN1D,0,Maize,Maize
6407,A3_S1_S2_sequence,CNN1D,0,No crop/Fallow,Maize
6408,A3_S1_S2_sequence,CNN1D,0,Mustard,Maize
6409,A3_S1_S2_sequence,CNN1D,0,No crop/Fallow,Lentil
6410,A3_S1_S2_sequence,CNN1D,0,Maize,Maize
6412,A3_S1_S2_sequence,CNN1D,0,Maize,Maize
6416,A3_S1_S2_sequence,CNN1D,0,No crop/Fallow,Rice
6417,A3_S1_S2_sequence,CNN1D,0,No crop/Fallow,Maize
6437,A3_S1_S2_sequence,CNN1D,0,Wheat,Maize
6443,A3_S1_S2_sequence,CNN1D,0,Maize,Maize
6444,A3_S1_S2_sequence,CNN1D,0,No crop/Fallow,Maize
6445,A3_S1_S2_sequence,CNN1D,0,Maize,Maize
6446,A3_S1_S2_sequence,CNN1D,0,No crop/Fallow,Maize
6447,A3_S1_S2_sequence,CNN1D,0,Maize,Maize
6448,A3_S1_S2_sequence,CNN1D,0,Maize,Maize
6450,A3_S1_S2_sequence,CNN1D,0,No crop/Fallow,Maize
6451,A3_S1_S2_sequence,CNN1D,0,Potato,Maize
6468,A3_S1_S2_sequence,CNN1D,0,Maize,Maize
6469,A3_S1_S2_sequence,CNN1D,0,Mustard,Potato
6482,A3_S1_S2_sequence,CNN1D,0,No crop/Fallow,Maize
6489,A3_S1_S2_sequence,CNN1D,0,Potato,Mustard
6494,A3_S1_S2_sequence,CNN1D,0,Maize,Maize
6495,A3_S1_S2_sequence,CNN1D,0,No crop/Fallow,Maize
6496,A3_S1_S2_sequence,CNN1D,0,No crop/Fallow,Lentil
6497,A3_S1_S2_sequence,CNN1D,0,No crop/Fallow,Maize
6526,A3_S1_S2_sequence,CNN1D,0,No crop/Fallow,Maize
6528,A3_S1_S2_sequence,CNN1D,0,Mustard,Mustard
6529,A3_S1_S2_sequence,CNN1D,0,No crop/Fallow,Mustard
6530,A3_S1_S2_sequence,CNN1D,0,No crop/Fallow,Mustard
6531,A3_S1_S2_sequence,CNN1D,0,No crop/Fallow,Mustard
6543,A3_S1_S2_sequence,CNN1D,0,Maize,Maize
6544,A3_S1_S2_sequence,CNN1D,0,Mustard,Potato
6545,A3_S1_S2_sequence,CNN1D,0,Mustard,Maize
6546,A3_S1_S2_sequence,CNN1D,0,Maize,Maize
6575,A3_S1_S2_sequence,CNN1D,0,Maize,Maize
6576,A3_S1_S2_sequence,CNN1D,0,No crop/Fallow,Maize
6578,A3_S1_S2_sequence,CNN1D,0,Wheat,Wheat
6579,A3_S1_S2_sequence,CNN1D,0,Wheat,Wheat
6580,A3_S1_S2_sequence,CNN1D,0,Wheat,Wheat
6595,A3_S1_S2_sequence,CNN1D,0,Maize,Maize
6598,A3_S1_S2_sequence,CNN1D,0,Maize,Maize
6645,A3_S1_S2_sequence,CNN1D,0,Wheat,Maize
6647,A3_S1_S2_sequence,CNN1D,0,Maize,Maize
6667,A3_S1_S2_sequence,CNN1D,0,No crop/Fallow,Rice
6668,A3_S1_S2_sequence,CNN1D,0,Mustard,No crop/Fallow
6670,A3_S1_S2_sequence,CNN1D,0,Maize,Maize
6672,A3_S1_S2_sequence,CNN1D,0,Maize,Potato
6676,A3_S1_S2_sequence,CNN1D,0,No crop/Fallow,Rice
6677,A3_S1_S2_sequence,CNN1D,0,No crop/Fallow,Rice
6694,A3_S1_S2_sequence,CNN1D,0,Mustard,Mustard
6696,A3_S1_S2_sequence,CNN1D,0,Maize,Maize
6714,A3_S1_S2_sequence,CNN1D,0,No crop/Fallow,Mustard
6715,A3_S1_S2_sequence,CNN1D,0,Wheat,Mustard
6719,A3_S1_S2_sequence,CNN1D,0,Mustard,Maize
6720,A3_S1_S2_sequence,CNN1D,0,Potato,Lentil
6722,A3_S1_S2_sequence,CNN1D,0,Mustard,Rice
6771,A3_S1_S2_sequence,CNN1D,0,Maize,Maize
6779,A3_S1_S2_sequence,CNN1D,0,Maize,Maize
6780,A3_S1_S2_sequence,CNN1D,0,No crop/Fallow,Potato
6781,A3_S1_S2_sequence,CNN1D,0,Mustard,Maize
6790,A3_S1_S2_sequence,CNN1D,0,Mustard,Potato
6791,A3_S1_S2_sequence,CNN1D,0,Mustard,Mustard
6792,A3_S1_S2_sequence,CNN1D,0,Mustard,Maize
6794,A3_S1_S2_sequence,CNN1D,0,Potato,Maize
6795,A3_S1_S2_sequence,CNN1D,0,Maize,Maize
6806,A3_S1_S2_sequence,CNN1D,0,Mustard,Mustard
6807,A3_S1_S2_sequence,CNN1D,0,Mustard,Mustard
6814,A3_S1_S2_sequence,CNN1D,0,Mustard,Bersem
6815,A3_S1_S2_sequence,CNN1D,0,Potato,Potato
6821,A3_S1_S2_sequence,CNN1D,0,Maize,Maize
6826,A3_S1_S2_sequence,CNN1D,0,Mustard,Mustard
6834,A3_S1_S2_sequence,CNN1D,0,Maize,Maize
6835,A3_S1_S2_sequence,CNN1D,0,Maize,Maize
6837,A3_S1_S2_sequence,CNN1D,0,Maize,Maize
6843,A3_S1_S2_sequence,CNN1D,0,Mustard,Mustard
6846,A3_S1_S2_sequence,CNN1D,0,Mustard,Maize
6847,A3_S1_S2_sequence,CNN1D,0,Mustard,Maize
6851,A3_S1_S2_sequence,CNN1D,0,Wheat,Maize
6855,A3_S1_S2_sequence,CNN1D,0,No crop/Fallow,Potato
6856,A3_S1_S2_sequence,CNN1D,0,No crop/Fallow,Potato
6948,A3_S1_S2_sequence,CNN1D,0,Maize,Maize
6951,A3_S1_S2_sequence,CNN1D,0,Mustard,Rice
6952,A3_S1_S2_sequence,CNN1D,0,No crop/Fallow,Rice
6964,A3_S1_S2_sequence,CNN1D,0,Maize,Maize
6965,A3_S1_S2_sequence,CNN1D,0,Maize,Maize
6972,A3_S1_S2_sequence,CNN1D,0,Maize,Maize
6973,A3_S1_S2_sequence,CNN1D,0,Maize,Maize
6974,A3_S1_S2_sequence,CNN1D,0,Maize,Maize
6975,A3_S1_S2_sequence,CNN1D,0,Mustard,Mustard
7001,A3_S1_S2_sequence,CNN1D,0,Wheat,Wheat
7002,A3_S1_S2_sequence,CNN1D,0,Wheat,Maize
7006,A3_S1_S2_sequence,CNN1D,0,Maize,Maize
7012,A3_S1_S2_sequence,CNN1D,0,Maize,Maize
7014,A3_S1_S2_sequence,CNN1D,0,No crop/Fallow,Maize
7025,A3_S1_S2_sequence,CNN1D,0,Wheat,Wheat
7026,A3_S1_S2_sequence,CNN1D,0,Wheat,Maize
7027,A3_S1_S2_sequence,CNN1D,0,Wheat,Maize
7037,A3_S1_S2_sequence,CNN1D,0,No crop/Fallow,Rice
7048,A3_S1_S2_sequence,CNN1D,0,Mustard,Maize
7050,A3_S1_S2_sequence,CNN1D,0,Mustard,Maize
7053,A3_S1_S2_sequence,CNN1D,0,Maize,Maize
7056,A3_S1_S2_sequence,CNN1D,0,Maize,Potato
7058,A3_S1_S2_sequence,CNN1D,0,No crop/Fallow,Maize
7060,A3_S1_S2_sequence,CNN1D,0,Maize,Maize
7064,A3_S1_S2_sequence,CNN1D,0,Maize,Maize
7081,A3_S1_S2_sequence,CNN1D,0,No crop/Fallow,Potato
7088,A3_S1_S2_sequence,CNN1D,0,No crop/Fallow,Maize
7089,A3_S1_S2_sequence,CNN1D,0,Maize,Maize
7090,A3_S1_S2_sequence,CNN1D,0,No crop/Fallow,Maize
7098,A3_S1_S2_sequence,CNN1D,0,Mustard,Potato
7099,A3_S1_S2_sequence,CNN1D,0,Mustard,Mustard
7101,A3_S1_S2_sequence,CNN1D,0,No crop/Fallow,Lentil
7103,A3_S1_S2_sequence,CNN1D,0,Mustard,Rice
7117,A3_S1_S2_sequence,CNN1D,0,Maize,Maize
7119,A3_S1_S2_sequence,CNN1D,0,Maize,Maize
7124,A3_S1_S2_sequence,CNN1D,0,No crop/Fallow,Mustard
7125,A3_S1_S2_sequence,CNN1D,0,No crop/Fallow,Rice
7127,A3_S1_S2_sequence,CNN1D,0,Mustard,Potato
7128,A3_S1_S2_sequence,CNN1D,0,Maize,Maize
7129,A3_S1_S2_sequence,CNN1D,0,Maize,Maize
7130,A3_S1_S2_sequence,CNN1D,0,Mustard,Mustard
7136,A3_S1_S2_sequence,CNN1D,0,No crop/Fallow,Maize
7137,A3_S1_S2_sequence,CNN1D,0,Maize,Maize
7139,A3_S1_S2_sequence,CNN1D,0,Maize,Maize
7148,A3_S1_S2_sequence,CNN1D,0,Mustard,Maize
7154,A3_S1_S2_sequence,CNN1D,0,Rice,Mustard
7155,A3_S1_S2_sequence,CNN1D,0,Mustard,Rice
7156,A3_S1_S2_sequence,CNN1D,0,Rice,Mustard
7164,A3_S1_S2_sequence,CNN1D,0,Potato,Maize
7165,A3_S1_S2_sequence,CNN1D,0,Maize,Maize
7169,A3_S1_S2_sequence,CNN1D,0,No crop/Fallow,No crop/Fallow
7170,A3_S1_S2_sequence,CNN1D,0,No crop/Fallow,Maize
7177,A3_S1_S2_sequence,CNN1D,0,Mustard,Maize
7178,A3_S1_S2_sequence,CNN1D,0,Maize,Maize
7179,A3_S1_S2_sequence,CNN1D,0,Maize,Maize
7180,A3_S1_S2_sequence,CNN1D,0,No crop/Fallow,Maize
7189,A3_S1_S2_sequence,CNN1D,0,Maize,Maize
7192,A3_S1_S2_sequence,CNN1D,0,Mustard,Maize
7194,A3_S1_S2_sequence,CNN1D,0,Maize,Maize
7195,A3_S1_S2_sequence,CNN1D,0,Maize,Maize
7216,A3_S1_S2_sequence,CNN1D,0,Maize,Maize
7217,A3_S1_S2_sequence,CNN1D,0,Maize,Maize
7222,A3_S1_S2_sequence,CNN1D,0,Mustard,Bersem
7223,A3_S1_S2_sequence,CNN1D,0,No crop/Fallow,No crop/Fallow
7230,A3_S1_S2_sequence,CNN1D,0,Maize,Maize
7265,A3_S1_S2_sequence,CNN1D,0,Maize,Potato
7273,A3_S1_S2_sequence,CNN1D,0,No crop/Fallow,Potato
7280,A3_S1_S2_sequence,CNN1D,0,No crop/Fallow,Maize
7281,A3_S1_S2_sequence,CNN1D,0,No crop/Fallow,Maize
7282,A3_S1_S2_sequence,CNN1D,0,No crop/Fallow,Maize
7283,A3_S1_S2_sequence,CNN1D,0,No crop/Fallow,Rice
7298,A3_S1_S2_sequence,CNN1D,0,Maize,Mustard
7318,A3_S1_S2_sequence,CNN1D,0,Maize,Maize
7326,A3_S1_S2_sequence,CNN1D,0,Maize,Maize
7327,A3_S1_S2_sequence,CNN1D,0,Maize,Maize
7328,A3_S1_S2_sequence,CNN1D,0,Maize,Maize
7331,A3_S1_S2_sequence,CNN1D,0,Maize,Maize
4,A3_S1_S2_sequence,CNN1D,1,Mustard,Lentil
5,A3_S1_S2_sequence,CNN1D,1,Mustard,Lentil
6,A3_S1_S2_sequence,CNN1D,1,Mustard,Lentil
7,A3_S1_S2_sequence,CNN1D,1,Mustard,Lentil
8,A3_S1_S2_sequence,CNN1D,1,Mustard,Lentil
9,A3_S1_S2_sequence,CNN1D,1,Mustard,Lentil
27,A3_S1_S2_sequence,CNN1D,1,Mustard,Green pea
28,A3_S1_S2_sequence,CNN1D,1,Lentil,Lentil
30,A3_S1_S2_sequence,CNN1D,1,Wheat,Wheat
36,A3_S1_S2_sequence,CNN1D,1,Mustard,Lentil
37,A3_S1_S2_sequence,CNN1D,1,Mustard,Lentil
38,A3_S1_S2_sequence,CNN1D,1,Mustard,Sugarcane
40,A3_S1_S2_sequence,CNN1D,1,Mustard,Sugarcane
41,A3_S1_S2_sequence,CNN1D,1,Wheat,Lentil
42,A3_S1_S2_sequence,CNN1D,1,Sugarcane,Lentil
43,A3_S1_S2_sequence,CNN1D,1,Wheat,Wheat
47,A3_S1_S2_sequence,CNN1D,1,Wheat,Wheat
50,A3_S1_S2_sequence,CNN1D,1,No crop/Fallow,Wheat
51,A3_S1_S2_sequence,CNN1D,1,No crop/Fallow,Wheat
53,A3_S1_S2_sequence,CNN1D,1,Wheat,Wheat
54,A3_S1_S2_sequence,CNN1D,1,No crop/Fallow,Sugarcane
55,A3_S1_S2_sequence,CNN1D,1,No crop/Fallow,Sugarcane
58,A3_S1_S2_sequence,CNN1D,1,Wheat,Sugarcane
59,A3_S1_S2_sequence,CNN1D,1,Mustard,Sugarcane
66,A3_S1_S2_sequence,CNN1D,1,Mustard,Sugarcane
73,A3_S1_S2_sequence,CNN1D,1,No crop/Fallow,Sugarcane
74,A3_S1_S2_sequence,CNN1D,1,No crop/Fallow,Green pea
75,A3_S1_S2_sequence,CNN1D,1,No crop/Fallow,Lentil
76,A3_S1_S2_sequence,CNN1D,1,No crop/Fallow,Coriander
77,A3_S1_S2_sequence,CNN1D,1,No crop/Fallow,Lentil
78,A3_S1_S2_sequence,CNN1D,1,No crop/Fallow,Sugarcane
111,A3_S1_S2_sequence,CNN1D,1,Mustard,Sugarcane
112,A3_S1_S2_sequence,CNN1D,1,No crop/Fallow,Mustard
113,A3_S1_S2_sequence,CNN1D,1,No crop/Fallow,Mustard
114,A3_S1_S2_sequence,CNN1D,1,Wheat,Wheat
115,A3_S1_S2_sequence,CNN1D,1,Wheat,Mustard
116,A3_S1_S2_sequence,CNN1D,1,Wheat,Wheat
150,A3_S1_S2_sequence,CNN1D,1,Wheat,Wheat
152,A3_S1_S2_sequence,CNN1D,1,Wheat,Wheat
153,A3_S1_S2_sequence,CNN1D,1,Mustard,Lentil
154,A3_S1_S2_sequence,CNN1D,1,Mustard,Lentil
178,A3_S1_S2_sequence,CNN1D,1,Wheat,Wheat
205,A3_S1_S2_sequence,CNN1D,1,Wheat,Sugarcane
216,A3_S1_S2_sequence,CNN1D,1,Wheat,Wheat
237,A3_S1_S2_sequence,CNN1D,1,Mustard,Green pea
240,A3_S1_S2_sequence,CNN1D,1,Mustard,Sugarcane
241,A3_S1_S2_sequence,CNN1D,1,No crop/Fallow,Wheat
242,A3_S1_S2_sequence,CNN1D,1,Mustard,Lentil
243,A3_S1_S2_sequence,CNN1D,1,Sugarcane,Lentil
244,A3_S1_S2_sequence,CNN1D,1,Wheat,Lentil
288,A3_S1_S2_sequence,CNN1D,1,Wheat,Sugarcane
310,A3_S1_S2_sequence,CNN1D,1,Sugarcane,Green pea
312,A3_S1_S2_sequence,CNN1D,1,Sugarcane,Sugarcane
313,A3_S1_S2_sequence,CNN1D,1,Mustard,Sugarcane
314,A3_S1_S2_sequence,CNN1D,1,Wheat,Lentil
315,A3_S1_S2_sequence,CNN1D,1,Mustard,Lentil
316,A3_S1_S2_sequence,CNN1D,1,Potato,Sugarcane
319,A3_S1_S2_sequence,CNN1D,1,Wheat,Wheat
320,A3_S1_S2_sequence,CNN1D,1,Wheat,Wheat
324,A3_S1_S2_sequence,CNN1D,1,Wheat,Wheat
325,A3_S1_S2_sequence,CNN1D,1,Sugarcane,Wheat
333,A3_S1_S2_sequence,CNN1D,1,Wheat,Wheat
334,A3_S1_S2_sequence,CNN1D,1,Mustard,Green pea
336,A3_S1_S2_sequence,CNN1D,1,Mustard,Green pea
343,A3_S1_S2_sequence,CNN1D,1,Wheat,Wheat
344,A3_S1_S2_sequence,CNN1D,1,Wheat,Wheat
346,A3_S1_S2_sequence,CNN1D,1,Wheat,Wheat
347,A3_S1_S2_sequence,CNN1D,1,Wheat,Wheat
348,A3_S1_S2_sequence,CNN1D,1,Wheat,Wheat
416,A3_S1_S2_sequence,CNN1D,1,No crop/Fallow,Wheat
417,A3_S1_S2_sequence,CNN1D,1,No crop/Fallow,Wheat
418,A3_S1_S2_sequence,CNN1D,1,Wheat,Wheat
419,A3_S1_S2_sequence,CNN1D,1,Wheat,Wheat
420,A3_S1_S2_sequence,CNN1D,1,Wheat,Green pea
455,A3_S1_S2_sequence,CNN1D,1,Wheat,Wheat
500,A3_S1_S2_sequence,CNN1D,1,Wheat,Wheat
530,A3_S1_S2_sequence,CNN1D,1,Wheat,Wheat
531,A3_S1_S2_sequence,CNN1D,1,No crop/Fallow,Lentil
553,A3_S1_S2_sequence,CNN1D,1,Wheat,Wheat
558,A3_S1_S2_sequence,CNN1D,1,Wheat,Wheat
559,A3_S1_S2_sequence,CNN1D,1,No crop/Fallow,Maize
560,A3_S1_S2_sequence,CNN1D,1,No crop/Fallow,Wheat
561,A3_S1_S2_sequence,CNN1D,1,Wheat,Wheat
562,A3_S1_S2_sequence,CNN1D,1,Wheat,Wheat
578,A3_S1_S2_sequence,CNN1D,1,Wheat,Wheat
579,A3_S1_S2_sequence,CNN1D,1,Mustard,Sugarcane
580,A3_S1_S2_sequence,CNN1D,1,Sugarcane,Sugarcane
595,A3_S1_S2_sequence,CNN1D,1,Sugarcane,Sugarcane
596,A3_S1_S2_sequence,CNN1D,1,Sugarcane,Sugarcane
598,A3_S1_S2_sequence,CNN1D,1,Sugarcane,Sugarcane
600,A3_S1_S2_sequence,CNN1D,1,Wheat,Wheat
619,A3_S1_S2_sequence,CNN1D,1,No crop/Fallow,Sugarcane
621,A3_S1_S2_sequence,CNN1D,1,Wheat,Sugarcane
623,A3_S1_S2_sequence,CNN1D,1,Wheat,Green pea
630,A3_S1_S2_sequence,CNN1D,1,Sugarcane,Sugarcane
640,A3_S1_S2_sequence,CNN1D,1,Mustard,Sugarcane
641,A3_S1_S2_sequence,CNN1D,1,Lentil,Lentil
642,A3_S1_S2_sequence,CNN1D,1,No crop/Fallow,Wheat
656,A3_S1_S2_sequence,CNN1D,1,Mustard,Sugarcane
657,A3_S1_S2_sequence,CNN1D,1,Mustard,Sugarcane
661,A3_S1_S2_sequence,CNN1D,1,Wheat,Wheat
663,A3_S1_S2_sequence,CNN1D,1,Sugarcane,Sugarcane
664,A3_S1_S2_sequence,CNN1D,1,Sugarcane,Sugarcane
665,A3_S1_S2_sequence,CNN1D,1,Lentil,Lentil
666,A3_S1_S2_sequence,CNN1D,1,Lentil,Sugarcane
667,A3_S1_S2_sequence,CNN1D,1,Lentil,Lentil
668,A3_S1_S2_sequence,CNN1D,1,Sugarcane,Sugarcane
669,A3_S1_S2_sequence,CNN1D,1,Wheat,Wheat
670,A3_S1_S2_sequence,CNN1D,1,No crop/Fallow,Wheat
671,A3_S1_S2_sequence,CNN1D,1,Wheat,Wheat
672,A3_S1_S2_sequence,CNN1D,1,Mustard,Sugarcane
673,A3_S1_S2_sequence,CNN1D,1,Mustard,Wheat
708,A3_S1_S2_sequence,CNN1D,1,Mustard,Bersem
709,A3_S1_S2_sequence,CNN1D,1,Mustard,Green pea
722,A3_S1_S2_sequence,CNN1D,1,Wheat,Wheat
723,A3_S1_S2_sequence,CNN1D,1,Wheat,Wheat
760,A3_S1_S2_sequence,CNN1D,1,Wheat,Wheat
761,A3_S1_S2_sequence,CNN1D,1,Wheat,Wheat
773,A3_S1_S2_sequence,CNN1D,1,Sugarcane,Sugarcane
851,A3_S1_S2_sequence,CNN1D,1,Wheat,Wheat
852,A3_S1_S2_sequence,CNN1D,1,Wheat,Wheat
853,A3_S1_S2_sequence,CNN1D,1,Wheat,Wheat
854,A3_S1_S2_sequence,CNN1D,1,Wheat,Wheat
855,A3_S1_S2_sequence,CNN1D,1,Wheat,Wheat
856,A3_S1_S2_sequence,CNN1D,1,Wheat,Wheat
858,A3_S1_S2_sequence,CNN1D,1,Mustard,Sugarcane
859,A3_S1_S2_sequence,CNN1D,1,No crop/Fallow,Sugarcane
860,A3_S1_S2_sequence,CNN1D,1,Mustard,Lentil
861,A3_S1_S2_sequence,CNN1D,1,Wheat,Wheat
874,A3_S1_S2_sequence,CNN1D,1,Wheat,Sugarcane
875,A3_S1_S2_sequence,CNN1D,1,No crop/Fallow,Sugarcane
876,A3_S1_S2_sequence,CNN1D,1,Mustard,Lentil
877,A3_S1_S2_sequence,CNN1D,1,No crop/Fallow,Bersem
878,A3_S1_S2_sequence,CNN1D,1,Mustard,Bersem
889,A3_S1_S2_sequence,CNN1D,1,Wheat,Wheat
890,A3_S1_S2_sequence,CNN1D,1,Mustard,Sugarcane
893,A3_S1_S2_sequence,CNN1D,1,No crop/Fallow,Lentil
894,A3_S1_S2_sequence,CNN1D,1,No crop/Fallow,Wheat
896,A3_S1_S2_sequence,CNN1D,1,Wheat,Sugarcane
898,A3_S1_S2_sequence,CNN1D,1,No crop/Fallow,Lentil
899,A3_S1_S2_sequence,CNN1D,1,No crop/Fallow,Sugarcane
910,A3_S1_S2_sequence,CNN1D,1,Gram,Sugarcane
912,A3_S1_S2_sequence,CNN1D,1,No crop/Fallow,Sugarcane
913,A3_S1_S2_sequence,CNN1D,1,Sugarcane,Sugarcane
914,A3_S1_S2_sequence,CNN1D,1,Sugarcane,Lentil
915,A3_S1_S2_sequence,CNN1D,1,Wheat,Lentil
917,A3_S1_S2_sequence,CNN1D,1,Maize,Sugarcane
918,A3_S1_S2_sequence,CNN1D,1,Wheat,Wheat
940,A3_S1_S2_sequence,CNN1D,1,Wheat,Sugarcane
941,A3_S1_S2_sequence,CNN1D,1,Wheat,Sugarcane
981,A3_S1_S2_sequence,CNN1D,1,Wheat,Sugarcane
982,A3_S1_S2_sequence,CNN1D,1,Wheat,Lentil
1000,A3_S1_S2_sequence,CNN1D,1,Wheat,Sugarcane
1005,A3_S1_S2_sequence,CNN1D,1,Wheat,Wheat
1006,A3_S1_S2_sequence,CNN1D,1,Mustard,Wheat
1007,A3_S1_S2_sequence,CNN1D,1,Wheat,Wheat
1012,A3_S1_S2_sequence,CNN1D,1,Mustard,Green pea
1013,A3_S1_S2_sequence,CNN1D,1,Wheat,Sugarcane
1016,A3_S1_S2_sequence,CNN1D,1,Mustard,Wheat
1017,A3_S1_S2_sequence,CNN1D,1,Wheat,Wheat
1024,A3_S1_S2_sequence,CNN1D,1,Mustard,Lentil
1085,A3_S1_S2_sequence,CNN1D,1,Wheat,Wheat
1086,A3_S1_S2_sequence,CNN1D,1,Wheat,Sugarcane
1111,A3_S1_S2_sequence,CNN1D,1,Wheat,Wheat
1112,A3_S1_S2_sequence,CNN1D,1,Wheat,Wheat
1124,A3_S1_S2_sequence,CNN1D,1,Mustard,Lentil
1125,A3_S1_S2_sequence,CNN1D,1,Wheat,Wheat
1139,A3_S1_S2_sequence,CNN1D,1,Wheat,Green pea
1147,A3_S1_S2_sequence,CNN1D,1,No crop/Fallow,Sugarcane
1152,A3_S1_S2_sequence,CNN1D,1,No crop/Fallow,Lentil
1153,A3_S1_S2_sequence,CNN1D,1,No crop/Fallow,Sugarcane
1154,A3_S1_S2_sequence,CNN1D,1,Wheat,Wheat
1169,A3_S1_S2_sequence,CNN1D,1,Wheat,Lentil
1182,A3_S1_S2_sequence,CNN1D,1,No crop/Fallow,Wheat
1190,A3_S1_S2_sequence,CNN1D,1,Mustard,Sugarcane
1191,A3_S1_S2_sequence,CNN1D,1,Wheat,Lentil
1204,A3_S1_S2_sequence,CNN1D,1,Wheat,Sugarcane
1207,A3_S1_S2_sequence,CNN1D,1,Mustard,Sugarcane
1234,A3_S1_S2_sequence,CNN1D,1,Mustard,Lentil
1247,A3_S1_S2_sequence,CNN1D,1,Wheat,Wheat
1248,A3_S1_S2_sequence,CNN1D,1,Wheat,Wheat
1249,A3_S1_S2_sequence,CNN1D,1,Wheat,Lentil
1262,A3_S1_S2_sequence,CNN1D,1,Wheat,Bersem
1263,A3_S1_S2_sequence,CNN1D,1,Sugarcane,Bersem
1264,A3_S1_S2_sequence,CNN1D,1,Mustard,Sugarcane
1273,A3_S1_S2_sequence,CNN1D,1,Mustard,Lentil
1274,A3_S1_S2_sequence,CNN1D,1,Wheat,Wheat
1275,A3_S1_S2_sequence,CNN1D,1,Mustard,Sugarcane
1287,A3_S1_S2_sequence,CNN1D,1,Wheat,Lentil
1290,A3_S1_S2_sequence,CNN1D,1,Wheat,Wheat
1291,A3_S1_S2_sequence,CNN1D,1,Wheat,Wheat
1292,A3_S1_S2_sequence,CNN1D,1,Wheat,Wheat
1302,A3_S1_S2_sequence,CNN1D,1,Wheat,Wheat
1303,A3_S1_S2_sequence,CNN1D,1,No crop/Fallow,Wheat
1322,A3_S1_S2_sequence,CNN1D,1,Wheat,Sugarcane
1353,A3_S1_S2_sequence,CNN1D,1,No crop/Fallow,Wheat
1355,A3_S1_S2_sequence,CNN1D,1,No crop/Fallow,Green pea
1369,A3_S1_S2_sequence,CNN1D,1,Wheat,Lentil
1388,A3_S1_S2_sequence,CNN1D,1,Wheat,Sugarcane
1390,A3_S1_S2_sequence,CNN1D,1,Lentil,Sugarcane
1392,A3_S1_S2_sequence,CNN1D,1,Wheat,Sugarcane
1394,A3_S1_S2_sequence,CNN1D,1,No crop/Fallow,Sugarcane
1414,A3_S1_S2_sequence,CNN1D,1,No crop/Fallow,Wheat
1415,A3_S1_S2_sequence,CNN1D,1,Wheat,Wheat
1416,A3_S1_S2_sequence,CNN1D,1,Wheat,Wheat
1417,A3_S1_S2_sequence,CNN1D,1,Wheat,Wheat
1474,A3_S1_S2_sequence,CNN1D,1,No crop/Fallow,Wheat
1477,A3_S1_S2_sequence,CNN1D,1,No crop/Fallow,Wheat
1478,A3_S1_S2_sequence,CNN1D,1,Wheat,Sugarcane
1479,A3_S1_S2_sequence,CNN1D,1,No crop/Fallow,Sugarcane
1480,A3_S1_S2_sequence,CNN1D,1,No crop/Fallow,Wheat
1489,A3_S1_S2_sequence,CNN1D,1,Mustard,Lentil
1496,A3_S1_S2_sequence,CNN1D,1,No crop/Fallow,Wheat
1497,A3_S1_S2_sequence,CNN1D,1,No crop/Fallow,Wheat
1498,A3_S1_S2_sequence,CNN1D,1,No crop/Fallow,Wheat
1500,A3_S1_S2_sequence,CNN1D,1,No crop/Fallow,Wheat
1501,A3_S1_S2_sequence,CNN1D,1,Wheat,Sugarcane
1508,A3_S1_S2_sequence,CNN1D,1,Wheat,Sugarcane
1526,A3_S1_S2_sequence,CNN1D,1,Wheat,Wheat
1527,A3_S1_S2_sequence,CNN1D,1,Sugarcane,Sugarcane
1536,A3_S1_S2_sequence,CNN1D,1,No crop/Fallow,Lentil
1537,A3_S1_S2_sequence,CNN1D,1,No crop/Fallow,Sugarcane
1538,A3_S1_S2_sequence,CNN1D,1,No crop/Fallow,Lentil
1559,A3_S1_S2_sequence,CNN1D,1,Mustard,Wheat
1560,A3_S1_S2_sequence,CNN1D,1,Wheat,Wheat
1563,A3_S1_S2_sequence,CNN1D,1,Lentil,Lentil
1567,A3_S1_S2_sequence,CNN1D,1,Mustard,Sugarcane
1569,A3_S1_S2_sequence,CNN1D,1,Mustard,Lentil
1571,A3_S1_S2_sequence,CNN1D,1,Lentil,Lentil
1572,A3_S1_S2_sequence,CNN1D,1,Sugarcane,Sugarcane
1576,A3_S1_S2_sequence,CNN1D,1,Sugarcane,Sugarcane
1577,A3_S1_S2_sequence,CNN1D,1,Lentil,Sugarcane
1578,A3_S1_S2_sequence,CNN1D,1,Mustard,Sugarcane
1579,A3_S1_S2_sequence,CNN1D,1,Wheat,Green pea
1600,A3_S1_S2_sequence,CNN1D,1,Mustard,Bersem
1601,A3_S1_S2_sequence,CNN1D,1,No crop/Fallow,Sugarcane
1602,A3_S1_S2_sequence,CNN1D,1,Wheat,Wheat
1632,A3_S1_S2_sequence,CNN1D,1,Wheat,Wheat
1637,A3_S1_S2_sequence,CNN1D,1,Wheat,Sugarcane
1641,A3_S1_S2_sequence,CNN1D,1,Wheat,Wheat
1642,A3_S1_S2_sequence,CNN1D,1,Wheat,Wheat
1643,A3_S1_S2_sequence,CNN1D,1,Wheat,Wheat
1644,A3_S1_S2_sequence,CNN1D,1,Wheat,Wheat
1645,A3_S1_S2_sequence,CNN1D,1,Wheat,Wheat
1646,A3_S1_S2_sequence,CNN1D,1,Wheat,Wheat
1647,A3_S1_S2_sequence,CNN1D,1,Wheat,Sugarcane
1648,A3_S1_S2_sequence,CNN1D,1,Wheat,Wheat
1656,A3_S1_S2_sequence,CNN1D,1,No crop/Fallow,Bersem
1657,A3_S1_S2_sequence,CNN1D,1,Wheat,Wheat
1661,A3_S1_S2_sequence,CNN1D,1,Wheat,Wheat
1662,A3_S1_S2_sequence,CNN1D,1,Wheat,Wheat
1663,A3_S1_S2_sequence,CNN1D,1,Wheat,Wheat
1664,A3_S1_S2_sequence,CNN1D,1,Green pea,Bersem
1665,A3_S1_S2_sequence,CNN1D,1,Wheat,Wheat
1666,A3_S1_S2_sequence,CNN1D,1,Wheat,Wheat
1692,A3_S1_S2_sequence,CNN1D,1,Sugarcane,Sugarcane
1715,A3_S1_S2_sequence,CNN1D,1,Wheat,Green pea
1716,A3_S1_S2_sequence,CNN1D,1,Wheat,Coriander
1717,A3_S1_S2_sequence,CNN1D,1,Wheat,Wheat
1718,A3_S1_S2_sequence,CNN1D,1,Wheat,Wheat
1733,A3_S1_S2_sequence,CNN1D,1,Wheat,Bersem
1734,A3_S1_S2_sequence,CNN1D,1,Wheat,Wheat
1740,A3_S1_S2_sequence,CNN1D,1,Wheat,Wheat
1741,A3_S1_S2_sequence,CNN1D,1,Wheat,Wheat
1742,A3_S1_S2_sequence,CNN1D,1,Wheat,Wheat
1754,A3_S1_S2_sequence,CNN1D,1,Wheat,Mustard
1756,A3_S1_S2_sequence,CNN1D,1,Mustard,Mustard
1757,A3_S1_S2_sequence,CNN1D,1,Mustard,Green pea
1758,A3_S1_S2_sequence,CNN1D,1,Mustard,Wheat
1759,A3_S1_S2_sequence,CNN1D,1,Mustard,Mustard
1760,A3_S1_S2_sequence,CNN1D,1,Wheat,Wheat
1769,A3_S1_S2_sequence,CNN1D,1,Mustard,Lentil
1770,A3_S1_S2_sequence,CNN1D,1,Mustard,Coriander
1772,A3_S1_S2_sequence,CNN1D,1,Lentil,Lentil
1778,A3_S1_S2_sequence,CNN1D,1,Wheat,Wheat
1787,A3_S1_S2_sequence,CNN1D,1,Wheat,Wheat
1791,A3_S1_S2_sequence,CNN1D,1,Mustard,Bersem
1793,A3_S1_S2_sequence,CNN1D,1,Wheat,Lentil
1794,A3_S1_S2_sequence,CNN1D,1,Bersem,Wheat
1795,A3_S1_S2_sequence,CNN1D,1,Wheat,Mustard
1833,A3_S1_S2_sequence,CNN1D,1,Wheat,Wheat
1834,A3_S1_S2_sequence,CNN1D,1,Wheat,Wheat
1835,A3_S1_S2_sequence,CNN1D,1,Wheat,Wheat
1848,A3_S1_S2_sequence,CNN1D,1,Wheat,Wheat
1849,A3_S1_S2_sequence,CNN1D,1,Wheat,Wheat
1850,A3_S1_S2_sequence,CNN1D,1,Wheat,Wheat
1851,A3_S1_S2_sequence,CNN1D,1,Wheat,Wheat
1852,A3_S1_S2_sequence,CNN1D,1,Wheat,Wheat
1853,A3_S1_S2_sequence,CNN1D,1,Mustard,Lentil
1854,A3_S1_S2_sequence,CNN1D,1,Wheat,Wheat
1857,A3_S1_S2_sequence,CNN1D,1,Sugarcane,Sugarcane
1859,A3_S1_S2_sequence,CNN1D,1,Coriander,Coriander
1861,A3_S1_S2_sequence,CNN1D,1,Wheat,Wheat
1862,A3_S1_S2_sequence,CNN1D,1,Lentil,Wheat
1868,A3_S1_S2_sequence,CNN1D,1,Wheat,Wheat
1869,A3_S1_S2_sequence,CNN1D,1,Wheat,Wheat
1870,A3_S1_S2_sequence,CNN1D,1,Wheat,Wheat
1871,A3_S1_S2_sequence,CNN1D,1,Wheat,Wheat
1872,A3_S1_S2_sequence,CNN1D,1,Mustard,Green pea
1877,A3_S1_S2_sequence,CNN1D,1,Mustard,Lentil
1878,A3_S1_S2_sequence,CNN1D,1,Mustard,Green pea
1879,A3_S1_S2_sequence,CNN1D,1,Wheat,Wheat
1880,A3_S1_S2_sequence,CNN1D,1,Wheat,Green pea
1881,A3_S1_S2_sequence,CNN1D,1,Wheat,Wheat
1893,A3_S1_S2_sequence,CNN1D,1,Wheat,Sugarcane
1894,A3_S1_S2_sequence,CNN1D,1,Wheat,Wheat
1897,A3_S1_S2_sequence,CNN1D,1,Sugarcane,Sugarcane
1910,A3_S1_S2_sequence,CNN1D,1,Wheat,Wheat
1926,A3_S1_S2_sequence,CNN1D,1,No crop/Fallow,Lentil
1927,A3_S1_S2_sequence,CNN1D,1,Wheat,Bersem
1928,A3_S1_S2_sequence,CNN1D,1,Mustard,Green pea
1929,A3_S1_S2_sequence,CNN1D,1,Mustard,Green pea
1930,A3_S1_S2_sequence,CNN1D,1,No crop/Fallow,Lentil
1932,A3_S1_S2_sequence,CNN1D,1,Wheat,Coriander
1947,A3_S1_S2_sequence,CNN1D,1,Mustard,Potato
1948,A3_S1_S2_sequence,CNN1D,1,Mustard,Mustard
1951,A3_S1_S2_sequence,CNN1D,1,No crop/Fallow,Lentil
1952,A3_S1_S2_sequence,CNN1D,1,Mustard,Sugarcane
1953,A3_S1_S2_sequence,CNN1D,1,Wheat,Lentil
1961,A3_S1_S2_sequence,CNN1D,1,Mustard,Green pea
1962,A3_S1_S2_sequence,CNN1D,1,Wheat,Wheat
1963,A3_S1_S2_sequence,CNN1D,1,Wheat,Wheat
1964,A3_S1_S2_sequence,CNN1D,1,Wheat,Wheat
1971,A3_S1_S2_sequence,CNN1D,1,Wheat,Lentil
1972,A3_S1_S2_sequence,CNN1D,1,Lentil,Lentil
1984,A3_S1_S2_sequence,CNN1D,1,Wheat,Wheat
2000,A3_S1_S2_sequence,CNN1D,1,Wheat,Wheat
2023,A3_S1_S2_sequence,CNN1D,1,Mustard,Sugarcane
2024,A3_S1_S2_sequence,CNN1D,1,Wheat,Wheat
2028,A3_S1_S2_sequence,CNN1D,1,Wheat,Bersem
2029,A3_S1_S2_sequence,CNN1D,1,Wheat,Wheat
2030,A3_S1_S2_sequence,CNN1D,1,Wheat,Wheat
2031,A3_S1_S2_sequence,CNN1D,1,Lentil,Wheat
2033,A3_S1_S2_sequence,CNN1D,1,Wheat,Wheat
2035,A3_S1_S2_sequence,CNN1D,1,Mustard,Wheat
2036,A3_S1_S2_sequence,CNN1D,1,Wheat,Wheat
2037,A3_S1_S2_sequence,CNN1D,1,Wheat,Wheat
2038,A3_S1_S2_sequence,CNN1D,1,Mustard,Mustard
2039,A3_S1_S2_sequence,CNN1D,1,Wheat,Wheat
2040,A3_S1_S2_sequence,CNN1D,1,Wheat,Wheat
2045,A3_S1_S2_sequence,CNN1D,1,Wheat,Wheat
2046,A3_S1_S2_sequence,CNN1D,1,Wheat,Wheat
2064,A3_S1_S2_sequence,CNN1D,1,Mustard,Wheat
2065,A3_S1_S2_sequence,CNN1D,1,Wheat,Wheat
2066,A3_S1_S2_sequence,CNN1D,1,Mustard,Lentil
2068,A3_S1_S2_sequence,CNN1D,1,Wheat,Wheat
2069,A3_S1_S2_sequence,CNN1D,1,No crop/Fallow,Maize
2070,A3_S1_S2_sequence,CNN1D,1,Wheat,Wheat
2071,A3_S1_S2_sequence,CNN1D,1,Sugarcane,Bersem
2080,A3_S1_S2_sequence,CNN1D,1,Wheat,Wheat
2082,A3_S1_S2_sequence,CNN1D,1,Mustard,Wheat
2083,A3_S1_S2_sequence,CNN1D,1,Mustard,Mustard
2086,A3_S1_S2_sequence,CNN1D,1,Wheat,Wheat
2089,A3_S1_S2_sequence,CNN1D,1,Mustard,Mustard
2090,A3_S1_S2_sequence,CNN1D,1,Mustard,Coriander
2091,A3_S1_S2_sequence,CNN1D,1,Wheat,Green pea
2093,A3_S1_S2_sequence,CNN1D,1,Wheat,Wheat
2116,A3_S1_S2_sequence,CNN1D,1,Wheat,Wheat
2128,A3_S1_S2_sequence,CNN1D,1,Wheat,Lentil
2129,A3_S1_S2_sequence,CNN1D,1,Wheat,Coriander
2133,A3_S1_S2_sequence,CNN1D,1,Wheat,Wheat
2134,A3_S1_S2_sequence,CNN1D,1,Wheat,Wheat
2135,A3_S1_S2_sequence,CNN1D,1,Mustard,Sugarcane
2136,A3_S1_S2_sequence,CNN1D,1,No crop/Fallow,Sugarcane
2137,A3_S1_S2_sequence,CNN1D,1,Wheat,Wheat
2138,A3_S1_S2_sequence,CNN1D,1,Wheat,Lentil
2139,A3_S1_S2_sequence,CNN1D,1,Wheat,Bersem
2141,A3_S1_S2_sequence,CNN1D,1,Green pea,Potato
2142,A3_S1_S2_sequence,CNN1D,1,Wheat,Wheat
2143,A3_S1_S2_sequence,CNN1D,1,Wheat,Wheat
2149,A3_S1_S2_sequence,CNN1D,1,Wheat,Wheat
2160,A3_S1_S2_sequence,CNN1D,1,Mustard,Green pea
2161,A3_S1_S2_sequence,CNN1D,1,Lentil,Wheat
2162,A3_S1_S2_sequence,CNN1D,1,Wheat,Wheat
2164,A3_S1_S2_sequence,CNN1D,1,Wheat,Sugarcane
2166,A3_S1_S2_sequence,CNN1D,1,Mustard,Lentil
2167,A3_S1_S2_sequence,CNN1D,1,Mustard,Sugarcane
2168,A3_S1_S2_sequence,CNN1D,1,Wheat,Wheat
2175,A3_S1_S2_sequence,CNN1D,1,Wheat,Wheat
2176,A3_S1_S2_sequence,CNN1D,1,Wheat,Wheat
2177,A3_S1_S2_sequence,CNN1D,1,Wheat,Wheat
2178,A3_S1_S2_sequence,CNN1D,1,Mustard,Wheat
2180,A3_S1_S2_sequence,CNN1D,1,Mustard,Lentil
2181,A3_S1_S2_sequence,CNN1D,1,Wheat,Wheat
2191,A3_S1_S2_sequence,CNN1D,1,Mustard,Potato
2196,A3_S1_S2_sequence,CNN1D,1,Wheat,Mustard
2208,A3_S1_S2_sequence,CNN1D,1,Mustard,Wheat
2209,A3_S1_S2_sequence,CNN1D,1,Sugarcane,Sugarcane
2210,A3_S1_S2_sequence,CNN1D,1,Mustard,Lentil
2211,A3_S1_S2_sequence,CNN1D,1,Wheat,Bersem
2212,A3_S1_S2_sequence,CNN1D,1,Mustard,Bersem
2222,A3_S1_S2_sequence,CNN1D,1,No crop/Fallow,Bersem
2223,A3_S1_S2_sequence,CNN1D,1,Wheat,Wheat
2224,A3_S1_S2_sequence,CNN1D,1,Wheat,Wheat
2230,A3_S1_S2_sequence,CNN1D,1,Wheat,Coriander
2239,A3_S1_S2_sequence,CNN1D,1,Wheat,Wheat
2248,A3_S1_S2_sequence,CNN1D,1,Wheat,Lentil
2251,A3_S1_S2_sequence,CNN1D,1,Wheat,Wheat
2252,A3_S1_S2_sequence,CNN1D,1,Mustard,Wheat
2253,A3_S1_S2_sequence,CNN1D,1,Wheat,Wheat
2261,A3_S1_S2_sequence,CNN1D,1,Sugarcane,Bersem
2263,A3_S1_S2_sequence,CNN1D,1,Potato,Rice
2264,A3_S1_S2_sequence,CNN1D,1,Wheat,Wheat
2265,A3_S1_S2_sequence,CNN1D,1,Sugarcane,Sugarcane
2275,A3_S1_S2_sequence,CNN1D,1,Wheat,Wheat
2276,A3_S1_S2_sequence,CNN1D,1,Wheat,Wheat
2277,A3_S1_S2_sequence,CNN1D,1,Mustard,Lentil
2279,A3_S1_S2_sequence,CNN1D,1,Wheat,Wheat
2288,A3_S1_S2_sequence,CNN1D,1,No crop/Fallow,Mustard
2291,A3_S1_S2_sequence,CNN1D,1,Wheat,Wheat
2292,A3_S1_S2_sequence,CNN1D,1,Wheat,Wheat
2293,A3_S1_S2_sequence,CNN1D,1,Mustard,Rice
2294,A3_S1_S2_sequence,CNN1D,1,No crop/Fallow,Rice
2295,A3_S1_S2_sequence,CNN1D,1,No crop/Fallow,Lentil
2296,A3_S1_S2_sequence,CNN1D,1,Wheat,Wheat
2302,A3_S1_S2_sequence,CNN1D,1,Sugarcane,Wheat
2303,A3_S1_S2_sequence,CNN1D,1,Wheat,Green pea
2304,A3_S1_S2_sequence,CNN1D,1,Sugarcane,Lentil
2311,A3_S1_S2_sequence,CNN1D,1,Mustard,Mustard
2313,A3_S1_S2_sequence,CNN1D,1,No crop/Fallow,Wheat
2314,A3_S1_S2_sequence,CNN1D,1,Mustard,Mustard
2315,A3_S1_S2_sequence,CNN1D,1,Mustard,Lentil
2316,A3_S1_S2_sequence,CNN1D,1,No crop/Fallow,Coriander
2328,A3_S1_S2_sequence,CNN1D,1,Wheat,Bersem
2331,A3_S1_S2_sequence,CNN1D,1,Mustard,Lentil
2333,A3_S1_S2_sequence,CNN1D,1,Mustard,Mustard
2335,A3_S1_S2_sequence,CNN1D,1,Wheat,Wheat
2336,A3_S1_S2_sequence,CNN1D,1,No crop/Fallow,Sugarcane
2337,A3_S1_S2_sequence,CNN1D,1,No crop/Fallow,Coriander
2338,A3_S1_S2_sequence,CNN1D,1,No crop/Fallow,Potato
2344,A3_S1_S2_sequence,CNN1D,1,Wheat,Wheat
2346,A3_S1_S2_sequence,CNN1D,1,Wheat,Wheat
2351,A3_S1_S2_sequence,CNN1D,1,Wheat,Lentil
2352,A3_S1_S2_sequence,CNN1D,1,Mustard,Sugarcane
2354,A3_S1_S2_sequence,CNN1D,1,No crop/Fallow,Potato
2355,A3_S1_S2_sequence,CNN1D,1,Wheat,Bersem
2356,A3_S1_S2_sequence,CNN1D,1,Mustard,Lentil
2358,A3_S1_S2_sequence,CNN1D,1,Sugarcane,Sugarcane
2359,A3_S1_S2_sequence,CNN1D,1,Wheat,Wheat
2367,A3_S1_S2_sequence,CNN1D,1,Mustard,Sugarcane
2373,A3_S1_S2_sequence,CNN1D,1,Mustard,Sugarcane
2374,A3_S1_S2_sequence,CNN1D,1,Mustard,Wheat
2375,A3_S1_S2_sequence,CNN1D,1,Wheat,Wheat
2385,A3_S1_S2_sequence,CNN1D,1,Wheat,Wheat
2386,A3_S1_S2_sequence,CNN1D,1,Potato,Coriander
2408,A3_S1_S2_sequence,CNN1D,1,Wheat,Wheat
2409,A3_S1_S2_sequence,CNN1D,1,Wheat,Wheat
2411,A3_S1_S2_sequence,CNN1D,1,Wheat,Coriander
2428,A3_S1_S2_sequence,CNN1D,1,Wheat,Wheat
2429,A3_S1_S2_sequence,CNN1D,1,Maize,Coriander
2430,A3_S1_S2_sequence,CNN1D,1,No crop/Fallow,Potato
2431,A3_S1_S2_sequence,CNN1D,1,Wheat,Wheat
2432,A3_S1_S2_sequence,CNN1D,1,Wheat,Bersem
2433,A3_S1_S2_sequence,CNN1D,1,Wheat,Wheat
2434,A3_S1_S2_sequence,CNN1D,1,Wheat,Wheat
2455,A3_S1_S2_sequence,CNN1D,1,Wheat,Wheat
2456,A3_S1_S2_sequence,CNN1D,1,Wheat,Wheat
2457,A3_S1_S2_sequence,CNN1D,1,Wheat,Wheat
2458,A3_S1_S2_sequence,CNN1D,1,Mustard,Lentil
2467,A3_S1_S2_sequence,CNN1D,1,Wheat,Wheat
2474,A3_S1_S2_sequence,CNN1D,1,Sugarcane,Wheat
2475,A3_S1_S2_sequence,CNN1D,1,Wheat,Sugarcane
2481,A3_S1_S2_sequence,CNN1D,1,Wheat,Wheat
2482,A3_S1_S2_sequence,CNN1D,1,Wheat,Wheat
2495,A3_S1_S2_sequence,CNN1D,1,Mustard,Sugarcane
2496,A3_S1_S2_sequence,CNN1D,1,Wheat,Sugarcane
2501,A3_S1_S2_sequence,CNN1D,1,Wheat,Wheat
2509,A3_S1_S2_sequence,CNN1D,1,Mustard,Wheat
2511,A3_S1_S2_sequence,CNN1D,1,Mustard,Lentil
2512,A3_S1_S2_sequence,CNN1D,1,Wheat,Wheat
2513,A3_S1_S2_sequence,CNN1D,1,Wheat,Wheat
2514,A3_S1_S2_sequence,CNN1D,1,Wheat,Wheat
2516,A3_S1_S2_sequence,CNN1D,1,Wheat,Wheat
2517,A3_S1_S2_sequence,CNN1D,1,Wheat,Wheat
2519,A3_S1_S2_sequence,CNN1D,1,Wheat,Green pea
2521,A3_S1_S2_sequence,CNN1D,1,Mustard,Lentil
2524,A3_S1_S2_sequence,CNN1D,1,Wheat,Wheat
2525,A3_S1_S2_sequence,CNN1D,1,Wheat,Wheat
2526,A3_S1_S2_sequence,CNN1D,1,Wheat,Wheat
2527,A3_S1_S2_sequence,CNN1D,1,Wheat,Wheat
2528,A3_S1_S2_sequence,CNN1D,1,Wheat,Wheat
2529,A3_S1_S2_sequence,CNN1D,1,Wheat,Wheat
2530,A3_S1_S2_sequence,CNN1D,1,Wheat,Wheat
2531,A3_S1_S2_sequence,CNN1D,1,Wheat,Wheat
2532,A3_S1_S2_sequence,CNN1D,1,Wheat,Coriander
2534,A3_S1_S2_sequence,CNN1D,1,Wheat,Wheat
2535,A3_S1_S2_sequence,CNN1D,1,Wheat,Wheat
2536,A3_S1_S2_sequence,CNN1D,1,Sugarcane,Sugarcane
2537,A3_S1_S2_sequence,CNN1D,1,Wheat,Wheat
2538,A3_S1_S2_sequence,CNN1D,1,Wheat,Wheat
2539,A3_S1_S2_sequence,CNN1D,1,Wheat,Sugarcane
2540,A3_S1_S2_sequence,CNN1D,1,No crop/Fallow,Sugarcane
2578,A3_S1_S2_sequence,CNN1D,1,Wheat,Lentil
2579,A3_S1_S2_sequence,CNN1D,1,Wheat,Wheat
2582,A3_S1_S2_sequence,CNN1D,1,Wheat,Lentil
2583,A3_S1_S2_sequence,CNN1D,1,No crop/Fallow,Coriander
2584,A3_S1_S2_sequence,CNN1D,1,No crop/Fallow,Sugarcane
2585,A3_S1_S2_sequence,CNN1D,1,Wheat,Coriander
2586,A3_S1_S2_sequence,CNN1D,1,Wheat,Wheat
2587,A3_S1_S2_sequence,CNN1D,1,Wheat,Lentil
2590,A3_S1_S2_sequence,CNN1D,1,Wheat,Wheat
2591,A3_S1_S2_sequence,CNN1D,1,Mustard,Green pea
2592,A3_S1_S2_sequence,CNN1D,1,Wheat,Wheat
2610,A3_S1_S2_sequence,CNN1D,1,Wheat,Potato
2612,A3_S1_S2_sequence,CNN1D,1,Wheat,Wheat
2613,A3_S1_S2_sequence,CNN1D,1,Wheat,Wheat
2618,A3_S1_S2_sequence,CNN1D,1,No crop/Fallow,Coriander
2621,A3_S1_S2_sequence,CNN1D,1,Lentil,Wheat
2624,A3_S1_S2_sequence,CNN1D,1,Wheat,Potato
2625,A3_S1_S2_sequence,CNN1D,1,Mustard,Sugarcane
2632,A3_S1_S2_sequence,CNN1D,1,Bersem,Potato
2633,A3_S1_S2_sequence,CNN1D,1,Maize,Bersem
2634,A3_S1_S2_sequence,CNN1D,1,Maize,Bersem
2635,A3_S1_S2_sequence,CNN1D,1,No crop/Fallow,Sugarcane
2641,A3_S1_S2_sequence,CNN1D,1,Mustard,Lentil
2642,A3_S1_S2_sequence,CNN1D,1,No crop/Fallow,Sugarcane
2643,A3_S1_S2_sequence,CNN1D,1,No crop/Fallow,Sugarcane
2644,A3_S1_S2_sequence,CNN1D,1,No crop/Fallow,Sugarcane
2645,A3_S1_S2_sequence,CNN1D,1,Mustard,Mustard
2650,A3_S1_S2_sequence,CNN1D,1,Wheat,Wheat
2657,A3_S1_S2_sequence,CNN1D,1,Mustard,Wheat
2658,A3_S1_S2_sequence,CNN1D,1,Wheat,Coriander
2659,A3_S1_S2_sequence,CNN1D,1,Mustard,Lentil
2660,A3_S1_S2_sequence,CNN1D,1,Lentil,Lentil
2662,A3_S1_S2_sequence,CNN1D,1,Wheat,Bersem
2663,A3_S1_S2_sequence,CNN1D,1,Wheat,Wheat
2670,A3_S1_S2_sequence,CNN1D,1,Wheat,Wheat
2671,A3_S1_S2_sequence,CNN1D,1,Wheat,Wheat
2687,A3_S1_S2_sequence,CNN1D,1,Mustard,Lentil
2688,A3_S1_S2_sequence,CNN1D,1,No crop/Fallow,Lentil
2706,A3_S1_S2_sequence,CNN1D,1,Wheat,Wheat
2717,A3_S1_S2_sequence,CNN1D,1,Wheat,Green pea
2732,A3_S1_S2_sequence,CNN1D,1,Mustard,Bersem
2733,A3_S1_S2_sequence,CNN1D,1,Wheat,Wheat
2734,A3_S1_S2_sequence,CNN1D,1,Mustard,Bersem
2735,A3_S1_S2_sequence,CNN1D,1,Wheat,Wheat
2736,A3_S1_S2_sequence,CNN1D,1,Wheat,Bersem
2738,A3_S1_S2_sequence,CNN1D,1,Wheat,Wheat
2748,A3_S1_S2_sequence,CNN1D,1,Wheat,Wheat
2749,A3_S1_S2_sequence,CNN1D,1,Wheat,Wheat
2765,A3_S1_S2_sequence,CNN1D,1,Wheat,Bersem
2766,A3_S1_S2_sequence,CNN1D,1,Wheat,Sugarcane
2767,A3_S1_S2_sequence,CNN1D,1,Green pea,Sugarcane
2768,A3_S1_S2_sequence,CNN1D,1,Wheat,Wheat
2769,A3_S1_S2_sequence,CNN1D,1,Sugarcane,Sugarcane
2771,A3_S1_S2_sequence,CNN1D,1,Mustard,Coriander
2774,A3_S1_S2_sequence,CNN1D,1,Wheat,Wheat
2775,A3_S1_S2_sequence,CNN1D,1,Wheat,Wheat
2776,A3_S1_S2_sequence,CNN1D,1,Wheat,Wheat
2777,A3_S1_S2_sequence,CNN1D,1,Wheat,Wheat
2778,A3_S1_S2_sequence,CNN1D,1,Wheat,Wheat
2779,A3_S1_S2_sequence,CNN1D,1,Wheat,Wheat
2793,A3_S1_S2_sequence,CNN1D,1,Garlic,Mustard
2798,A3_S1_S2_sequence,CNN1D,1,Wheat,Wheat
2801,A3_S1_S2_sequence,CNN1D,1,Lentil,Coriander
2802,A3_S1_S2_sequence,CNN1D,1,Lentil,Coriander
2803,A3_S1_S2_sequence,CNN1D,1,Wheat,Wheat
2804,A3_S1_S2_sequence,CNN1D,1,Wheat,Wheat
2805,A3_S1_S2_sequence,CNN1D,1,Wheat,Wheat
2807,A3_S1_S2_sequence,CNN1D,1,Wheat,Wheat
2817,A3_S1_S2_sequence,CNN1D,1,Lentil,Lentil
2818,A3_S1_S2_sequence,CNN1D,1,Mustard,Lentil
2819,A3_S1_S2_sequence,CNN1D,1,Wheat,Wheat
2822,A3_S1_S2_sequence,CNN1D,1,Mustard,Sugarcane
2823,A3_S1_S2_sequence,CNN1D,1,Wheat,Wheat
2827,A3_S1_S2_sequence,CNN1D,1,No crop/Fallow,Potato
2828,A3_S1_S2_sequence,CNN1D,1,Wheat,Coriander
2829,A3_S1_S2_sequence,CNN1D,1,Sugarcane,Potato
2831,A3_S1_S2_sequence,CNN1D,1,Mustard,Green pea
2832,A3_S1_S2_sequence,CNN1D,1,Wheat,Coriander
2833,A3_S1_S2_sequence,CNN1D,1,Wheat,Wheat
2835,A3_S1_S2_sequence,CNN1D,1,Wheat,Lentil
2842,A3_S1_S2_sequence,CNN1D,1,Sugarcane,Sugarcane
2843,A3_S1_S2_sequence,CNN1D,1,Wheat,Wheat
2845,A3_S1_S2_sequence,CNN1D,1,Sugarcane,Sugarcane
2847,A3_S1_S2_sequence,CNN1D,1,Wheat,Wheat
2863,A3_S1_S2_sequence,CNN1D,1,Wheat,Wheat
2892,A3_S1_S2_sequence,CNN1D,1,Coriander,Wheat
2893,A3_S1_S2_sequence,CNN1D,1,Mustard,Coriander
2894,A3_S1_S2_sequence,CNN1D,1,Wheat,Wheat
2895,A3_S1_S2_sequence,CNN1D,1,Wheat,Wheat
2896,A3_S1_S2_sequence,CNN1D,1,No crop/Fallow,Coriander
2897,A3_S1_S2_sequence,CNN1D,1,No crop/Fallow,Sugarcane
2898,A3_S1_S2_sequence,CNN1D,1,Wheat,Sugarcane
2899,A3_S1_S2_sequence,CNN1D,1,Mustard,Coriander
2903,A3_S1_S2_sequence,CNN1D,1,Wheat,Wheat
2909,A3_S1_S2_sequence,CNN1D,1,Wheat,Wheat
2910,A3_S1_S2_sequence,CNN1D,1,Wheat,Wheat
2911,A3_S1_S2_sequence,CNN1D,1,Lentil,Mustard
2916,A3_S1_S2_sequence,CNN1D,1,Wheat,Wheat
2917,A3_S1_S2_sequence,CNN1D,1,Wheat,Wheat
2918,A3_S1_S2_sequence,CNN1D,1,Mustard,Coriander
2919,A3_S1_S2_sequence,CNN1D,1,Wheat,Wheat
2943,A3_S1_S2_sequence,CNN1D,1,Mustard,Lentil
2945,A3_S1_S2_sequence,CNN1D,1,Mustard,Mustard
2946,A3_S1_S2_sequence,CNN1D,1,Wheat,Wheat
2947,A3_S1_S2_sequence,CNN1D,1,Wheat,Wheat
2948,A3_S1_S2_sequence,CNN1D,1,Mustard,Lentil
2952,A3_S1_S2_sequence,CNN1D,1,Sugarcane,Sugarcane
2959,A3_S1_S2_sequence,CNN1D,1,Wheat,Wheat
2968,A3_S1_S2_sequence,CNN1D,1,Lentil,Bersem
2978,A3_S1_S2_sequence,CNN1D,1,Wheat,Wheat
2992,A3_S1_S2_sequence,CNN1D,1,Coriander,Wheat
2993,A3_S1_S2_sequence,CNN1D,1,Wheat,Wheat
2994,A3_S1_S2_sequence,CNN1D,1,Wheat,Wheat
2995,A3_S1_S2_sequence,CNN1D,1,Mustard,Wheat
2996,A3_S1_S2_sequence,CNN1D,1,Wheat,Wheat
3002,A3_S1_S2_sequence,CNN1D,1,Wheat,Wheat
3004,A3_S1_S2_sequence,CNN1D,1,Mustard,Wheat
3012,A3_S1_S2_sequence,CNN1D,1,Wheat,Wheat
3013,A3_S1_S2_sequence,CNN1D,1,Wheat,Wheat
3014,A3_S1_S2_sequence,CNN1D,1,Wheat,Coriander
3052,A3_S1_S2_sequence,CNN1D,1,Lentil,Green pea
3053,A3_S1_S2_sequence,CNN1D,1,Wheat,Wheat
3054,A3_S1_S2_sequence,CNN1D,1,Wheat,Wheat
3055,A3_S1_S2_sequence,CNN1D,1,Wheat,Wheat
3056,A3_S1_S2_sequence,CNN1D,1,Wheat,Wheat
3062,A3_S1_S2_sequence,CNN1D,1,Mustard,Mustard
3063,A3_S1_S2_sequence,CNN1D,1,Wheat,Wheat
3072,A3_S1_S2_sequence,CNN1D,1,Lentil,Green pea
3073,A3_S1_S2_sequence,CNN1D,1,Wheat,Green pea
3075,A3_S1_S2_sequence,CNN1D,1,Wheat,Coriander
3078,A3_S1_S2_sequence,CNN1D,1,Wheat,Wheat
3080,A3_S1_S2_sequence,CNN1D,1,Wheat,Wheat
3081,A3_S1_S2_sequence,CNN1D,1,Wheat,Wheat
3082,A3_S1_S2_sequence,CNN1D,1,Wheat,Wheat
3083,A3_S1_S2_sequence,CNN1D,1,Wheat,Wheat
3087,A3_S1_S2_sequence,CNN1D,1,Wheat,Wheat
3088,A3_S1_S2_sequence,CNN1D,1,Mustard,Wheat
3090,A3_S1_S2_sequence,CNN1D,1,Wheat,Green pea
3092,A3_S1_S2_sequence,CNN1D,1,Wheat,Green pea
3094,A3_S1_S2_sequence,CNN1D,1,Wheat,Wheat
3096,A3_S1_S2_sequence,CNN1D,1,Wheat,Wheat
3097,A3_S1_S2_sequence,CNN1D,1,Mustard,Wheat
3098,A3_S1_S2_sequence,CNN1D,1,No crop/Fallow,Wheat
3099,A3_S1_S2_sequence,CNN1D,1,Wheat,Wheat
3100,A3_S1_S2_sequence,CNN1D,1,Wheat,Sugarcane
3102,A3_S1_S2_sequence,CNN1D,1,Potato,Sugarcane
3104,A3_S1_S2_sequence,CNN1D,1,Wheat,Wheat
3130,A3_S1_S2_sequence,CNN1D,1,Wheat,Wheat
3131,A3_S1_S2_sequence,CNN1D,1,Mustard,Sugarcane
3132,A3_S1_S2_sequence,CNN1D,1,Mustard,Sugarcane
3133,A3_S1_S2_sequence,CNN1D,1,Mustard,Bersem
3134,A3_S1_S2_sequence,CNN1D,1,Wheat,Wheat
3135,A3_S1_S2_sequence,CNN1D,1,Wheat,Wheat
3151,A3_S1_S2_sequence,CNN1D,1,Wheat,Wheat
3152,A3_S1_S2_sequence,CNN1D,1,Wheat,Wheat
3153,A3_S1_S2_sequence,CNN1D,1,Wheat,Wheat
3156,A3_S1_S2_sequence,CNN1D,1,Lentil,Coriander
3173,A3_S1_S2_sequence,CNN1D,1,Wheat,Wheat
3175,A3_S1_S2_sequence,CNN1D,1,Wheat,Wheat
3176,A3_S1_S2_sequence,CNN1D,1,Wheat,Wheat
3181,A3_S1_S2_sequence,CNN1D,1,No crop/Fallow,Sugarcane
3185,A3_S1_S2_sequence,CNN1D,1,Lentil,Lentil
3186,A3_S1_S2_sequence,CNN1D,1,Wheat,Wheat
3188,A3_S1_S2_sequence,CNN1D,1,Mustard,Bersem
3189,A3_S1_S2_sequence,CNN1D,1,No crop/Fallow,Sugarcane
3190,A3_S1_S2_sequence,CNN1D,1,No crop/Fallow,Sugarcane
3191,A3_S1_S2_sequence,CNN1D,1,Mustard,Sugarcane
3195,A3_S1_S2_sequence,CNN1D,1,Wheat,Wheat
3196,A3_S1_S2_sequence,CNN1D,1,Wheat,Wheat
3197,A3_S1_S2_sequence,CNN1D,1,Mustard,Wheat
3199,A3_S1_S2_sequence,CNN1D,1,Wheat,Wheat
3200,A3_S1_S2_sequence,CNN1D,1,Mustard,Coriander
3216,A3_S1_S2_sequence,CNN1D,1,Mustard,Mustard
3217,A3_S1_S2_sequence,CNN1D,1,Wheat,Wheat
3222,A3_S1_S2_sequence,CNN1D,1,Wheat,Wheat
3229,A3_S1_S2_sequence,CNN1D,1,Wheat,Wheat
3230,A3_S1_S2_sequence,CNN1D,1,Wheat,Mustard
3231,A3_S1_S2_sequence,CNN1D,1,Mustard,Mustard
3232,A3_S1_S2_sequence,CNN1D,1,Wheat,Lentil
3234,A3_S1_S2_sequence,CNN1D,1,Green pea,Green pea
3244,A3_S1_S2_sequence,CNN1D,1,Wheat,Wheat
3245,A3_S1_S2_sequence,CNN1D,1,Wheat,Wheat
3246,A3_S1_S2_sequence,CNN1D,1,Wheat,Wheat
3247,A3_S1_S2_sequence,CNN1D,1,Mustard,Wheat
3248,A3_S1_S2_sequence,CNN1D,1,Wheat,Wheat
3249,A3_S1_S2_sequence,CNN1D,1,Wheat,Wheat
3250,A3_S1_S2_sequence,CNN1D,1,Garlic,Lentil
3252,A3_S1_S2_sequence,CNN1D,1,Wheat,Wheat
3255,A3_S1_S2_sequence,CNN1D,1,Wheat,Wheat
3270,A3_S1_S2_sequence,CNN1D,1,Maize,Bersem
3273,A3_S1_S2_sequence,CNN1D,1,Wheat,Wheat
3298,A3_S1_S2_sequence,CNN1D,1,Wheat,Wheat
3299,A3_S1_S2_sequence,CNN1D,1,Wheat,Wheat
3316,A3_S1_S2_sequence,CNN1D,1,Mustard,Lentil
3319,A3_S1_S2_sequence,CNN1D,1,Mustard,Mustard
3320,A3_S1_S2_sequence,CNN1D,1,Wheat,Wheat
3321,A3_S1_S2_sequence,CNN1D,1,Wheat,Wheat
3322,A3_S1_S2_sequence,CNN1D,1,Wheat,Wheat
3323,A3_S1_S2_sequence,CNN1D,1,Mustard,Wheat
3331,A3_S1_S2_sequence,CNN1D,1,No crop/Fallow,Sugarcane
3332,A3_S1_S2_sequence,CNN1D,1,Sugarcane,Sugarcane
3333,A3_S1_S2_sequence,CNN1D,1,Mustard,Sugarcane
3341,A3_S1_S2_sequence,CNN1D,1,Mustard,Wheat
3342,A3_S1_S2_sequence,CNN1D,1,Wheat,Wheat
3343,A3_S1_S2_sequence,CNN1D,1,Wheat,Wheat
3344,A3_S1_S2_sequence,CNN1D,1,Sugarcane,Sugarcane
3345,A3_S1_S2_sequence,CNN1D,1,Mustard,Bersem
3346,A3_S1_S2_sequence,CNN1D,1,Wheat,Wheat
3347,A3_S1_S2_sequence,CNN1D,1,Wheat,Wheat
3352,A3_S1_S2_sequence,CNN1D,1,Mustard,Lentil
3353,A3_S1_S2_sequence,CNN1D,1,Mustard,Green pea
3354,A3_S1_S2_sequence,CNN1D,1,Wheat,Wheat
3355,A3_S1_S2_sequence,CNN1D,1,Wheat,Wheat
3356,A3_S1_S2_sequence,CNN1D,1,Wheat,Bersem
3357,A3_S1_S2_sequence,CNN1D,1,No crop/Fallow,Wheat
3358,A3_S1_S2_sequence,CNN1D,1,Mustard,Bersem
3360,A3_S1_S2_sequence,CNN1D,1,Mustard,Wheat
3361,A3_S1_S2_sequence,CNN1D,1,Mustard,Green pea
3365,A3_S1_S2_sequence,CNN1D,1,Wheat,Sugarcane
3396,A3_S1_S2_sequence,CNN1D,1,Wheat,Wheat
3397,A3_S1_S2_sequence,CNN1D,1,Wheat,Wheat
3399,A3_S1_S2_sequence,CNN1D,1,Wheat,Wheat
3400,A3_S1_S2_sequence,CNN1D,1,Sugarcane,Sugarcane
3412,A3_S1_S2_sequence,CNN1D,1,Mustard,Mustard
3423,A3_S1_S2_sequence,CNN1D,1,No crop/Fallow,Coriander
3424,A3_S1_S2_sequence,CNN1D,1,Wheat,Lentil
3425,A3_S1_S2_sequence,CNN1D,1,No crop/Fallow,Coriander
3426,A3_S1_S2_sequence,CNN1D,1,Mustard,Sugarcane
3434,A3_S1_S2_sequence,CNN1D,1,Wheat,Mustard
3435,A3_S1_S2_sequence,CNN1D,1,No crop/Fallow,Sugarcane
3437,A3_S1_S2_sequence,CNN1D,1,Wheat,Wheat
3438,A3_S1_S2_sequence,CNN1D,1,Wheat,Wheat
3439,A3_S1_S2_sequence,CNN1D,1,Wheat,Wheat
3449,A3_S1_S2_sequence,CNN1D,1,Wheat,Wheat
3450,A3_S1_S2_sequence,CNN1D,1,Mustard,Lentil
3460,A3_S1_S2_sequence,CNN1D,1,Wheat,Bersem
3461,A3_S1_S2_sequence,CNN1D,1,Wheat,Bersem
3495,A3_S1_S2_sequence,CNN1D,1,Wheat,Coriander
3508,A3_S1_S2_sequence,CNN1D,1,Wheat,Wheat
3509,A3_S1_S2_sequence,CNN1D,1,Wheat,Wheat
3510,A3_S1_S2_sequence,CNN1D,1,Mustard,Lentil
3511,A3_S1_S2_sequence,CNN1D,1,Wheat,Wheat
3519,A3_S1_S2_sequence,CNN1D,1,Wheat,Wheat
3520,A3_S1_S2_sequence,CNN1D,1,Wheat,Coriander
3529,A3_S1_S2_sequence,CNN1D,1,Wheat,Wheat
3530,A3_S1_S2_sequence,CNN1D,1,Mustard,Bersem
3552,A3_S1_S2_sequence,CNN1D,1,No crop/Fallow,Bersem
3553,A3_S1_S2_sequence,CNN1D,1,Wheat,Wheat
3554,A3_S1_S2_sequence,CNN1D,1,Mustard,Lentil
3555,A3_S1_S2_sequence,CNN1D,1,Wheat,Wheat
3562,A3_S1_S2_sequence,CNN1D,1,Wheat,Wheat
3564,A3_S1_S2_sequence,CNN1D,1,Mustard,Sugarcane
3565,A3_S1_S2_sequence,CNN1D,1,Wheat,Wheat
3566,A3_S1_S2_sequence,CNN1D,1,No crop/Fallow,Sugarcane
3571,A3_S1_S2_sequence,CNN1D,1,Wheat,Wheat
3572,A3_S1_S2_sequence,CNN1D,1,Mustard,Wheat
3573,A3_S1_S2_sequence,CNN1D,1,Wheat,Wheat
3574,A3_S1_S2_sequence,CNN1D,1,Wheat,Wheat
3575,A3_S1_S2_sequence,CNN1D,1,Wheat,Wheat
3591,A3_S1_S2_sequence,CNN1D,1,Wheat,Wheat
3592,A3_S1_S2_sequence,CNN1D,1,Wheat,Wheat
3593,A3_S1_S2_sequence,CNN1D,1,Mustard,Wheat
3597,A3_S1_S2_sequence,CNN1D,1,Wheat,Wheat
3599,A3_S1_S2_sequence,CNN1D,1,Wheat,Wheat
3611,A3_S1_S2_sequence,CNN1D,1,Wheat,Wheat
3612,A3_S1_S2_sequence,CNN1D,1,Wheat,Wheat
3613,A3_S1_S2_sequence,CNN1D,1,Mustard,Wheat
3618,A3_S1_S2_sequence,CNN1D,1,Wheat,Wheat
3619,A3_S1_S2_sequence,CNN1D,1,Wheat,Wheat
3620,A3_S1_S2_sequence,CNN1D,1,Wheat,Wheat
3621,A3_S1_S2_sequence,CNN1D,1,Wheat,Wheat
3623,A3_S1_S2_sequence,CNN1D,1,Wheat,Lentil
3625,A3_S1_S2_sequence,CNN1D,1,Bersem,Wheat
3626,A3_S1_S2_sequence,CNN1D,1,Wheat,Sugarcane
3627,A3_S1_S2_sequence,CNN1D,1,Sugarcane,Green pea
3628,A3_S1_S2_sequence,CNN1D,1,Wheat,Wheat
3629,A3_S1_S2_sequence,CNN1D,1,No crop/Fallow,Sugarcane
3646,A3_S1_S2_sequence,CNN1D,1,No crop/Fallow,No crop/Fallow
3647,A3_S1_S2_sequence,CNN1D,1,No crop/Fallow,No crop/Fallow
3671,A3_S1_S2_sequence,CNN1D,1,No crop/Fallow,Rice
3672,A3_S1_S2_sequence,CNN1D,1,No crop/Fallow,Rice
3673,A3_S1_S2_sequence,CNN1D,1,No crop/Fallow,Rice
3674,A3_S1_S2_sequence,CNN1D,1,No crop/Fallow,Potato
3747,A3_S1_S2_sequence,CNN1D,1,No crop/Fallow,Potato
3748,A3_S1_S2_sequence,CNN1D,1,No crop/Fallow,Rice
3753,A3_S1_S2_sequence,CNN1D,1,No crop/Fallow,Rice
3754,A3_S1_S2_sequence,CNN1D,1,No crop/Fallow,No crop/Fallow
3755,A3_S1_S2_sequence,CNN1D,1,No crop/Fallow,Maize
3762,A3_S1_S2_sequence,CNN1D,1,No crop/Fallow,Rice
3765,A3_S1_S2_sequence,CNN1D,1,No crop/Fallow,No crop/Fallow
3766,A3_S1_S2_sequence,CNN1D,1,No crop/Fallow,No crop/Fallow
3767,A3_S1_S2_sequence,CNN1D,1,No crop/Fallow,No crop/Fallow
3775,A3_S1_S2_sequence,CNN1D,1,No crop/Fallow,No crop/Fallow
3776,A3_S1_S2_sequence,CNN1D,1,No crop/Fallow,No crop/Fallow
3777,A3_S1_S2_sequence,CNN1D,1,No crop/Fallow,No crop/Fallow
3778,A3_S1_S2_sequence,CNN1D,1,No crop/Fallow,Rice
3779,A3_S1_S2_sequence,CNN1D,1,No crop/Fallow,Rice
3780,A3_S1_S2_sequence,CNN1D,1,No crop/Fallow,No crop/Fallow
3785,A3_S1_S2_sequence,CNN1D,1,No crop/Fallow,No crop/Fallow
3786,A3_S1_S2_sequence,CNN1D,1,No crop/Fallow,No crop/Fallow
3787,A3_S1_S2_sequence,CNN1D,1,No crop/Fallow,Rice
3789,A3_S1_S2_sequence,CNN1D,1,No crop/Fallow,Potato
3790,A3_S1_S2_sequence,CNN1D,1,No crop/Fallow,No crop/Fallow
3791,A3_S1_S2_sequence,CNN1D,1,No crop/Fallow,No crop/Fallow
3819,A3_S1_S2_sequence,CNN1D,1,No crop/Fallow,No crop/Fallow
3820,A3_S1_S2_sequence,CNN1D,1,No crop/Fallow,No crop/Fallow
3821,A3_S1_S2_sequence,CNN1D,1,No crop/Fallow,Rice
3822,A3_S1_S2_sequence,CNN1D,1,No crop/Fallow,No crop/Fallow
3830,A3_S1_S2_sequence,CNN1D,1,No crop/Fallow,No crop/Fallow
3831,A3_S1_S2_sequence,CNN1D,1,No crop/Fallow,No crop/Fallow
3833,A3_S1_S2_sequence,CNN1D,1,No crop/Fallow,No crop/Fallow
3834,A3_S1_S2_sequence,CNN1D,1,No crop/Fallow,No crop/Fallow
3845,A3_S1_S2_sequence,CNN1D,1,Rice,No crop/Fallow
3856,A3_S1_S2_sequence,CNN1D,1,No crop/Fallow,Rice
3857,A3_S1_S2_sequence,CNN1D,1,No crop/Fallow,Rice
3858,A3_S1_S2_sequence,CNN1D,1,No crop/Fallow,Rice
3859,A3_S1_S2_sequence,CNN1D,1,No crop/Fallow,Rice
3860,A3_S1_S2_sequence,CNN1D,1,No crop/Fallow,Rice
3865,A3_S1_S2_sequence,CNN1D,1,No crop/Fallow,No crop/Fallow
3866,A3_S1_S2_sequence,CNN1D,1,No crop/Fallow,No crop/Fallow
3867,A3_S1_S2_sequence,CNN1D,1,No crop/Fallow,No crop/Fallow
3868,A3_S1_S2_sequence,CNN1D,1,No crop/Fallow,No crop/Fallow
3869,A3_S1_S2_sequence,CNN1D,1,No crop/Fallow,No crop/Fallow
3870,A3_S1_S2_sequence,CNN1D,1,No crop/Fallow,No crop/Fallow
3934,A3_S1_S2_sequence,CNN1D,1,Rice,No crop/Fallow
3936,A3_S1_S2_sequence,CNN1D,1,Rice,No crop/Fallow
3955,A3_S1_S2_sequence,CNN1D,1,No crop/Fallow,No crop/Fallow
3956,A3_S1_S2_sequence,CNN1D,1,No crop/Fallow,Rice
3957,A3_S1_S2_sequence,CNN1D,1,No crop/Fallow,Rice
3958,A3_S1_S2_sequence,CNN1D,1,No crop/Fallow,Rice
3959,A3_S1_S2_sequence,CNN1D,1,No crop/Fallow,No crop/Fallow
3960,A3_S1_S2_sequence,CNN1D,1,No crop/Fallow,No crop/Fallow
3971,A3_S1_S2_sequence,CNN1D,1,No crop/Fallow,No crop/Fallow
3979,A3_S1_S2_sequence,CNN1D,1,No crop/Fallow,No crop/Fallow
3980,A3_S1_S2_sequence,CNN1D,1,No crop/Fallow,Rice
4007,A3_S1_S2_sequence,CNN1D,1,Rice,No crop/Fallow
4008,A3_S1_S2_sequence,CNN1D,1,Rice,No crop/Fallow
4015,A3_S1_S2_sequence,CNN1D,1,No crop/Fallow,Rice
4016,A3_S1_S2_sequence,CNN1D,1,No crop/Fallow,No crop/Fallow
4017,A3_S1_S2_sequence,CNN1D,1,No crop/Fallow,No crop/Fallow
4027,A3_S1_S2_sequence,CNN1D,1,No crop/Fallow,Rice
4028,A3_S1_S2_sequence,CNN1D,1,No crop/Fallow,No crop/Fallow
4029,A3_S1_S2_sequence,CNN1D,1,No crop/Fallow,No crop/Fallow
4051,A3_S1_S2_sequence,CNN1D,1,No crop/Fallow,Potato
4052,A3_S1_S2_sequence,CNN1D,1,No crop/Fallow,Rice
4053,A3_S1_S2_sequence,CNN1D,1,No crop/Fallow,No crop/Fallow
4054,A3_S1_S2_sequence,CNN1D,1,No crop/Fallow,No crop/Fallow
4055,A3_S1_S2_sequence,CNN1D,1,No crop/Fallow,No crop/Fallow
4056,A3_S1_S2_sequence,CNN1D,1,No crop/Fallow,No crop/Fallow
4057,A3_S1_S2_sequence,CNN1D,1,No crop/Fallow,Rice
4096,A3_S1_S2_sequence,CNN1D,1,No crop/Fallow,Rice
4097,A3_S1_S2_sequence,CNN1D,1,No crop/Fallow,Rice
4098,A3_S1_S2_sequence,CNN1D,1,No crop/Fallow,Rice
4099,A3_S1_S2_sequence,CNN1D,1,No crop/Fallow,Rice
4100,A3_S1_S2_sequence,CNN1D,1,No crop/Fallow,No crop/Fallow
4101,A3_S1_S2_sequence,CNN1D,1,No crop/Fallow,Rice
4104,A3_S1_S2_sequence,CNN1D,1,No crop/Fallow,Rice
4106,A3_S1_S2_sequence,CNN1D,1,No crop/Fallow,Rice
4107,A3_S1_S2_sequence,CNN1D,1,No crop/Fallow,Rice
4108,A3_S1_S2_sequence,CNN1D,1,No crop/Fallow,No crop/Fallow
4127,A3_S1_S2_sequence,CNN1D,1,No crop/Fallow,No crop/Fallow
4129,A3_S1_S2_sequence,CNN1D,1,No crop/Fallow,No crop/Fallow
4138,A3_S1_S2_sequence,CNN1D,1,Rice,Rice
4140,A3_S1_S2_sequence,CNN1D,1,Rice,Rice
4144,A3_S1_S2_sequence,CNN1D,1,No crop/Fallow,No crop/Fallow
4169,A3_S1_S2_sequence,CNN1D,1,No crop/Fallow,No crop/Fallow
4170,A3_S1_S2_sequence,CNN1D,1,No crop/Fallow,No crop/Fallow
4175,A3_S1_S2_sequence,CNN1D,1,No crop/Fallow,Rice
4176,A3_S1_S2_sequence,CNN1D,1,No crop/Fallow,Rice
4177,A3_S1_S2_sequence,CNN1D,1,No crop/Fallow,No crop/Fallow
4180,A3_S1_S2_sequence,CNN1D,1,Rice,Rice
4195,A3_S1_S2_sequence,CNN1D,1,No crop/Fallow,No crop/Fallow
4196,A3_S1_S2_sequence,CNN1D,1,No crop/Fallow,No crop/Fallow
4198,A3_S1_S2_sequence,CNN1D,1,No crop/Fallow,No crop/Fallow
4201,A3_S1_S2_sequence,CNN1D,1,No crop/Fallow,No crop/Fallow
4202,A3_S1_S2_sequence,CNN1D,1,No crop/Fallow,No crop/Fallow
4203,A3_S1_S2_sequence,CNN1D,1,No crop/Fallow,Maize
4213,A3_S1_S2_sequence,CNN1D,1,No crop/Fallow,No crop/Fallow
4214,A3_S1_S2_sequence,CNN1D,1,No crop/Fallow,Rice
4215,A3_S1_S2_sequence,CNN1D,1,No crop/Fallow,Gram
4216,A3_S1_S2_sequence,CNN1D,1,No crop/Fallow,No crop/Fallow
4217,A3_S1_S2_sequence,CNN1D,1,No crop/Fallow,Potato
4271,A3_S1_S2_sequence,CNN1D,1,No crop/Fallow,No crop/Fallow
4293,A3_S1_S2_sequence,CNN1D,1,No crop/Fallow,No crop/Fallow
4296,A3_S1_S2_sequence,CNN1D,1,No crop/Fallow,Potato
4297,A3_S1_S2_sequence,CNN1D,1,No crop/Fallow,No crop/Fallow
4305,A3_S1_S2_sequence,CNN1D,1,No crop/Fallow,No crop/Fallow
4322,A3_S1_S2_sequence,CNN1D,1,Rice,No crop/Fallow
4334,A3_S1_S2_sequence,CNN1D,1,No crop/Fallow,No crop/Fallow
4335,A3_S1_S2_sequence,CNN1D,1,No crop/Fallow,No crop/Fallow
4336,A3_S1_S2_sequence,CNN1D,1,No crop/Fallow,No crop/Fallow
4337,A3_S1_S2_sequence,CNN1D,1,No crop/Fallow,No crop/Fallow
4338,A3_S1_S2_sequence,CNN1D,1,No crop/Fallow,No crop/Fallow
4339,A3_S1_S2_sequence,CNN1D,1,No crop/Fallow,No crop/Fallow
4345,A3_S1_S2_sequence,CNN1D,1,No crop/Fallow,Rice
4347,A3_S1_S2_sequence,CNN1D,1,No crop/Fallow,Rice
4348,A3_S1_S2_sequence,CNN1D,1,No crop/Fallow,Rice
4352,A3_S1_S2_sequence,CNN1D,1,No crop/Fallow,No crop/Fallow
4353,A3_S1_S2_sequence,CNN1D,1,No crop/Fallow,No crop/Fallow
4354,A3_S1_S2_sequence,CNN1D,1,No crop/Fallow,Rice
4355,A3_S1_S2_sequence,CNN1D,1,No crop/Fallow,Rice
4356,A3_S1_S2_sequence,CNN1D,1,No crop/Fallow,Rice
4357,A3_S1_S2_sequence,CNN1D,1,No crop/Fallow,Rice
4358,A3_S1_S2_sequence,CNN1D,1,No crop/Fallow,No crop/Fallow
4360,A3_S1_S2_sequence,CNN1D,1,Potato,Rice
4361,A3_S1_S2_sequence,CNN1D,1,Potato,No crop/Fallow
4362,A3_S1_S2_sequence,CNN1D,1,No crop/Fallow,Rice
4363,A3_S1_S2_sequence,CNN1D,1,Green pea,Rice
4364,A3_S1_S2_sequence,CNN1D,1,Garlic,No crop/Fallow
4373,A3_S1_S2_sequence,CNN1D,1,No crop/Fallow,Rice
4375,A3_S1_S2_sequence,CNN1D,1,No crop/Fallow,Rice
4376,A3_S1_S2_sequence,CNN1D,1,No crop/Fallow,No crop/Fallow
4377,A3_S1_S2_sequence,CNN1D,1,No crop/Fallow,Rice
4378,A3_S1_S2_sequence,CNN1D,1,No crop/Fallow,Rice
4384,A3_S1_S2_sequence,CNN1D,1,No crop/Fallow,No crop/Fallow
4385,A3_S1_S2_sequence,CNN1D,1,No crop/Fallow,No crop/Fallow
4399,A3_S1_S2_sequence,CNN1D,1,No crop/Fallow,No crop/Fallow
4400,A3_S1_S2_sequence,CNN1D,1,No crop/Fallow,No crop/Fallow
4401,A3_S1_S2_sequence,CNN1D,1,No crop/Fallow,No crop/Fallow
4410,A3_S1_S2_sequence,CNN1D,1,No crop/Fallow,No crop/Fallow
4411,A3_S1_S2_sequence,CNN1D,1,No crop/Fallow,Potato
4412,A3_S1_S2_sequence,CNN1D,1,No crop/Fallow,No crop/Fallow
4420,A3_S1_S2_sequence,CNN1D,1,Rice,Rice
4429,A3_S1_S2_sequence,CNN1D,1,No crop/Fallow,No crop/Fallow
4431,A3_S1_S2_sequence,CNN1D,1,No crop/Fallow,Potato
4432,A3_S1_S2_sequence,CNN1D,1,No crop/Fallow,Rice
4433,A3_S1_S2_sequence,CNN1D,1,No crop/Fallow,No crop/Fallow
4482,A3_S1_S2_sequence,CNN1D,1,No crop/Fallow,Maize
4484,A3_S1_S2_sequence,CNN1D,1,No crop/Fallow,No crop/Fallow
4485,A3_S1_S2_sequence,CNN1D,1,No crop/Fallow,No crop/Fallow
4486,A3_S1_S2_sequence,CNN1D,1,No crop/Fallow,No crop/Fallow
4487,A3_S1_S2_sequence,CNN1D,1,No crop/Fallow,No crop/Fallow
4507,A3_S1_S2_sequence,CNN1D,1,No crop/Fallow,Potato
4510,A3_S1_S2_sequence,CNN1D,1,No crop/Fallow,Rice
4511,A3_S1_S2_sequence,CNN1D,1,No crop/Fallow,No crop/Fallow
4513,A3_S1_S2_sequence,CNN1D,1,No crop/Fallow,No crop/Fallow
4517,A3_S1_S2_sequence,CNN1D,1,No crop/Fallow,Rice
4518,A3_S1_S2_sequence,CNN1D,1,No crop/Fallow,Rice
4519,A3_S1_S2_sequence,CNN1D,1,No crop/Fallow,Rice
4521,A3_S1_S2_sequence,CNN1D,1,No crop/Fallow,Potato
4581,A3_S1_S2_sequence,CNN1D,1,No crop/Fallow,No crop/Fallow
4582,A3_S1_S2_sequence,CNN1D,1,No crop/Fallow,No crop/Fallow
4583,A3_S1_S2_sequence,CNN1D,1,No crop/Fallow,No crop/Fallow
4584,A3_S1_S2_sequence,CNN1D,1,No crop/Fallow,No crop/Fallow
4585,A3_S1_S2_sequence,CNN1D,1,No crop/Fallow,Rice
4592,A3_S1_S2_sequence,CNN1D,1,No crop/Fallow,No crop/Fallow
4593,A3_S1_S2_sequence,CNN1D,1,No crop/Fallow,No crop/Fallow
4594,A3_S1_S2_sequence,CNN1D,1,No crop/Fallow,No crop/Fallow
4595,A3_S1_S2_sequence,CNN1D,1,No crop/Fallow,No crop/Fallow
4596,A3_S1_S2_sequence,CNN1D,1,No crop/Fallow,No crop/Fallow
4597,A3_S1_S2_sequence,CNN1D,1,No crop/Fallow,No crop/Fallow
4598,A3_S1_S2_sequence,CNN1D,1,No crop/Fallow,No crop/Fallow
4600,A3_S1_S2_sequence,CNN1D,1,No crop/Fallow,No crop/Fallow
4603,A3_S1_S2_sequence,CNN1D,1,No crop/Fallow,No crop/Fallow
4605,A3_S1_S2_sequence,CNN1D,1,No crop/Fallow,No crop/Fallow
4616,A3_S1_S2_sequence,CNN1D,1,No crop/Fallow,Rice
4650,A3_S1_S2_sequence,CNN1D,1,No crop/Fallow,No crop/Fallow
4652,A3_S1_S2_sequence,CNN1D,1,No crop/Fallow,No crop/Fallow
4655,A3_S1_S2_sequence,CNN1D,1,No crop/Fallow,No crop/Fallow
4656,A3_S1_S2_sequence,CNN1D,1,No crop/Fallow,No crop/Fallow
4675,A3_S1_S2_sequence,CNN1D,1,No crop/Fallow,No crop/Fallow
4676,A3_S1_S2_sequence,CNN1D,1,No crop/Fallow,Rice
4698,A3_S1_S2_sequence,CNN1D,1,Rice,No crop/Fallow
4699,A3_S1_S2_sequence,CNN1D,1,Rice,No crop/Fallow
4709,A3_S1_S2_sequence,CNN1D,1,No crop/Fallow,No crop/Fallow
4721,A3_S1_S2_sequence,CNN1D,1,No crop/Fallow,No crop/Fallow
4722,A3_S1_S2_sequence,CNN1D,1,No crop/Fallow,No crop/Fallow
4723,A3_S1_S2_sequence,CNN1D,1,No crop/Fallow,No crop/Fallow
4727,A3_S1_S2_sequence,CNN1D,1,No crop/Fallow,No crop/Fallow
4728,A3_S1_S2_sequence,CNN1D,1,No crop/Fallow,Potato
4738,A3_S1_S2_sequence,CNN1D,1,No crop/Fallow,No crop/Fallow
4739,A3_S1_S2_sequence,CNN1D,1,No crop/Fallow,Potato
4740,A3_S1_S2_sequence,CNN1D,1,No crop/Fallow,Potato
4744,A3_S1_S2_sequence,CNN1D,1,No crop/Fallow,No crop/Fallow
4745,A3_S1_S2_sequence,CNN1D,1,Rice,Rice
4747,A3_S1_S2_sequence,CNN1D,1,Rice,Rice
4751,A3_S1_S2_sequence,CNN1D,1,No crop/Fallow,No crop/Fallow
4752,A3_S1_S2_sequence,CNN1D,1,No crop/Fallow,No crop/Fallow
4757,A3_S1_S2_sequence,CNN1D,1,No crop/Fallow,No crop/Fallow
4758,A3_S1_S2_sequence,CNN1D,1,No crop/Fallow,No crop/Fallow
4762,A3_S1_S2_sequence,CNN1D,1,Rice,No crop/Fallow
4783,A3_S1_S2_sequence,CNN1D,1,No crop/Fallow,No crop/Fallow
4784,A3_S1_S2_sequence,CNN1D,1,No crop/Fallow,No crop/Fallow
4785,A3_S1_S2_sequence,CNN1D,1,No crop/Fallow,No crop/Fallow
4786,A3_S1_S2_sequence,CNN1D,1,No crop/Fallow,Potato
4787,A3_S1_S2_sequence,CNN1D,1,No crop/Fallow,No crop/Fallow
4788,A3_S1_S2_sequence,CNN1D,1,No crop/Fallow,No crop/Fallow
4794,A3_S1_S2_sequence,CNN1D,1,No crop/Fallow,Rice
4796,A3_S1_S2_sequence,CNN1D,1,Green pea,Rice
4842,A3_S1_S2_sequence,CNN1D,1,No crop/Fallow,Rice
4852,A3_S1_S2_sequence,CNN1D,1,No crop/Fallow,No crop/Fallow
4853,A3_S1_S2_sequence,CNN1D,1,No crop/Fallow,No crop/Fallow
4854,A3_S1_S2_sequence,CNN1D,1,No crop/Fallow,Rice
4856,A3_S1_S2_sequence,CNN1D,1,No crop/Fallow,Rice
4864,A3_S1_S2_sequence,CNN1D,1,No crop/Fallow,No crop/Fallow
4865,A3_S1_S2_sequence,CNN1D,1,No crop/Fallow,No crop/Fallow
4869,A3_S1_S2_sequence,CNN1D,1,Rice,Rice
4873,A3_S1_S2_sequence,CNN1D,1,Rice,Rice
4889,A3_S1_S2_sequence,CNN1D,1,No crop/Fallow,No crop/Fallow
4892,A3_S1_S2_sequence,CNN1D,1,No crop/Fallow,No crop/Fallow
4893,A3_S1_S2_sequence,CNN1D,1,No crop/Fallow,No crop/Fallow
4922,A3_S1_S2_sequence,CNN1D,1,No crop/Fallow,No crop/Fallow
4924,A3_S1_S2_sequence,CNN1D,1,No crop/Fallow,No crop/Fallow
4929,A3_S1_S2_sequence,CNN1D,1,No crop/Fallow,Potato
4930,A3_S1_S2_sequence,CNN1D,1,No crop/Fallow,Rice
4932,A3_S1_S2_sequence,CNN1D,1,No crop/Fallow,Rice
4933,A3_S1_S2_sequence,CNN1D,1,No crop/Fallow,No crop/Fallow
4934,A3_S1_S2_sequence,CNN1D,1,No crop/Fallow,No crop/Fallow
4937,A3_S1_S2_sequence,CNN1D,1,No crop/Fallow,No crop/Fallow
4960,A3_S1_S2_sequence,CNN1D,1,No crop/Fallow,Rice
5006,A3_S1_S2_sequence,CNN1D,1,No crop/Fallow,No crop/Fallow
5007,A3_S1_S2_sequence,CNN1D,1,No crop/Fallow,No crop/Fallow
5008,A3_S1_S2_sequence,CNN1D,1,No crop/Fallow,No crop/Fallow
5024,A3_S1_S2_sequence,CNN1D,1,No crop/Fallow,Rice
5025,A3_S1_S2_sequence,CNN1D,1,No crop/Fallow,Rice
5026,A3_S1_S2_sequence,CNN1D,1,No crop/Fallow,No crop/Fallow
5044,A3_S1_S2_sequence,CNN1D,1,No crop/Fallow,Rice
5045,A3_S1_S2_sequence,CNN1D,1,No crop/Fallow,No crop/Fallow
5046,A3_S1_S2_sequence,CNN1D,1,No crop/Fallow,Rice
5047,A3_S1_S2_sequence,CNN1D,1,No crop/Fallow,No crop/Fallow
5048,A3_S1_S2_sequence,CNN1D,1,No crop/Fallow,No crop/Fallow
5049,A3_S1_S2_sequence,CNN1D,1,No crop/Fallow,Rice
5052,A3_S1_S2_sequence,CNN1D,1,No crop/Fallow,No crop/Fallow
5053,A3_S1_S2_sequence,CNN1D,1,No crop/Fallow,No crop/Fallow
5054,A3_S1_S2_sequence,CNN1D,1,No crop/Fallow,Rice
5074,A3_S1_S2_sequence,CNN1D,1,No crop/Fallow,Rice
5075,A3_S1_S2_sequence,CNN1D,1,No crop/Fallow,Rice
5076,A3_S1_S2_sequence,CNN1D,1,No crop/Fallow,Rice
5107,A3_S1_S2_sequence,CNN1D,1,No crop/Fallow,Rice
5108,A3_S1_S2_sequence,CNN1D,1,No crop/Fallow,Rice
5109,A3_S1_S2_sequence,CNN1D,1,No crop/Fallow,Rice
5110,A3_S1_S2_sequence,CNN1D,1,No crop/Fallow,Rice
5112,A3_S1_S2_sequence,CNN1D,1,No crop/Fallow,No crop/Fallow
5113,A3_S1_S2_sequence,CNN1D,1,No crop/Fallow,Rice
5114,A3_S1_S2_sequence,CNN1D,1,No crop/Fallow,Rice
5116,A3_S1_S2_sequence,CNN1D,1,No crop/Fallow,No crop/Fallow
5117,A3_S1_S2_sequence,CNN1D,1,No crop/Fallow,No crop/Fallow
5118,A3_S1_S2_sequence,CNN1D,1,No crop/Fallow,Potato
5119,A3_S1_S2_sequence,CNN1D,1,No crop/Fallow,Maize
5120,A3_S1_S2_sequence,CNN1D,1,No crop/Fallow,No crop/Fallow
5121,A3_S1_S2_sequence,CNN1D,1,No crop/Fallow,No crop/Fallow
5129,A3_S1_S2_sequence,CNN1D,1,No crop/Fallow,No crop/Fallow
5130,A3_S1_S2_sequence,CNN1D,1,No crop/Fallow,Rice
5132,A3_S1_S2_sequence,CNN1D,1,No crop/Fallow,Rice
5133,A3_S1_S2_sequence,CNN1D,1,No crop/Fallow,No crop/Fallow
5134,A3_S1_S2_sequence,CNN1D,1,No crop/Fallow,Rice
5142,A3_S1_S2_sequence,CNN1D,1,No crop/Fallow,Rice
5168,A3_S1_S2_sequence,CNN1D,1,No crop/Fallow,Rice
5189,A3_S1_S2_sequence,CNN1D,1,No crop/Fallow,No crop/Fallow
5190,A3_S1_S2_sequence,CNN1D,1,No crop/Fallow,Rice
5191,A3_S1_S2_sequence,CNN1D,1,No crop/Fallow,No crop/Fallow
5192,A3_S1_S2_sequence,CNN1D,1,No crop/Fallow,No crop/Fallow
5199,A3_S1_S2_sequence,CNN1D,1,Rice,No crop/Fallow
5200,A3_S1_S2_sequence,CNN1D,1,Rice,Rice
5202,A3_S1_S2_sequence,CNN1D,1,Rice,Rice
5206,A3_S1_S2_sequence,CNN1D,1,No crop/Fallow,Potato
5207,A3_S1_S2_sequence,CNN1D,1,No crop/Fallow,No crop/Fallow
5208,A3_S1_S2_sequence,CNN1D,1,No crop/Fallow,No crop/Fallow
5209,A3_S1_S2_sequence,CNN1D,1,No crop/Fallow,No crop/Fallow
5216,A3_S1_S2_sequence,CNN1D,1,No crop/Fallow,No crop/Fallow
5234,A3_S1_S2_sequence,CNN1D,1,No crop/Fallow,No crop/Fallow
5235,A3_S1_S2_sequence,CNN1D,1,No crop/Fallow,No crop/Fallow
5251,A3_S1_S2_sequence,CNN1D,1,No crop/Fallow,No crop/Fallow
5252,A3_S1_S2_sequence,CNN1D,1,No crop/Fallow,No crop/Fallow
5255,A3_S1_S2_sequence,CNN1D,1,No crop/Fallow,No crop/Fallow
5256,A3_S1_S2_sequence,CNN1D,1,No crop/Fallow,No crop/Fallow
5259,A3_S1_S2_sequence,CNN1D,1,No crop/Fallow,No crop/Fallow
5262,A3_S1_S2_sequence,CNN1D,1,No crop/Fallow,No crop/Fallow
5263,A3_S1_S2_sequence,CNN1D,1,No crop/Fallow,Maize
5279,A3_S1_S2_sequence,CNN1D,1,Garlic,Garlic
5291,A3_S1_S2_sequence,CNN1D,1,Garlic,Garlic
5292,A3_S1_S2_sequence,CNN1D,1,Wheat,Wheat
5293,A3_S1_S2_sequence,CNN1D,1,Mustard,Mustard
5294,A3_S1_S2_sequence,CNN1D,1,Gram,Garlic
5295,A3_S1_S2_sequence,CNN1D,1,Wheat,Garlic
5320,A3_S1_S2_sequence,CNN1D,1,Wheat,Wheat
5322,A3_S1_S2_sequence,CNN1D,1,Wheat,Wheat
5348,A3_S1_S2_sequence,CNN1D,1,Mustard,Mustard
5352,A3_S1_S2_sequence,CNN1D,1,Mustard,Mustard
5353,A3_S1_S2_sequence,CNN1D,1,Gram,Gram
5354,A3_S1_S2_sequence,CNN1D,1,Wheat,Wheat
5355,A3_S1_S2_sequence,CNN1D,1,Mustard,Mustard
5356,A3_S1_S2_sequence,CNN1D,1,Wheat,Wheat
5357,A3_S1_S2_sequence,CNN1D,1,Gram,Gram
5371,A3_S1_S2_sequence,CNN1D,1,Wheat,Mustard
5373,A3_S1_S2_sequence,CNN1D,1,Mustard,Mustard
5377,A3_S1_S2_sequence,CNN1D,1,Mustard,Mustard
5378,A3_S1_S2_sequence,CNN1D,1,Mustard,Mustard
5379,A3_S1_S2_sequence,CNN1D,1,Mustard,Mustard
5380,A3_S1_S2_sequence,CNN1D,1,Garlic,Garlic
5381,A3_S1_S2_sequence,CNN1D,1,Gram,Wheat
5382,A3_S1_S2_sequence,CNN1D,1,Wheat,Gram
5383,A3_S1_S2_sequence,CNN1D,1,Mustard,Mustard
5400,A3_S1_S2_sequence,CNN1D,1,Mustard,Mustard
5402,A3_S1_S2_sequence,CNN1D,1,Mustard,Mustard
5403,A3_S1_S2_sequence,CNN1D,1,Mustard,Mustard
5404,A3_S1_S2_sequence,CNN1D,1,Mustard,Mustard
5405,A3_S1_S2_sequence,CNN1D,1,Wheat,Wheat
5406,A3_S1_S2_sequence,CNN1D,1,Gram,Gram
5409,A3_S1_S2_sequence,CNN1D,1,Wheat,Garlic
5410,A3_S1_S2_sequence,CNN1D,1,Wheat,Wheat
5417,A3_S1_S2_sequence,CNN1D,1,Wheat,Garlic
5419,A3_S1_S2_sequence,CNN1D,1,Wheat,Garlic
5420,A3_S1_S2_sequence,CNN1D,1,No crop/Fallow,Garlic
5421,A3_S1_S2_sequence,CNN1D,1,Wheat,Garlic
5422,A3_S1_S2_sequence,CNN1D,1,Wheat,Wheat
5471,A3_S1_S2_sequence,CNN1D,1,Wheat,Wheat
5475,A3_S1_S2_sequence,CNN1D,1,Wheat,Garlic
5476,A3_S1_S2_sequence,CNN1D,1,Garlic,Garlic
5489,A3_S1_S2_sequence,CNN1D,1,Mustard,Mustard
5490,A3_S1_S2_sequence,CNN1D,1,Mustard,Garlic
5491,A3_S1_S2_sequence,CNN1D,1,Mustard,Mustard
5492,A3_S1_S2_sequence,CNN1D,1,Mustard,Garlic
5493,A3_S1_S2_sequence,CNN1D,1,Wheat,Garlic
5494,A3_S1_S2_sequence,CNN1D,1,Mustard,Mustard
5520,A3_S1_S2_sequence,CNN1D,1,Mustard,Mustard
5521,A3_S1_S2_sequence,CNN1D,1,Wheat,Wheat
5522,A3_S1_S2_sequence,CNN1D,1,Gram,Gram
5523,A3_S1_S2_sequence,CNN1D,1,Wheat,Gram
5528,A3_S1_S2_sequence,CNN1D,1,Wheat,Wheat
5531,A3_S1_S2_sequence,CNN1D,1,Mustard,Mustard
5533,A3_S1_S2_sequence,CNN1D,1,Wheat,Garlic
5544,A3_S1_S2_sequence,CNN1D,1,No crop/Fallow,Mustard
5545,A3_S1_S2_sequence,CNN1D,1,Mustard,Mustard
5549,A3_S1_S2_sequence,CNN1D,1,Mustard,Mustard
5550,A3_S1_S2_sequence,CNN1D,1,Wheat,Wheat
5551,A3_S1_S2_sequence,CNN1D,1,Mustard,Mustard
5556,A3_S1_S2_sequence,CNN1D,1,Wheat,Wheat
5558,A3_S1_S2_sequence,CNN1D,1,Mustard,Mustard
5577,A3_S1_S2_sequence,CNN1D,1,Wheat,Wheat
5580,A3_S1_S2_sequence,CNN1D,1,No crop/Fallow,Garlic
5581,A3_S1_S2_sequence,CNN1D,1,Wheat,Wheat
5582,A3_S1_S2_sequence,CNN1D,1,Wheat,Garlic
5584,A3_S1_S2_sequence,CNN1D,1,No crop/Fallow,Garlic
5588,A3_S1_S2_sequence,CNN1D,1,Wheat,Garlic
5591,A3_S1_S2_sequence,CNN1D,1,Mustard,Garlic
5592,A3_S1_S2_sequence,CNN1D,1,Wheat,Garlic
5593,A3_S1_S2_sequence,CNN1D,1,Mustard,Wheat
5594,A3_S1_S2_sequence,CNN1D,1,Wheat,Wheat
5596,A3_S1_S2_sequence,CNN1D,1,Mustard,Wheat
5597,A3_S1_S2_sequence,CNN1D,1,Wheat,Garlic
5598,A3_S1_S2_sequence,CNN1D,1,Wheat,Wheat
5611,A3_S1_S2_sequence,CNN1D,1,Garlic,Garlic
5612,A3_S1_S2_sequence,CNN1D,1,Wheat,Wheat
5614,A3_S1_S2_sequence,CNN1D,1,Gram,Gram
5650,A3_S1_S2_sequence,CNN1D,1,Mustard,Mustard
5651,A3_S1_S2_sequence,CNN1D,1,Mustard,Mustard
5697,A3_S1_S2_sequence,CNN1D,1,Wheat,Garlic
5711,A3_S1_S2_sequence,CNN1D,1,Wheat,Wheat
5712,A3_S1_S2_sequence,CNN1D,1,Wheat,Wheat
5717,A3_S1_S2_sequence,CNN1D,1,Mustard,Garlic
5719,A3_S1_S2_sequence,CNN1D,1,Mustard,Garlic
5722,A3_S1_S2_sequence,CNN1D,1,Mustard,Mustard
5723,A3_S1_S2_sequence,CNN1D,1,Garlic,Garlic
5733,A3_S1_S2_sequence,CNN1D,1,Wheat,Wheat
5734,A3_S1_S2_sequence,CNN1D,1,Wheat,Garlic
5756,A3_S1_S2_sequence,CNN1D,1,Wheat,Wheat
5757,A3_S1_S2_sequence,CNN1D,1,Wheat,Wheat
5758,A3_S1_S2_sequence,CNN1D,1,Mustard,Gram
5760,A3_S1_S2_sequence,CNN1D,1,Wheat,Wheat
5762,A3_S1_S2_sequence,CNN1D,1,Mustard,Mustard
5763,A3_S1_S2_sequence,CNN1D,1,Mustard,Mustard
5818,A3_S1_S2_sequence,CNN1D,1,Wheat,Wheat
5819,A3_S1_S2_sequence,CNN1D,1,Mustard,Mustard
5820,A3_S1_S2_sequence,CNN1D,1,Mustard,Mustard
5822,A3_S1_S2_sequence,CNN1D,1,Gram,Garlic
5823,A3_S1_S2_sequence,CNN1D,1,Wheat,Garlic
5824,A3_S1_S2_sequence,CNN1D,1,Mustard,Garlic
5825,A3_S1_S2_sequence,CNN1D,1,Mustard,Gram
5865,A3_S1_S2_sequence,CNN1D,1,Gram,Gram
5866,A3_S1_S2_sequence,CNN1D,1,Mustard,Mustard
5867,A3_S1_S2_sequence,CNN1D,1,Mustard,Mustard
5868,A3_S1_S2_sequence,CNN1D,1,Wheat,Wheat
5869,A3_S1_S2_sequence,CNN1D,1,Wheat,Wheat
5870,A3_S1_S2_sequence,CNN1D,1,Wheat,Wheat
5871,A3_S1_S2_sequence,CNN1D,1,Wheat,Wheat
5872,A3_S1_S2_sequence,CNN1D,1,Wheat,Gram
5873,A3_S1_S2_sequence,CNN1D,1,Garlic,Garlic
5911,A3_S1_S2_sequence,CNN1D,1,Wheat,Wheat
5942,A3_S1_S2_sequence,CNN1D,1,Mustard,Garlic
5945,A3_S1_S2_sequence,CNN1D,1,Wheat,Wheat
5979,A3_S1_S2_sequence,CNN1D,1,Mustard,Mustard
5983,A3_S1_S2_sequence,CNN1D,1,Bersem,Mustard
6016,A3_S1_S2_sequence,CNN1D,1,Wheat,Gram
6017,A3_S1_S2_sequence,CNN1D,1,Mustard,Garlic
6024,A3_S1_S2_sequence,CNN1D,1,Mustard,Garlic
6025,A3_S1_S2_sequence,CNN1D,1,Mustard,Mustard
6026,A3_S1_S2_sequence,CNN1D,1,Mustard,Garlic
6027,A3_S1_S2_sequence,CNN1D,1,Mustard,Garlic
6028,A3_S1_S2_sequence,CNN1D,1,Mustard,Mustard
6029,A3_S1_S2_sequence,CNN1D,1,Mustard,Mustard
6031,A3_S1_S2_sequence,CNN1D,1,Gram,Garlic
6034,A3_S1_S2_sequence,CNN1D,1,Gram,Garlic
6035,A3_S1_S2_sequence,CNN1D,1,Mustard,Mustard
6036,A3_S1_S2_sequence,CNN1D,1,Mustard,Mustard
6037,A3_S1_S2_sequence,CNN1D,1,Wheat,Wheat
6040,A3_S1_S2_sequence,CNN1D,1,Wheat,Gram
6041,A3_S1_S2_sequence,CNN1D,1,Wheat,Gram
6042,A3_S1_S2_sequence,CNN1D,1,Wheat,Wheat
6043,A3_S1_S2_sequence,CNN1D,1,Wheat,Wheat
6044,A3_S1_S2_sequence,CNN1D,1,Wheat,Wheat
6045,A3_S1_S2_sequence,CNN1D,1,Gram,Gram
6059,A3_S1_S2_sequence,CNN1D,1,Wheat,Wheat
6061,A3_S1_S2_sequence,CNN1D,1,Wheat,Garlic
6062,A3_S1_S2_sequence,CNN1D,1,Mustard,Garlic
6063,A3_S1_S2_sequence,CNN1D,1,Wheat,Wheat
6067,A3_S1_S2_sequence,CNN1D,1,Mustard,Mustard
6068,A3_S1_S2_sequence,CNN1D,1,Wheat,Wheat
6088,A3_S1_S2_sequence,CNN1D,1,Mustard,No crop/Fallow
6090,A3_S1_S2_sequence,CNN1D,1,Wheat,Garlic
6091,A3_S1_S2_sequence,CNN1D,1,Garlic,Garlic
6103,A3_S1_S2_sequence,CNN1D,1,Wheat,Wheat
6104,A3_S1_S2_sequence,CNN1D,1,Wheat,Garlic
6117,A3_S1_S2_sequence,CNN1D,1,Mustard,Garlic
6121,A3_S1_S2_sequence,CNN1D,1,Mustard,Mustard
6122,A3_S1_S2_sequence,CNN1D,1,Mustard,Mustard
6127,A3_S1_S2_sequence,CNN1D,1,Mustard,Mustard
6128,A3_S1_S2_sequence,CNN1D,1,Mustard,Mustard
6129,A3_S1_S2_sequence,CNN1D,1,Mustard,Mustard
6130,A3_S1_S2_sequence,CNN1D,1,Wheat,Garlic
6168,A3_S1_S2_sequence,CNN1D,1,Wheat,Wheat
6174,A3_S1_S2_sequence,CNN1D,1,Mustard,Mustard
6175,A3_S1_S2_sequence,CNN1D,1,Mustard,Gram
6185,A3_S1_S2_sequence,CNN1D,1,Wheat,Wheat
6218,A3_S1_S2_sequence,CNN1D,1,Mustard,Mustard
6246,A3_S1_S2_sequence,CNN1D,1,Garlic,Wheat
6248,A3_S1_S2_sequence,CNN1D,1,Gram,Gram
6249,A3_S1_S2_sequence,CNN1D,1,Gram,Garlic
6275,A3_S1_S2_sequence,CNN1D,1,Mustard,Mustard
6277,A3_S1_S2_sequence,CNN1D,1,Mustard,Mustard
6278,A3_S1_S2_sequence,CNN1D,1,Mustard,Mustard
6279,A3_S1_S2_sequence,CNN1D,1,Mustard,Mustard
6280,A3_S1_S2_sequence,CNN1D,1,Mustard,Mustard
6286,A3_S1_S2_sequence,CNN1D,1,Wheat,Gram
6287,A3_S1_S2_sequence,CNN1D,1,Wheat,Wheat
6288,A3_S1_S2_sequence,CNN1D,1,Wheat,Garlic
6322,A3_S1_S2_sequence,CNN1D,1,Wheat,Maize
6323,A3_S1_S2_sequence,CNN1D,1,Mustard,Maize
6324,A3_S1_S2_sequence,CNN1D,1,Maize,Wheat
6325,A3_S1_S2_sequence,CNN1D,1,Wheat,Potato
6354,A3_S1_S2_sequence,CNN1D,1,No crop/Fallow,Potato
6355,A3_S1_S2_sequence,CNN1D,1,Maize,Maize
6357,A3_S1_S2_sequence,CNN1D,1,Rice,Maize
6361,A3_S1_S2_sequence,CNN1D,1,Maize,Maize
6377,A3_S1_S2_sequence,CNN1D,1,Maize,Maize
6387,A3_S1_S2_sequence,CNN1D,1,Maize,Maize
6394,A3_S1_S2_sequence,CNN1D,1,Maize,Maize
6458,A3_S1_S2_sequence,CNN1D,1,Maize,Maize
6459,A3_S1_S2_sequence,CNN1D,1,Maize,Maize
6460,A3_S1_S2_sequence,CNN1D,1,Maize,Maize
6461,A3_S1_S2_sequence,CNN1D,1,Maize,Maize
6486,A3_S1_S2_sequence,CNN1D,1,Maize,Maize
6488,A3_S1_S2_sequence,CNN1D,1,Potato,Maize
6492,A3_S1_S2_sequence,CNN1D,1,Maize,Maize
6493,A3_S1_S2_sequence,CNN1D,1,Wheat,Rice
6510,A3_S1_S2_sequence,CNN1D,1,No crop/Fallow,Potato
6511,A3_S1_S2_sequence,CNN1D,1,Maize,Maize
6512,A3_S1_S2_sequence,CNN1D,1,Maize,Maize
6513,A3_S1_S2_sequence,CNN1D,1,Maize,Wheat
6515,A3_S1_S2_sequence,CNN1D,1,Maize,Maize
6516,A3_S1_S2_sequence,CNN1D,1,Maize,Coriander
6519,A3_S1_S2_sequence,CNN1D,1,Maize,Maize
6521,A3_S1_S2_sequence,CNN1D,1,Maize,Maize
6523,A3_S1_S2_sequence,CNN1D,1,Maize,Rice
6524,A3_S1_S2_sequence,CNN1D,1,Maize,Maize
6532,A3_S1_S2_sequence,CNN1D,1,Maize,Maize
6535,A3_S1_S2_sequence,CNN1D,1,No crop/Fallow,Maize
6536,A3_S1_S2_sequence,CNN1D,1,No crop/Fallow,Maize
6537,A3_S1_S2_sequence,CNN1D,1,Maize,Rice
6538,A3_S1_S2_sequence,CNN1D,1,No crop/Fallow,Maize
6547,A3_S1_S2_sequence,CNN1D,1,No crop/Fallow,Maize
6549,A3_S1_S2_sequence,CNN1D,1,No crop/Fallow,Maize
6570,A3_S1_S2_sequence,CNN1D,1,No crop/Fallow,Rice
6582,A3_S1_S2_sequence,CNN1D,1,Maize,Lentil
6583,A3_S1_S2_sequence,CNN1D,1,Mustard,Rice
6589,A3_S1_S2_sequence,CNN1D,1,Maize,Maize
6590,A3_S1_S2_sequence,CNN1D,1,Maize,Maize
6592,A3_S1_S2_sequence,CNN1D,1,Maize,Maize
6593,A3_S1_S2_sequence,CNN1D,1,Maize,Maize
6613,A3_S1_S2_sequence,CNN1D,1,No crop/Fallow,Maize
6614,A3_S1_S2_sequence,CNN1D,1,Wheat,Maize
6615,A3_S1_S2_sequence,CNN1D,1,Wheat,Maize
6616,A3_S1_S2_sequence,CNN1D,1,Wheat,Rice
6617,A3_S1_S2_sequence,CNN1D,1,No crop/Fallow,Wheat
6618,A3_S1_S2_sequence,CNN1D,1,Rice,Maize
6619,A3_S1_S2_sequence,CNN1D,1,Maize,Maize
6623,A3_S1_S2_sequence,CNN1D,1,Rice,Maize
6624,A3_S1_S2_sequence,CNN1D,1,Maize,Mustard
6625,A3_S1_S2_sequence,CNN1D,1,Wheat,Maize
6636,A3_S1_S2_sequence,CNN1D,1,No crop/Fallow,Potato
6637,A3_S1_S2_sequence,CNN1D,1,No crop/Fallow,Maize
6638,A3_S1_S2_sequence,CNN1D,1,No crop/Fallow,Rice
6640,A3_S1_S2_sequence,CNN1D,1,Maize,Maize
6641,A3_S1_S2_sequence,CNN1D,1,Maize,Maize
6642,A3_S1_S2_sequence,CNN1D,1,Maize,Maize
6655,A3_S1_S2_sequence,CNN1D,1,Maize,Maize
6656,A3_S1_S2_sequence,CNN1D,1,Maize,Maize
6658,A3_S1_S2_sequence,CNN1D,1,Wheat,Maize
6663,A3_S1_S2_sequence,CNN1D,1,No crop/Fallow,Maize
6666,A3_S1_S2_sequence,CNN1D,1,Maize,Maize
6671,A3_S1_S2_sequence,CNN1D,1,Maize,Potato
6678,A3_S1_S2_sequence,CNN1D,1,Maize,Rice
6679,A3_S1_S2_sequence,CNN1D,1,Maize,Potato
6681,A3_S1_S2_sequence,CNN1D,1,Maize,Potato
6683,A3_S1_S2_sequence,CNN1D,1,Rice,Rice
6684,A3_S1_S2_sequence,CNN1D,1,Rice,Maize
6687,A3_S1_S2_sequence,CNN1D,1,Rice,Maize
6689,A3_S1_S2_sequence,CNN1D,1,Maize,Maize
6692,A3_S1_S2_sequence,CNN1D,1,Mustard,Maize
6700,A3_S1_S2_sequence,CNN1D,1,No crop/Fallow,Maize
6702,A3_S1_S2_sequence,CNN1D,1,No crop/Fallow,Rice
6729,A3_S1_S2_sequence,CNN1D,1,Mustard,Rice
6733,A3_S1_S2_sequence,CNN1D,1,No crop/Fallow,Mustard
6734,A3_S1_S2_sequence,CNN1D,1,Rice,Maize
6735,A3_S1_S2_sequence,CNN1D,1,No crop/Fallow,Wheat
6736,A3_S1_S2_sequence,CNN1D,1,No crop/Fallow,Maize
6784,A3_S1_S2_sequence,CNN1D,1,Wheat,Wheat
6785,A3_S1_S2_sequence,CNN1D,1,Rice,Rice
6786,A3_S1_S2_sequence,CNN1D,1,Rice,Rice
6788,A3_S1_S2_sequence,CNN1D,1,Mustard,Rice
6818,A3_S1_S2_sequence,CNN1D,1,No crop/Fallow,Potato
6819,A3_S1_S2_sequence,CNN1D,1,Maize,Maize
6828,A3_S1_S2_sequence,CNN1D,1,No crop/Fallow,Maize
6829,A3_S1_S2_sequence,CNN1D,1,No crop/Fallow,Maize
6830,A3_S1_S2_sequence,CNN1D,1,No crop/Fallow,Maize
6831,A3_S1_S2_sequence,CNN1D,1,No crop/Fallow,Maize
6832,A3_S1_S2_sequence,CNN1D,1,No crop/Fallow,Maize
6833,A3_S1_S2_sequence,CNN1D,1,No crop/Fallow,Maize
6852,A3_S1_S2_sequence,CNN1D,1,Maize,Maize
6857,A3_S1_S2_sequence,CNN1D,1,Mustard,Rice
6858,A3_S1_S2_sequence,CNN1D,1,Mustard,Maize
6859,A3_S1_S2_sequence,CNN1D,1,Rice,Rice
6861,A3_S1_S2_sequence,CNN1D,1,Mustard,Maize
6877,A3_S1_S2_sequence,CNN1D,1,No crop/Fallow,Maize
6879,A3_S1_S2_sequence,CNN1D,1,Rice,Rice
6886,A3_S1_S2_sequence,CNN1D,1,Potato,Maize
6887,A3_S1_S2_sequence,CNN1D,1,Potato,Potato
6900,A3_S1_S2_sequence,CNN1D,1,Mustard,Rice
6910,A3_S1_S2_sequence,CNN1D,1,Maize,Maize
6911,A3_S1_S2_sequence,CNN1D,1,Maize,Maize
6913,A3_S1_S2_sequence,CNN1D,1,Maize,Maize
6937,A3_S1_S2_sequence,CNN1D,1,No crop/Fallow,Rice
6938,A3_S1_S2_sequence,CNN1D,1,No crop/Fallow,Mustard
6941,A3_S1_S2_sequence,CNN1D,1,No crop/Fallow,Mustard
6957,A3_S1_S2_sequence,CNN1D,1,Maize,Maize
6959,A3_S1_S2_sequence,CNN1D,1,Maize,Maize
6969,A3_S1_S2_sequence,CNN1D,1,Maize,Maize
6982,A3_S1_S2_sequence,CNN1D,1,Maize,Potato
6984,A3_S1_S2_sequence,CNN1D,1,Maize,Maize
6990,A3_S1_S2_sequence,CNN1D,1,Maize,Maize
6997,A3_S1_S2_sequence,CNN1D,1,Rice,Rice
6999,A3_S1_S2_sequence,CNN1D,1,No crop/Fallow,Rice
7000,A3_S1_S2_sequence,CNN1D,1,No crop/Fallow,Maize
7004,A3_S1_S2_sequence,CNN1D,1,Mustard,Maize
7007,A3_S1_S2_sequence,CNN1D,1,Maize,Maize
7008,A3_S1_S2_sequence,CNN1D,1,No crop/Fallow,Rice
7009,A3_S1_S2_sequence,CNN1D,1,No crop/Fallow,Maize
7015,A3_S1_S2_sequence,CNN1D,1,Mustard,Maize
7045,A3_S1_S2_sequence,CNN1D,1,Maize,Maize
7047,A3_S1_S2_sequence,CNN1D,1,Maize,Maize
7071,A3_S1_S2_sequence,CNN1D,1,Maize,Maize
7073,A3_S1_S2_sequence,CNN1D,1,No crop/Fallow,Bersem
7078,A3_S1_S2_sequence,CNN1D,1,Maize,Maize
7080,A3_S1_S2_sequence,CNN1D,1,Maize,Maize
7094,A3_S1_S2_sequence,CNN1D,1,Mustard,Maize
7095,A3_S1_S2_sequence,CNN1D,1,Mustard,Maize
7096,A3_S1_S2_sequence,CNN1D,1,No crop/Fallow,Rice
7097,A3_S1_S2_sequence,CNN1D,1,No crop/Fallow,Rice
7110,A3_S1_S2_sequence,CNN1D,1,Maize,Maize
7111,A3_S1_S2_sequence,CNN1D,1,No crop/Fallow,Maize
7112,A3_S1_S2_sequence,CNN1D,1,No crop/Fallow,Maize
7113,A3_S1_S2_sequence,CNN1D,1,No crop/Fallow,Maize
7115,A3_S1_S2_sequence,CNN1D,1,No crop/Fallow,Maize
7140,A3_S1_S2_sequence,CNN1D,1,Mustard,Maize
7141,A3_S1_S2_sequence,CNN1D,1,No crop/Fallow,Potato
7157,A3_S1_S2_sequence,CNN1D,1,Maize,Maize
7171,A3_S1_S2_sequence,CNN1D,1,Maize,Maize
7172,A3_S1_S2_sequence,CNN1D,1,Maize,Maize
7173,A3_S1_S2_sequence,CNN1D,1,No crop/Fallow,Maize
7174,A3_S1_S2_sequence,CNN1D,1,Maize,Maize
7175,A3_S1_S2_sequence,CNN1D,1,Maize,Maize
7206,A3_S1_S2_sequence,CNN1D,1,Rice,Rice
7224,A3_S1_S2_sequence,CNN1D,1,Mustard,Coriander
7225,A3_S1_S2_sequence,CNN1D,1,Mustard,Potato
7268,A3_S1_S2_sequence,CNN1D,1,Wheat,Maize
7300,A3_S1_S2_sequence,CNN1D,1,Maize,Maize
7302,A3_S1_S2_sequence,CNN1D,1,Maize,Maize
7320,A3_S1_S2_sequence,CNN1D,1,No crop/Fallow,Maize
7321,A3_S1_S2_sequence,CNN1D,1,Maize,Maize
7322,A3_S1_S2_sequence,CNN1D,1,No crop/Fallow,Maize
7323,A3_S1_S2_sequence,CNN1D,1,No crop/Fallow,Maize
7324,A3_S1_S2_sequence,CNN1D,1,No crop/Fallow,Maize
1,A3_S1_S2_sequence,CNN1D,2,Wheat,Wheat
2,A3_S1_S2_sequence,CNN1D,2,Wheat,Wheat
3,A3_S1_S2_sequence,CNN1D,2,Wheat,Mustard
33,A3_S1_S2_sequence,CNN1D,2,Mustard,Sugarcane
34,A3_S1_S2_sequence,CNN1D,2,Lentil,Lentil
35,A3_S1_S2_sequence,CNN1D,2,Wheat,Lentil
83,A3_S1_S2_sequence,CNN1D,2,Wheat,Wheat
84,A3_S1_S2_sequence,CNN1D,2,Mustard,Wheat
85,A3_S1_S2_sequence,CNN1D,2,Mustard,Wheat
86,A3_S1_S2_sequence,CNN1D,2,Mustard,Mustard
87,A3_S1_S2_sequence,CNN1D,2,Wheat,Wheat
88,A3_S1_S2_sequence,CNN1D,2,No crop/Fallow,Wheat
89,A3_S1_S2_sequence,CNN1D,2,Sugarcane,Wheat
91,A3_S1_S2_sequence,CNN1D,2,Mustard,Sugarcane
120,A3_S1_S2_sequence,CNN1D,2,No crop/Fallow,Sugarcane
126,A3_S1_S2_sequence,CNN1D,2,Wheat,Wheat
127,A3_S1_S2_sequence,CNN1D,2,Mustard,Mustard
128,A3_S1_S2_sequence,CNN1D,2,Wheat,Wheat
155,A3_S1_S2_sequence,CNN1D,2,Wheat,Wheat
156,A3_S1_S2_sequence,CNN1D,2,Wheat,Wheat
157,A3_S1_S2_sequence,CNN1D,2,Wheat,Lentil
158,A3_S1_S2_sequence,CNN1D,2,Wheat,Wheat
179,A3_S1_S2_sequence,CNN1D,2,Wheat,Wheat
181,A3_S1_S2_sequence,CNN1D,2,Wheat,Wheat
185,A3_S1_S2_sequence,CNN1D,2,Mustard,Sugarcane
206,A3_S1_S2_sequence,CNN1D,2,Wheat,Wheat
207,A3_S1_S2_sequence,CNN1D,2,Wheat,Sugarcane
211,A3_S1_S2_sequence,CNN1D,2,Mustard,Sugarcane
218,A3_S1_S2_sequence,CNN1D,2,Wheat,Lentil
228,A3_S1_S2_sequence,CNN1D,2,No crop/Fallow,Wheat
229,A3_S1_S2_sequence,CNN1D,2,Lentil,Mustard
284,A3_S1_S2_sequence,CNN1D,2,Mustard,Mustard
292,A3_S1_S2_sequence,CNN1D,2,Wheat,Wheat
293,A3_S1_S2_sequence,CNN1D,2,Mustard,Sugarcane
294,A3_S1_S2_sequence,CNN1D,2,Lentil,Sugarcane
295,A3_S1_S2_sequence,CNN1D,2,Sugarcane,Sugarcane
301,A3_S1_S2_sequence,CNN1D,2,Mustard,Wheat
302,A3_S1_S2_sequence,CNN1D,2,Wheat,Wheat
303,A3_S1_S2_sequence,CNN1D,2,Green pea,Wheat
322,A3_S1_S2_sequence,CNN1D,2,Green pea,Lentil
323,A3_S1_S2_sequence,CNN1D,2,Wheat,Sugarcane
342,A3_S1_S2_sequence,CNN1D,2,Lentil,Lentil
349,A3_S1_S2_sequence,CNN1D,2,No crop/Fallow,Mustard
350,A3_S1_S2_sequence,CNN1D,2,Sugarcane,Lentil
351,A3_S1_S2_sequence,CNN1D,2,Wheat,Sugarcane
352,A3_S1_S2_sequence,CNN1D,2,Sugarcane,Lentil
358,A3_S1_S2_sequence,CNN1D,2,Wheat,Wheat
359,A3_S1_S2_sequence,CNN1D,2,Wheat,Wheat
361,A3_S1_S2_sequence,CNN1D,2,Mustard,Wheat
362,A3_S1_S2_sequence,CNN1D,2,No crop/Fallow,Lentil
368,A3_S1_S2_sequence,CNN1D,2,No crop/Fallow,No crop/Fallow
369,A3_S1_S2_sequence,CNN1D,2,No crop/Fallow,Mustard
370,A3_S1_S2_sequence,CNN1D,2,No crop/Fallow,Wheat
371,A3_S1_S2_sequence,CNN1D,2,No crop/Fallow,Wheat
372,A3_S1_S2_sequence,CNN1D,2,Wheat,No crop/Fallow
373,A3_S1_S2_sequence,CNN1D,2,No crop/Fallow,No crop/Fallow
403,A3_S1_S2_sequence,CNN1D,2,Wheat,Wheat
406,A3_S1_S2_sequence,CNN1D,2,Wheat,No crop/Fallow
422,A3_S1_S2_sequence,CNN1D,2,Wheat,Wheat
425,A3_S1_S2_sequence,CNN1D,2,Wheat,Wheat
426,A3_S1_S2_sequence,CNN1D,2,No crop/Fallow,Sugarcane
427,A3_S1_S2_sequence,CNN1D,2,Wheat,Wheat
437,A3_S1_S2_sequence,CNN1D,2,Wheat,Lentil
438,A3_S1_S2_sequence,CNN1D,2,Sugarcane,Sugarcane
439,A3_S1_S2_sequence,CNN1D,2,Lentil,Lentil
451,A3_S1_S2_sequence,CNN1D,2,Wheat,Mustard
454,A3_S1_S2_sequence,CNN1D,2,Mustard,Lentil
456,A3_S1_S2_sequence,CNN1D,2,Sugarcane,Wheat
458,A3_S1_S2_sequence,CNN1D,2,Sugarcane,Sugarcane
459,A3_S1_S2_sequence,CNN1D,2,Mustard,Wheat
471,A3_S1_S2_sequence,CNN1D,2,Sugarcane,Sugarcane
472,A3_S1_S2_sequence,CNN1D,2,No crop/Fallow,Mustard
473,A3_S1_S2_sequence,CNN1D,2,Mustard,Sugarcane
489,A3_S1_S2_sequence,CNN1D,2,No crop/Fallow,Lentil
490,A3_S1_S2_sequence,CNN1D,2,Wheat,Wheat
491,A3_S1_S2_sequence,CNN1D,2,Wheat,Wheat
493,A3_S1_S2_sequence,CNN1D,2,Mustard,Wheat
502,A3_S1_S2_sequence,CNN1D,2,Mustard,Mustard
503,A3_S1_S2_sequence,CNN1D,2,Wheat,Wheat
504,A3_S1_S2_sequence,CNN1D,2,Mustard,Lentil
506,A3_S1_S2_sequence,CNN1D,2,Wheat,Green pea
507,A3_S1_S2_sequence,CNN1D,2,Wheat,Lentil
508,A3_S1_S2_sequence,CNN1D,2,Wheat,Lentil
509,A3_S1_S2_sequence,CNN1D,2,Mustard,Lentil
510,A3_S1_S2_sequence,CNN1D,2,Wheat,Lentil
533,A3_S1_S2_sequence,CNN1D,2,Wheat,Wheat
563,A3_S1_S2_sequence,CNN1D,2,Mustard,Mustard
564,A3_S1_S2_sequence,CNN1D,2,Mustard,Wheat
565,A3_S1_S2_sequence,CNN1D,2,No crop/Fallow,Mustard
573,A3_S1_S2_sequence,CNN1D,2,Mustard,Lentil
574,A3_S1_S2_sequence,CNN1D,2,Wheat,Lentil
576,A3_S1_S2_sequence,CNN1D,2,No crop/Fallow,Lentil
577,A3_S1_S2_sequence,CNN1D,2,No crop/Fallow,Lentil
583,A3_S1_S2_sequence,CNN1D,2,Wheat,Lentil
585,A3_S1_S2_sequence,CNN1D,2,Wheat,Lentil
586,A3_S1_S2_sequence,CNN1D,2,No crop/Fallow,Wheat
587,A3_S1_S2_sequence,CNN1D,2,Wheat,Lentil
588,A3_S1_S2_sequence,CNN1D,2,Wheat,Lentil
589,A3_S1_S2_sequence,CNN1D,2,Wheat,Lentil
591,A3_S1_S2_sequence,CNN1D,2,Wheat,Green pea
592,A3_S1_S2_sequence,CNN1D,2,Wheat,Sugarcane
631,A3_S1_S2_sequence,CNN1D,2,Wheat,Wheat
632,A3_S1_S2_sequence,CNN1D,2,Wheat,Wheat
633,A3_S1_S2_sequence,CNN1D,2,No crop/Fallow,Wheat
643,A3_S1_S2_sequence,CNN1D,2,No crop/Fallow,Lentil
644,A3_S1_S2_sequence,CNN1D,2,No crop/Fallow,Lentil
645,A3_S1_S2_sequence,CNN1D,2,No crop/Fallow,Sugarcane
682,A3_S1_S2_sequence,CNN1D,2,Wheat,Lentil
683,A3_S1_S2_sequence,CNN1D,2,No crop/Fallow,Sugarcane
684,A3_S1_S2_sequence,CNN1D,2,Mustard,Lentil
685,A3_S1_S2_sequence,CNN1D,2,Wheat,Wheat
686,A3_S1_S2_sequence,CNN1D,2,No crop/Fallow,Sugarcane
693,A3_S1_S2_sequence,CNN1D,2,Mustard,Wheat
694,A3_S1_S2_sequence,CNN1D,2,Wheat,Mustard
725,A3_S1_S2_sequence,CNN1D,2,No crop/Fallow,Lentil
726,A3_S1_S2_sequence,CNN1D,2,Mustard,Lentil
745,A3_S1_S2_sequence,CNN1D,2,Wheat,Wheat
765,A3_S1_S2_sequence,CNN1D,2,Wheat,Sugarcane
766,A3_S1_S2_sequence,CNN1D,2,Coriander,Sugarcane
781,A3_S1_S2_sequence,CNN1D,2,Wheat,Wheat
782,A3_S1_S2_sequence,CNN1D,2,Wheat,Wheat
795,A3_S1_S2_sequence,CNN1D,2,Wheat,Lentil
796,A3_S1_S2_sequence,CNN1D,2,Mustard,Sugarcane
797,A3_S1_S2_sequence,CNN1D,2,Mustard,Lentil
798,A3_S1_S2_sequence,CNN1D,2,Sugarcane,Sugarcane
799,A3_S1_S2_sequence,CNN1D,2,No crop/Fallow,No crop/Fallow
800,A3_S1_S2_sequence,CNN1D,2,Mustard,Sugarcane
801,A3_S1_S2_sequence,CNN1D,2,No crop/Fallow,Wheat
802,A3_S1_S2_sequence,CNN1D,2,Wheat,Wheat
803,A3_S1_S2_sequence,CNN1D,2,Wheat,Wheat
804,A3_S1_S2_sequence,CNN1D,2,Lentil,Lentil
809,A3_S1_S2_sequence,CNN1D,2,Wheat,Wheat
810,A3_S1_S2_sequence,CNN1D,2,Wheat,Wheat
818,A3_S1_S2_sequence,CNN1D,2,Mustard,Wheat
820,A3_S1_S2_sequence,CNN1D,2,Mustard,Sugarcane
821,A3_S1_S2_sequence,CNN1D,2,Wheat,Green pea
822,A3_S1_S2_sequence,CNN1D,2,Wheat,Wheat
843,A3_S1_S2_sequence,CNN1D,2,Lentil,Sugarcane
844,A3_S1_S2_sequence,CNN1D,2,Wheat,Lentil
887,A3_S1_S2_sequence,CNN1D,2,Mustard,Lentil
895,A3_S1_S2_sequence,CNN1D,2,No crop/Fallow,No crop/Fallow
907,A3_S1_S2_sequence,CNN1D,2,Wheat,Wheat
908,A3_S1_S2_sequence,CNN1D,2,Lentil,Lentil
909,A3_S1_S2_sequence,CNN1D,2,Wheat,Wheat
919,A3_S1_S2_sequence,CNN1D,2,No crop/Fallow,Lentil
920,A3_S1_S2_sequence,CNN1D,2,No crop/Fallow,Lentil
921,A3_S1_S2_sequence,CNN1D,2,No crop/Fallow,Sugarcane
922,A3_S1_S2_sequence,CNN1D,2,No crop/Fallow,Sugarcane
927,A3_S1_S2_sequence,CNN1D,2,Wheat,Sugarcane
929,A3_S1_S2_sequence,CNN1D,2,No crop/Fallow,Sugarcane
931,A3_S1_S2_sequence,CNN1D,2,Wheat,Wheat
932,A3_S1_S2_sequence,CNN1D,2,Sugarcane,Sugarcane
933,A3_S1_S2_sequence,CNN1D,2,Mustard,Maize
938,A3_S1_S2_sequence,CNN1D,2,Wheat,Lentil
942,A3_S1_S2_sequence,CNN1D,2,Wheat,Wheat
948,A3_S1_S2_sequence,CNN1D,2,Lentil,Lentil
958,A3_S1_S2_sequence,CNN1D,2,Wheat,Lentil
960,A3_S1_S2_sequence,CNN1D,2,Wheat,Lentil
961,A3_S1_S2_sequence,CNN1D,2,Wheat,Wheat
962,A3_S1_S2_sequence,CNN1D,2,Mustard,Lentil
963,A3_S1_S2_sequence,CNN1D,2,Wheat,Lentil
965,A3_S1_S2_sequence,CNN1D,2,Wheat,Lentil
976,A3_S1_S2_sequence,CNN1D,2,Wheat,Wheat
977,A3_S1_S2_sequence,CNN1D,2,Wheat,Wheat
978,A3_S1_S2_sequence,CNN1D,2,Sugarcane,Sugarcane
1015,A3_S1_S2_sequence,CNN1D,2,Mustard,Mustard
1018,A3_S1_S2_sequence,CNN1D,2,No crop/Fallow,Wheat
1019,A3_S1_S2_sequence,CNN1D,2,Wheat,Lentil
1020,A3_S1_S2_sequence,CNN1D,2,Lentil,Sugarcane
1021,A3_S1_S2_sequence,CNN1D,2,Wheat,Lentil
1025,A3_S1_S2_sequence,CNN1D,2,Wheat,Lentil
1026,A3_S1_S2_sequence,CNN1D,2,Wheat,Sugarcane
1045,A3_S1_S2_sequence,CNN1D,2,Wheat,No crop/Fallow
1046,A3_S1_S2_sequence,CNN1D,2,Wheat,Wheat
1060,A3_S1_S2_sequence,CNN1D,2,Wheat,Sugarcane
1061,A3_S1_S2_sequence,CNN1D,2,Mustard,Sugarcane
1062,A3_S1_S2_sequence,CNN1D,2,Wheat,Wheat
1063,A3_S1_S2_sequence,CNN1D,2,No crop/Fallow,Lentil
1064,A3_S1_S2_sequence,CNN1D,2,Wheat,Wheat
1065,A3_S1_S2_sequence,CNN1D,2,No crop/Fallow,Lentil
1072,A3_S1_S2_sequence,CNN1D,2,No crop/Fallow,Mustard
1073,A3_S1_S2_sequence,CNN1D,2,No crop/Fallow,Mustard
1074,A3_S1_S2_sequence,CNN1D,2,No crop/Fallow,Mustard
1075,A3_S1_S2_sequence,CNN1D,2,No crop/Fallow,Lentil
1076,A3_S1_S2_sequence,CNN1D,2,No crop/Fallow,Lentil
1077,A3_S1_S2_sequence,CNN1D,2,No crop/Fallow,Mustard
1078,A3_S1_S2_sequence,CNN1D,2,Mustard,Sugarcane
1079,A3_S1_S2_sequence,CNN1D,2,Mustard,Mustard
1103,A3_S1_S2_sequence,CNN1D,2,Mustard,Sugarcane
1104,A3_S1_S2_sequence,CNN1D,2,Mustard,Sugarcane
1120,A3_S1_S2_sequence,CNN1D,2,Wheat,Wheat
1129,A3_S1_S2_sequence,CNN1D,2,Bersem,Sugarcane
1141,A3_S1_S2_sequence,CNN1D,2,Green pea,Sugarcane
1162,A3_S1_S2_sequence,CNN1D,2,No crop/Fallow,Bersem
1164,A3_S1_S2_sequence,CNN1D,2,Sugarcane,Sugarcane
1166,A3_S1_S2_sequence,CNN1D,2,Wheat,Sugarcane
1170,A3_S1_S2_sequence,CNN1D,2,Wheat,Mustard
1171,A3_S1_S2_sequence,CNN1D,2,Wheat,Wheat
1185,A3_S1_S2_sequence,CNN1D,2,No crop/Fallow,Sugarcane
1187,A3_S1_S2_sequence,CNN1D,2,Mustard,Lentil
1188,A3_S1_S2_sequence,CNN1D,2,Wheat,Lentil
1200,A3_S1_S2_sequence,CNN1D,2,Wheat,Wheat
1201,A3_S1_S2_sequence,CNN1D,2,Wheat,Sugarcane
1236,A3_S1_S2_sequence,CNN1D,2,Lentil,Lentil
1238,A3_S1_S2_sequence,CNN1D,2,Wheat,Lentil
1239,A3_S1_S2_sequence,CNN1D,2,Mustard,Lentil
1240,A3_S1_S2_sequence,CNN1D,2,Wheat,Lentil
1241,A3_S1_S2_sequence,CNN1D,2,Wheat,Wheat
1243,A3_S1_S2_sequence,CNN1D,2,Wheat,Sugarcane
1244,A3_S1_S2_sequence,CNN1D,2,Mustard,Lentil
1246,A3_S1_S2_sequence,CNN1D,2,No crop/Fallow,Lentil
1250,A3_S1_S2_sequence,CNN1D,2,Wheat,Wheat
1266,A3_S1_S2_sequence,CNN1D,2,Lentil,Lentil
1279,A3_S1_S2_sequence,CNN1D,2,Sugarcane,Sugarcane
1281,A3_S1_S2_sequence,CNN1D,2,Wheat,Sugarcane
1282,A3_S1_S2_sequence,CNN1D,2,Wheat,Wheat
1283,A3_S1_S2_sequence,CNN1D,2,Mustard,Mustard
1284,A3_S1_S2_sequence,CNN1D,2,Mustard,No crop/Fallow
1285,A3_S1_S2_sequence,CNN1D,2,No crop/Fallow,Sugarcane
1286,A3_S1_S2_sequence,CNN1D,2,Mustard,Sugarcane
1295,A3_S1_S2_sequence,CNN1D,2,Wheat,No crop/Fallow
1296,A3_S1_S2_sequence,CNN1D,2,Wheat,Wheat
1298,A3_S1_S2_sequence,CNN1D,2,Wheat,Lentil
1299,A3_S1_S2_sequence,CNN1D,2,Wheat,Wheat
1323,A3_S1_S2_sequence,CNN1D,2,No crop/Fallow,Wheat
1324,A3_S1_S2_sequence,CNN1D,2,Wheat,Sugarcane
1325,A3_S1_S2_sequence,CNN1D,2,No crop/Fallow,Maize
1326,A3_S1_S2_sequence,CNN1D,2,No crop/Fallow,Sugarcane
1328,A3_S1_S2_sequence,CNN1D,2,Mustard,Sugarcane
1329,A3_S1_S2_sequence,CNN1D,2,Mustard,Mustard
1331,A3_S1_S2_sequence,CNN1D,2,Mustard,Mustard
1335,A3_S1_S2_sequence,CNN1D,2,Lentil,Sugarcane
1337,A3_S1_S2_sequence,CNN1D,2,Mustard,Mustard
1338,A3_S1_S2_sequence,CNN1D,2,Mustard,Sugarcane
1340,A3_S1_S2_sequence,CNN1D,2,Lentil,Lentil
1341,A3_S1_S2_sequence,CNN1D,2,No crop/Fallow,Lentil
1346,A3_S1_S2_sequence,CNN1D,2,Wheat,Wheat
1348,A3_S1_S2_sequence,CNN1D,2,Wheat,Wheat
1349,A3_S1_S2_sequence,CNN1D,2,Wheat,Sugarcane
1378,A3_S1_S2_sequence,CNN1D,2,Wheat,Wheat
1379,A3_S1_S2_sequence,CNN1D,2,Sugarcane,Sugarcane
1380,A3_S1_S2_sequence,CNN1D,2,Sugarcane,Sugarcane
1393,A3_S1_S2_sequence,CNN1D,2,Lentil,Lentil
1402,A3_S1_S2_sequence,CNN1D,2,Mustard,Lentil
1403,A3_S1_S2_sequence,CNN1D,2,Mustard,Lentil
1404,A3_S1_S2_sequence,CNN1D,2,Sugarcane,Sugarcane
1431,A3_S1_S2_sequence,CNN1D,2,Lentil,Lentil
1439,A3_S1_S2_sequence,CNN1D,2,No crop/Fallow,Mustard
1440,A3_S1_S2_sequence,CNN1D,2,No crop/Fallow,No crop/Fallow
1441,A3_S1_S2_sequence,CNN1D,2,No crop/Fallow,Mustard
1442,A3_S1_S2_sequence,CNN1D,2,No crop/Fallow,Wheat
1445,A3_S1_S2_sequence,CNN1D,2,Wheat,Wheat
1446,A3_S1_S2_sequence,CNN1D,2,No crop/Fallow,Wheat
1448,A3_S1_S2_sequence,CNN1D,2,Wheat,Lentil
1449,A3_S1_S2_sequence,CNN1D,2,Wheat,Wheat
1450,A3_S1_S2_sequence,CNN1D,2,Wheat,Lentil
1451,A3_S1_S2_sequence,CNN1D,2,Wheat,Wheat
1452,A3_S1_S2_sequence,CNN1D,2,Wheat,Wheat
1454,A3_S1_S2_sequence,CNN1D,2,Wheat,Wheat
1455,A3_S1_S2_sequence,CNN1D,2,Wheat,Mustard
1456,A3_S1_S2_sequence,CNN1D,2,Wheat,Lentil
1457,A3_S1_S2_sequence,CNN1D,2,Wheat,Lentil
1458,A3_S1_S2_sequence,CNN1D,2,Wheat,Lentil
1459,A3_S1_S2_sequence,CNN1D,2,Wheat,Wheat
1463,A3_S1_S2_sequence,CNN1D,2,No crop/Fallow,Sugarcane
1464,A3_S1_S2_sequence,CNN1D,2,Wheat,Lentil
1465,A3_S1_S2_sequence,CNN1D,2,Wheat,Lentil
1466,A3_S1_S2_sequence,CNN1D,2,Wheat,Lentil
1467,A3_S1_S2_sequence,CNN1D,2,Wheat,Mustard
1468,A3_S1_S2_sequence,CNN1D,2,Wheat,Mustard
1469,A3_S1_S2_sequence,CNN1D,2,Sugarcane,Sugarcane
1470,A3_S1_S2_sequence,CNN1D,2,Wheat,Wheat
1483,A3_S1_S2_sequence,CNN1D,2,Green pea,Wheat
1484,A3_S1_S2_sequence,CNN1D,2,Wheat,Wheat
1486,A3_S1_S2_sequence,CNN1D,2,Gram,Lentil
1487,A3_S1_S2_sequence,CNN1D,2,Wheat,Wheat
1511,A3_S1_S2_sequence,CNN1D,2,Mustard,Mustard
1512,A3_S1_S2_sequence,CNN1D,2,No crop/Fallow,Mustard
1514,A3_S1_S2_sequence,CNN1D,2,No crop/Fallow,No crop/Fallow
1515,A3_S1_S2_sequence,CNN1D,2,Mustard,Sugarcane
1516,A3_S1_S2_sequence,CNN1D,2,Mustard,Maize
1518,A3_S1_S2_sequence,CNN1D,2,No crop/Fallow,Lentil
1554,A3_S1_S2_sequence,CNN1D,2,Sugarcane,Sugarcane
1555,A3_S1_S2_sequence,CNN1D,2,Sugarcane,Sugarcane
1556,A3_S1_S2_sequence,CNN1D,2,Mustard,Mustard
1558,A3_S1_S2_sequence,CNN1D,2,Mustard,Mustard
1565,A3_S1_S2_sequence,CNN1D,2,Lentil,Lentil
1566,A3_S1_S2_sequence,CNN1D,2,No crop/Fallow,Sugarcane
1586,A3_S1_S2_sequence,CNN1D,2,Mustard,Sugarcane
1587,A3_S1_S2_sequence,CNN1D,2,Wheat,Lentil
1588,A3_S1_S2_sequence,CNN1D,2,Mustard,Lentil
1590,A3_S1_S2_sequence,CNN1D,2,Mustard,Sugarcane
1592,A3_S1_S2_sequence,CNN1D,2,Mustard,Lentil
1593,A3_S1_S2_sequence,CNN1D,2,No crop/Fallow,Sugarcane
1594,A3_S1_S2_sequence,CNN1D,2,Wheat,Lentil
1595,A3_S1_S2_sequence,CNN1D,2,Wheat,Lentil
1638,A3_S1_S2_sequence,CNN1D,2,Wheat,Maize
1660,A3_S1_S2_sequence,CNN1D,2,Sugarcane,Sugarcane
1673,A3_S1_S2_sequence,CNN1D,2,No crop/Fallow,Lentil
1674,A3_S1_S2_sequence,CNN1D,2,Wheat,Lentil
1675,A3_S1_S2_sequence,CNN1D,2,No crop/Fallow,Sugarcane
1693,A3_S1_S2_sequence,CNN1D,2,Wheat,Wheat
1694,A3_S1_S2_sequence,CNN1D,2,Maize,Maize
1695,A3_S1_S2_sequence,CNN1D,2,Wheat,Wheat
1696,A3_S1_S2_sequence,CNN1D,2,Mustard,Lentil
1697,A3_S1_S2_sequence,CNN1D,2,Wheat,Wheat
1698,A3_S1_S2_sequence,CNN1D,2,Wheat,Wheat
1699,A3_S1_S2_sequence,CNN1D,2,Wheat,Wheat
1701,A3_S1_S2_sequence,CNN1D,2,Wheat,Wheat
1719,A3_S1_S2_sequence,CNN1D,2,Wheat,Lentil
1720,A3_S1_S2_sequence,CNN1D,2,Wheat,Mustard
1721,A3_S1_S2_sequence,CNN1D,2,Wheat,Lentil
1722,A3_S1_S2_sequence,CNN1D,2,Wheat,Wheat
1723,A3_S1_S2_sequence,CNN1D,2,Wheat,Mustard
1724,A3_S1_S2_sequence,CNN1D,2,Wheat,Wheat
1725,A3_S1_S2_sequence,CNN1D,2,Wheat,Wheat
1726,A3_S1_S2_sequence,CNN1D,2,Wheat,Wheat
1727,A3_S1_S2_sequence,CNN1D,2,Maize,Maize
1728,A3_S1_S2_sequence,CNN1D,2,Wheat,Wheat
1747,A3_S1_S2_sequence,CNN1D,2,Wheat,Wheat
1748,A3_S1_S2_sequence,CNN1D,2,Wheat,Wheat
1750,A3_S1_S2_sequence,CNN1D,2,Wheat,Wheat
1753,A3_S1_S2_sequence,CNN1D,2,Wheat,Wheat
1762,A3_S1_S2_sequence,CNN1D,2,No crop/Fallow,Lentil
1763,A3_S1_S2_sequence,CNN1D,2,Mustard,Sugarcane
1764,A3_S1_S2_sequence,CNN1D,2,Lentil,Lentil
1765,A3_S1_S2_sequence,CNN1D,2,Wheat,Wheat
1767,A3_S1_S2_sequence,CNN1D,2,Wheat,Lentil
1774,A3_S1_S2_sequence,CNN1D,2,Wheat,Wheat
1775,A3_S1_S2_sequence,CNN1D,2,No crop/Fallow,Lentil
1777,A3_S1_S2_sequence,CNN1D,2,Wheat,Wheat
1785,A3_S1_S2_sequence,CNN1D,2,Wheat,Wheat
1788,A3_S1_S2_sequence,CNN1D,2,Wheat,Wheat
1789,A3_S1_S2_sequence,CNN1D,2,Wheat,Lentil
1790,A3_S1_S2_sequence,CNN1D,2,Wheat,Wheat
1806,A3_S1_S2_sequence,CNN1D,2,Wheat,Wheat
1807,A3_S1_S2_sequence,CNN1D,2,Wheat,Wheat
1830,A3_S1_S2_sequence,CNN1D,2,Wheat,Mustard
1831,A3_S1_S2_sequence,CNN1D,2,Wheat,Wheat
1832,A3_S1_S2_sequence,CNN1D,2,Wheat,Wheat
1841,A3_S1_S2_sequence,CNN1D,2,No crop/Fallow,Lentil
1898,A3_S1_S2_sequence,CNN1D,2,Wheat,Wheat
1907,A3_S1_S2_sequence,CNN1D,2,Wheat,Wheat
1908,A3_S1_S2_sequence,CNN1D,2,Wheat,Wheat
1909,A3_S1_S2_sequence,CNN1D,2,Lentil,Wheat
1914,A3_S1_S2_sequence,CNN1D,2,Wheat,Wheat
1916,A3_S1_S2_sequence,CNN1D,2,No crop/Fallow,Green pea
1931,A3_S1_S2_sequence,CNN1D,2,Wheat,Wheat
1933,A3_S1_S2_sequence,CNN1D,2,Wheat,Wheat
1934,A3_S1_S2_sequence,CNN1D,2,Wheat,Wheat
1937,A3_S1_S2_sequence,CNN1D,2,Wheat,Green pea
1938,A3_S1_S2_sequence,CNN1D,2,Wheat,Wheat
1939,A3_S1_S2_sequence,CNN1D,2,Wheat,Wheat
1970,A3_S1_S2_sequence,CNN1D,2,Wheat,Wheat
1973,A3_S1_S2_sequence,CNN1D,2,Garlic,Lentil
1974,A3_S1_S2_sequence,CNN1D,2,Mustard,Maize
1975,A3_S1_S2_sequence,CNN1D,2,Wheat,No crop/Fallow
1977,A3_S1_S2_sequence,CNN1D,2,Wheat,Wheat
1978,A3_S1_S2_sequence,CNN1D,2,Wheat,Wheat
1980,A3_S1_S2_sequence,CNN1D,2,Potato,Mustard
1981,A3_S1_S2_sequence,CNN1D,2,Sugarcane,Sugarcane
1982,A3_S1_S2_sequence,CNN1D,2,Wheat,Wheat
1983,A3_S1_S2_sequence,CNN1D,2,Wheat,Wheat
1990,A3_S1_S2_sequence,CNN1D,2,Wheat,Wheat
2041,A3_S1_S2_sequence,CNN1D,2,Mustard,Mustard
2043,A3_S1_S2_sequence,CNN1D,2,Mustard,Sugarcane
2044,A3_S1_S2_sequence,CNN1D,2,Wheat,Wheat
2084,A3_S1_S2_sequence,CNN1D,2,Maize,Bersem
2094,A3_S1_S2_sequence,CNN1D,2,Wheat,Wheat
2095,A3_S1_S2_sequence,CNN1D,2,Sugarcane,Mustard
2099,A3_S1_S2_sequence,CNN1D,2,Wheat,Wheat
2124,A3_S1_S2_sequence,CNN1D,2,Wheat,Wheat
2125,A3_S1_S2_sequence,CNN1D,2,Wheat,Wheat
2150,A3_S1_S2_sequence,CNN1D,2,No crop/Fallow,Sugarcane
2172,A3_S1_S2_sequence,CNN1D,2,Wheat,Wheat
2173,A3_S1_S2_sequence,CNN1D,2,Mustard,Mustard
2197,A3_S1_S2_sequence,CNN1D,2,Wheat,Wheat
2215,A3_S1_S2_sequence,CNN1D,2,Wheat,Wheat
2240,A3_S1_S2_sequence,CNN1D,2,Mustard,Mustard
2241,A3_S1_S2_sequence,CNN1D,2,Mustard,Garlic
2256,A3_S1_S2_sequence,CNN1D,2,Wheat,Lentil
2257,A3_S1_S2_sequence,CNN1D,2,Wheat,Wheat
2267,A3_S1_S2_sequence,CNN1D,2,Mustard,Lentil
2268,A3_S1_S2_sequence,CNN1D,2,Wheat,Green pea
2272,A3_S1_S2_sequence,CNN1D,2,Wheat,Wheat
2273,A3_S1_S2_sequence,CNN1D,2,Mustard,Mustard
2297,A3_S1_S2_sequence,CNN1D,2,No crop/Fallow,Wheat
2298,A3_S1_S2_sequence,CNN1D,2,Wheat,Wheat
2299,A3_S1_S2_sequence,CNN1D,2,Wheat,Wheat
2300,A3_S1_S2_sequence,CNN1D,2,No crop/Fallow,Lentil
2305,A3_S1_S2_sequence,CNN1D,2,Bersem,Wheat
2307,A3_S1_S2_sequence,CNN1D,2,Mustard,Sugarcane
2308,A3_S1_S2_sequence,CNN1D,2,Mustard,Mustard
2309,A3_S1_S2_sequence,CNN1D,2,Mustard,Mustard
2310,A3_S1_S2_sequence,CNN1D,2,Mustard,Green pea
2320,A3_S1_S2_sequence,CNN1D,2,Mustard,Sugarcane
2321,A3_S1_S2_sequence,CNN1D,2,Sugarcane,Sugarcane
2322,A3_S1_S2_sequence,CNN1D,2,Sugarcane,Sugarcane
2342,A3_S1_S2_sequence,CNN1D,2,Wheat,Wheat
2343,A3_S1_S2_sequence,CNN1D,2,Mustard,Potato
2347,A3_S1_S2_sequence,CNN1D,2,Wheat,Wheat
2357,A3_S1_S2_sequence,CNN1D,2,Mustard,Mustard
2378,A3_S1_S2_sequence,CNN1D,2,Sugarcane,Sugarcane
2380,A3_S1_S2_sequence,CNN1D,2,Sugarcane,Sugarcane
2388,A3_S1_S2_sequence,CNN1D,2,Wheat,Wheat
2389,A3_S1_S2_sequence,CNN1D,2,Wheat,Wheat
2398,A3_S1_S2_sequence,CNN1D,2,Wheat,Wheat
2400,A3_S1_S2_sequence,CNN1D,2,Wheat,Wheat
2405,A3_S1_S2_sequence,CNN1D,2,Wheat,Wheat
2407,A3_S1_S2_sequence,CNN1D,2,Mustard,Mustard
2412,A3_S1_S2_sequence,CNN1D,2,Wheat,Wheat
2441,A3_S1_S2_sequence,CNN1D,2,Wheat,Wheat
2442,A3_S1_S2_sequence,CNN1D,2,Wheat,Wheat
2443,A3_S1_S2_sequence,CNN1D,2,Wheat,Bersem
2445,A3_S1_S2_sequence,CNN1D,2,Wheat,Sugarcane
2446,A3_S1_S2_sequence,CNN1D,2,No crop/Fallow,Maize
2447,A3_S1_S2_sequence,CNN1D,2,No crop/Fallow,Sugarcane
2469,A3_S1_S2_sequence,CNN1D,2,Mustard,Mustard
2477,A3_S1_S2_sequence,CNN1D,2,Wheat,Wheat
2478,A3_S1_S2_sequence,CNN1D,2,Mustard,Mustard
2479,A3_S1_S2_sequence,CNN1D,2,Potato,Mustard
2480,A3_S1_S2_sequence,CNN1D,2,Mustard,Mustard
2487,A3_S1_S2_sequence,CNN1D,2,No crop/Fallow,Mustard
2489,A3_S1_S2_sequence,CNN1D,2,Wheat,Wheat
2490,A3_S1_S2_sequence,CNN1D,2,Wheat,Lentil
2491,A3_S1_S2_sequence,CNN1D,2,Wheat,Sugarcane
2497,A3_S1_S2_sequence,CNN1D,2,Wheat,Sugarcane
2498,A3_S1_S2_sequence,CNN1D,2,Wheat,Wheat
2499,A3_S1_S2_sequence,CNN1D,2,Wheat,Wheat
2500,A3_S1_S2_sequence,CNN1D,2,Mustard,Green pea
2506,A3_S1_S2_sequence,CNN1D,2,Mustard,Wheat
2507,A3_S1_S2_sequence,CNN1D,2,Mustard,Mustard
2508,A3_S1_S2_sequence,CNN1D,2,Wheat,Wheat
2546,A3_S1_S2_sequence,CNN1D,2,Wheat,Wheat
2553,A3_S1_S2_sequence,CNN1D,2,Wheat,Wheat
2554,A3_S1_S2_sequence,CNN1D,2,Wheat,Wheat
2555,A3_S1_S2_sequence,CNN1D,2,No crop/Fallow,Sugarcane
2557,A3_S1_S2_sequence,CNN1D,2,Wheat,Wheat
2569,A3_S1_S2_sequence,CNN1D,2,Wheat,Wheat
2570,A3_S1_S2_sequence,CNN1D,2,Wheat,Wheat
2571,A3_S1_S2_sequence,CNN1D,2,Wheat,Wheat
2572,A3_S1_S2_sequence,CNN1D,2,Wheat,Mustard
2573,A3_S1_S2_sequence,CNN1D,2,Wheat,Wheat
2574,A3_S1_S2_sequence,CNN1D,2,Wheat,Wheat
2593,A3_S1_S2_sequence,CNN1D,2,Mustard,Mustard
2594,A3_S1_S2_sequence,CNN1D,2,Wheat,Wheat
2595,A3_S1_S2_sequence,CNN1D,2,Wheat,Wheat
2597,A3_S1_S2_sequence,CNN1D,2,Mustard,Mustard
2598,A3_S1_S2_sequence,CNN1D,2,Wheat,Wheat
2604,A3_S1_S2_sequence,CNN1D,2,Wheat,Bersem
2605,A3_S1_S2_sequence,CNN1D,2,Wheat,Wheat
2606,A3_S1_S2_sequence,CNN1D,2,Wheat,Wheat
2607,A3_S1_S2_sequence,CNN1D,2,Wheat,Wheat
2629,A3_S1_S2_sequence,CNN1D,2,Sugarcane,Sugarcane
2630,A3_S1_S2_sequence,CNN1D,2,Wheat,Wheat
2640,A3_S1_S2_sequence,CNN1D,2,Wheat,Wheat
2646,A3_S1_S2_sequence,CNN1D,2,Wheat,Wheat
2652,A3_S1_S2_sequence,CNN1D,2,Mustard,Mustard
2653,A3_S1_S2_sequence,CNN1D,2,Wheat,Sugarcane
2678,A3_S1_S2_sequence,CNN1D,2,Wheat,Wheat
2679,A3_S1_S2_sequence,CNN1D,2,Wheat,Wheat
2695,A3_S1_S2_sequence,CNN1D,2,Wheat,Wheat
2697,A3_S1_S2_sequence,CNN1D,2,Sugarcane,Sugarcane
2699,A3_S1_S2_sequence,CNN1D,2,Wheat,Wheat
2718,A3_S1_S2_sequence,CNN1D,2,No crop/Fallow,Sugarcane
2719,A3_S1_S2_sequence,CNN1D,2,Wheat,Lentil
2720,A3_S1_S2_sequence,CNN1D,2,Wheat,Wheat
2721,A3_S1_S2_sequence,CNN1D,2,Lentil,Wheat
2722,A3_S1_S2_sequence,CNN1D,2,Wheat,Wheat
2723,A3_S1_S2_sequence,CNN1D,2,No crop/Fallow,Wheat
2724,A3_S1_S2_sequence,CNN1D,2,Wheat,Wheat
2750,A3_S1_S2_sequence,CNN1D,2,Wheat,Wheat
2751,A3_S1_S2_sequence,CNN1D,2,Wheat,Wheat
2752,A3_S1_S2_sequence,CNN1D,2,Wheat,Wheat
2753,A3_S1_S2_sequence,CNN1D,2,Wheat,Wheat
2754,A3_S1_S2_sequence,CNN1D,2,Mustard,Coriander
2770,A3_S1_S2_sequence,CNN1D,2,Bersem,Lentil
2772,A3_S1_S2_sequence,CNN1D,2,Wheat,Wheat
2773,A3_S1_S2_sequence,CNN1D,2,Wheat,Wheat
2781,A3_S1_S2_sequence,CNN1D,2,Lentil,Lentil
2783,A3_S1_S2_sequence,CNN1D,2,Wheat,Wheat
2784,A3_S1_S2_sequence,CNN1D,2,Mustard,Sugarcane
2786,A3_S1_S2_sequence,CNN1D,2,Mustard,Potato
2787,A3_S1_S2_sequence,CNN1D,2,Sugarcane,Sugarcane
2788,A3_S1_S2_sequence,CNN1D,2,Wheat,Sugarcane
2789,A3_S1_S2_sequence,CNN1D,2,Wheat,Wheat
2790,A3_S1_S2_sequence,CNN1D,2,Wheat,Wheat
2806,A3_S1_S2_sequence,CNN1D,2,Wheat,Lentil
2808,A3_S1_S2_sequence,CNN1D,2,Mustard,Wheat
2813,A3_S1_S2_sequence,CNN1D,2,Mustard,Wheat
2814,A3_S1_S2_sequence,CNN1D,2,Wheat,Wheat
2815,A3_S1_S2_sequence,CNN1D,2,Wheat,Wheat
2820,A3_S1_S2_sequence,CNN1D,2,Wheat,Wheat
2824,A3_S1_S2_sequence,CNN1D,2,Wheat,Wheat
2826,A3_S1_S2_sequence,CNN1D,2,Wheat,Wheat
2836,A3_S1_S2_sequence,CNN1D,2,Wheat,Wheat
2837,A3_S1_S2_sequence,CNN1D,2,Wheat,Wheat
2860,A3_S1_S2_sequence,CNN1D,2,Wheat,Wheat
2861,A3_S1_S2_sequence,CNN1D,2,Wheat,Wheat
2869,A3_S1_S2_sequence,CNN1D,2,Wheat,Wheat
2870,A3_S1_S2_sequence,CNN1D,2,Sugarcane,Sugarcane
2881,A3_S1_S2_sequence,CNN1D,2,Wheat,Mustard
2882,A3_S1_S2_sequence,CNN1D,2,Mustard,Lentil
2904,A3_S1_S2_sequence,CNN1D,2,Sugarcane,Mustard
2906,A3_S1_S2_sequence,CNN1D,2,Sugarcane,Sugarcane
2907,A3_S1_S2_sequence,CNN1D,2,Wheat,Wheat
2908,A3_S1_S2_sequence,CNN1D,2,Mustard,Potato
2922,A3_S1_S2_sequence,CNN1D,2,Mustard,Green pea
2923,A3_S1_S2_sequence,CNN1D,2,Wheat,Wheat
2924,A3_S1_S2_sequence,CNN1D,2,Wheat,Wheat
2925,A3_S1_S2_sequence,CNN1D,2,Wheat,Wheat
2938,A3_S1_S2_sequence,CNN1D,2,Mustard,Wheat
2940,A3_S1_S2_sequence,CNN1D,2,Sugarcane,Sugarcane
2941,A3_S1_S2_sequence,CNN1D,2,No crop/Fallow,Lentil
2965,A3_S1_S2_sequence,CNN1D,2,Mustard,Mustard
2966,A3_S1_S2_sequence,CNN1D,2,Sugarcane,Sugarcane
2967,A3_S1_S2_sequence,CNN1D,2,Wheat,Bersem
2970,A3_S1_S2_sequence,CNN1D,2,Wheat,Wheat
2971,A3_S1_S2_sequence,CNN1D,2,No crop/Fallow,Mustard
2972,A3_S1_S2_sequence,CNN1D,2,Wheat,Wheat
2973,A3_S1_S2_sequence,CNN1D,2,Wheat,Wheat
2983,A3_S1_S2_sequence,CNN1D,2,Wheat,Wheat
3016,A3_S1_S2_sequence,CNN1D,2,Wheat,Wheat
3017,A3_S1_S2_sequence,CNN1D,2,Wheat,Wheat
3019,A3_S1_S2_sequence,CNN1D,2,Wheat,Wheat
3020,A3_S1_S2_sequence,CNN1D,2,Wheat,Wheat
3021,A3_S1_S2_sequence,CNN1D,2,Mustard,Lentil
3022,A3_S1_S2_sequence,CNN1D,2,Wheat,Wheat
3023,A3_S1_S2_sequence,CNN1D,2,Wheat,Wheat
3024,A3_S1_S2_sequence,CNN1D,2,Sugarcane,Lentil
3025,A3_S1_S2_sequence,CNN1D,2,Mustard,Mustard
3041,A3_S1_S2_sequence,CNN1D,2,Wheat,Wheat
3042,A3_S1_S2_sequence,CNN1D,2,Mustard,Wheat
3043,A3_S1_S2_sequence,CNN1D,2,Wheat,Wheat
3066,A3_S1_S2_sequence,CNN1D,2,Maize,Green pea
3067,A3_S1_S2_sequence,CNN1D,2,Wheat,Wheat
3089,A3_S1_S2_sequence,CNN1D,2,Wheat,Wheat
3108,A3_S1_S2_sequence,CNN1D,2,Mustard,Wheat
3109,A3_S1_S2_sequence,CNN1D,2,Wheat,Wheat
3110,A3_S1_S2_sequence,CNN1D,2,Mustard,Mustard
3111,A3_S1_S2_sequence,CNN1D,2,Wheat,Lentil
3112,A3_S1_S2_sequence,CNN1D,2,Wheat,Wheat
3114,A3_S1_S2_sequence,CNN1D,2,Wheat,Wheat
3146,A3_S1_S2_sequence,CNN1D,2,Wheat,Wheat
3148,A3_S1_S2_sequence,CNN1D,2,Wheat,Wheat
3149,A3_S1_S2_sequence,CNN1D,2,Mustard,Mustard
3150,A3_S1_S2_sequence,CNN1D,2,Wheat,Bersem
3154,A3_S1_S2_sequence,CNN1D,2,Wheat,Wheat
3155,A3_S1_S2_sequence,CNN1D,2,Wheat,Wheat
3157,A3_S1_S2_sequence,CNN1D,2,Wheat,Lentil
3167,A3_S1_S2_sequence,CNN1D,2,Wheat,Wheat
3168,A3_S1_S2_sequence,CNN1D,2,Wheat,Wheat
3169,A3_S1_S2_sequence,CNN1D,2,Lentil,Lentil
3182,A3_S1_S2_sequence,CNN1D,2,Wheat,Wheat
3202,A3_S1_S2_sequence,CNN1D,2,No crop/Fallow,Sugarcane
3203,A3_S1_S2_sequence,CNN1D,2,Sugarcane,Sugarcane
3236,A3_S1_S2_sequence,CNN1D,2,Green pea,Sugarcane
3237,A3_S1_S2_sequence,CNN1D,2,Wheat,Lentil
3238,A3_S1_S2_sequence,CNN1D,2,Wheat,Green pea
3257,A3_S1_S2_sequence,CNN1D,2,Wheat,Wheat
3258,A3_S1_S2_sequence,CNN1D,2,Bersem,Bersem
3259,A3_S1_S2_sequence,CNN1D,2,Wheat,Wheat
3260,A3_S1_S2_sequence,CNN1D,2,Lentil,Wheat
3261,A3_S1_S2_sequence,CNN1D,2,Lentil,Lentil
3262,A3_S1_S2_sequence,CNN1D,2,Wheat,Wheat
3263,A3_S1_S2_sequence,CNN1D,2,Wheat,Wheat
3266,A3_S1_S2_sequence,CNN1D,2,Wheat,Green pea
3268,A3_S1_S2_sequence,CNN1D,2,Wheat,Wheat
3269,A3_S1_S2_sequence,CNN1D,2,Mustard,Mustard
3278,A3_S1_S2_sequence,CNN1D,2,Mustard,Wheat
3280,A3_S1_S2_sequence,CNN1D,2,Wheat,Wheat
3281,A3_S1_S2_sequence,CNN1D,2,Mustard,Wheat
3282,A3_S1_S2_sequence,CNN1D,2,Wheat,Wheat
3283,A3_S1_S2_sequence,CNN1D,2,Wheat,Wheat
3284,A3_S1_S2_sequence,CNN1D,2,Wheat,Wheat
3285,A3_S1_S2_sequence,CNN1D,2,Wheat,Wheat
3288,A3_S1_S2_sequence,CNN1D,2,Wheat,Wheat
3289,A3_S1_S2_sequence,CNN1D,2,Wheat,Wheat
3300,A3_S1_S2_sequence,CNN1D,2,Mustard,Lentil
3301,A3_S1_S2_sequence,CNN1D,2,Wheat,Wheat
3302,A3_S1_S2_sequence,CNN1D,2,Wheat,Wheat
3308,A3_S1_S2_sequence,CNN1D,2,Wheat,Wheat
3309,A3_S1_S2_sequence,CNN1D,2,Wheat,Wheat
3310,A3_S1_S2_sequence,CNN1D,2,Wheat,Wheat
3324,A3_S1_S2_sequence,CNN1D,2,Mustard,Wheat
3325,A3_S1_S2_sequence,CNN1D,2,Wheat,Wheat
3326,A3_S1_S2_sequence,CNN1D,2,Wheat,Wheat
3330,A3_S1_S2_sequence,CNN1D,2,Sugarcane,Sugarcane
3377,A3_S1_S2_sequence,CNN1D,2,Potato,Sugarcane
3378,A3_S1_S2_sequence,CNN1D,2,Sugarcane,Sugarcane
3384,A3_S1_S2_sequence,CNN1D,2,Wheat,Mustard
3385,A3_S1_S2_sequence,CNN1D,2,Wheat,Potato
3386,A3_S1_S2_sequence,CNN1D,2,Wheat,Wheat
3392,A3_S1_S2_sequence,CNN1D,2,Mustard,Wheat
3393,A3_S1_S2_sequence,CNN1D,2,Wheat,Wheat
3394,A3_S1_S2_sequence,CNN1D,2,Wheat,Wheat
3432,A3_S1_S2_sequence,CNN1D,2,Wheat,Wheat
3433,A3_S1_S2_sequence,CNN1D,2,Wheat,Green pea
3476,A3_S1_S2_sequence,CNN1D,2,Wheat,Wheat
3477,A3_S1_S2_sequence,CNN1D,2,Wheat,Wheat
3486,A3_S1_S2_sequence,CNN1D,2,No crop/Fallow,Sugarcane
3491,A3_S1_S2_sequence,CNN1D,2,Wheat,Wheat
3503,A3_S1_S2_sequence,CNN1D,2,Wheat,Wheat
3504,A3_S1_S2_sequence,CNN1D,2,Coriander,Lentil
3512,A3_S1_S2_sequence,CNN1D,2,Wheat,Wheat
3513,A3_S1_S2_sequence,CNN1D,2,Wheat,Wheat
3514,A3_S1_S2_sequence,CNN1D,2,Wheat,Wheat
3515,A3_S1_S2_sequence,CNN1D,2,Wheat,Wheat
3522,A3_S1_S2_sequence,CNN1D,2,Mustard,Lentil
3523,A3_S1_S2_sequence,CNN1D,2,No crop/Fallow,Lentil
3524,A3_S1_S2_sequence,CNN1D,2,Wheat,Wheat
3525,A3_S1_S2_sequence,CNN1D,2,Wheat,Wheat
3526,A3_S1_S2_sequence,CNN1D,2,Lentil,Mustard
3567,A3_S1_S2_sequence,CNN1D,2,Mustard,Lentil
3568,A3_S1_S2_sequence,CNN1D,2,Wheat,Wheat
3569,A3_S1_S2_sequence,CNN1D,2,Wheat,Wheat
3580,A3_S1_S2_sequence,CNN1D,2,Wheat,Wheat
3581,A3_S1_S2_sequence,CNN1D,2,Wheat,Lentil
3587,A3_S1_S2_sequence,CNN1D,2,Wheat,Wheat
3588,A3_S1_S2_sequence,CNN1D,2,Wheat,Wheat
3589,A3_S1_S2_sequence,CNN1D,2,Wheat,Wheat
3594,A3_S1_S2_sequence,CNN1D,2,Sugarcane,Lentil
3603,A3_S1_S2_sequence,CNN1D,2,Mustard,Lentil
3604,A3_S1_S2_sequence,CNN1D,2,Wheat,Wheat
3606,A3_S1_S2_sequence,CNN1D,2,Mustard,Wheat
3607,A3_S1_S2_sequence,CNN1D,2,Wheat,Lentil
3655,A3_S1_S2_sequence,CNN1D,2,No crop/Fallow,No crop/Fallow
3661,A3_S1_S2_sequence,CNN1D,2,No crop/Fallow,No crop/Fallow
3662,A3_S1_S2_sequence,CNN1D,2,No crop/Fallow,No crop/Fallow
3663,A3_S1_S2_sequence,CNN1D,2,No crop/Fallow,No crop/Fallow
3669,A3_S1_S2_sequence,CNN1D,2,No crop/Fallow,Rice
3670,A3_S1_S2_sequence,CNN1D,2,No crop/Fallow,Rice
3691,A3_S1_S2_sequence,CNN1D,2,No crop/Fallow,Rice
3692,A3_S1_S2_sequence,CNN1D,2,No crop/Fallow,Rice
3693,A3_S1_S2_sequence,CNN1D,2,No crop/Fallow,Rice
3694,A3_S1_S2_sequence,CNN1D,2,No crop/Fallow,No crop/Fallow
3695,A3_S1_S2_sequence,CNN1D,2,No crop/Fallow,Rice
3696,A3_S1_S2_sequence,CNN1D,2,No crop/Fallow,Rice
3704,A3_S1_S2_sequence,CNN1D,2,No crop/Fallow,No crop/Fallow
3705,A3_S1_S2_sequence,CNN1D,2,No crop/Fallow,No crop/Fallow
3708,A3_S1_S2_sequence,CNN1D,2,No crop/Fallow,No crop/Fallow
3709,A3_S1_S2_sequence,CNN1D,2,No crop/Fallow,No crop/Fallow
3710,A3_S1_S2_sequence,CNN1D,2,No crop/Fallow,Rice
3718,A3_S1_S2_sequence,CNN1D,2,Maize,No crop/Fallow
3719,A3_S1_S2_sequence,CNN1D,2,Rice,No crop/Fallow
3740,A3_S1_S2_sequence,CNN1D,2,No crop/Fallow,No crop/Fallow
3741,A3_S1_S2_sequence,CNN1D,2,Rice,Rice
3742,A3_S1_S2_sequence,CNN1D,2,No crop/Fallow,No crop/Fallow
3743,A3_S1_S2_sequence,CNN1D,2,No crop/Fallow,Rice
3744,A3_S1_S2_sequence,CNN1D,2,No crop/Fallow,No crop/Fallow
3756,A3_S1_S2_sequence,CNN1D,2,No crop/Fallow,No crop/Fallow
3802,A3_S1_S2_sequence,CNN1D,2,No crop/Fallow,No crop/Fallow
3803,A3_S1_S2_sequence,CNN1D,2,No crop/Fallow,No crop/Fallow
3810,A3_S1_S2_sequence,CNN1D,2,No crop/Fallow,No crop/Fallow
3827,A3_S1_S2_sequence,CNN1D,2,No crop/Fallow,No crop/Fallow
3828,A3_S1_S2_sequence,CNN1D,2,No crop/Fallow,Rice
3829,A3_S1_S2_sequence,CNN1D,2,No crop/Fallow,Rice
3837,A3_S1_S2_sequence,CNN1D,2,No crop/Fallow,Potato
3839,A3_S1_S2_sequence,CNN1D,2,No crop/Fallow,No crop/Fallow
3840,A3_S1_S2_sequence,CNN1D,2,No crop/Fallow,No crop/Fallow
3841,A3_S1_S2_sequence,CNN1D,2,No crop/Fallow,No crop/Fallow
3842,A3_S1_S2_sequence,CNN1D,2,No crop/Fallow,No crop/Fallow
3843,A3_S1_S2_sequence,CNN1D,2,No crop/Fallow,No crop/Fallow
3852,A3_S1_S2_sequence,CNN1D,2,No crop/Fallow,No crop/Fallow
3853,A3_S1_S2_sequence,CNN1D,2,No crop/Fallow,No crop/Fallow
3854,A3_S1_S2_sequence,CNN1D,2,No crop/Fallow,No crop/Fallow
3877,A3_S1_S2_sequence,CNN1D,2,No crop/Fallow,No crop/Fallow
3882,A3_S1_S2_sequence,CNN1D,2,No crop/Fallow,Rice
3883,A3_S1_S2_sequence,CNN1D,2,No crop/Fallow,No crop/Fallow
3890,A3_S1_S2_sequence,CNN1D,2,No crop/Fallow,No crop/Fallow
3891,A3_S1_S2_sequence,CNN1D,2,No crop/Fallow,No crop/Fallow
3892,A3_S1_S2_sequence,CNN1D,2,No crop/Fallow,No crop/Fallow
3894,A3_S1_S2_sequence,CNN1D,2,No crop/Fallow,No crop/Fallow
3895,A3_S1_S2_sequence,CNN1D,2,No crop/Fallow,Rice
3916,A3_S1_S2_sequence,CNN1D,2,No crop/Fallow,No crop/Fallow
3917,A3_S1_S2_sequence,CNN1D,2,No crop/Fallow,No crop/Fallow
3918,A3_S1_S2_sequence,CNN1D,2,No crop/Fallow,No crop/Fallow
3919,A3_S1_S2_sequence,CNN1D,2,No crop/Fallow,No crop/Fallow
3920,A3_S1_S2_sequence,CNN1D,2,No crop/Fallow,No crop/Fallow
3921,A3_S1_S2_sequence,CNN1D,2,No crop/Fallow,No crop/Fallow
3947,A3_S1_S2_sequence,CNN1D,2,No crop/Fallow,No crop/Fallow
3948,A3_S1_S2_sequence,CNN1D,2,No crop/Fallow,No crop/Fallow
3950,A3_S1_S2_sequence,CNN1D,2,No crop/Fallow,No crop/Fallow
3951,A3_S1_S2_sequence,CNN1D,2,No crop/Fallow,No crop/Fallow
3962,A3_S1_S2_sequence,CNN1D,2,No crop/Fallow,No crop/Fallow
3963,A3_S1_S2_sequence,CNN1D,2,No crop/Fallow,No crop/Fallow
3964,A3_S1_S2_sequence,CNN1D,2,No crop/Fallow,No crop/Fallow
3965,A3_S1_S2_sequence,CNN1D,2,No crop/Fallow,No crop/Fallow
3966,A3_S1_S2_sequence,CNN1D,2,No crop/Fallow,No crop/Fallow
3972,A3_S1_S2_sequence,CNN1D,2,Potato,Gram
3976,A3_S1_S2_sequence,CNN1D,2,No crop/Fallow,No crop/Fallow
3977,A3_S1_S2_sequence,CNN1D,2,No crop/Fallow,No crop/Fallow
3985,A3_S1_S2_sequence,CNN1D,2,Maize,No crop/Fallow
3986,A3_S1_S2_sequence,CNN1D,2,No crop/Fallow,No crop/Fallow
3987,A3_S1_S2_sequence,CNN1D,2,No crop/Fallow,No crop/Fallow
3988,A3_S1_S2_sequence,CNN1D,2,No crop/Fallow,No crop/Fallow
4000,A3_S1_S2_sequence,CNN1D,2,No crop/Fallow,No crop/Fallow
4001,A3_S1_S2_sequence,CNN1D,2,No crop/Fallow,No crop/Fallow
4004,A3_S1_S2_sequence,CNN1D,2,No crop/Fallow,No crop/Fallow
4005,A3_S1_S2_sequence,CNN1D,2,No crop/Fallow,No crop/Fallow
4009,A3_S1_S2_sequence,CNN1D,2,No crop/Fallow,No crop/Fallow
4010,A3_S1_S2_sequence,CNN1D,2,No crop/Fallow,No crop/Fallow
4012,A3_S1_S2_sequence,CNN1D,2,No crop/Fallow,No crop/Fallow
4013,A3_S1_S2_sequence,CNN1D,2,No crop/Fallow,No crop/Fallow
4014,A3_S1_S2_sequence,CNN1D,2,No crop/Fallow,No crop/Fallow
4019,A3_S1_S2_sequence,CNN1D,2,No crop/Fallow,Rice
4021,A3_S1_S2_sequence,CNN1D,2,No crop/Fallow,No crop/Fallow
4022,A3_S1_S2_sequence,CNN1D,2,No crop/Fallow,No crop/Fallow
4023,A3_S1_S2_sequence,CNN1D,2,No crop/Fallow,No crop/Fallow
4033,A3_S1_S2_sequence,CNN1D,2,No crop/Fallow,No crop/Fallow
4034,A3_S1_S2_sequence,CNN1D,2,No crop/Fallow,No crop/Fallow
4035,A3_S1_S2_sequence,CNN1D,2,No crop/Fallow,No crop/Fallow
4036,A3_S1_S2_sequence,CNN1D,2,No crop/Fallow,No crop/Fallow
4037,A3_S1_S2_sequence,CNN1D,2,No crop/Fallow,No crop/Fallow
4047,A3_S1_S2_sequence,CNN1D,2,No crop/Fallow,No crop/Fallow
4048,A3_S1_S2_sequence,CNN1D,2,No crop/Fallow,Rice
4050,A3_S1_S2_sequence,CNN1D,2,No crop/Fallow,No crop/Fallow
4088,A3_S1_S2_sequence,CNN1D,2,No crop/Fallow,No crop/Fallow
4091,A3_S1_S2_sequence,CNN1D,2,No crop/Fallow,No crop/Fallow
4092,A3_S1_S2_sequence,CNN1D,2,No crop/Fallow,No crop/Fallow
4093,A3_S1_S2_sequence,CNN1D,2,No crop/Fallow,No crop/Fallow
4102,A3_S1_S2_sequence,CNN1D,2,No crop/Fallow,Rice
4103,A3_S1_S2_sequence,CNN1D,2,No crop/Fallow,No crop/Fallow
4119,A3_S1_S2_sequence,CNN1D,2,No crop/Fallow,Rice
4120,A3_S1_S2_sequence,CNN1D,2,Rice,Rice
4130,A3_S1_S2_sequence,CNN1D,2,No crop/Fallow,No crop/Fallow
4131,A3_S1_S2_sequence,CNN1D,2,No crop/Fallow,Rice
4132,A3_S1_S2_sequence,CNN1D,2,No crop/Fallow,No crop/Fallow
4135,A3_S1_S2_sequence,CNN1D,2,No crop/Fallow,No crop/Fallow
4142,A3_S1_S2_sequence,CNN1D,2,No crop/Fallow,No crop/Fallow
4146,A3_S1_S2_sequence,CNN1D,2,No crop/Fallow,No crop/Fallow
4147,A3_S1_S2_sequence,CNN1D,2,No crop/Fallow,No crop/Fallow
4149,A3_S1_S2_sequence,CNN1D,2,No crop/Fallow,No crop/Fallow
4151,A3_S1_S2_sequence,CNN1D,2,No crop/Fallow,No crop/Fallow
4156,A3_S1_S2_sequence,CNN1D,2,No crop/Fallow,No crop/Fallow
4158,A3_S1_S2_sequence,CNN1D,2,No crop/Fallow,No crop/Fallow
4159,A3_S1_S2_sequence,CNN1D,2,No crop/Fallow,No crop/Fallow
4160,A3_S1_S2_sequence,CNN1D,2,No crop/Fallow,No crop/Fallow
4167,A3_S1_S2_sequence,CNN1D,2,No crop/Fallow,No crop/Fallow
4168,A3_S1_S2_sequence,CNN1D,2,No crop/Fallow,No crop/Fallow
4187,A3_S1_S2_sequence,CNN1D,2,Rice,No crop/Fallow
4188,A3_S1_S2_sequence,CNN1D,2,Rice,No crop/Fallow
4209,A3_S1_S2_sequence,CNN1D,2,No crop/Fallow,No crop/Fallow
4211,A3_S1_S2_sequence,CNN1D,2,No crop/Fallow,No crop/Fallow
4218,A3_S1_S2_sequence,CNN1D,2,No crop/Fallow,Rice
4219,A3_S1_S2_sequence,CNN1D,2,No crop/Fallow,No crop/Fallow
4220,A3_S1_S2_sequence,CNN1D,2,No crop/Fallow,Potato
4221,A3_S1_S2_sequence,CNN1D,2,No crop/Fallow,No crop/Fallow
4222,A3_S1_S2_sequence,CNN1D,2,No crop/Fallow,Rice
4223,A3_S1_S2_sequence,CNN1D,2,No crop/Fallow,Rice
4224,A3_S1_S2_sequence,CNN1D,2,No crop/Fallow,Rice
4225,A3_S1_S2_sequence,CNN1D,2,No crop/Fallow,No crop/Fallow
4226,A3_S1_S2_sequence,CNN1D,2,No crop/Fallow,No crop/Fallow
4227,A3_S1_S2_sequence,CNN1D,2,No crop/Fallow,No crop/Fallow
4250,A3_S1_S2_sequence,CNN1D,2,No crop/Fallow,No crop/Fallow
4251,A3_S1_S2_sequence,CNN1D,2,No crop/Fallow,No crop/Fallow
4252,A3_S1_S2_sequence,CNN1D,2,No crop/Fallow,No crop/Fallow
4253,A3_S1_S2_sequence,CNN1D,2,No crop/Fallow,No crop/Fallow
4264,A3_S1_S2_sequence,CNN1D,2,Maize,Green pea
4273,A3_S1_S2_sequence,CNN1D,2,No crop/Fallow,No crop/Fallow
4287,A3_S1_S2_sequence,CNN1D,2,No crop/Fallow,No crop/Fallow
4288,A3_S1_S2_sequence,CNN1D,2,No crop/Fallow,No crop/Fallow
4298,A3_S1_S2_sequence,CNN1D,2,No crop/Fallow,No crop/Fallow
4299,A3_S1_S2_sequence,CNN1D,2,No crop/Fallow,No crop/Fallow
4301,A3_S1_S2_sequence,CNN1D,2,No crop/Fallow,No crop/Fallow
4306,A3_S1_S2_sequence,CNN1D,2,No crop/Fallow,Potato
4307,A3_S1_S2_sequence,CNN1D,2,No crop/Fallow,Rice
4308,A3_S1_S2_sequence,CNN1D,2,No crop/Fallow,No crop/Fallow
4309,A3_S1_S2_sequence,CNN1D,2,No crop/Fallow,No crop/Fallow
4310,A3_S1_S2_sequence,CNN1D,2,No crop/Fallow,No crop/Fallow
4311,A3_S1_S2_sequence,CNN1D,2,No crop/Fallow,No crop/Fallow
4327,A3_S1_S2_sequence,CNN1D,2,No crop/Fallow,No crop/Fallow
4368,A3_S1_S2_sequence,CNN1D,2,Rice,No crop/Fallow
4379,A3_S1_S2_sequence,CNN1D,2,No crop/Fallow,Rice
4380,A3_S1_S2_sequence,CNN1D,2,No crop/Fallow,Rice
4381,A3_S1_S2_sequence,CNN1D,2,No crop/Fallow,Rice
4382,A3_S1_S2_sequence,CNN1D,2,No crop/Fallow,Rice
4383,A3_S1_S2_sequence,CNN1D,2,No crop/Fallow,No crop/Fallow
4386,A3_S1_S2_sequence,CNN1D,2,Rice,Rice
4387,A3_S1_S2_sequence,CNN1D,2,Rice,Rice
4388,A3_S1_S2_sequence,CNN1D,2,Rice,No crop/Fallow
4416,A3_S1_S2_sequence,CNN1D,2,No crop/Fallow,No crop/Fallow
4421,A3_S1_S2_sequence,CNN1D,2,No crop/Fallow,Rice
4423,A3_S1_S2_sequence,CNN1D,2,No crop/Fallow,No crop/Fallow
4424,A3_S1_S2_sequence,CNN1D,2,No crop/Fallow,Rice
4425,A3_S1_S2_sequence,CNN1D,2,No crop/Fallow,Rice
4427,A3_S1_S2_sequence,CNN1D,2,No crop/Fallow,No crop/Fallow
4434,A3_S1_S2_sequence,CNN1D,2,No crop/Fallow,No crop/Fallow
4481,A3_S1_S2_sequence,CNN1D,2,No crop/Fallow,No crop/Fallow
4495,A3_S1_S2_sequence,CNN1D,2,No crop/Fallow,Rice
4497,A3_S1_S2_sequence,CNN1D,2,No crop/Fallow,No crop/Fallow
4498,A3_S1_S2_sequence,CNN1D,2,No crop/Fallow,No crop/Fallow
4499,A3_S1_S2_sequence,CNN1D,2,No crop/Fallow,Rice
4500,A3_S1_S2_sequence,CNN1D,2,No crop/Fallow,Rice
4524,A3_S1_S2_sequence,CNN1D,2,No crop/Fallow,No crop/Fallow
4525,A3_S1_S2_sequence,CNN1D,2,No crop/Fallow,Rice
4535,A3_S1_S2_sequence,CNN1D,2,No crop/Fallow,No crop/Fallow
4536,A3_S1_S2_sequence,CNN1D,2,No crop/Fallow,Rice
4547,A3_S1_S2_sequence,CNN1D,2,No crop/Fallow,No crop/Fallow
4548,A3_S1_S2_sequence,CNN1D,2,No crop/Fallow,No crop/Fallow
4552,A3_S1_S2_sequence,CNN1D,2,No crop/Fallow,No crop/Fallow
4553,A3_S1_S2_sequence,CNN1D,2,No crop/Fallow,No crop/Fallow
4554,A3_S1_S2_sequence,CNN1D,2,No crop/Fallow,No crop/Fallow
4564,A3_S1_S2_sequence,CNN1D,2,No crop/Fallow,No crop/Fallow
4565,A3_S1_S2_sequence,CNN1D,2,No crop/Fallow,No crop/Fallow
4567,A3_S1_S2_sequence,CNN1D,2,No crop/Fallow,No crop/Fallow
4568,A3_S1_S2_sequence,CNN1D,2,No crop/Fallow,No crop/Fallow
4608,A3_S1_S2_sequence,CNN1D,2,No crop/Fallow,Rice
4613,A3_S1_S2_sequence,CNN1D,2,No crop/Fallow,No crop/Fallow
4615,A3_S1_S2_sequence,CNN1D,2,No crop/Fallow,No crop/Fallow
4636,A3_S1_S2_sequence,CNN1D,2,No crop/Fallow,Rice
4640,A3_S1_S2_sequence,CNN1D,2,No crop/Fallow,No crop/Fallow
4641,A3_S1_S2_sequence,CNN1D,2,No crop/Fallow,No crop/Fallow
4642,A3_S1_S2_sequence,CNN1D,2,No crop/Fallow,No crop/Fallow
4643,A3_S1_S2_sequence,CNN1D,2,No crop/Fallow,No crop/Fallow
4645,A3_S1_S2_sequence,CNN1D,2,No crop/Fallow,No crop/Fallow
4649,A3_S1_S2_sequence,CNN1D,2,No crop/Fallow,Rice
4658,A3_S1_S2_sequence,CNN1D,2,No crop/Fallow,No crop/Fallow
4659,A3_S1_S2_sequence,CNN1D,2,No crop/Fallow,Rice
4660,A3_S1_S2_sequence,CNN1D,2,No crop/Fallow,No crop/Fallow
4661,A3_S1_S2_sequence,CNN1D,2,No crop/Fallow,Rice
4663,A3_S1_S2_sequence,CNN1D,2,No crop/Fallow,No crop/Fallow
4664,A3_S1_S2_sequence,CNN1D,2,No crop/Fallow,No crop/Fallow
4670,A3_S1_S2_sequence,CNN1D,2,No crop/Fallow,No crop/Fallow
4672,A3_S1_S2_sequence,CNN1D,2,No crop/Fallow,No crop/Fallow
4674,A3_S1_S2_sequence,CNN1D,2,No crop/Fallow,No crop/Fallow
4677,A3_S1_S2_sequence,CNN1D,2,No crop/Fallow,Rice
4678,A3_S1_S2_sequence,CNN1D,2,No crop/Fallow,No crop/Fallow
4681,A3_S1_S2_sequence,CNN1D,2,No crop/Fallow,Rice
4683,A3_S1_S2_sequence,CNN1D,2,No crop/Fallow,No crop/Fallow
4684,A3_S1_S2_sequence,CNN1D,2,No crop/Fallow,No crop/Fallow
4685,A3_S1_S2_sequence,CNN1D,2,No crop/Fallow,No crop/Fallow
4691,A3_S1_S2_sequence,CNN1D,2,No crop/Fallow,Rice
4692,A3_S1_S2_sequence,CNN1D,2,No crop/Fallow,Rice
4693,A3_S1_S2_sequence,CNN1D,2,No crop/Fallow,Rice
4694,A3_S1_S2_sequence,CNN1D,2,No crop/Fallow,Rice
4700,A3_S1_S2_sequence,CNN1D,2,No crop/Fallow,No crop/Fallow
4701,A3_S1_S2_sequence,CNN1D,2,No crop/Fallow,No crop/Fallow
4711,A3_S1_S2_sequence,CNN1D,2,Rice,Rice
4712,A3_S1_S2_sequence,CNN1D,2,No crop/Fallow,No crop/Fallow
4713,A3_S1_S2_sequence,CNN1D,2,Rice,Rice
4732,A3_S1_S2_sequence,CNN1D,2,Rice,Rice
4737,A3_S1_S2_sequence,CNN1D,2,No crop/Fallow,No crop/Fallow
4753,A3_S1_S2_sequence,CNN1D,2,No crop/Fallow,No crop/Fallow
4754,A3_S1_S2_sequence,CNN1D,2,No crop/Fallow,No crop/Fallow
4755,A3_S1_S2_sequence,CNN1D,2,No crop/Fallow,No crop/Fallow
4774,A3_S1_S2_sequence,CNN1D,2,No crop/Fallow,No crop/Fallow
4777,A3_S1_S2_sequence,CNN1D,2,No crop/Fallow,No crop/Fallow
4782,A3_S1_S2_sequence,CNN1D,2,No crop/Fallow,Rice
4816,A3_S1_S2_sequence,CNN1D,2,No crop/Fallow,No crop/Fallow
4818,A3_S1_S2_sequence,CNN1D,2,No crop/Fallow,Rice
4819,A3_S1_S2_sequence,CNN1D,2,No crop/Fallow,No crop/Fallow
4820,A3_S1_S2_sequence,CNN1D,2,No crop/Fallow,No crop/Fallow
4846,A3_S1_S2_sequence,CNN1D,2,No crop/Fallow,No crop/Fallow
4863,A3_S1_S2_sequence,CNN1D,2,Rice,No crop/Fallow
4886,A3_S1_S2_sequence,CNN1D,2,No crop/Fallow,Rice
4887,A3_S1_S2_sequence,CNN1D,2,No crop/Fallow,No crop/Fallow
4888,A3_S1_S2_sequence,CNN1D,2,No crop/Fallow,No crop/Fallow
4891,A3_S1_S2_sequence,CNN1D,2,No crop/Fallow,Rice
4894,A3_S1_S2_sequence,CNN1D,2,Potato,Potato
4896,A3_S1_S2_sequence,CNN1D,2,Potato,Potato
4908,A3_S1_S2_sequence,CNN1D,2,No crop/Fallow,No crop/Fallow
4910,A3_S1_S2_sequence,CNN1D,2,No crop/Fallow,Rice
4911,A3_S1_S2_sequence,CNN1D,2,No crop/Fallow,No crop/Fallow
4913,A3_S1_S2_sequence,CNN1D,2,No crop/Fallow,No crop/Fallow
4918,A3_S1_S2_sequence,CNN1D,2,No crop/Fallow,No crop/Fallow
4919,A3_S1_S2_sequence,CNN1D,2,No crop/Fallow,Rice
4941,A3_S1_S2_sequence,CNN1D,2,No crop/Fallow,Rice
4942,A3_S1_S2_sequence,CNN1D,2,No crop/Fallow,Rice
4944,A3_S1_S2_sequence,CNN1D,2,Rice,No crop/Fallow
4945,A3_S1_S2_sequence,CNN1D,2,Rice,No crop/Fallow
4946,A3_S1_S2_sequence,CNN1D,2,Rice,No crop/Fallow
4948,A3_S1_S2_sequence,CNN1D,2,Rice,Rice
4949,A3_S1_S2_sequence,CNN1D,2,No crop/Fallow,Rice
4950,A3_S1_S2_sequence,CNN1D,2,No crop/Fallow,No crop/Fallow
4951,A3_S1_S2_sequence,CNN1D,2,No crop/Fallow,No crop/Fallow
4952,A3_S1_S2_sequence,CNN1D,2,No crop/Fallow,Rice
4953,A3_S1_S2_sequence,CNN1D,2,No crop/Fallow,No crop/Fallow
4978,A3_S1_S2_sequence,CNN1D,2,No crop/Fallow,Potato
4979,A3_S1_S2_sequence,CNN1D,2,No crop/Fallow,Rice
4981,A3_S1_S2_sequence,CNN1D,2,No crop/Fallow,Rice
4982,A3_S1_S2_sequence,CNN1D,2,No crop/Fallow,No crop/Fallow
4983,A3_S1_S2_sequence,CNN1D,2,No crop/Fallow,Potato
4984,A3_S1_S2_sequence,CNN1D,2,No crop/Fallow,Rice
4985,A3_S1_S2_sequence,CNN1D,2,No crop/Fallow,Rice
4987,A3_S1_S2_sequence,CNN1D,2,No crop/Fallow,Rice
4988,A3_S1_S2_sequence,CNN1D,2,No crop/Fallow,No crop/Fallow
4989,A3_S1_S2_sequence,CNN1D,2,No crop/Fallow,No crop/Fallow
4993,A3_S1_S2_sequence,CNN1D,2,No crop/Fallow,Rice
4994,A3_S1_S2_sequence,CNN1D,2,No crop/Fallow,No crop/Fallow
4995,A3_S1_S2_sequence,CNN1D,2,No crop/Fallow,No crop/Fallow
4996,A3_S1_S2_sequence,CNN1D,2,No crop/Fallow,No crop/Fallow
5009,A3_S1_S2_sequence,CNN1D,2,No crop/Fallow,No crop/Fallow
5010,A3_S1_S2_sequence,CNN1D,2,No crop/Fallow,No crop/Fallow
5011,A3_S1_S2_sequence,CNN1D,2,No crop/Fallow,No crop/Fallow
5012,A3_S1_S2_sequence,CNN1D,2,No crop/Fallow,No crop/Fallow
5013,A3_S1_S2_sequence,CNN1D,2,No crop/Fallow,No crop/Fallow
5028,A3_S1_S2_sequence,CNN1D,2,No crop/Fallow,No crop/Fallow
5029,A3_S1_S2_sequence,CNN1D,2,No crop/Fallow,Rice
5030,A3_S1_S2_sequence,CNN1D,2,No crop/Fallow,No crop/Fallow
5037,A3_S1_S2_sequence,CNN1D,2,No crop/Fallow,No crop/Fallow
5038,A3_S1_S2_sequence,CNN1D,2,No crop/Fallow,Rice
5039,A3_S1_S2_sequence,CNN1D,2,No crop/Fallow,No crop/Fallow
5050,A3_S1_S2_sequence,CNN1D,2,No crop/Fallow,No crop/Fallow
5055,A3_S1_S2_sequence,CNN1D,2,No crop/Fallow,No crop/Fallow
5056,A3_S1_S2_sequence,CNN1D,2,No crop/Fallow,Rice
5057,A3_S1_S2_sequence,CNN1D,2,No crop/Fallow,Rice
5058,A3_S1_S2_sequence,CNN1D,2,No crop/Fallow,Rice
5059,A3_S1_S2_sequence,CNN1D,2,No crop/Fallow,Rice
5060,A3_S1_S2_sequence,CNN1D,2,No crop/Fallow,No crop/Fallow
5062,A3_S1_S2_sequence,CNN1D,2,No crop/Fallow,No crop/Fallow
5065,A3_S1_S2_sequence,CNN1D,2,No crop/Fallow,No crop/Fallow
5066,A3_S1_S2_sequence,CNN1D,2,No crop/Fallow,No crop/Fallow
5067,A3_S1_S2_sequence,CNN1D,2,No crop/Fallow,No crop/Fallow
5069,A3_S1_S2_sequence,CNN1D,2,No crop/Fallow,No crop/Fallow
5070,A3_S1_S2_sequence,CNN1D,2,No crop/Fallow,No crop/Fallow
5071,A3_S1_S2_sequence,CNN1D,2,No crop/Fallow,No crop/Fallow
5072,A3_S1_S2_sequence,CNN1D,2,No crop/Fallow,No crop/Fallow
5090,A3_S1_S2_sequence,CNN1D,2,No crop/Fallow,No crop/Fallow
5091,A3_S1_S2_sequence,CNN1D,2,No crop/Fallow,No crop/Fallow
5093,A3_S1_S2_sequence,CNN1D,2,No crop/Fallow,No crop/Fallow
5094,A3_S1_S2_sequence,CNN1D,2,No crop/Fallow,No crop/Fallow
5095,A3_S1_S2_sequence,CNN1D,2,No crop/Fallow,No crop/Fallow
5144,A3_S1_S2_sequence,CNN1D,2,No crop/Fallow,No crop/Fallow
5145,A3_S1_S2_sequence,CNN1D,2,No crop/Fallow,No crop/Fallow
5146,A3_S1_S2_sequence,CNN1D,2,No crop/Fallow,No crop/Fallow
5147,A3_S1_S2_sequence,CNN1D,2,No crop/Fallow,No crop/Fallow
5148,A3_S1_S2_sequence,CNN1D,2,No crop/Fallow,No crop/Fallow
5149,A3_S1_S2_sequence,CNN1D,2,No crop/Fallow,No crop/Fallow
5151,A3_S1_S2_sequence,CNN1D,2,No crop/Fallow,No crop/Fallow
5152,A3_S1_S2_sequence,CNN1D,2,No crop/Fallow,Rice
5169,A3_S1_S2_sequence,CNN1D,2,No crop/Fallow,No crop/Fallow
5171,A3_S1_S2_sequence,CNN1D,2,No crop/Fallow,No crop/Fallow
5172,A3_S1_S2_sequence,CNN1D,2,No crop/Fallow,No crop/Fallow
5174,A3_S1_S2_sequence,CNN1D,2,No crop/Fallow,No crop/Fallow
5177,A3_S1_S2_sequence,CNN1D,2,No crop/Fallow,No crop/Fallow
5178,A3_S1_S2_sequence,CNN1D,2,No crop/Fallow,No crop/Fallow
5210,A3_S1_S2_sequence,CNN1D,2,No crop/Fallow,No crop/Fallow
5211,A3_S1_S2_sequence,CNN1D,2,No crop/Fallow,No crop/Fallow
5212,A3_S1_S2_sequence,CNN1D,2,No crop/Fallow,No crop/Fallow
5213,A3_S1_S2_sequence,CNN1D,2,No crop/Fallow,No crop/Fallow
5215,A3_S1_S2_sequence,CNN1D,2,No crop/Fallow,No crop/Fallow
5237,A3_S1_S2_sequence,CNN1D,2,No crop/Fallow,No crop/Fallow
5238,A3_S1_S2_sequence,CNN1D,2,No crop/Fallow,No crop/Fallow
5239,A3_S1_S2_sequence,CNN1D,2,No crop/Fallow,No crop/Fallow
5260,A3_S1_S2_sequence,CNN1D,2,No crop/Fallow,No crop/Fallow
5267,A3_S1_S2_sequence,CNN1D,2,Gram,Wheat
5268,A3_S1_S2_sequence,CNN1D,2,Mustard,Mustard
5273,A3_S1_S2_sequence,CNN1D,2,Wheat,Wheat
5276,A3_S1_S2_sequence,CNN1D,2,No crop/Fallow,Garlic
5277,A3_S1_S2_sequence,CNN1D,2,Wheat,Wheat
5298,A3_S1_S2_sequence,CNN1D,2,Mustard,Mustard
5303,A3_S1_S2_sequence,CNN1D,2,Wheat,Wheat
5305,A3_S1_S2_sequence,CNN1D,2,Wheat,Wheat
5306,A3_S1_S2_sequence,CNN1D,2,Wheat,Wheat
5307,A3_S1_S2_sequence,CNN1D,2,Mustard,Mustard
5308,A3_S1_S2_sequence,CNN1D,2,Garlic,Garlic
5310,A3_S1_S2_sequence,CNN1D,2,Wheat,Garlic
5311,A3_S1_S2_sequence,CNN1D,2,Mustard,Mustard
5312,A3_S1_S2_sequence,CNN1D,2,Mustard,Mustard
5313,A3_S1_S2_sequence,CNN1D,2,Mustard,Mustard
5314,A3_S1_S2_sequence,CNN1D,2,Mustard,Mustard
5315,A3_S1_S2_sequence,CNN1D,2,Wheat,Wheat
5316,A3_S1_S2_sequence,CNN1D,2,Mustard,Mustard
5317,A3_S1_S2_sequence,CNN1D,2,Mustard,Mustard
5318,A3_S1_S2_sequence,CNN1D,2,Garlic,Garlic
5319,A3_S1_S2_sequence,CNN1D,2,Mustard,Mustard
5327,A3_S1_S2_sequence,CNN1D,2,Mustard,Mustard
5328,A3_S1_S2_sequence,CNN1D,2,Mustard,Wheat
5331,A3_S1_S2_sequence,CNN1D,2,Gram,Gram
5332,A3_S1_S2_sequence,CNN1D,2,Mustard,Mustard
5333,A3_S1_S2_sequence,CNN1D,2,Mustard,Mustard
5335,A3_S1_S2_sequence,CNN1D,2,Wheat,Gram
5336,A3_S1_S2_sequence,CNN1D,2,Wheat,Mustard
5337,A3_S1_S2_sequence,CNN1D,2,Wheat,Wheat
5338,A3_S1_S2_sequence,CNN1D,2,Mustard,Garlic
5344,A3_S1_S2_sequence,CNN1D,2,Wheat,Mustard
5345,A3_S1_S2_sequence,CNN1D,2,Wheat,Wheat
5346,A3_S1_S2_sequence,CNN1D,2,Mustard,Mustard
5347,A3_S1_S2_sequence,CNN1D,2,Garlic,Garlic
5364,A3_S1_S2_sequence,CNN1D,2,Gram,Gram
5374,A3_S1_S2_sequence,CNN1D,2,Mustard,Mustard
5375,A3_S1_S2_sequence,CNN1D,2,Mustard,Mustard
5376,A3_S1_S2_sequence,CNN1D,2,Mustard,Mustard
5384,A3_S1_S2_sequence,CNN1D,2,Mustard,Mustard
5385,A3_S1_S2_sequence,CNN1D,2,Mustard,Mustard
5386,A3_S1_S2_sequence,CNN1D,2,Mustard,Mustard
5391,A3_S1_S2_sequence,CNN1D,2,Mustard,Mustard
5392,A3_S1_S2_sequence,CNN1D,2,Mustard,Mustard
5393,A3_S1_S2_sequence,CNN1D,2,Wheat,Mustard
5398,A3_S1_S2_sequence,CNN1D,2,Wheat,Wheat
5399,A3_S1_S2_sequence,CNN1D,2,Wheat,Bersem
5423,A3_S1_S2_sequence,CNN1D,2,Mustard,Mustard
5442,A3_S1_S2_sequence,CNN1D,2,Mustard,Mustard
5469,A3_S1_S2_sequence,CNN1D,2,Mustard,Green pea
5512,A3_S1_S2_sequence,CNN1D,2,Lentil,Gram
5524,A3_S1_S2_sequence,CNN1D,2,Mustard,Mustard
5525,A3_S1_S2_sequence,CNN1D,2,Mustard,Mustard
5526,A3_S1_S2_sequence,CNN1D,2,Wheat,Mustard
5527,A3_S1_S2_sequence,CNN1D,2,Wheat,Bersem
5530,A3_S1_S2_sequence,CNN1D,2,Mustard,Mustard
5534,A3_S1_S2_sequence,CNN1D,2,Mustard,Gram
5535,A3_S1_S2_sequence,CNN1D,2,Wheat,Wheat
5536,A3_S1_S2_sequence,CNN1D,2,Mustard,Gram
5537,A3_S1_S2_sequence,CNN1D,2,Wheat,Wheat
5539,A3_S1_S2_sequence,CNN1D,2,Mustard,Mustard
5547,A3_S1_S2_sequence,CNN1D,2,Wheat,Garlic
5548,A3_S1_S2_sequence,CNN1D,2,Mustard,Mustard
5552,A3_S1_S2_sequence,CNN1D,2,Wheat,Wheat
5553,A3_S1_S2_sequence,CNN1D,2,Wheat,Wheat
5559,A3_S1_S2_sequence,CNN1D,2,Coriander,Garlic
5560,A3_S1_S2_sequence,CNN1D,2,Wheat,Wheat
5561,A3_S1_S2_sequence,CNN1D,2,Mustard,Mustard
5562,A3_S1_S2_sequence,CNN1D,2,Gram,Wheat
5563,A3_S1_S2_sequence,CNN1D,2,Wheat,Wheat
5565,A3_S1_S2_sequence,CNN1D,2,Wheat,Wheat
5568,A3_S1_S2_sequence,CNN1D,2,Wheat,Wheat
5569,A3_S1_S2_sequence,CNN1D,2,Wheat,Wheat
5571,A3_S1_S2_sequence,CNN1D,2,Wheat,Gram
5572,A3_S1_S2_sequence,CNN1D,2,Wheat,Wheat
5573,A3_S1_S2_sequence,CNN1D,2,Gram,Gram
5574,A3_S1_S2_sequence,CNN1D,2,Wheat,Mustard
5575,A3_S1_S2_sequence,CNN1D,2,Wheat,Wheat
5576,A3_S1_S2_sequence,CNN1D,2,Mustard,Gram
5586,A3_S1_S2_sequence,CNN1D,2,Wheat,Wheat
5589,A3_S1_S2_sequence,CNN1D,2,Mustard,Gram
5609,A3_S1_S2_sequence,CNN1D,2,Mustard,Mustard
5615,A3_S1_S2_sequence,CNN1D,2,Mustard,Mustard
5621,A3_S1_S2_sequence,CNN1D,2,Wheat,Wheat
5624,A3_S1_S2_sequence,CNN1D,2,Mustard,Mustard
5628,A3_S1_S2_sequence,CNN1D,2,Mustard,Mustard
5629,A3_S1_S2_sequence,CNN1D,2,Wheat,Garlic
5630,A3_S1_S2_sequence,CNN1D,2,Garlic,Wheat
5634,A3_S1_S2_sequence,CNN1D,2,Mustard,Wheat
5639,A3_S1_S2_sequence,CNN1D,2,Wheat,Wheat
5640,A3_S1_S2_sequence,CNN1D,2,Wheat,Wheat
5641,A3_S1_S2_sequence,CNN1D,2,Mustard,Mustard
5642,A3_S1_S2_sequence,CNN1D,2,Wheat,Wheat
5644,A3_S1_S2_sequence,CNN1D,2,Mustard,Mustard
5645,A3_S1_S2_sequence,CNN1D,2,Mustard,Mustard
5653,A3_S1_S2_sequence,CNN1D,2,Gram,Bersem
5655,A3_S1_S2_sequence,CNN1D,2,Mustard,Mustard
5656,A3_S1_S2_sequence,CNN1D,2,Wheat,Mustard
5660,A3_S1_S2_sequence,CNN1D,2,Wheat,Wheat
5661,A3_S1_S2_sequence,CNN1D,2,Wheat,Wheat
5662,A3_S1_S2_sequence,CNN1D,2,Wheat,Wheat
5665,A3_S1_S2_sequence,CNN1D,2,Mustard,Mustard
5667,A3_S1_S2_sequence,CNN1D,2,Mustard,Mustard
5670,A3_S1_S2_sequence,CNN1D,2,Mustard,Mustard
5671,A3_S1_S2_sequence,CNN1D,2,Mustard,Mustard
5673,A3_S1_S2_sequence,CNN1D,2,Mustard,Wheat
5674,A3_S1_S2_sequence,CNN1D,2,Wheat,Wheat
5675,A3_S1_S2_sequence,CNN1D,2,Wheat,Gram
5680,A3_S1_S2_sequence,CNN1D,2,Mustard,Mustard
5682,A3_S1_S2_sequence,CNN1D,2,Mustard,Garlic
5683,A3_S1_S2_sequence,CNN1D,2,Wheat,Wheat
5688,A3_S1_S2_sequence,CNN1D,2,Wheat,Wheat
5709,A3_S1_S2_sequence,CNN1D,2,Wheat,Wheat
5715,A3_S1_S2_sequence,CNN1D,2,Wheat,Wheat
5716,A3_S1_S2_sequence,CNN1D,2,Garlic,Mustard
5721,A3_S1_S2_sequence,CNN1D,2,Wheat,Wheat
5729,A3_S1_S2_sequence,CNN1D,2,Wheat,Wheat
5732,A3_S1_S2_sequence,CNN1D,2,Mustard,Wheat
5735,A3_S1_S2_sequence,CNN1D,2,Mustard,Mustard
5736,A3_S1_S2_sequence,CNN1D,2,Mustard,Mustard
5738,A3_S1_S2_sequence,CNN1D,2,Wheat,Wheat
5742,A3_S1_S2_sequence,CNN1D,2,Wheat,Wheat
5752,A3_S1_S2_sequence,CNN1D,2,Wheat,Wheat
5765,A3_S1_S2_sequence,CNN1D,2,Wheat,Wheat
5774,A3_S1_S2_sequence,CNN1D,2,Wheat,Wheat
5775,A3_S1_S2_sequence,CNN1D,2,Wheat,Garlic
5776,A3_S1_S2_sequence,CNN1D,2,Wheat,Wheat
5777,A3_S1_S2_sequence,CNN1D,2,Wheat,Wheat
5778,A3_S1_S2_sequence,CNN1D,2,Wheat,Wheat
5779,A3_S1_S2_sequence,CNN1D,2,Wheat,Wheat
5780,A3_S1_S2_sequence,CNN1D,2,No crop/Fallow,Wheat
5790,A3_S1_S2_sequence,CNN1D,2,Mustard,Mustard
5791,A3_S1_S2_sequence,CNN1D,2,Mustard,Mustard
5795,A3_S1_S2_sequence,CNN1D,2,Gram,Gram
5798,A3_S1_S2_sequence,CNN1D,2,Wheat,Wheat
5799,A3_S1_S2_sequence,CNN1D,2,Wheat,Mustard
5800,A3_S1_S2_sequence,CNN1D,2,Garlic,Garlic
5802,A3_S1_S2_sequence,CNN1D,2,Mustard,Gram
5803,A3_S1_S2_sequence,CNN1D,2,No crop/Fallow,No crop/Fallow
5804,A3_S1_S2_sequence,CNN1D,2,No crop/Fallow,No crop/Fallow
5807,A3_S1_S2_sequence,CNN1D,2,Mustard,Mustard
5808,A3_S1_S2_sequence,CNN1D,2,Mustard,Mustard
5809,A3_S1_S2_sequence,CNN1D,2,Mustard,Mustard
5810,A3_S1_S2_sequence,CNN1D,2,Mustard,Gram
5811,A3_S1_S2_sequence,CNN1D,2,Mustard,Mustard
5812,A3_S1_S2_sequence,CNN1D,2,Wheat,Wheat
5814,A3_S1_S2_sequence,CNN1D,2,Mustard,Mustard
5815,A3_S1_S2_sequence,CNN1D,2,Mustard,Mustard
5816,A3_S1_S2_sequence,CNN1D,2,Mustard,Mustard
5817,A3_S1_S2_sequence,CNN1D,2,Wheat,Garlic
5827,A3_S1_S2_sequence,CNN1D,2,Mustard,Mustard
5829,A3_S1_S2_sequence,CNN1D,2,Mustard,Mustard
5834,A3_S1_S2_sequence,CNN1D,2,Wheat,Wheat
5835,A3_S1_S2_sequence,CNN1D,2,Wheat,Wheat
5836,A3_S1_S2_sequence,CNN1D,2,Wheat,Wheat
5837,A3_S1_S2_sequence,CNN1D,2,Mustard,Wheat
5838,A3_S1_S2_sequence,CNN1D,2,Mustard,Wheat
5839,A3_S1_S2_sequence,CNN1D,2,Wheat,Mustard
5848,A3_S1_S2_sequence,CNN1D,2,Mustard,Wheat
5849,A3_S1_S2_sequence,CNN1D,2,Mustard,Mustard
5850,A3_S1_S2_sequence,CNN1D,2,Mustard,Mustard
5851,A3_S1_S2_sequence,CNN1D,2,Mustard,Mustard
5852,A3_S1_S2_sequence,CNN1D,2,Mustard,Mustard
5853,A3_S1_S2_sequence,CNN1D,2,Wheat,Wheat
5877,A3_S1_S2_sequence,CNN1D,2,Wheat,Mustard
5878,A3_S1_S2_sequence,CNN1D,2,Mustard,Mustard
5879,A3_S1_S2_sequence,CNN1D,2,Mustard,Mustard
5880,A3_S1_S2_sequence,CNN1D,2,Wheat,Gram
5882,A3_S1_S2_sequence,CNN1D,2,Garlic,Gram
5886,A3_S1_S2_sequence,CNN1D,2,Mustard,Mustard
5888,A3_S1_S2_sequence,CNN1D,2,Mustard,Wheat
5889,A3_S1_S2_sequence,CNN1D,2,Mustard,Wheat
5902,A3_S1_S2_sequence,CNN1D,2,Mustard,Garlic
5903,A3_S1_S2_sequence,CNN1D,2,Wheat,Gram
5904,A3_S1_S2_sequence,CNN1D,2,Gram,Gram
5905,A3_S1_S2_sequence,CNN1D,2,Wheat,Wheat
5906,A3_S1_S2_sequence,CNN1D,2,Gram,Gram
5910,A3_S1_S2_sequence,CNN1D,2,Wheat,Wheat
5925,A3_S1_S2_sequence,CNN1D,2,Wheat,Wheat
5926,A3_S1_S2_sequence,CNN1D,2,Wheat,Wheat
5927,A3_S1_S2_sequence,CNN1D,2,Mustard,Mustard
5928,A3_S1_S2_sequence,CNN1D,2,Wheat,Wheat
5930,A3_S1_S2_sequence,CNN1D,2,Mustard,Garlic
5931,A3_S1_S2_sequence,CNN1D,2,Mustard,Mustard
5936,A3_S1_S2_sequence,CNN1D,2,Wheat,Wheat
5937,A3_S1_S2_sequence,CNN1D,2,Mustard,Mustard
5941,A3_S1_S2_sequence,CNN1D,2,Wheat,Wheat
5946,A3_S1_S2_sequence,CNN1D,2,Garlic,Garlic
5947,A3_S1_S2_sequence,CNN1D,2,Wheat,Wheat
5961,A3_S1_S2_sequence,CNN1D,2,No crop/Fallow,Bersem
5962,A3_S1_S2_sequence,CNN1D,2,Wheat,Wheat
5967,A3_S1_S2_sequence,CNN1D,2,Wheat,Mustard
5968,A3_S1_S2_sequence,CNN1D,2,Mustard,Wheat
5973,A3_S1_S2_sequence,CNN1D,2,Mustard,Mustard
5974,A3_S1_S2_sequence,CNN1D,2,Wheat,Wheat
5975,A3_S1_S2_sequence,CNN1D,2,Mustard,Mustard
5977,A3_S1_S2_sequence,CNN1D,2,Mustard,Mustard
5978,A3_S1_S2_sequence,CNN1D,2,Mustard,Mustard
5980,A3_S1_S2_sequence,CNN1D,2,Mustard,Mustard
5981,A3_S1_S2_sequence,CNN1D,2,Mustard,Mustard
5982,A3_S1_S2_sequence,CNN1D,2,Mustard,Mustard
5984,A3_S1_S2_sequence,CNN1D,2,Mustard,Mustard
5986,A3_S1_S2_sequence,CNN1D,2,Gram,Gram
5987,A3_S1_S2_sequence,CNN1D,2,Mustard,Mustard
5988,A3_S1_S2_sequence,CNN1D,2,Gram,Gram
5989,A3_S1_S2_sequence,CNN1D,2,Wheat,Wheat
5990,A3_S1_S2_sequence,CNN1D,2,Wheat,Wheat
5991,A3_S1_S2_sequence,CNN1D,2,Wheat,Garlic
5992,A3_S1_S2_sequence,CNN1D,2,No crop/Fallow,Wheat
6001,A3_S1_S2_sequence,CNN1D,2,Mustard,Mustard
6002,A3_S1_S2_sequence,CNN1D,2,Mustard,Mustard
6009,A3_S1_S2_sequence,CNN1D,2,Mustard,Mustard
6010,A3_S1_S2_sequence,CNN1D,2,Mustard,Mustard
6011,A3_S1_S2_sequence,CNN1D,2,Mustard,Mustard
6018,A3_S1_S2_sequence,CNN1D,2,Wheat,Mustard
6022,A3_S1_S2_sequence,CNN1D,2,Wheat,Wheat
6023,A3_S1_S2_sequence,CNN1D,2,Wheat,Wheat
6038,A3_S1_S2_sequence,CNN1D,2,Gram,Gram
6039,A3_S1_S2_sequence,CNN1D,2,Mustard,Wheat
6054,A3_S1_S2_sequence,CNN1D,2,Mustard,Mustard
6055,A3_S1_S2_sequence,CNN1D,2,Mustard,Gram
6056,A3_S1_S2_sequence,CNN1D,2,Wheat,Wheat
6057,A3_S1_S2_sequence,CNN1D,2,Mustard,Mustard
6060,A3_S1_S2_sequence,CNN1D,2,Garlic,Garlic
6073,A3_S1_S2_sequence,CNN1D,2,Gram,Gram
6074,A3_S1_S2_sequence,CNN1D,2,Gram,Gram
6087,A3_S1_S2_sequence,CNN1D,2,Wheat,Wheat
6094,A3_S1_S2_sequence,CNN1D,2,Mustard,Mustard
6095,A3_S1_S2_sequence,CNN1D,2,Mustard,Mustard
6096,A3_S1_S2_sequence,CNN1D,2,Mustard,Mustard
6099,A3_S1_S2_sequence,CNN1D,2,Wheat,Wheat
6101,A3_S1_S2_sequence,CNN1D,2,Mustard,Mustard
6102,A3_S1_S2_sequence,CNN1D,2,Wheat,Wheat
6109,A3_S1_S2_sequence,CNN1D,2,No crop/Fallow,Gram
6110,A3_S1_S2_sequence,CNN1D,2,Mustard,Wheat
6111,A3_S1_S2_sequence,CNN1D,2,No crop/Fallow,Rice
6112,A3_S1_S2_sequence,CNN1D,2,Garlic,Garlic
6113,A3_S1_S2_sequence,CNN1D,2,No crop/Fallow,Rice
6118,A3_S1_S2_sequence,CNN1D,2,Mustard,Mustard
6119,A3_S1_S2_sequence,CNN1D,2,Mustard,Mustard
6124,A3_S1_S2_sequence,CNN1D,2,Wheat,Wheat
6125,A3_S1_S2_sequence,CNN1D,2,Wheat,Wheat
6164,A3_S1_S2_sequence,CNN1D,2,Garlic,Garlic
6165,A3_S1_S2_sequence,CNN1D,2,Wheat,Wheat
6166,A3_S1_S2_sequence,CNN1D,2,Wheat,Wheat
6167,A3_S1_S2_sequence,CNN1D,2,Wheat,Wheat
6170,A3_S1_S2_sequence,CNN1D,2,Mustard,Mustard
6177,A3_S1_S2_sequence,CNN1D,2,Wheat,Garlic
6203,A3_S1_S2_sequence,CNN1D,2,No crop/Fallow,Garlic
6204,A3_S1_S2_sequence,CNN1D,2,Wheat,Wheat
6205,A3_S1_S2_sequence,CNN1D,2,Mustard,Mustard
6206,A3_S1_S2_sequence,CNN1D,2,Wheat,Mustard
6207,A3_S1_S2_sequence,CNN1D,2,Mustard,Mustard
6211,A3_S1_S2_sequence,CNN1D,2,Wheat,Wheat
6212,A3_S1_S2_sequence,CNN1D,2,Wheat,Wheat
6256,A3_S1_S2_sequence,CNN1D,2,Wheat,Wheat
6276,A3_S1_S2_sequence,CNN1D,2,Mustard,Mustard
6281,A3_S1_S2_sequence,CNN1D,2,Wheat,Wheat
6282,A3_S1_S2_sequence,CNN1D,2,Mustard,Gram
6283,A3_S1_S2_sequence,CNN1D,2,Mustard,Mustard
6284,A3_S1_S2_sequence,CNN1D,2,Wheat,Wheat
6289,A3_S1_S2_sequence,CNN1D,2,Wheat,Wheat
6290,A3_S1_S2_sequence,CNN1D,2,Wheat,Wheat
6291,A3_S1_S2_sequence,CNN1D,2,Wheat,Wheat
6292,A3_S1_S2_sequence,CNN1D,2,Wheat,Wheat
6293,A3_S1_S2_sequence,CNN1D,2,Wheat,Wheat
6294,A3_S1_S2_sequence,CNN1D,2,Mustard,Mustard
6326,A3_S1_S2_sequence,CNN1D,2,Potato,Maize
6328,A3_S1_S2_sequence,CNN1D,2,Wheat,Wheat
6342,A3_S1_S2_sequence,CNN1D,2,Wheat,Wheat
6344,A3_S1_S2_sequence,CNN1D,2,Wheat,Wheat
6345,A3_S1_S2_sequence,CNN1D,2,Wheat,Wheat
6369,A3_S1_S2_sequence,CNN1D,2,Maize,Maize
6370,A3_S1_S2_sequence,CNN1D,2,Maize,Rice
6372,A3_S1_S2_sequence,CNN1D,2,Maize,Maize
6374,A3_S1_S2_sequence,CNN1D,2,Maize,Maize
6375,A3_S1_S2_sequence,CNN1D,2,Maize,Maize
6376,A3_S1_S2_sequence,CNN1D,2,Maize,Potato
6389,A3_S1_S2_sequence,CNN1D,2,Wheat,Maize
6390,A3_S1_S2_sequence,CNN1D,2,Maize,Maize
6392,A3_S1_S2_sequence,CNN1D,2,Maize,Maize
6401,A3_S1_S2_sequence,CNN1D,2,Rice,No crop/Fallow
6402,A3_S1_S2_sequence,CNN1D,2,Maize,Potato
6415,A3_S1_S2_sequence,CNN1D,2,Potato,Maize
6418,A3_S1_S2_sequence,CNN1D,2,No crop/Fallow,Maize
6419,A3_S1_S2_sequence,CNN1D,2,No crop/Fallow,Maize
6420,A3_S1_S2_sequence,CNN1D,2,No crop/Fallow,Maize
6422,A3_S1_S2_sequence,CNN1D,2,Wheat,Wheat
6423,A3_S1_S2_sequence,CNN1D,2,Wheat,No crop/Fallow
6425,A3_S1_S2_sequence,CNN1D,2,Wheat,Maize
6462,A3_S1_S2_sequence,CNN1D,2,Maize,Potato
6463,A3_S1_S2_sequence,CNN1D,2,No crop/Fallow,Maize
6464,A3_S1_S2_sequence,CNN1D,2,Maize,Maize
6465,A3_S1_S2_sequence,CNN1D,2,Maize,Maize
6466,A3_S1_S2_sequence,CNN1D,2,Maize,Maize
6502,A3_S1_S2_sequence,CNN1D,2,Wheat,Wheat
6504,A3_S1_S2_sequence,CNN1D,2,Wheat,Wheat
6505,A3_S1_S2_sequence,CNN1D,2,Maize,Maize
6506,A3_S1_S2_sequence,CNN1D,2,Wheat,Wheat
6518,A3_S1_S2_sequence,CNN1D,2,Wheat,Maize
6541,A3_S1_S2_sequence,CNN1D,2,No crop/Fallow,No crop/Fallow
6553,A3_S1_S2_sequence,CNN1D,2,Wheat,Wheat
6554,A3_S1_S2_sequence,CNN1D,2,Rice,Maize
6555,A3_S1_S2_sequence,CNN1D,2,Coriander,Green pea
6556,A3_S1_S2_sequence,CNN1D,2,Wheat,Wheat
6558,A3_S1_S2_sequence,CNN1D,2,No crop/Fallow,Maize
6559,A3_S1_S2_sequence,CNN1D,2,Mustard,Maize
6560,A3_S1_S2_sequence,CNN1D,2,Wheat,Mustard
6561,A3_S1_S2_sequence,CNN1D,2,Maize,Mustard
6562,A3_S1_S2_sequence,CNN1D,2,Mustard,Maize
6566,A3_S1_S2_sequence,CNN1D,2,Mustard,Rice
6567,A3_S1_S2_sequence,CNN1D,2,Mustard,Rice
6568,A3_S1_S2_sequence,CNN1D,2,Mustard,No crop/Fallow
6569,A3_S1_S2_sequence,CNN1D,2,Mustard,Rice
6571,A3_S1_S2_sequence,CNN1D,2,Wheat,Wheat
6572,A3_S1_S2_sequence,CNN1D,2,Wheat,Wheat
6585,A3_S1_S2_sequence,CNN1D,2,Maize,Maize
6586,A3_S1_S2_sequence,CNN1D,2,Potato,Maize
6588,A3_S1_S2_sequence,CNN1D,2,No crop/Fallow,Maize
6594,A3_S1_S2_sequence,CNN1D,2,Wheat,Wheat
6600,A3_S1_S2_sequence,CNN1D,2,Maize,Potato
6602,A3_S1_S2_sequence,CNN1D,2,Maize,Sugarcane
6610,A3_S1_S2_sequence,CNN1D,2,Rice,Maize
6629,A3_S1_S2_sequence,CNN1D,2,No crop/Fallow,Maize
6632,A3_S1_S2_sequence,CNN1D,2,Mustard,Potato
6653,A3_S1_S2_sequence,CNN1D,2,Wheat,Maize
6698,A3_S1_S2_sequence,CNN1D,2,No crop/Fallow,Rice
6707,A3_S1_S2_sequence,CNN1D,2,No crop/Fallow,Maize
6709,A3_S1_S2_sequence,CNN1D,2,No crop/Fallow,Maize
6711,A3_S1_S2_sequence,CNN1D,2,Wheat,Maize
6712,A3_S1_S2_sequence,CNN1D,2,Wheat,No crop/Fallow
6713,A3_S1_S2_sequence,CNN1D,2,Wheat,Wheat
6723,A3_S1_S2_sequence,CNN1D,2,Wheat,Wheat
6724,A3_S1_S2_sequence,CNN1D,2,Wheat,Wheat
6725,A3_S1_S2_sequence,CNN1D,2,Wheat,Wheat
6726,A3_S1_S2_sequence,CNN1D,2,Wheat,Wheat
6727,A3_S1_S2_sequence,CNN1D,2,Wheat,Wheat
6728,A3_S1_S2_sequence,CNN1D,2,Wheat,Wheat
6738,A3_S1_S2_sequence,CNN1D,2,Maize,Maize
6740,A3_S1_S2_sequence,CNN1D,2,Maize,Maize
6746,A3_S1_S2_sequence,CNN1D,2,Maize,Maize
6748,A3_S1_S2_sequence,CNN1D,2,Maize,Maize
6752,A3_S1_S2_sequence,CNN1D,2,Maize,Maize
6753,A3_S1_S2_sequence,CNN1D,2,Maize,Maize
6761,A3_S1_S2_sequence,CNN1D,2,Maize,Maize
6762,A3_S1_S2_sequence,CNN1D,2,No crop/Fallow,Maize
6763,A3_S1_S2_sequence,CNN1D,2,Mustard,Mustard
6764,A3_S1_S2_sequence,CNN1D,2,Maize,Maize
6768,A3_S1_S2_sequence,CNN1D,2,Maize,Maize
6769,A3_S1_S2_sequence,CNN1D,2,No crop/Fallow,Potato
6770,A3_S1_S2_sequence,CNN1D,2,Rice,Rice
6796,A3_S1_S2_sequence,CNN1D,2,Maize,Maize
6797,A3_S1_S2_sequence,CNN1D,2,Maize,Maize
6798,A3_S1_S2_sequence,CNN1D,2,Maize,Maize
6799,A3_S1_S2_sequence,CNN1D,2,Maize,Maize
6801,A3_S1_S2_sequence,CNN1D,2,Maize,Maize
6803,A3_S1_S2_sequence,CNN1D,2,Maize,Maize
6804,A3_S1_S2_sequence,CNN1D,2,Maize,Maize
6808,A3_S1_S2_sequence,CNN1D,2,Wheat,Mustard
6809,A3_S1_S2_sequence,CNN1D,2,Rice,Rice
6810,A3_S1_S2_sequence,CNN1D,2,Rice,Rice
6813,A3_S1_S2_sequence,CNN1D,2,Rice,Rice
6827,A3_S1_S2_sequence,CNN1D,2,Rice,No crop/Fallow
6838,A3_S1_S2_sequence,CNN1D,2,Wheat,Maize
6839,A3_S1_S2_sequence,CNN1D,2,Wheat,Wheat
6840,A3_S1_S2_sequence,CNN1D,2,Wheat,Wheat
6841,A3_S1_S2_sequence,CNN1D,2,No crop/Fallow,Maize
6864,A3_S1_S2_sequence,CNN1D,2,Sugarcane,Maize
6881,A3_S1_S2_sequence,CNN1D,2,No crop/Fallow,Rice
6882,A3_S1_S2_sequence,CNN1D,2,No crop/Fallow,Rice
6883,A3_S1_S2_sequence,CNN1D,2,No crop/Fallow,Rice
6885,A3_S1_S2_sequence,CNN1D,2,Maize,Maize
6888,A3_S1_S2_sequence,CNN1D,2,Mustard,Maize
6889,A3_S1_S2_sequence,CNN1D,2,No crop/Fallow,Maize
6890,A3_S1_S2_sequence,CNN1D,2,Maize,No crop/Fallow
6901,A3_S1_S2_sequence,CNN1D,2,Rice,Rice
6902,A3_S1_S2_sequence,CNN1D,2,Rice,No crop/Fallow
6904,A3_S1_S2_sequence,CNN1D,2,No crop/Fallow,Maize
6906,A3_S1_S2_sequence,CNN1D,2,Wheat,Wheat
6907,A3_S1_S2_sequence,CNN1D,2,Wheat,Maize
6908,A3_S1_S2_sequence,CNN1D,2,Wheat,Maize
6909,A3_S1_S2_sequence,CNN1D,2,Wheat,Wheat
6932,A3_S1_S2_sequence,CNN1D,2,Maize,Maize
6933,A3_S1_S2_sequence,CNN1D,2,Maize,Maize
6934,A3_S1_S2_sequence,CNN1D,2,Maize,Maize
6935,A3_S1_S2_sequence,CNN1D,2,Maize,Maize
6936,A3_S1_S2_sequence,CNN1D,2,Maize,Maize
6940,A3_S1_S2_sequence,CNN1D,2,No crop/Fallow,No crop/Fallow
6942,A3_S1_S2_sequence,CNN1D,2,No crop/Fallow,Mustard
6950,A3_S1_S2_sequence,CNN1D,2,Wheat,Maize
6953,A3_S1_S2_sequence,CNN1D,2,Mustard,Mustard
6956,A3_S1_S2_sequence,CNN1D,2,Wheat,Maize
6971,A3_S1_S2_sequence,CNN1D,2,Maize,No crop/Fallow
7028,A3_S1_S2_sequence,CNN1D,2,Mustard,Maize
7029,A3_S1_S2_sequence,CNN1D,2,Wheat,Wheat
7030,A3_S1_S2_sequence,CNN1D,2,Wheat,Mustard
7031,A3_S1_S2_sequence,CNN1D,2,No crop/Fallow,No crop/Fallow
7032,A3_S1_S2_sequence,CNN1D,2,No crop/Fallow,Rice
7042,A3_S1_S2_sequence,CNN1D,2,Mustard,Mustard
7044,A3_S1_S2_sequence,CNN1D,2,Mustard,Maize
7051,A3_S1_S2_sequence,CNN1D,2,Maize,Maize
7067,A3_S1_S2_sequence,CNN1D,2,Rice,Maize
7076,A3_S1_S2_sequence,CNN1D,2,Rice,Rice
7077,A3_S1_S2_sequence,CNN1D,2,Rice,Rice
7104,A3_S1_S2_sequence,CNN1D,2,Wheat,Maize
7105,A3_S1_S2_sequence,CNN1D,2,Wheat,Wheat
7106,A3_S1_S2_sequence,CNN1D,2,Wheat,Wheat
7107,A3_S1_S2_sequence,CNN1D,2,Wheat,Wheat
7121,A3_S1_S2_sequence,CNN1D,2,Maize,Maize
7122,A3_S1_S2_sequence,CNN1D,2,Maize,Maize
7123,A3_S1_S2_sequence,CNN1D,2,Maize,Potato
7184,A3_S1_S2_sequence,CNN1D,2,Potato,Potato
7186,A3_S1_S2_sequence,CNN1D,2,Potato,Potato
7187,A3_S1_S2_sequence,CNN1D,2,Maize,No crop/Fallow
7188,A3_S1_S2_sequence,CNN1D,2,Maize,Maize
7190,A3_S1_S2_sequence,CNN1D,2,No crop/Fallow,Maize
7199,A3_S1_S2_sequence,CNN1D,2,Wheat,Wheat
7200,A3_S1_S2_sequence,CNN1D,2,Wheat,Wheat
7202,A3_S1_S2_sequence,CNN1D,2,Maize,Maize
7203,A3_S1_S2_sequence,CNN1D,2,Maize,Maize
7208,A3_S1_S2_sequence,CNN1D,2,Wheat,Maize
7209,A3_S1_S2_sequence,CNN1D,2,Maize,Maize
7219,A3_S1_S2_sequence,CNN1D,2,No crop/Fallow,Maize
7220,A3_S1_S2_sequence,CNN1D,2,Maize,No crop/Fallow
7226,A3_S1_S2_sequence,CNN1D,2,Maize,Maize
7232,A3_S1_S2_sequence,CNN1D,2,Rice,No crop/Fallow
7233,A3_S1_S2_sequence,CNN1D,2,Maize,Maize
7235,A3_S1_S2_sequence,CNN1D,2,Maize,Rice
7236,A3_S1_S2_sequence,CNN1D,2,Maize,Maize
7253,A3_S1_S2_sequence,CNN1D,2,Maize,Maize
7254,A3_S1_S2_sequence,CNN1D,2,Maize,Maize
7255,A3_S1_S2_sequence,CNN1D,2,Mustard,Mustard
7258,A3_S1_S2_sequence,CNN1D,2,Maize,Maize
7260,A3_S1_S2_sequence,CNN1D,2,Maize,Maize
7275,A3_S1_S2_sequence,CNN1D,2,Maize,Maize
7276,A3_S1_S2_sequence,CNN1D,2,Maize,Maize
7284,A3_S1_S2_sequence,CNN1D,2,No crop/Fallow,No crop/Fallow
7286,A3_S1_S2_sequence,CNN1D,2,No crop/Fallow,No crop/Fallow
7289,A3_S1_S2_sequence,CNN1D,2,Maize,Maize
7290,A3_S1_S2_sequence,CNN1D,2,Maize,Maize
7291,A3_S1_S2_sequence,CNN1D,2,Maize,Maize
7308,A3_S1_S2_sequence,CNN1D,2,Mustard,Maize
7309,A3_S1_S2_sequence,CNN1D,2,Wheat,Wheat
7310,A3_S1_S2_sequence,CNN1D,2,Wheat,Maize
7311,A3_S1_S2_sequence,CNN1D,2,Wheat,Wheat
7332,A3_S1_S2_sequence,CNN1D,2,Rice,No crop/Fallow
15,A3_S1_S2_sequence,CNN1D,3,Mustard,Coriander
16,A3_S1_S2_sequence,CNN1D,3,Wheat,Sugarcane
17,A3_S1_S2_sequence,CNN1D,3,Wheat,Coriander
23,A3_S1_S2_sequence,CNN1D,3,No crop/Fallow,Lentil
24,A3_S1_S2_sequence,CNN1D,3,No crop/Fallow,Mustard
70,A3_S1_S2_sequence,CNN1D,3,No crop/Fallow,Sugarcane
71,A3_S1_S2_sequence,CNN1D,3,No crop/Fallow,Wheat
72,A3_S1_S2_sequence,CNN1D,3,No crop/Fallow,Sugarcane
82,A3_S1_S2_sequence,CNN1D,3,Wheat,Wheat
97,A3_S1_S2_sequence,CNN1D,3,Sugarcane,Sugarcane
98,A3_S1_S2_sequence,CNN1D,3,Sugarcane,Sugarcane
100,A3_S1_S2_sequence,CNN1D,3,Mustard,Sugarcane
101,A3_S1_S2_sequence,CNN1D,3,No crop/Fallow,Wheat
102,A3_S1_S2_sequence,CNN1D,3,No crop/Fallow,Mustard
103,A3_S1_S2_sequence,CNN1D,3,Wheat,Mustard
106,A3_S1_S2_sequence,CNN1D,3,No crop/Fallow,Mustard
121,A3_S1_S2_sequence,CNN1D,3,Wheat,Wheat
122,A3_S1_S2_sequence,CNN1D,3,Wheat,Wheat
134,A3_S1_S2_sequence,CNN1D,3,Sugarcane,Sugarcane
135,A3_S1_S2_sequence,CNN1D,3,No crop/Fallow,Wheat
136,A3_S1_S2_sequence,CNN1D,3,Wheat,Lentil
137,A3_S1_S2_sequence,CNN1D,3,No crop/Fallow,Wheat
138,A3_S1_S2_sequence,CNN1D,3,No crop/Fallow,Wheat
145,A3_S1_S2_sequence,CNN1D,3,No crop/Fallow,Mustard
147,A3_S1_S2_sequence,CNN1D,3,No crop/Fallow,Wheat
159,A3_S1_S2_sequence,CNN1D,3,Mustard,Mustard
164,A3_S1_S2_sequence,CNN1D,3,No crop/Fallow,No crop/Fallow
165,A3_S1_S2_sequence,CNN1D,3,Wheat,Wheat
167,A3_S1_S2_sequence,CNN1D,3,Wheat,Lentil
176,A3_S1_S2_sequence,CNN1D,3,Sugarcane,Sugarcane
177,A3_S1_S2_sequence,CNN1D,3,Mustard,Mustard
193,A3_S1_S2_sequence,CNN1D,3,No crop/Fallow,Green pea
194,A3_S1_S2_sequence,CNN1D,3,Sugarcane,Sugarcane
195,A3_S1_S2_sequence,CNN1D,3,No crop/Fallow,Sugarcane
197,A3_S1_S2_sequence,CNN1D,3,No crop/Fallow,Wheat
198,A3_S1_S2_sequence,CNN1D,3,Wheat,Green pea
201,A3_S1_S2_sequence,CNN1D,3,No crop/Fallow,Lentil
202,A3_S1_S2_sequence,CNN1D,3,No crop/Fallow,Mustard
203,A3_S1_S2_sequence,CNN1D,3,Wheat,Wheat
204,A3_S1_S2_sequence,CNN1D,3,No crop/Fallow,Mustard
223,A3_S1_S2_sequence,CNN1D,3,Sugarcane,Sugarcane
224,A3_S1_S2_sequence,CNN1D,3,Mustard,Lentil
225,A3_S1_S2_sequence,CNN1D,3,Mustard,Sugarcane
227,A3_S1_S2_sequence,CNN1D,3,Wheat,Sugarcane
230,A3_S1_S2_sequence,CNN1D,3,Wheat,Sugarcane
245,A3_S1_S2_sequence,CNN1D,3,Wheat,Wheat
246,A3_S1_S2_sequence,CNN1D,3,Wheat,Wheat
247,A3_S1_S2_sequence,CNN1D,3,Wheat,Wheat
248,A3_S1_S2_sequence,CNN1D,3,Wheat,Wheat
249,A3_S1_S2_sequence,CNN1D,3,Wheat,Wheat
253,A3_S1_S2_sequence,CNN1D,3,Wheat,Wheat
254,A3_S1_S2_sequence,CNN1D,3,Wheat,Mustard
255,A3_S1_S2_sequence,CNN1D,3,Wheat,Wheat
257,A3_S1_S2_sequence,CNN1D,3,Wheat,Wheat
258,A3_S1_S2_sequence,CNN1D,3,Wheat,Wheat
259,A3_S1_S2_sequence,CNN1D,3,Potato,Coriander
261,A3_S1_S2_sequence,CNN1D,3,Wheat,Lentil
263,A3_S1_S2_sequence,CNN1D,3,Wheat,No crop/Fallow
298,A3_S1_S2_sequence,CNN1D,3,No crop/Fallow,Mustard
299,A3_S1_S2_sequence,CNN1D,3,Sugarcane,Garlic
300,A3_S1_S2_sequence,CNN1D,3,Sugarcane,Sugarcane
304,A3_S1_S2_sequence,CNN1D,3,No crop/Fallow,Mustard
305,A3_S1_S2_sequence,CNN1D,3,No crop/Fallow,Wheat
307,A3_S1_S2_sequence,CNN1D,3,No crop/Fallow,Lentil
308,A3_S1_S2_sequence,CNN1D,3,No crop/Fallow,Green pea
309,A3_S1_S2_sequence,CNN1D,3,No crop/Fallow,Wheat
326,A3_S1_S2_sequence,CNN1D,3,Wheat,Wheat
327,A3_S1_S2_sequence,CNN1D,3,Sugarcane,Mustard
328,A3_S1_S2_sequence,CNN1D,3,Wheat,Wheat
329,A3_S1_S2_sequence,CNN1D,3,Wheat,Wheat
330,A3_S1_S2_sequence,CNN1D,3,Wheat,Lentil
331,A3_S1_S2_sequence,CNN1D,3,Mustard,Lentil
363,A3_S1_S2_sequence,CNN1D,3,Mustard,Mustard
364,A3_S1_S2_sequence,CNN1D,3,Wheat,Wheat
365,A3_S1_S2_sequence,CNN1D,3,No crop/Fallow,Potato
366,A3_S1_S2_sequence,CNN1D,3,Wheat,Sugarcane
367,A3_S1_S2_sequence,CNN1D,3,Wheat,Mustard
378,A3_S1_S2_sequence,CNN1D,3,Sugarcane,Mustard
383,A3_S1_S2_sequence,CNN1D,3,Wheat,Lentil
384,A3_S1_S2_sequence,CNN1D,3,No crop/Fallow,Sugarcane
385,A3_S1_S2_sequence,CNN1D,3,Mustard,Lentil
388,A3_S1_S2_sequence,CNN1D,3,No crop/Fallow,Mustard
390,A3_S1_S2_sequence,CNN1D,3,Wheat,Wheat
421,A3_S1_S2_sequence,CNN1D,3,Sugarcane,Sugarcane
423,A3_S1_S2_sequence,CNN1D,3,Mustard,Mustard
432,A3_S1_S2_sequence,CNN1D,3,Wheat,Sugarcane
435,A3_S1_S2_sequence,CNN1D,3,Wheat,Mustard
440,A3_S1_S2_sequence,CNN1D,3,Wheat,Wheat
441,A3_S1_S2_sequence,CNN1D,3,No crop/Fallow,Wheat
442,A3_S1_S2_sequence,CNN1D,3,Mustard,Mustard
470,A3_S1_S2_sequence,CNN1D,3,Wheat,Wheat
481,A3_S1_S2_sequence,CNN1D,3,No crop/Fallow,Lentil
484,A3_S1_S2_sequence,CNN1D,3,No crop/Fallow,Lentil
485,A3_S1_S2_sequence,CNN1D,3,No crop/Fallow,Sugarcane
486,A3_S1_S2_sequence,CNN1D,3,Wheat,Lentil
518,A3_S1_S2_sequence,CNN1D,3,Wheat,Lentil
522,A3_S1_S2_sequence,CNN1D,3,Wheat,Wheat
523,A3_S1_S2_sequence,CNN1D,3,Mustard,Wheat
524,A3_S1_S2_sequence,CNN1D,3,Sugarcane,Sugarcane
525,A3_S1_S2_sequence,CNN1D,3,No crop/Fallow,Lentil
526,A3_S1_S2_sequence,CNN1D,3,No crop/Fallow,Lentil
581,A3_S1_S2_sequence,CNN1D,3,Wheat,Lentil
582,A3_S1_S2_sequence,CNN1D,3,No crop/Fallow,No crop/Fallow
594,A3_S1_S2_sequence,CNN1D,3,No crop/Fallow,Garlic
601,A3_S1_S2_sequence,CNN1D,3,Wheat,Wheat
602,A3_S1_S2_sequence,CNN1D,3,Wheat,Wheat
604,A3_S1_S2_sequence,CNN1D,3,Wheat,Lentil
624,A3_S1_S2_sequence,CNN1D,3,No crop/Fallow,No crop/Fallow
625,A3_S1_S2_sequence,CNN1D,3,No crop/Fallow,Sugarcane
627,A3_S1_S2_sequence,CNN1D,3,No crop/Fallow,Sugarcane
629,A3_S1_S2_sequence,CNN1D,3,Wheat,Lentil
634,A3_S1_S2_sequence,CNN1D,3,Sugarcane,Sugarcane
637,A3_S1_S2_sequence,CNN1D,3,Wheat,Wheat
638,A3_S1_S2_sequence,CNN1D,3,Mustard,Mustard
649,A3_S1_S2_sequence,CNN1D,3,No crop/Fallow,Lentil
653,A3_S1_S2_sequence,CNN1D,3,No crop/Fallow,Lentil
654,A3_S1_S2_sequence,CNN1D,3,No crop/Fallow,Lentil
655,A3_S1_S2_sequence,CNN1D,3,Mustard,Lentil
674,A3_S1_S2_sequence,CNN1D,3,Mustard,Mustard
676,A3_S1_S2_sequence,CNN1D,3,Wheat,Lentil
680,A3_S1_S2_sequence,CNN1D,3,Wheat,Mustard
681,A3_S1_S2_sequence,CNN1D,3,Wheat,Mustard
688,A3_S1_S2_sequence,CNN1D,3,No crop/Fallow,Mustard
689,A3_S1_S2_sequence,CNN1D,3,No crop/Fallow,Mustard
690,A3_S1_S2_sequence,CNN1D,3,No crop/Fallow,Lentil
691,A3_S1_S2_sequence,CNN1D,3,Wheat,Lentil
692,A3_S1_S2_sequence,CNN1D,3,Mustard,Lentil
697,A3_S1_S2_sequence,CNN1D,3,Sugarcane,Sugarcane
698,A3_S1_S2_sequence,CNN1D,3,Wheat,Sugarcane
702,A3_S1_S2_sequence,CNN1D,3,No crop/Fallow,Lentil
703,A3_S1_S2_sequence,CNN1D,3,Wheat,Lentil
704,A3_S1_S2_sequence,CNN1D,3,No crop/Fallow,Lentil
705,A3_S1_S2_sequence,CNN1D,3,No crop/Fallow,Lentil
706,A3_S1_S2_sequence,CNN1D,3,No crop/Fallow,Lentil
707,A3_S1_S2_sequence,CNN1D,3,No crop/Fallow,No crop/Fallow
717,A3_S1_S2_sequence,CNN1D,3,Wheat,Wheat
718,A3_S1_S2_sequence,CNN1D,3,Mustard,Mustard
719,A3_S1_S2_sequence,CNN1D,3,Sugarcane,Sugarcane
720,A3_S1_S2_sequence,CNN1D,3,No crop/Fallow,Sugarcane
727,A3_S1_S2_sequence,CNN1D,3,Wheat,Wheat
728,A3_S1_S2_sequence,CNN1D,3,Wheat,Wheat
731,A3_S1_S2_sequence,CNN1D,3,Wheat,Sugarcane
733,A3_S1_S2_sequence,CNN1D,3,Mustard,Sugarcane
735,A3_S1_S2_sequence,CNN1D,3,Wheat,Mustard
736,A3_S1_S2_sequence,CNN1D,3,Wheat,Mustard
739,A3_S1_S2_sequence,CNN1D,3,No crop/Fallow,Mustard
740,A3_S1_S2_sequence,CNN1D,3,Mustard,Wheat
746,A3_S1_S2_sequence,CNN1D,3,Green pea,Lentil
747,A3_S1_S2_sequence,CNN1D,3,Wheat,Wheat
749,A3_S1_S2_sequence,CNN1D,3,Lentil,No crop/Fallow
750,A3_S1_S2_sequence,CNN1D,3,Wheat,Wheat
751,A3_S1_S2_sequence,CNN1D,3,Wheat,Lentil
756,A3_S1_S2_sequence,CNN1D,3,Sugarcane,Sugarcane
757,A3_S1_S2_sequence,CNN1D,3,Sugarcane,Sugarcane
762,A3_S1_S2_sequence,CNN1D,3,Mustard,Sugarcane
763,A3_S1_S2_sequence,CNN1D,3,No crop/Fallow,Sugarcane
764,A3_S1_S2_sequence,CNN1D,3,Wheat,Mustard
774,A3_S1_S2_sequence,CNN1D,3,Mustard,Mustard
775,A3_S1_S2_sequence,CNN1D,3,Wheat,No crop/Fallow
777,A3_S1_S2_sequence,CNN1D,3,No crop/Fallow,No crop/Fallow
778,A3_S1_S2_sequence,CNN1D,3,Wheat,Wheat
779,A3_S1_S2_sequence,CNN1D,3,Mustard,Lentil
780,A3_S1_S2_sequence,CNN1D,3,Mustard,Lentil
794,A3_S1_S2_sequence,CNN1D,3,Wheat,Wheat
811,A3_S1_S2_sequence,CNN1D,3,Sugarcane,Sugarcane
824,A3_S1_S2_sequence,CNN1D,3,No crop/Fallow,No crop/Fallow
825,A3_S1_S2_sequence,CNN1D,3,No crop/Fallow,Mustard
826,A3_S1_S2_sequence,CNN1D,3,No crop/Fallow,Mustard
827,A3_S1_S2_sequence,CNN1D,3,No crop/Fallow,Lentil
828,A3_S1_S2_sequence,CNN1D,3,No crop/Fallow,Lentil
835,A3_S1_S2_sequence,CNN1D,3,No crop/Fallow,Lentil
837,A3_S1_S2_sequence,CNN1D,3,No crop/Fallow,Wheat
838,A3_S1_S2_sequence,CNN1D,3,Mustard,No crop/Fallow
839,A3_S1_S2_sequence,CNN1D,3,Wheat,Wheat
840,A3_S1_S2_sequence,CNN1D,3,Wheat,Wheat
868,A3_S1_S2_sequence,CNN1D,3,Wheat,Lentil
869,A3_S1_S2_sequence,CNN1D,3,Wheat,Lentil
870,A3_S1_S2_sequence,CNN1D,3,Wheat,Mustard
871,A3_S1_S2_sequence,CNN1D,3,No crop/Fallow,Mustard
872,A3_S1_S2_sequence,CNN1D,3,Sugarcane,Sugarcane
879,A3_S1_S2_sequence,CNN1D,3,Wheat,Lentil
880,A3_S1_S2_sequence,CNN1D,3,No crop/Fallow,Wheat
900,A3_S1_S2_sequence,CNN1D,3,No crop/Fallow,Lentil
934,A3_S1_S2_sequence,CNN1D,3,Wheat,Wheat
935,A3_S1_S2_sequence,CNN1D,3,Sugarcane,Sugarcane
936,A3_S1_S2_sequence,CNN1D,3,Mustard,Lentil
937,A3_S1_S2_sequence,CNN1D,3,Wheat,No crop/Fallow
943,A3_S1_S2_sequence,CNN1D,3,Mustard,Lentil
944,A3_S1_S2_sequence,CNN1D,3,Wheat,Mustard
952,A3_S1_S2_sequence,CNN1D,3,No crop/Fallow,Lentil
953,A3_S1_S2_sequence,CNN1D,3,No crop/Fallow,No crop/Fallow
954,A3_S1_S2_sequence,CNN1D,3,No crop/Fallow,No crop/Fallow
955,A3_S1_S2_sequence,CNN1D,3,Wheat,Wheat
966,A3_S1_S2_sequence,CNN1D,3,Wheat,Wheat
967,A3_S1_S2_sequence,CNN1D,3,No crop/Fallow,No crop/Fallow
968,A3_S1_S2_sequence,CNN1D,3,Sugarcane,Sugarcane
969,A3_S1_S2_sequence,CNN1D,3,Wheat,Sugarcane
970,A3_S1_S2_sequence,CNN1D,3,Wheat,Sugarcane
972,A3_S1_S2_sequence,CNN1D,3,Wheat,Sugarcane
974,A3_S1_S2_sequence,CNN1D,3,Wheat,Wheat
975,A3_S1_S2_sequence,CNN1D,3,Wheat,Wheat
987,A3_S1_S2_sequence,CNN1D,3,No crop/Fallow,Wheat
988,A3_S1_S2_sequence,CNN1D,3,Wheat,Wheat
990,A3_S1_S2_sequence,CNN1D,3,No crop/Fallow,Lentil
991,A3_S1_S2_sequence,CNN1D,3,Wheat,Wheat
992,A3_S1_S2_sequence,CNN1D,3,Lentil,Wheat
994,A3_S1_S2_sequence,CNN1D,3,No crop/Fallow,Wheat
995,A3_S1_S2_sequence,CNN1D,3,No crop/Fallow,Coriander
996,A3_S1_S2_sequence,CNN1D,3,No crop/Fallow,Wheat
997,A3_S1_S2_sequence,CNN1D,3,No crop/Fallow,Lentil
998,A3_S1_S2_sequence,CNN1D,3,No crop/Fallow,Mustard
999,A3_S1_S2_sequence,CNN1D,3,Wheat,Mustard
1028,A3_S1_S2_sequence,CNN1D,3,No crop/Fallow,Mustard
1029,A3_S1_S2_sequence,CNN1D,3,Wheat,Lentil
1030,A3_S1_S2_sequence,CNN1D,3,No crop/Fallow,Lentil
1031,A3_S1_S2_sequence,CNN1D,3,Mustard,Mustard
1037,A3_S1_S2_sequence,CNN1D,3,No crop/Fallow,Lentil
1038,A3_S1_S2_sequence,CNN1D,3,No crop/Fallow,Wheat
1039,A3_S1_S2_sequence,CNN1D,3,No crop/Fallow,No crop/Fallow
1047,A3_S1_S2_sequence,CNN1D,3,Wheat,Wheat
1048,A3_S1_S2_sequence,CNN1D,3,Wheat,Wheat
1080,A3_S1_S2_sequence,CNN1D,3,Wheat,Lentil
1081,A3_S1_S2_sequence,CNN1D,3,Mustard,Lentil
1082,A3_S1_S2_sequence,CNN1D,3,Wheat,Lentil
1083,A3_S1_S2_sequence,CNN1D,3,Bersem,Lentil
1084,A3_S1_S2_sequence,CNN1D,3,Mustard,Wheat
1089,A3_S1_S2_sequence,CNN1D,3,Mustard,Lentil
1091,A3_S1_S2_sequence,CNN1D,3,No crop/Fallow,Sugarcane
1093,A3_S1_S2_sequence,CNN1D,3,Wheat,Wheat
1094,A3_S1_S2_sequence,CNN1D,3,No crop/Fallow,Lentil
1100,A3_S1_S2_sequence,CNN1D,3,Mustard,Lentil
1102,A3_S1_S2_sequence,CNN1D,3,Wheat,Wheat
1117,A3_S1_S2_sequence,CNN1D,3,Wheat,Wheat
1118,A3_S1_S2_sequence,CNN1D,3,Wheat,No crop/Fallow
1119,A3_S1_S2_sequence,CNN1D,3,Wheat,Wheat
1121,A3_S1_S2_sequence,CNN1D,3,No crop/Fallow,No crop/Fallow
1130,A3_S1_S2_sequence,CNN1D,3,Wheat,Wheat
1131,A3_S1_S2_sequence,CNN1D,3,Lentil,Mustard
1132,A3_S1_S2_sequence,CNN1D,3,No crop/Fallow,Wheat
1134,A3_S1_S2_sequence,CNN1D,3,Wheat,Wheat
1135,A3_S1_S2_sequence,CNN1D,3,Lentil,Wheat
1136,A3_S1_S2_sequence,CNN1D,3,Wheat,Sugarcane
1137,A3_S1_S2_sequence,CNN1D,3,Wheat,Lentil
1138,A3_S1_S2_sequence,CNN1D,3,Mustard,Mustard
1157,A3_S1_S2_sequence,CNN1D,3,No crop/Fallow,Wheat
1158,A3_S1_S2_sequence,CNN1D,3,No crop/Fallow,Wheat
1161,A3_S1_S2_sequence,CNN1D,3,Wheat,Wheat
1178,A3_S1_S2_sequence,CNN1D,3,No crop/Fallow,No crop/Fallow
1179,A3_S1_S2_sequence,CNN1D,3,Wheat,Wheat
1180,A3_S1_S2_sequence,CNN1D,3,Wheat,Wheat
1181,A3_S1_S2_sequence,CNN1D,3,Wheat,Wheat
1220,A3_S1_S2_sequence,CNN1D,3,No crop/Fallow,Wheat
1222,A3_S1_S2_sequence,CNN1D,3,Sugarcane,Sugarcane
1223,A3_S1_S2_sequence,CNN1D,3,Sugarcane,Sugarcane
1224,A3_S1_S2_sequence,CNN1D,3,Wheat,Wheat
1225,A3_S1_S2_sequence,CNN1D,3,Mustard,Mustard
1226,A3_S1_S2_sequence,CNN1D,3,Wheat,Wheat
1230,A3_S1_S2_sequence,CNN1D,3,Mustard,Mustard
1232,A3_S1_S2_sequence,CNN1D,3,Wheat,Wheat
1253,A3_S1_S2_sequence,CNN1D,3,Wheat,Wheat
1255,A3_S1_S2_sequence,CNN1D,3,Wheat,Wheat
1256,A3_S1_S2_sequence,CNN1D,3,No crop/Fallow,Lentil
1257,A3_S1_S2_sequence,CNN1D,3,No crop/Fallow,Wheat
1258,A3_S1_S2_sequence,CNN1D,3,No crop/Fallow,Lentil
1259,A3_S1_S2_sequence,CNN1D,3,No crop/Fallow,Lentil
1260,A3_S1_S2_sequence,CNN1D,3,Wheat,Wheat
1261,A3_S1_S2_sequence,CNN1D,3,No crop/Fallow,Wheat
1268,A3_S1_S2_sequence,CNN1D,3,Sugarcane,Sugarcane
1269,A3_S1_S2_sequence,CNN1D,3,Wheat,Wheat
1270,A3_S1_S2_sequence,CNN1D,3,Wheat,Wheat
1271,A3_S1_S2_sequence,CNN1D,3,Wheat,Sugarcane
1272,A3_S1_S2_sequence,CNN1D,3,Wheat,Wheat
1293,A3_S1_S2_sequence,CNN1D,3,No crop/Fallow,Wheat
1294,A3_S1_S2_sequence,CNN1D,3,No crop/Fallow,Wheat
1300,A3_S1_S2_sequence,CNN1D,3,Lentil,Lentil
1301,A3_S1_S2_sequence,CNN1D,3,Mustard,Lentil
1308,A3_S1_S2_sequence,CNN1D,3,No crop/Fallow,Lentil
1311,A3_S1_S2_sequence,CNN1D,3,No crop/Fallow,Wheat
1313,A3_S1_S2_sequence,CNN1D,3,No crop/Fallow,Wheat
1319,A3_S1_S2_sequence,CNN1D,3,Wheat,Wheat
1320,A3_S1_S2_sequence,CNN1D,3,Lentil,Mustard
1321,A3_S1_S2_sequence,CNN1D,3,Lentil,Wheat
1332,A3_S1_S2_sequence,CNN1D,3,Lentil,Lentil
1350,A3_S1_S2_sequence,CNN1D,3,Wheat,Wheat
1351,A3_S1_S2_sequence,CNN1D,3,No crop/Fallow,No crop/Fallow
1357,A3_S1_S2_sequence,CNN1D,3,No crop/Fallow,Wheat
1358,A3_S1_S2_sequence,CNN1D,3,No crop/Fallow,Wheat
1359,A3_S1_S2_sequence,CNN1D,3,No crop/Fallow,Wheat
1360,A3_S1_S2_sequence,CNN1D,3,No crop/Fallow,Lentil
1361,A3_S1_S2_sequence,CNN1D,3,No crop/Fallow,Mustard
1363,A3_S1_S2_sequence,CNN1D,3,Wheat,Lentil
1364,A3_S1_S2_sequence,CNN1D,3,Wheat,No crop/Fallow
1365,A3_S1_S2_sequence,CNN1D,3,Lentil,Mustard
1366,A3_S1_S2_sequence,CNN1D,3,Wheat,Wheat
1367,A3_S1_S2_sequence,CNN1D,3,Wheat,Wheat
1372,A3_S1_S2_sequence,CNN1D,3,Green pea,Wheat
1373,A3_S1_S2_sequence,CNN1D,3,Sugarcane,Sugarcane
1374,A3_S1_S2_sequence,CNN1D,3,Wheat,Wheat
1397,A3_S1_S2_sequence,CNN1D,3,No crop/Fallow,Lentil
1399,A3_S1_S2_sequence,CNN1D,3,No crop/Fallow,Wheat
1400,A3_S1_S2_sequence,CNN1D,3,Wheat,Wheat
1401,A3_S1_S2_sequence,CNN1D,3,Wheat,Lentil
1408,A3_S1_S2_sequence,CNN1D,3,No crop/Fallow,Wheat
1409,A3_S1_S2_sequence,CNN1D,3,No crop/Fallow,Wheat
1410,A3_S1_S2_sequence,CNN1D,3,No crop/Fallow,Wheat
1411,A3_S1_S2_sequence,CNN1D,3,No crop/Fallow,Wheat
1413,A3_S1_S2_sequence,CNN1D,3,No crop/Fallow,Mustard
1418,A3_S1_S2_sequence,CNN1D,3,No crop/Fallow,Sugarcane
1419,A3_S1_S2_sequence,CNN1D,3,No crop/Fallow,No crop/Fallow
1426,A3_S1_S2_sequence,CNN1D,3,No crop/Fallow,Lentil
1427,A3_S1_S2_sequence,CNN1D,3,No crop/Fallow,Lentil
1428,A3_S1_S2_sequence,CNN1D,3,No crop/Fallow,Lentil
1429,A3_S1_S2_sequence,CNN1D,3,No crop/Fallow,Wheat
1430,A3_S1_S2_sequence,CNN1D,3,No crop/Fallow,Lentil
1443,A3_S1_S2_sequence,CNN1D,3,Lentil,Lentil
1444,A3_S1_S2_sequence,CNN1D,3,Wheat,Wheat
1460,A3_S1_S2_sequence,CNN1D,3,Garlic,Mustard
1461,A3_S1_S2_sequence,CNN1D,3,Wheat,Wheat
1462,A3_S1_S2_sequence,CNN1D,3,No crop/Fallow,Sugarcane
1488,A3_S1_S2_sequence,CNN1D,3,No crop/Fallow,No crop/Fallow
1490,A3_S1_S2_sequence,CNN1D,3,Wheat,Wheat
1491,A3_S1_S2_sequence,CNN1D,3,No crop/Fallow,Wheat
1492,A3_S1_S2_sequence,CNN1D,3,Wheat,Wheat
1502,A3_S1_S2_sequence,CNN1D,3,No crop/Fallow,Lentil
1503,A3_S1_S2_sequence,CNN1D,3,No crop/Fallow,Wheat
1506,A3_S1_S2_sequence,CNN1D,3,No crop/Fallow,Lentil
1507,A3_S1_S2_sequence,CNN1D,3,Wheat,Lentil
1513,A3_S1_S2_sequence,CNN1D,3,Wheat,Wheat
1519,A3_S1_S2_sequence,CNN1D,3,Mustard,Sugarcane
1521,A3_S1_S2_sequence,CNN1D,3,Wheat,Wheat
1522,A3_S1_S2_sequence,CNN1D,3,Mustard,Sugarcane
1533,A3_S1_S2_sequence,CNN1D,3,Wheat,Wheat
1535,A3_S1_S2_sequence,CNN1D,3,Sugarcane,Lentil
1539,A3_S1_S2_sequence,CNN1D,3,Wheat,Wheat
1540,A3_S1_S2_sequence,CNN1D,3,Wheat,Wheat
1541,A3_S1_S2_sequence,CNN1D,3,Mustard,Lentil
1547,A3_S1_S2_sequence,CNN1D,3,No crop/Fallow,Wheat
1548,A3_S1_S2_sequence,CNN1D,3,No crop/Fallow,Lentil
1549,A3_S1_S2_sequence,CNN1D,3,Lentil,Lentil
1550,A3_S1_S2_sequence,CNN1D,3,Wheat,Wheat
1551,A3_S1_S2_sequence,CNN1D,3,Wheat,Lentil
1552,A3_S1_S2_sequence,CNN1D,3,Wheat,Wheat
1561,A3_S1_S2_sequence,CNN1D,3,Wheat,Mustard
1573,A3_S1_S2_sequence,CNN1D,3,Wheat,Wheat
1575,A3_S1_S2_sequence,CNN1D,3,Wheat,Wheat
1580,A3_S1_S2_sequence,CNN1D,3,No crop/Fallow,Lentil
1582,A3_S1_S2_sequence,CNN1D,3,No crop/Fallow,Mustard
1583,A3_S1_S2_sequence,CNN1D,3,No crop/Fallow,Sugarcane
1585,A3_S1_S2_sequence,CNN1D,3,Wheat,Wheat
1589,A3_S1_S2_sequence,CNN1D,3,Mustard,Lentil
1596,A3_S1_S2_sequence,CNN1D,3,No crop/Fallow,Potato
1598,A3_S1_S2_sequence,CNN1D,3,Wheat,Lentil
1599,A3_S1_S2_sequence,CNN1D,3,No crop/Fallow,Lentil
1603,A3_S1_S2_sequence,CNN1D,3,Wheat,No crop/Fallow
1605,A3_S1_S2_sequence,CNN1D,3,Wheat,Wheat
1606,A3_S1_S2_sequence,CNN1D,3,Mustard,Mustard
1610,A3_S1_S2_sequence,CNN1D,3,No crop/Fallow,Lentil
1611,A3_S1_S2_sequence,CNN1D,3,No crop/Fallow,Wheat
1613,A3_S1_S2_sequence,CNN1D,3,No crop/Fallow,Wheat
1614,A3_S1_S2_sequence,CNN1D,3,No crop/Fallow,Lentil
1626,A3_S1_S2_sequence,CNN1D,3,No crop/Fallow,Sugarcane
1627,A3_S1_S2_sequence,CNN1D,3,No crop/Fallow,Lentil
1628,A3_S1_S2_sequence,CNN1D,3,No crop/Fallow,Mustard
1631,A3_S1_S2_sequence,CNN1D,3,Sugarcane,Sugarcane
1639,A3_S1_S2_sequence,CNN1D,3,No crop/Fallow,Lentil
1658,A3_S1_S2_sequence,CNN1D,3,Wheat,Mustard
1677,A3_S1_S2_sequence,CNN1D,3,No crop/Fallow,Lentil
1679,A3_S1_S2_sequence,CNN1D,3,No crop/Fallow,Wheat
1680,A3_S1_S2_sequence,CNN1D,3,No crop/Fallow,Lentil
1690,A3_S1_S2_sequence,CNN1D,3,Wheat,Wheat
1703,A3_S1_S2_sequence,CNN1D,3,Sugarcane,Sugarcane
1736,A3_S1_S2_sequence,CNN1D,3,Wheat,Wheat
1743,A3_S1_S2_sequence,CNN1D,3,Wheat,Wheat
1744,A3_S1_S2_sequence,CNN1D,3,Wheat,Wheat
1745,A3_S1_S2_sequence,CNN1D,3,Wheat,Wheat
1746,A3_S1_S2_sequence,CNN1D,3,Wheat,Wheat
1799,A3_S1_S2_sequence,CNN1D,3,Mustard,Wheat
1800,A3_S1_S2_sequence,CNN1D,3,Mustard,Lentil
1805,A3_S1_S2_sequence,CNN1D,3,Wheat,Wheat
1811,A3_S1_S2_sequence,CNN1D,3,Mustard,Lentil
1812,A3_S1_S2_sequence,CNN1D,3,Lentil,Lentil
1813,A3_S1_S2_sequence,CNN1D,3,Coriander,Mustard
1814,A3_S1_S2_sequence,CNN1D,3,Mustard,Lentil
1815,A3_S1_S2_sequence,CNN1D,3,Coriander,Lentil
1827,A3_S1_S2_sequence,CNN1D,3,Wheat,Sugarcane
1829,A3_S1_S2_sequence,CNN1D,3,Wheat,Wheat
1860,A3_S1_S2_sequence,CNN1D,3,Coriander,Lentil
1863,A3_S1_S2_sequence,CNN1D,3,Wheat,Lentil
1864,A3_S1_S2_sequence,CNN1D,3,Wheat,Wheat
1867,A3_S1_S2_sequence,CNN1D,3,No crop/Fallow,No crop/Fallow
1873,A3_S1_S2_sequence,CNN1D,3,Wheat,Wheat
1875,A3_S1_S2_sequence,CNN1D,3,Wheat,Wheat
1876,A3_S1_S2_sequence,CNN1D,3,Wheat,Potato
1883,A3_S1_S2_sequence,CNN1D,3,Wheat,Wheat
1892,A3_S1_S2_sequence,CNN1D,3,Mustard,Lentil
1899,A3_S1_S2_sequence,CNN1D,3,Wheat,Wheat
1900,A3_S1_S2_sequence,CNN1D,3,Wheat,Wheat
1901,A3_S1_S2_sequence,CNN1D,3,Wheat,Wheat
1902,A3_S1_S2_sequence,CNN1D,3,Wheat,Wheat
1903,A3_S1_S2_sequence,CNN1D,3,Wheat,Wheat
1905,A3_S1_S2_sequence,CNN1D,3,No crop/Fallow,Sugarcane
1906,A3_S1_S2_sequence,CNN1D,3,Wheat,Wheat
1919,A3_S1_S2_sequence,CNN1D,3,Sugarcane,Sugarcane
1920,A3_S1_S2_sequence,CNN1D,3,Wheat,Wheat
1921,A3_S1_S2_sequence,CNN1D,3,Lentil,Wheat
1922,A3_S1_S2_sequence,CNN1D,3,Wheat,Wheat
1923,A3_S1_S2_sequence,CNN1D,3,Mustard,Mustard
1924,A3_S1_S2_sequence,CNN1D,3,Mustard,Mustard
1936,A3_S1_S2_sequence,CNN1D,3,Wheat,Wheat
1940,A3_S1_S2_sequence,CNN1D,3,Wheat,Wheat
1941,A3_S1_S2_sequence,CNN1D,3,Wheat,Wheat
1942,A3_S1_S2_sequence,CNN1D,3,Wheat,Wheat
1943,A3_S1_S2_sequence,CNN1D,3,No crop/Fallow,Sugarcane
1944,A3_S1_S2_sequence,CNN1D,3,Wheat,Wheat
1946,A3_S1_S2_sequence,CNN1D,3,Mustard,Lentil
1950,A3_S1_S2_sequence,CNN1D,3,Wheat,Wheat
1956,A3_S1_S2_sequence,CNN1D,3,Wheat,Wheat
1957,A3_S1_S2_sequence,CNN1D,3,Wheat,Wheat
1958,A3_S1_S2_sequence,CNN1D,3,Wheat,Wheat
1959,A3_S1_S2_sequence,CNN1D,3,Wheat,Wheat
1965,A3_S1_S2_sequence,CNN1D,3,Lentil,Lentil
1966,A3_S1_S2_sequence,CNN1D,3,Green pea,Wheat
1967,A3_S1_S2_sequence,CNN1D,3,Mustard,Wheat
1968,A3_S1_S2_sequence,CNN1D,3,Wheat,Wheat
1979,A3_S1_S2_sequence,CNN1D,3,Wheat,Wheat
1986,A3_S1_S2_sequence,CNN1D,3,No crop/Fallow,No crop/Fallow
1988,A3_S1_S2_sequence,CNN1D,3,Mustard,Mustard
1991,A3_S1_S2_sequence,CNN1D,3,Wheat,Wheat
1992,A3_S1_S2_sequence,CNN1D,3,Wheat,Wheat
2001,A3_S1_S2_sequence,CNN1D,3,No crop/Fallow,Green pea
2002,A3_S1_S2_sequence,CNN1D,3,Wheat,Wheat
2003,A3_S1_S2_sequence,CNN1D,3,Mustard,Green pea
2004,A3_S1_S2_sequence,CNN1D,3,Mustard,Sugarcane
2005,A3_S1_S2_sequence,CNN1D,3,Mustard,Sugarcane
2006,A3_S1_S2_sequence,CNN1D,3,Wheat,Wheat
2007,A3_S1_S2_sequence,CNN1D,3,Wheat,Wheat
2008,A3_S1_S2_sequence,CNN1D,3,Mustard,Wheat
2009,A3_S1_S2_sequence,CNN1D,3,Lentil,Wheat
2015,A3_S1_S2_sequence,CNN1D,3,Mustard,Lentil
2016,A3_S1_S2_sequence,CNN1D,3,Mustard,Wheat
2017,A3_S1_S2_sequence,CNN1D,3,Mustard,Wheat
2019,A3_S1_S2_sequence,CNN1D,3,Wheat,Lentil
2021,A3_S1_S2_sequence,CNN1D,3,Wheat,Wheat
2022,A3_S1_S2_sequence,CNN1D,3,Wheat,Wheat
2050,A3_S1_S2_sequence,CNN1D,3,Wheat,Wheat
2051,A3_S1_S2_sequence,CNN1D,3,Wheat,Wheat
2052,A3_S1_S2_sequence,CNN1D,3,Wheat,Wheat
2053,A3_S1_S2_sequence,CNN1D,3,Wheat,Wheat
2054,A3_S1_S2_sequence,CNN1D,3,Wheat,No crop/Fallow
2055,A3_S1_S2_sequence,CNN1D,3,Wheat,Wheat
2056,A3_S1_S2_sequence,CNN1D,3,Lentil,Lentil
2060,A3_S1_S2_sequence,CNN1D,3,Wheat,Wheat
2062,A3_S1_S2_sequence,CNN1D,3,Wheat,Lentil
2078,A3_S1_S2_sequence,CNN1D,3,Wheat,Wheat
2117,A3_S1_S2_sequence,CNN1D,3,No crop/Fallow,Wheat
2118,A3_S1_S2_sequence,CNN1D,3,Wheat,Mustard
2130,A3_S1_S2_sequence,CNN1D,3,Wheat,Wheat
2131,A3_S1_S2_sequence,CNN1D,3,Wheat,Wheat
2145,A3_S1_S2_sequence,CNN1D,3,Wheat,Lentil
2159,A3_S1_S2_sequence,CNN1D,3,Wheat,Wheat
2174,A3_S1_S2_sequence,CNN1D,3,Wheat,Wheat
2182,A3_S1_S2_sequence,CNN1D,3,Wheat,Lentil
2183,A3_S1_S2_sequence,CNN1D,3,Mustard,Lentil
2185,A3_S1_S2_sequence,CNN1D,3,Wheat,Lentil
2186,A3_S1_S2_sequence,CNN1D,3,Wheat,Lentil
2187,A3_S1_S2_sequence,CNN1D,3,Wheat,Wheat
2188,A3_S1_S2_sequence,CNN1D,3,Lentil,Wheat
2189,A3_S1_S2_sequence,CNN1D,3,Wheat,Mustard
2190,A3_S1_S2_sequence,CNN1D,3,Lentil,Mustard
2217,A3_S1_S2_sequence,CNN1D,3,Wheat,Sugarcane
2218,A3_S1_S2_sequence,CNN1D,3,Wheat,Wheat
2219,A3_S1_S2_sequence,CNN1D,3,Wheat,Wheat
2220,A3_S1_S2_sequence,CNN1D,3,Wheat,Wheat
2221,A3_S1_S2_sequence,CNN1D,3,Wheat,Wheat
2228,A3_S1_S2_sequence,CNN1D,3,Wheat,Wheat
2229,A3_S1_S2_sequence,CNN1D,3,Wheat,Wheat
2234,A3_S1_S2_sequence,CNN1D,3,Wheat,Wheat
2236,A3_S1_S2_sequence,CNN1D,3,Wheat,Wheat
2243,A3_S1_S2_sequence,CNN1D,3,Wheat,Wheat
2245,A3_S1_S2_sequence,CNN1D,3,Wheat,Wheat
2246,A3_S1_S2_sequence,CNN1D,3,Wheat,Wheat
2247,A3_S1_S2_sequence,CNN1D,3,Wheat,Wheat
2259,A3_S1_S2_sequence,CNN1D,3,Wheat,Wheat
2280,A3_S1_S2_sequence,CNN1D,3,Wheat,Wheat
2281,A3_S1_S2_sequence,CNN1D,3,Sugarcane,Sugarcane
2282,A3_S1_S2_sequence,CNN1D,3,Sugarcane,Sugarcane
2283,A3_S1_S2_sequence,CNN1D,3,Wheat,Wheat
2285,A3_S1_S2_sequence,CNN1D,3,Wheat,Potato
2286,A3_S1_S2_sequence,CNN1D,3,Wheat,Wheat
2317,A3_S1_S2_sequence,CNN1D,3,Wheat,Wheat
2318,A3_S1_S2_sequence,CNN1D,3,Wheat,Wheat
2319,A3_S1_S2_sequence,CNN1D,3,Wheat,Wheat
2324,A3_S1_S2_sequence,CNN1D,3,Sugarcane,Sugarcane
2339,A3_S1_S2_sequence,CNN1D,3,No crop/Fallow,Mustard
2340,A3_S1_S2_sequence,CNN1D,3,No crop/Fallow,Mustard
2341,A3_S1_S2_sequence,CNN1D,3,Wheat,Wheat
2361,A3_S1_S2_sequence,CNN1D,3,Wheat,Lentil
2362,A3_S1_S2_sequence,CNN1D,3,Wheat,Wheat
2363,A3_S1_S2_sequence,CNN1D,3,Wheat,Wheat
2364,A3_S1_S2_sequence,CNN1D,3,Mustard,Wheat
2365,A3_S1_S2_sequence,CNN1D,3,Wheat,Wheat
2366,A3_S1_S2_sequence,CNN1D,3,Mustard,Sugarcane
2390,A3_S1_S2_sequence,CNN1D,3,Wheat,Wheat
2392,A3_S1_S2_sequence,CNN1D,3,Wheat,Wheat
2393,A3_S1_S2_sequence,CNN1D,3,Lentil,Mustard
2394,A3_S1_S2_sequence,CNN1D,3,Wheat,Wheat
2395,A3_S1_S2_sequence,CNN1D,3,Wheat,Wheat
2397,A3_S1_S2_sequence,CNN1D,3,Mustard,Lentil
2401,A3_S1_S2_sequence,CNN1D,3,Wheat,Wheat
2402,A3_S1_S2_sequence,CNN1D,3,Wheat,Wheat
2403,A3_S1_S2_sequence,CNN1D,3,Wheat,Wheat
2404,A3_S1_S2_sequence,CNN1D,3,Wheat,Wheat
2415,A3_S1_S2_sequence,CNN1D,3,Wheat,Mustard
2417,A3_S1_S2_sequence,CNN1D,3,No crop/Fallow,Sugarcane
2418,A3_S1_S2_sequence,CNN1D,3,Green pea,Wheat
2419,A3_S1_S2_sequence,CNN1D,3,Mustard,Wheat
2440,A3_S1_S2_sequence,CNN1D,3,Wheat,Wheat
2444,A3_S1_S2_sequence,CNN1D,3,Wheat,Wheat
2449,A3_S1_S2_sequence,CNN1D,3,Mustard,Sugarcane
2450,A3_S1_S2_sequence,CNN1D,3,Wheat,Wheat
2451,A3_S1_S2_sequence,CNN1D,3,Wheat,Mustard
2452,A3_S1_S2_sequence,CNN1D,3,Wheat,Wheat
2453,A3_S1_S2_sequence,CNN1D,3,Wheat,Wheat
2454,A3_S1_S2_sequence,CNN1D,3,Wheat,Wheat
2464,A3_S1_S2_sequence,CNN1D,3,Green pea,Wheat
2465,A3_S1_S2_sequence,CNN1D,3,Wheat,Wheat
2466,A3_S1_S2_sequence,CNN1D,3,Lentil,Green pea
2492,A3_S1_S2_sequence,CNN1D,3,Mustard,Sugarcane
2493,A3_S1_S2_sequence,CNN1D,3,Wheat,Wheat
2523,A3_S1_S2_sequence,CNN1D,3,Wheat,Lentil
2543,A3_S1_S2_sequence,CNN1D,3,Wheat,Wheat
2544,A3_S1_S2_sequence,CNN1D,3,Lentil,Mustard
2558,A3_S1_S2_sequence,CNN1D,3,Wheat,Wheat
2559,A3_S1_S2_sequence,CNN1D,3,Mustard,Wheat
2560,A3_S1_S2_sequence,CNN1D,3,Wheat,Sugarcane
2561,A3_S1_S2_sequence,CNN1D,3,Sugarcane,Sugarcane
2562,A3_S1_S2_sequence,CNN1D,3,Wheat,Wheat
2563,A3_S1_S2_sequence,CNN1D,3,No crop/Fallow,Lentil
2566,A3_S1_S2_sequence,CNN1D,3,Wheat,Wheat
2567,A3_S1_S2_sequence,CNN1D,3,No crop/Fallow,Sugarcane
2568,A3_S1_S2_sequence,CNN1D,3,Wheat,Wheat
2600,A3_S1_S2_sequence,CNN1D,3,Wheat,Wheat
2601,A3_S1_S2_sequence,CNN1D,3,Wheat,Wheat
2602,A3_S1_S2_sequence,CNN1D,3,Wheat,No crop/Fallow
2603,A3_S1_S2_sequence,CNN1D,3,Wheat,Wheat
2608,A3_S1_S2_sequence,CNN1D,3,Wheat,Wheat
2609,A3_S1_S2_sequence,CNN1D,3,Lentil,Lentil
2615,A3_S1_S2_sequence,CNN1D,3,Sugarcane,Mustard
2616,A3_S1_S2_sequence,CNN1D,3,Wheat,Wheat
2617,A3_S1_S2_sequence,CNN1D,3,Sugarcane,Wheat
2636,A3_S1_S2_sequence,CNN1D,3,Wheat,Wheat
2637,A3_S1_S2_sequence,CNN1D,3,Sugarcane,Sugarcane
2638,A3_S1_S2_sequence,CNN1D,3,Mustard,Mustard
2680,A3_S1_S2_sequence,CNN1D,3,Wheat,Wheat
2681,A3_S1_S2_sequence,CNN1D,3,Wheat,Wheat
2682,A3_S1_S2_sequence,CNN1D,3,Wheat,Wheat
2689,A3_S1_S2_sequence,CNN1D,3,Mustard,Mustard
2690,A3_S1_S2_sequence,CNN1D,3,Mustard,Mustard
2691,A3_S1_S2_sequence,CNN1D,3,Wheat,Wheat
2692,A3_S1_S2_sequence,CNN1D,3,Wheat,Wheat
2693,A3_S1_S2_sequence,CNN1D,3,Wheat,Wheat
2694,A3_S1_S2_sequence,CNN1D,3,Mustard,Wheat
2709,A3_S1_S2_sequence,CNN1D,3,Wheat,Wheat
2710,A3_S1_S2_sequence,CNN1D,3,Wheat,Wheat
2712,A3_S1_S2_sequence,CNN1D,3,Mustard,Lentil
2716,A3_S1_S2_sequence,CNN1D,3,Wheat,Wheat
2727,A3_S1_S2_sequence,CNN1D,3,Wheat,Wheat
2728,A3_S1_S2_sequence,CNN1D,3,Wheat,Lentil
2729,A3_S1_S2_sequence,CNN1D,3,Wheat,Wheat
2730,A3_S1_S2_sequence,CNN1D,3,Wheat,Wheat
2731,A3_S1_S2_sequence,CNN1D,3,Wheat,Wheat
2740,A3_S1_S2_sequence,CNN1D,3,Mustard,Lentil
2741,A3_S1_S2_sequence,CNN1D,3,Wheat,Wheat
2763,A3_S1_S2_sequence,CNN1D,3,Mustard,Mustard
2764,A3_S1_S2_sequence,CNN1D,3,Wheat,Wheat
2782,A3_S1_S2_sequence,CNN1D,3,Wheat,Wheat
2785,A3_S1_S2_sequence,CNN1D,3,Wheat,Wheat
2796,A3_S1_S2_sequence,CNN1D,3,Wheat,Wheat
2811,A3_S1_S2_sequence,CNN1D,3,Wheat,Wheat
2838,A3_S1_S2_sequence,CNN1D,3,Wheat,Wheat
2839,A3_S1_S2_sequence,CNN1D,3,Wheat,Wheat
2840,A3_S1_S2_sequence,CNN1D,3,Wheat,Wheat
2853,A3_S1_S2_sequence,CNN1D,3,Wheat,Wheat
2854,A3_S1_S2_sequence,CNN1D,3,Wheat,Wheat
2855,A3_S1_S2_sequence,CNN1D,3,Wheat,Wheat
2856,A3_S1_S2_sequence,CNN1D,3,Wheat,Wheat
2871,A3_S1_S2_sequence,CNN1D,3,Mustard,Mustard
2872,A3_S1_S2_sequence,CNN1D,3,Wheat,Wheat
2878,A3_S1_S2_sequence,CNN1D,3,Lentil,Bersem
2880,A3_S1_S2_sequence,CNN1D,3,Wheat,Wheat
2885,A3_S1_S2_sequence,CNN1D,3,Bersem,Lentil
2900,A3_S1_S2_sequence,CNN1D,3,Mustard,Sugarcane
2901,A3_S1_S2_sequence,CNN1D,3,Mustard,Sugarcane
2913,A3_S1_S2_sequence,CNN1D,3,No crop/Fallow,Wheat
2914,A3_S1_S2_sequence,CNN1D,3,Wheat,Wheat
2915,A3_S1_S2_sequence,CNN1D,3,Mustard,Green pea
2920,A3_S1_S2_sequence,CNN1D,3,Wheat,Wheat
2921,A3_S1_S2_sequence,CNN1D,3,Wheat,Wheat
2929,A3_S1_S2_sequence,CNN1D,3,Mustard,Mustard
2930,A3_S1_S2_sequence,CNN1D,3,Wheat,Wheat
2931,A3_S1_S2_sequence,CNN1D,3,Bersem,Lentil
2932,A3_S1_S2_sequence,CNN1D,3,Wheat,Wheat
2933,A3_S1_S2_sequence,CNN1D,3,Wheat,Wheat
2934,A3_S1_S2_sequence,CNN1D,3,Wheat,Wheat
2950,A3_S1_S2_sequence,CNN1D,3,Wheat,Wheat
2955,A3_S1_S2_sequence,CNN1D,3,Mustard,Green pea
2956,A3_S1_S2_sequence,CNN1D,3,Wheat,Wheat
2957,A3_S1_S2_sequence,CNN1D,3,Wheat,Wheat
2958,A3_S1_S2_sequence,CNN1D,3,Wheat,Wheat
2961,A3_S1_S2_sequence,CNN1D,3,Wheat,Sugarcane
3010,A3_S1_S2_sequence,CNN1D,3,Wheat,Wheat
3011,A3_S1_S2_sequence,CNN1D,3,No crop/Fallow,Wheat
3026,A3_S1_S2_sequence,CNN1D,3,Wheat,Wheat
3027,A3_S1_S2_sequence,CNN1D,3,Wheat,Wheat
3028,A3_S1_S2_sequence,CNN1D,3,Wheat,Wheat
3037,A3_S1_S2_sequence,CNN1D,3,Mustard,Wheat
3038,A3_S1_S2_sequence,CNN1D,3,Mustard,Wheat
3039,A3_S1_S2_sequence,CNN1D,3,Sugarcane,Wheat
3050,A3_S1_S2_sequence,CNN1D,3,Wheat,Wheat
3051,A3_S1_S2_sequence,CNN1D,3,Wheat,Wheat
3058,A3_S1_S2_sequence,CNN1D,3,Wheat,Wheat
3068,A3_S1_S2_sequence,CNN1D,3,Wheat,Wheat
3069,A3_S1_S2_sequence,CNN1D,3,Wheat,Wheat
3070,A3_S1_S2_sequence,CNN1D,3,Mustard,Lentil
3085,A3_S1_S2_sequence,CNN1D,3,Wheat,Wheat
3086,A3_S1_S2_sequence,CNN1D,3,Wheat,Wheat
3105,A3_S1_S2_sequence,CNN1D,3,Wheat,Wheat
3106,A3_S1_S2_sequence,CNN1D,3,Wheat,Wheat
3107,A3_S1_S2_sequence,CNN1D,3,Wheat,Sugarcane
3122,A3_S1_S2_sequence,CNN1D,3,Wheat,Mustard
3123,A3_S1_S2_sequence,CNN1D,3,Wheat,Wheat
3124,A3_S1_S2_sequence,CNN1D,3,Wheat,Lentil
3125,A3_S1_S2_sequence,CNN1D,3,Wheat,Wheat
3138,A3_S1_S2_sequence,CNN1D,3,No crop/Fallow,Lentil
3140,A3_S1_S2_sequence,CNN1D,3,Mustard,Lentil
3141,A3_S1_S2_sequence,CNN1D,3,Wheat,Lentil
3142,A3_S1_S2_sequence,CNN1D,3,Wheat,Wheat
3143,A3_S1_S2_sequence,CNN1D,3,Wheat,Mustard
3144,A3_S1_S2_sequence,CNN1D,3,Wheat,Wheat
3145,A3_S1_S2_sequence,CNN1D,3,Mustard,Potato
3164,A3_S1_S2_sequence,CNN1D,3,No crop/Fallow,Sugarcane
3165,A3_S1_S2_sequence,CNN1D,3,Wheat,Wheat
3166,A3_S1_S2_sequence,CNN1D,3,Lentil,Lentil
3178,A3_S1_S2_sequence,CNN1D,3,Wheat,Wheat
3193,A3_S1_S2_sequence,CNN1D,3,Wheat,Wheat
3194,A3_S1_S2_sequence,CNN1D,3,Wheat,Wheat
3206,A3_S1_S2_sequence,CNN1D,3,Mustard,Mustard
3207,A3_S1_S2_sequence,CNN1D,3,Wheat,Wheat
3208,A3_S1_S2_sequence,CNN1D,3,Sugarcane,Mustard
3209,A3_S1_S2_sequence,CNN1D,3,Mustard,Mustard
3210,A3_S1_S2_sequence,CNN1D,3,Sugarcane,Sugarcane
3223,A3_S1_S2_sequence,CNN1D,3,Wheat,Wheat
3225,A3_S1_S2_sequence,CNN1D,3,Wheat,Wheat
3253,A3_S1_S2_sequence,CNN1D,3,Mustard,Lentil
3254,A3_S1_S2_sequence,CNN1D,3,Mustard,Wheat
3264,A3_S1_S2_sequence,CNN1D,3,Wheat,Wheat
3265,A3_S1_S2_sequence,CNN1D,3,Wheat,Wheat
3287,A3_S1_S2_sequence,CNN1D,3,Wheat,Wheat
3293,A3_S1_S2_sequence,CNN1D,3,Wheat,Wheat
3312,A3_S1_S2_sequence,CNN1D,3,Mustard,Wheat
3313,A3_S1_S2_sequence,CNN1D,3,Wheat,Wheat
3314,A3_S1_S2_sequence,CNN1D,3,Mustard,Wheat
3317,A3_S1_S2_sequence,CNN1D,3,Wheat,Wheat
3318,A3_S1_S2_sequence,CNN1D,3,Wheat,Bersem
3338,A3_S1_S2_sequence,CNN1D,3,Mustard,Lentil
3339,A3_S1_S2_sequence,CNN1D,3,Wheat,Wheat
3340,A3_S1_S2_sequence,CNN1D,3,Wheat,Lentil
3350,A3_S1_S2_sequence,CNN1D,3,Wheat,Wheat
3351,A3_S1_S2_sequence,CNN1D,3,Wheat,Wheat
3362,A3_S1_S2_sequence,CNN1D,3,Wheat,Mustard
3363,A3_S1_S2_sequence,CNN1D,3,Wheat,Mustard
3367,A3_S1_S2_sequence,CNN1D,3,Wheat,Sugarcane
3369,A3_S1_S2_sequence,CNN1D,3,Mustard,Mustard
3370,A3_S1_S2_sequence,CNN1D,3,Wheat,Lentil
3371,A3_S1_S2_sequence,CNN1D,3,Wheat,Wheat
3372,A3_S1_S2_sequence,CNN1D,3,Wheat,Wheat
3373,A3_S1_S2_sequence,CNN1D,3,Mustard,Lentil
3374,A3_S1_S2_sequence,CNN1D,3,Coriander,Lentil
3375,A3_S1_S2_sequence,CNN1D,3,Mustard,Lentil
3376,A3_S1_S2_sequence,CNN1D,3,Wheat,Wheat
3380,A3_S1_S2_sequence,CNN1D,3,Wheat,Sugarcane
3381,A3_S1_S2_sequence,CNN1D,3,Mustard,Mustard
3389,A3_S1_S2_sequence,CNN1D,3,Wheat,Wheat
3390,A3_S1_S2_sequence,CNN1D,3,Mustard,Mustard
3395,A3_S1_S2_sequence,CNN1D,3,Wheat,Wheat
3414,A3_S1_S2_sequence,CNN1D,3,Mustard,Sugarcane
3415,A3_S1_S2_sequence,CNN1D,3,Mustard,Sugarcane
3427,A3_S1_S2_sequence,CNN1D,3,Wheat,Wheat
3428,A3_S1_S2_sequence,CNN1D,3,Mustard,Mustard
3429,A3_S1_S2_sequence,CNN1D,3,Wheat,Wheat
3430,A3_S1_S2_sequence,CNN1D,3,Mustard,Lentil
3431,A3_S1_S2_sequence,CNN1D,3,Wheat,Wheat
3436,A3_S1_S2_sequence,CNN1D,3,Mustard,Mustard
3446,A3_S1_S2_sequence,CNN1D,3,Wheat,Mustard
3447,A3_S1_S2_sequence,CNN1D,3,Wheat,Lentil
3463,A3_S1_S2_sequence,CNN1D,3,Wheat,Wheat
3464,A3_S1_S2_sequence,CNN1D,3,Wheat,Wheat
3471,A3_S1_S2_sequence,CNN1D,3,Wheat,Wheat
3472,A3_S1_S2_sequence,CNN1D,3,Wheat,Wheat
3482,A3_S1_S2_sequence,CNN1D,3,Wheat,Wheat
3484,A3_S1_S2_sequence,CNN1D,3,Wheat,Wheat
3487,A3_S1_S2_sequence,CNN1D,3,Wheat,Wheat
3488,A3_S1_S2_sequence,CNN1D,3,Wheat,Wheat
3489,A3_S1_S2_sequence,CNN1D,3,Wheat,Coriander
3492,A3_S1_S2_sequence,CNN1D,3,Mustard,Mustard
3493,A3_S1_S2_sequence,CNN1D,3,Wheat,Wheat
3494,A3_S1_S2_sequence,CNN1D,3,Wheat,Wheat
3500,A3_S1_S2_sequence,CNN1D,3,Wheat,Wheat
3501,A3_S1_S2_sequence,CNN1D,3,Wheat,Wheat
3502,A3_S1_S2_sequence,CNN1D,3,Wheat,Wheat
3516,A3_S1_S2_sequence,CNN1D,3,Mustard,Wheat
3517,A3_S1_S2_sequence,CNN1D,3,Wheat,Wheat
3533,A3_S1_S2_sequence,CNN1D,3,Wheat,Wheat
3534,A3_S1_S2_sequence,CNN1D,3,Lentil,Mustard
3537,A3_S1_S2_sequence,CNN1D,3,No crop/Fallow,Wheat
3538,A3_S1_S2_sequence,CNN1D,3,Sugarcane,Sugarcane
3539,A3_S1_S2_sequence,CNN1D,3,No crop/Fallow,Mustard
3540,A3_S1_S2_sequence,CNN1D,3,Wheat,Mustard
3541,A3_S1_S2_sequence,CNN1D,3,Wheat,Wheat
3542,A3_S1_S2_sequence,CNN1D,3,Wheat,Wheat
3550,A3_S1_S2_sequence,CNN1D,3,Wheat,Wheat
3551,A3_S1_S2_sequence,CNN1D,3,Wheat,Wheat
3576,A3_S1_S2_sequence,CNN1D,3,Wheat,Wheat
3577,A3_S1_S2_sequence,CNN1D,3,Mustard,Mustard
3578,A3_S1_S2_sequence,CNN1D,3,Mustard,Mustard
3579,A3_S1_S2_sequence,CNN1D,3,Lentil,Wheat
3609,A3_S1_S2_sequence,CNN1D,3,Wheat,Wheat
3631,A3_S1_S2_sequence,CNN1D,3,Bersem,Bersem
3632,A3_S1_S2_sequence,CNN1D,3,Sugarcane,Mustard
3633,A3_S1_S2_sequence,CNN1D,3,Wheat,Mustard
3635,A3_S1_S2_sequence,CNN1D,3,No crop/Fallow,Wheat
3640,A3_S1_S2_sequence,CNN1D,3,No crop/Fallow,No crop/Fallow
3641,A3_S1_S2_sequence,CNN1D,3,No crop/Fallow,No crop/Fallow
3642,A3_S1_S2_sequence,CNN1D,3,No crop/Fallow,No crop/Fallow
3648,A3_S1_S2_sequence,CNN1D,3,No crop/Fallow,No crop/Fallow
3649,A3_S1_S2_sequence,CNN1D,3,No crop/Fallow,No crop/Fallow
3650,A3_S1_S2_sequence,CNN1D,3,No crop/Fallow,No crop/Fallow
3651,A3_S1_S2_sequence,CNN1D,3,No crop/Fallow,No crop/Fallow
3652,A3_S1_S2_sequence,CNN1D,3,No crop/Fallow,No crop/Fallow
3653,A3_S1_S2_sequence,CNN1D,3,No crop/Fallow,No crop/Fallow
3654,A3_S1_S2_sequence,CNN1D,3,No crop/Fallow,No crop/Fallow
3657,A3_S1_S2_sequence,CNN1D,3,No crop/Fallow,Rice
3658,A3_S1_S2_sequence,CNN1D,3,No crop/Fallow,No crop/Fallow
3702,A3_S1_S2_sequence,CNN1D,3,No crop/Fallow,No crop/Fallow
3703,A3_S1_S2_sequence,CNN1D,3,No crop/Fallow,No crop/Fallow
3721,A3_S1_S2_sequence,CNN1D,3,No crop/Fallow,No crop/Fallow
3722,A3_S1_S2_sequence,CNN1D,3,No crop/Fallow,No crop/Fallow
3727,A3_S1_S2_sequence,CNN1D,3,No crop/Fallow,Rice
3728,A3_S1_S2_sequence,CNN1D,3,No crop/Fallow,No crop/Fallow
3730,A3_S1_S2_sequence,CNN1D,3,No crop/Fallow,No crop/Fallow
3737,A3_S1_S2_sequence,CNN1D,3,Rice,No crop/Fallow
3739,A3_S1_S2_sequence,CNN1D,3,Maize,No crop/Fallow
3771,A3_S1_S2_sequence,CNN1D,3,No crop/Fallow,No crop/Fallow
3772,A3_S1_S2_sequence,CNN1D,3,No crop/Fallow,No crop/Fallow
3784,A3_S1_S2_sequence,CNN1D,3,No crop/Fallow,Potato
3793,A3_S1_S2_sequence,CNN1D,3,No crop/Fallow,Potato
3794,A3_S1_S2_sequence,CNN1D,3,No crop/Fallow,Potato
3808,A3_S1_S2_sequence,CNN1D,3,No crop/Fallow,No crop/Fallow
3847,A3_S1_S2_sequence,CNN1D,3,No crop/Fallow,No crop/Fallow
3848,A3_S1_S2_sequence,CNN1D,3,No crop/Fallow,No crop/Fallow
3849,A3_S1_S2_sequence,CNN1D,3,No crop/Fallow,No crop/Fallow
3850,A3_S1_S2_sequence,CNN1D,3,No crop/Fallow,No crop/Fallow
3851,A3_S1_S2_sequence,CNN1D,3,No crop/Fallow,No crop/Fallow
3864,A3_S1_S2_sequence,CNN1D,3,Rice,Rice
3875,A3_S1_S2_sequence,CNN1D,3,Rice,No crop/Fallow
3880,A3_S1_S2_sequence,CNN1D,3,Rice,Rice
3922,A3_S1_S2_sequence,CNN1D,3,No crop/Fallow,Rice
3923,A3_S1_S2_sequence,CNN1D,3,No crop/Fallow,No crop/Fallow
3924,A3_S1_S2_sequence,CNN1D,3,No crop/Fallow,No crop/Fallow
3925,A3_S1_S2_sequence,CNN1D,3,No crop/Fallow,Rice
3926,A3_S1_S2_sequence,CNN1D,3,No crop/Fallow,No crop/Fallow
3927,A3_S1_S2_sequence,CNN1D,3,No crop/Fallow,No crop/Fallow
3928,A3_S1_S2_sequence,CNN1D,3,No crop/Fallow,No crop/Fallow
3929,A3_S1_S2_sequence,CNN1D,3,No crop/Fallow,No crop/Fallow
3930,A3_S1_S2_sequence,CNN1D,3,No crop/Fallow,No crop/Fallow
3945,A3_S1_S2_sequence,CNN1D,3,Potato,Potato
3967,A3_S1_S2_sequence,CNN1D,3,No crop/Fallow,No crop/Fallow
3970,A3_S1_S2_sequence,CNN1D,3,No crop/Fallow,No crop/Fallow
3974,A3_S1_S2_sequence,CNN1D,3,Rice,Potato
3982,A3_S1_S2_sequence,CNN1D,3,No crop/Fallow,No crop/Fallow
3991,A3_S1_S2_sequence,CNN1D,3,No crop/Fallow,No crop/Fallow
3992,A3_S1_S2_sequence,CNN1D,3,No crop/Fallow,No crop/Fallow
3993,A3_S1_S2_sequence,CNN1D,3,No crop/Fallow,No crop/Fallow
3995,A3_S1_S2_sequence,CNN1D,3,No crop/Fallow,No crop/Fallow
3996,A3_S1_S2_sequence,CNN1D,3,No crop/Fallow,No crop/Fallow
3997,A3_S1_S2_sequence,CNN1D,3,No crop/Fallow,No crop/Fallow
3999,A3_S1_S2_sequence,CNN1D,3,No crop/Fallow,No crop/Fallow
4025,A3_S1_S2_sequence,CNN1D,3,No crop/Fallow,No crop/Fallow
4026,A3_S1_S2_sequence,CNN1D,3,No crop/Fallow,No crop/Fallow
4040,A3_S1_S2_sequence,CNN1D,3,Maize,No crop/Fallow
4041,A3_S1_S2_sequence,CNN1D,3,No crop/Fallow,No crop/Fallow
4043,A3_S1_S2_sequence,CNN1D,3,Rice,Potato
4045,A3_S1_S2_sequence,CNN1D,3,No crop/Fallow,No crop/Fallow
4046,A3_S1_S2_sequence,CNN1D,3,No crop/Fallow,No crop/Fallow
4072,A3_S1_S2_sequence,CNN1D,3,Rice,Rice
4073,A3_S1_S2_sequence,CNN1D,3,Rice,Rice
4086,A3_S1_S2_sequence,CNN1D,3,No crop/Fallow,Rice
4087,A3_S1_S2_sequence,CNN1D,3,No crop/Fallow,Rice
4109,A3_S1_S2_sequence,CNN1D,3,No crop/Fallow,Rice
4110,A3_S1_S2_sequence,CNN1D,3,No crop/Fallow,No crop/Fallow
4111,A3_S1_S2_sequence,CNN1D,3,No crop/Fallow,No crop/Fallow
4112,A3_S1_S2_sequence,CNN1D,3,No crop/Fallow,No crop/Fallow
4128,A3_S1_S2_sequence,CNN1D,3,No crop/Fallow,No crop/Fallow
4189,A3_S1_S2_sequence,CNN1D,3,No crop/Fallow,Potato
4190,A3_S1_S2_sequence,CNN1D,3,No crop/Fallow,Potato
4191,A3_S1_S2_sequence,CNN1D,3,No crop/Fallow,No crop/Fallow
4192,A3_S1_S2_sequence,CNN1D,3,Mustard,No crop/Fallow
4193,A3_S1_S2_sequence,CNN1D,3,No crop/Fallow,No crop/Fallow
4194,A3_S1_S2_sequence,CNN1D,3,No crop/Fallow,No crop/Fallow
4199,A3_S1_S2_sequence,CNN1D,3,No crop/Fallow,No crop/Fallow
4235,A3_S1_S2_sequence,CNN1D,3,Rice,No crop/Fallow
4246,A3_S1_S2_sequence,CNN1D,3,No crop/Fallow,No crop/Fallow
4247,A3_S1_S2_sequence,CNN1D,3,No crop/Fallow,Rice
4248,A3_S1_S2_sequence,CNN1D,3,No crop/Fallow,No crop/Fallow
4249,A3_S1_S2_sequence,CNN1D,3,No crop/Fallow,No crop/Fallow
4255,A3_S1_S2_sequence,CNN1D,3,No crop/Fallow,No crop/Fallow
4256,A3_S1_S2_sequence,CNN1D,3,No crop/Fallow,No crop/Fallow
4257,A3_S1_S2_sequence,CNN1D,3,No crop/Fallow,No crop/Fallow
4258,A3_S1_S2_sequence,CNN1D,3,No crop/Fallow,No crop/Fallow
4262,A3_S1_S2_sequence,CNN1D,3,Rice,No crop/Fallow
4263,A3_S1_S2_sequence,CNN1D,3,Rice,No crop/Fallow
4270,A3_S1_S2_sequence,CNN1D,3,Mustard,Green pea
4274,A3_S1_S2_sequence,CNN1D,3,Rice,Rice
4275,A3_S1_S2_sequence,CNN1D,3,Rice,No crop/Fallow
4276,A3_S1_S2_sequence,CNN1D,3,Rice,No crop/Fallow
4283,A3_S1_S2_sequence,CNN1D,3,No crop/Fallow,No crop/Fallow
4284,A3_S1_S2_sequence,CNN1D,3,No crop/Fallow,Rice
4291,A3_S1_S2_sequence,CNN1D,3,Rice,Rice
4292,A3_S1_S2_sequence,CNN1D,3,No crop/Fallow,No crop/Fallow
4294,A3_S1_S2_sequence,CNN1D,3,No crop/Fallow,No crop/Fallow
4295,A3_S1_S2_sequence,CNN1D,3,No crop/Fallow,No crop/Fallow
4323,A3_S1_S2_sequence,CNN1D,3,Rice,No crop/Fallow
4324,A3_S1_S2_sequence,CNN1D,3,Rice,Rice
4330,A3_S1_S2_sequence,CNN1D,3,No crop/Fallow,No crop/Fallow
4331,A3_S1_S2_sequence,CNN1D,3,No crop/Fallow,No crop/Fallow
4332,A3_S1_S2_sequence,CNN1D,3,No crop/Fallow,No crop/Fallow
4333,A3_S1_S2_sequence,CNN1D,3,No crop/Fallow,Potato
4340,A3_S1_S2_sequence,CNN1D,3,No crop/Fallow,Rice
4341,A3_S1_S2_sequence,CNN1D,3,No crop/Fallow,No crop/Fallow
4342,A3_S1_S2_sequence,CNN1D,3,No crop/Fallow,Rice
4343,A3_S1_S2_sequence,CNN1D,3,No crop/Fallow,No crop/Fallow
4344,A3_S1_S2_sequence,CNN1D,3,No crop/Fallow,Rice
4393,A3_S1_S2_sequence,CNN1D,3,Rice,No crop/Fallow
4396,A3_S1_S2_sequence,CNN1D,3,Rice,No crop/Fallow
4398,A3_S1_S2_sequence,CNN1D,3,Rice,Rice
4405,A3_S1_S2_sequence,CNN1D,3,No crop/Fallow,No crop/Fallow
4407,A3_S1_S2_sequence,CNN1D,3,No crop/Fallow,No crop/Fallow
4409,A3_S1_S2_sequence,CNN1D,3,No crop/Fallow,No crop/Fallow
4449,A3_S1_S2_sequence,CNN1D,3,Potato,No crop/Fallow
4458,A3_S1_S2_sequence,CNN1D,3,No crop/Fallow,Rice
4459,A3_S1_S2_sequence,CNN1D,3,No crop/Fallow,No crop/Fallow
4460,A3_S1_S2_sequence,CNN1D,3,No crop/Fallow,No crop/Fallow
4461,A3_S1_S2_sequence,CNN1D,3,No crop/Fallow,Rice
4464,A3_S1_S2_sequence,CNN1D,3,No crop/Fallow,No crop/Fallow
4465,A3_S1_S2_sequence,CNN1D,3,No crop/Fallow,No crop/Fallow
4466,A3_S1_S2_sequence,CNN1D,3,No crop/Fallow,No crop/Fallow
4467,A3_S1_S2_sequence,CNN1D,3,No crop/Fallow,No crop/Fallow
4468,A3_S1_S2_sequence,CNN1D,3,No crop/Fallow,No crop/Fallow
4469,A3_S1_S2_sequence,CNN1D,3,No crop/Fallow,No crop/Fallow
4488,A3_S1_S2_sequence,CNN1D,3,No crop/Fallow,No crop/Fallow
4489,A3_S1_S2_sequence,CNN1D,3,No crop/Fallow,No crop/Fallow
4490,A3_S1_S2_sequence,CNN1D,3,No crop/Fallow,No crop/Fallow
4491,A3_S1_S2_sequence,CNN1D,3,No crop/Fallow,No crop/Fallow
4492,A3_S1_S2_sequence,CNN1D,3,No crop/Fallow,Rice
4493,A3_S1_S2_sequence,CNN1D,3,No crop/Fallow,No crop/Fallow
4494,A3_S1_S2_sequence,CNN1D,3,No crop/Fallow,Rice
4501,A3_S1_S2_sequence,CNN1D,3,No crop/Fallow,No crop/Fallow
4502,A3_S1_S2_sequence,CNN1D,3,No crop/Fallow,No crop/Fallow
4503,A3_S1_S2_sequence,CNN1D,3,No crop/Fallow,No crop/Fallow
4504,A3_S1_S2_sequence,CNN1D,3,No crop/Fallow,No crop/Fallow
4506,A3_S1_S2_sequence,CNN1D,3,No crop/Fallow,No crop/Fallow
4508,A3_S1_S2_sequence,CNN1D,3,No crop/Fallow,No crop/Fallow
4509,A3_S1_S2_sequence,CNN1D,3,No crop/Fallow,No crop/Fallow
4520,A3_S1_S2_sequence,CNN1D,3,No crop/Fallow,No crop/Fallow
4522,A3_S1_S2_sequence,CNN1D,3,No crop/Fallow,No crop/Fallow
4523,A3_S1_S2_sequence,CNN1D,3,No crop/Fallow,No crop/Fallow
4526,A3_S1_S2_sequence,CNN1D,3,No crop/Fallow,No crop/Fallow
4527,A3_S1_S2_sequence,CNN1D,3,No crop/Fallow,No crop/Fallow
4528,A3_S1_S2_sequence,CNN1D,3,No crop/Fallow,No crop/Fallow
4532,A3_S1_S2_sequence,CNN1D,3,No crop/Fallow,No crop/Fallow
4533,A3_S1_S2_sequence,CNN1D,3,No crop/Fallow,No crop/Fallow
4534,A3_S1_S2_sequence,CNN1D,3,Rice,No crop/Fallow
4570,A3_S1_S2_sequence,CNN1D,3,No crop/Fallow,No crop/Fallow
4571,A3_S1_S2_sequence,CNN1D,3,No crop/Fallow,No crop/Fallow
4576,A3_S1_S2_sequence,CNN1D,3,No crop/Fallow,No crop/Fallow
4577,A3_S1_S2_sequence,CNN1D,3,No crop/Fallow,Rice
4578,A3_S1_S2_sequence,CNN1D,3,No crop/Fallow,Rice
4579,A3_S1_S2_sequence,CNN1D,3,No crop/Fallow,Rice
4586,A3_S1_S2_sequence,CNN1D,3,No crop/Fallow,Rice
4587,A3_S1_S2_sequence,CNN1D,3,No crop/Fallow,No crop/Fallow
4588,A3_S1_S2_sequence,CNN1D,3,No crop/Fallow,No crop/Fallow
4591,A3_S1_S2_sequence,CNN1D,3,No crop/Fallow,No crop/Fallow
4617,A3_S1_S2_sequence,CNN1D,3,Potato,No crop/Fallow
4619,A3_S1_S2_sequence,CNN1D,3,No crop/Fallow,Rice
4621,A3_S1_S2_sequence,CNN1D,3,Rice,No crop/Fallow
4622,A3_S1_S2_sequence,CNN1D,3,No crop/Fallow,Rice
4623,A3_S1_S2_sequence,CNN1D,3,No crop/Fallow,No crop/Fallow
4624,A3_S1_S2_sequence,CNN1D,3,No crop/Fallow,No crop/Fallow
4625,A3_S1_S2_sequence,CNN1D,3,No crop/Fallow,No crop/Fallow
4646,A3_S1_S2_sequence,CNN1D,3,No crop/Fallow,No crop/Fallow
4647,A3_S1_S2_sequence,CNN1D,3,No crop/Fallow,No crop/Fallow
4653,A3_S1_S2_sequence,CNN1D,3,No crop/Fallow,Rice
4654,A3_S1_S2_sequence,CNN1D,3,No crop/Fallow,No crop/Fallow
4657,A3_S1_S2_sequence,CNN1D,3,No crop/Fallow,No crop/Fallow
4668,A3_S1_S2_sequence,CNN1D,3,No crop/Fallow,Rice
4679,A3_S1_S2_sequence,CNN1D,3,No crop/Fallow,No crop/Fallow
4687,A3_S1_S2_sequence,CNN1D,3,No crop/Fallow,Rice
4688,A3_S1_S2_sequence,CNN1D,3,No crop/Fallow,No crop/Fallow
4690,A3_S1_S2_sequence,CNN1D,3,No crop/Fallow,No crop/Fallow
4702,A3_S1_S2_sequence,CNN1D,3,No crop/Fallow,No crop/Fallow
4703,A3_S1_S2_sequence,CNN1D,3,No crop/Fallow,No crop/Fallow
4710,A3_S1_S2_sequence,CNN1D,3,No crop/Fallow,Green pea
4725,A3_S1_S2_sequence,CNN1D,3,No crop/Fallow,No crop/Fallow
4726,A3_S1_S2_sequence,CNN1D,3,No crop/Fallow,No crop/Fallow
4748,A3_S1_S2_sequence,CNN1D,3,No crop/Fallow,No crop/Fallow
4763,A3_S1_S2_sequence,CNN1D,3,No crop/Fallow,No crop/Fallow
4764,A3_S1_S2_sequence,CNN1D,3,No crop/Fallow,No crop/Fallow
4765,A3_S1_S2_sequence,CNN1D,3,No crop/Fallow,Potato
4766,A3_S1_S2_sequence,CNN1D,3,No crop/Fallow,No crop/Fallow
4767,A3_S1_S2_sequence,CNN1D,3,No crop/Fallow,No crop/Fallow
4789,A3_S1_S2_sequence,CNN1D,3,No crop/Fallow,No crop/Fallow
4790,A3_S1_S2_sequence,CNN1D,3,No crop/Fallow,No crop/Fallow
4791,A3_S1_S2_sequence,CNN1D,3,No crop/Fallow,No crop/Fallow
4793,A3_S1_S2_sequence,CNN1D,3,No crop/Fallow,No crop/Fallow
4797,A3_S1_S2_sequence,CNN1D,3,Mustard,Green pea
4805,A3_S1_S2_sequence,CNN1D,3,No crop/Fallow,Rice
4806,A3_S1_S2_sequence,CNN1D,3,No crop/Fallow,Rice
4807,A3_S1_S2_sequence,CNN1D,3,No crop/Fallow,No crop/Fallow
4814,A3_S1_S2_sequence,CNN1D,3,No crop/Fallow,No crop/Fallow
4815,A3_S1_S2_sequence,CNN1D,3,No crop/Fallow,No crop/Fallow
4823,A3_S1_S2_sequence,CNN1D,3,Potato,No crop/Fallow
4825,A3_S1_S2_sequence,CNN1D,3,Rice,No crop/Fallow
4830,A3_S1_S2_sequence,CNN1D,3,No crop/Fallow,Rice
4831,A3_S1_S2_sequence,CNN1D,3,No crop/Fallow,No crop/Fallow
4832,A3_S1_S2_sequence,CNN1D,3,No crop/Fallow,No crop/Fallow
4833,A3_S1_S2_sequence,CNN1D,3,No crop/Fallow,Rice
4834,A3_S1_S2_sequence,CNN1D,3,No crop/Fallow,No crop/Fallow
4835,A3_S1_S2_sequence,CNN1D,3,No crop/Fallow,No crop/Fallow
4850,A3_S1_S2_sequence,CNN1D,3,Rice,No crop/Fallow
4875,A3_S1_S2_sequence,CNN1D,3,No crop/Fallow,No crop/Fallow
4876,A3_S1_S2_sequence,CNN1D,3,No crop/Fallow,No crop/Fallow
4877,A3_S1_S2_sequence,CNN1D,3,No crop/Fallow,Rice
4881,A3_S1_S2_sequence,CNN1D,3,Rice,No crop/Fallow
4882,A3_S1_S2_sequence,CNN1D,3,Maize,Potato
4883,A3_S1_S2_sequence,CNN1D,3,Rice,Potato
4898,A3_S1_S2_sequence,CNN1D,3,No crop/Fallow,Rice
4901,A3_S1_S2_sequence,CNN1D,3,No crop/Fallow,No crop/Fallow
4902,A3_S1_S2_sequence,CNN1D,3,No crop/Fallow,No crop/Fallow
4903,A3_S1_S2_sequence,CNN1D,3,No crop/Fallow,No crop/Fallow
4904,A3_S1_S2_sequence,CNN1D,3,No crop/Fallow,No crop/Fallow
4906,A3_S1_S2_sequence,CNN1D,3,No crop/Fallow,No crop/Fallow
4926,A3_S1_S2_sequence,CNN1D,3,Rice,No crop/Fallow
4962,A3_S1_S2_sequence,CNN1D,3,Rice,No crop/Fallow
4968,A3_S1_S2_sequence,CNN1D,3,No crop/Fallow,No crop/Fallow
4969,A3_S1_S2_sequence,CNN1D,3,No crop/Fallow,No crop/Fallow
4970,A3_S1_S2_sequence,CNN1D,3,No crop/Fallow,No crop/Fallow
5019,A3_S1_S2_sequence,CNN1D,3,No crop/Fallow,Rice
5020,A3_S1_S2_sequence,CNN1D,3,No crop/Fallow,Rice
5021,A3_S1_S2_sequence,CNN1D,3,No crop/Fallow,Rice
5022,A3_S1_S2_sequence,CNN1D,3,No crop/Fallow,Rice
5023,A3_S1_S2_sequence,CNN1D,3,No crop/Fallow,No crop/Fallow
5040,A3_S1_S2_sequence,CNN1D,3,No crop/Fallow,No crop/Fallow
5041,A3_S1_S2_sequence,CNN1D,3,No crop/Fallow,Rice
5077,A3_S1_S2_sequence,CNN1D,3,No crop/Fallow,No crop/Fallow
5078,A3_S1_S2_sequence,CNN1D,3,No crop/Fallow,No crop/Fallow
5084,A3_S1_S2_sequence,CNN1D,3,No crop/Fallow,No crop/Fallow
5085,A3_S1_S2_sequence,CNN1D,3,No crop/Fallow,No crop/Fallow
5087,A3_S1_S2_sequence,CNN1D,3,No crop/Fallow,No crop/Fallow
5088,A3_S1_S2_sequence,CNN1D,3,No crop/Fallow,Rice
5089,A3_S1_S2_sequence,CNN1D,3,No crop/Fallow,No crop/Fallow
5102,A3_S1_S2_sequence,CNN1D,3,No crop/Fallow,Potato
5104,A3_S1_S2_sequence,CNN1D,3,No crop/Fallow,No crop/Fallow
5124,A3_S1_S2_sequence,CNN1D,3,No crop/Fallow,No crop/Fallow
5125,A3_S1_S2_sequence,CNN1D,3,No crop/Fallow,Green pea
5126,A3_S1_S2_sequence,CNN1D,3,No crop/Fallow,Green pea
5161,A3_S1_S2_sequence,CNN1D,3,No crop/Fallow,No crop/Fallow
5162,A3_S1_S2_sequence,CNN1D,3,No crop/Fallow,No crop/Fallow
5163,A3_S1_S2_sequence,CNN1D,3,Rice,Rice
5164,A3_S1_S2_sequence,CNN1D,3,No crop/Fallow,No crop/Fallow
5179,A3_S1_S2_sequence,CNN1D,3,No crop/Fallow,No crop/Fallow
5180,A3_S1_S2_sequence,CNN1D,3,No crop/Fallow,No crop/Fallow
5227,A3_S1_S2_sequence,CNN1D,3,No crop/Fallow,No crop/Fallow
5228,A3_S1_S2_sequence,CNN1D,3,No crop/Fallow,No crop/Fallow
5229,A3_S1_S2_sequence,CNN1D,3,No crop/Fallow,No crop/Fallow
5231,A3_S1_S2_sequence,CNN1D,3,No crop/Fallow,Rice
5232,A3_S1_S2_sequence,CNN1D,3,No crop/Fallow,No crop/Fallow
5241,A3_S1_S2_sequence,CNN1D,3,No crop/Fallow,No crop/Fallow
5242,A3_S1_S2_sequence,CNN1D,3,No crop/Fallow,No crop/Fallow
5243,A3_S1_S2_sequence,CNN1D,3,No crop/Fallow,No crop/Fallow
5244,A3_S1_S2_sequence,CNN1D,3,No crop/Fallow,Potato
5245,A3_S1_S2_sequence,CNN1D,3,Rice,No crop/Fallow
5246,A3_S1_S2_sequence,CNN1D,3,No crop/Fallow,No crop/Fallow
5247,A3_S1_S2_sequence,CNN1D,3,No crop/Fallow,Potato
5248,A3_S1_S2_sequence,CNN1D,3,No crop/Fallow,Potato
5249,A3_S1_S2_sequence,CNN1D,3,No crop/Fallow,No crop/Fallow
5258,A3_S1_S2_sequence,CNN1D,3,Rice,Rice
5269,A3_S1_S2_sequence,CNN1D,3,Mustard,Mustard
5270,A3_S1_S2_sequence,CNN1D,3,Garlic,Gram
5271,A3_S1_S2_sequence,CNN1D,3,Garlic,Garlic
5272,A3_S1_S2_sequence,CNN1D,3,Wheat,Mustard
5275,A3_S1_S2_sequence,CNN1D,3,Wheat,Wheat
5283,A3_S1_S2_sequence,CNN1D,3,Mustard,Mustard
5284,A3_S1_S2_sequence,CNN1D,3,Mustard,Mustard
5285,A3_S1_S2_sequence,CNN1D,3,Wheat,Wheat
5286,A3_S1_S2_sequence,CNN1D,3,Mustard,Mustard
5309,A3_S1_S2_sequence,CNN1D,3,Mustard,Garlic
5339,A3_S1_S2_sequence,CNN1D,3,Wheat,Gram
5340,A3_S1_S2_sequence,CNN1D,3,Gram,Gram
5358,A3_S1_S2_sequence,CNN1D,3,Garlic,Garlic
5359,A3_S1_S2_sequence,CNN1D,3,Mustard,Mustard
5361,A3_S1_S2_sequence,CNN1D,3,Mustard,Mustard
5362,A3_S1_S2_sequence,CNN1D,3,Mustard,Mustard
5365,A3_S1_S2_sequence,CNN1D,3,Mustard,Garlic
5366,A3_S1_S2_sequence,CNN1D,3,Mustard,Mustard
5367,A3_S1_S2_sequence,CNN1D,3,Wheat,Mustard
5369,A3_S1_S2_sequence,CNN1D,3,Mustard,Garlic
5394,A3_S1_S2_sequence,CNN1D,3,Mustard,Mustard
5396,A3_S1_S2_sequence,CNN1D,3,Wheat,Wheat
5397,A3_S1_S2_sequence,CNN1D,3,Wheat,Wheat
5428,A3_S1_S2_sequence,CNN1D,3,Mustard,Garlic
5430,A3_S1_S2_sequence,CNN1D,3,Wheat,Garlic
5431,A3_S1_S2_sequence,CNN1D,3,Wheat,Wheat
5433,A3_S1_S2_sequence,CNN1D,3,Wheat,Wheat
5434,A3_S1_S2_sequence,CNN1D,3,Wheat,Wheat
5435,A3_S1_S2_sequence,CNN1D,3,Gram,Gram
5436,A3_S1_S2_sequence,CNN1D,3,Wheat,Wheat
5437,A3_S1_S2_sequence,CNN1D,3,Wheat,Wheat
5439,A3_S1_S2_sequence,CNN1D,3,Wheat,Wheat
5446,A3_S1_S2_sequence,CNN1D,3,Wheat,Gram
5447,A3_S1_S2_sequence,CNN1D,3,Mustard,Mustard
5448,A3_S1_S2_sequence,CNN1D,3,Garlic,Wheat
5449,A3_S1_S2_sequence,CNN1D,3,Mustard,Garlic
5450,A3_S1_S2_sequence,CNN1D,3,Mustard,Garlic
5451,A3_S1_S2_sequence,CNN1D,3,Mustard,Mustard
5453,A3_S1_S2_sequence,CNN1D,3,Mustard,Mustard
5454,A3_S1_S2_sequence,CNN1D,3,Mustard,Garlic
5455,A3_S1_S2_sequence,CNN1D,3,Mustard,Mustard
5456,A3_S1_S2_sequence,CNN1D,3,Mustard,Mustard
5457,A3_S1_S2_sequence,CNN1D,3,Wheat,Wheat
5458,A3_S1_S2_sequence,CNN1D,3,Mustard,Mustard
5460,A3_S1_S2_sequence,CNN1D,3,Mustard,Mustard
5462,A3_S1_S2_sequence,CNN1D,3,Garlic,Garlic
5464,A3_S1_S2_sequence,CNN1D,3,Garlic,Garlic
5465,A3_S1_S2_sequence,CNN1D,3,Mustard,Mustard
5467,A3_S1_S2_sequence,CNN1D,3,Wheat,Wheat
5468,A3_S1_S2_sequence,CNN1D,3,Wheat,Wheat
5470,A3_S1_S2_sequence,CNN1D,3,Wheat,Potato
5474,A3_S1_S2_sequence,CNN1D,3,Mustard,Mustard
5483,A3_S1_S2_sequence,CNN1D,3,Mustard,Wheat
5484,A3_S1_S2_sequence,CNN1D,3,Mustard,Wheat
5485,A3_S1_S2_sequence,CNN1D,3,Mustard,Wheat
5486,A3_S1_S2_sequence,CNN1D,3,Mustard,Wheat
5487,A3_S1_S2_sequence,CNN1D,3,Mustard,Wheat
5498,A3_S1_S2_sequence,CNN1D,3,Gram,Gram
5499,A3_S1_S2_sequence,CNN1D,3,Wheat,Wheat
5503,A3_S1_S2_sequence,CNN1D,3,Wheat,Wheat
5504,A3_S1_S2_sequence,CNN1D,3,Mustard,Mustard
5540,A3_S1_S2_sequence,CNN1D,3,Wheat,Mustard
5541,A3_S1_S2_sequence,CNN1D,3,Mustard,Mustard
5542,A3_S1_S2_sequence,CNN1D,3,Wheat,Garlic
5543,A3_S1_S2_sequence,CNN1D,3,Wheat,Garlic
5554,A3_S1_S2_sequence,CNN1D,3,Wheat,Wheat
5555,A3_S1_S2_sequence,CNN1D,3,Wheat,Garlic
5578,A3_S1_S2_sequence,CNN1D,3,Wheat,Wheat
5579,A3_S1_S2_sequence,CNN1D,3,Gram,Gram
5599,A3_S1_S2_sequence,CNN1D,3,Wheat,Mustard
5602,A3_S1_S2_sequence,CNN1D,3,Mustard,Mustard
5603,A3_S1_S2_sequence,CNN1D,3,Wheat,Mustard
5604,A3_S1_S2_sequence,CNN1D,3,Mustard,Mustard
5617,A3_S1_S2_sequence,CNN1D,3,Wheat,Wheat
5618,A3_S1_S2_sequence,CNN1D,3,Wheat,Wheat
5620,A3_S1_S2_sequence,CNN1D,3,Wheat,Wheat
5626,A3_S1_S2_sequence,CNN1D,3,Mustard,Mustard
5627,A3_S1_S2_sequence,CNN1D,3,Wheat,Wheat
5631,A3_S1_S2_sequence,CNN1D,3,Mustard,Mustard
5633,A3_S1_S2_sequence,CNN1D,3,Mustard,Mustard
5635,A3_S1_S2_sequence,CNN1D,3,Mustard,Wheat
5637,A3_S1_S2_sequence,CNN1D,3,Wheat,Wheat
5646,A3_S1_S2_sequence,CNN1D,3,Mustard,Mustard
5672,A3_S1_S2_sequence,CNN1D,3,Mustard,Gram
5677,A3_S1_S2_sequence,CNN1D,3,Mustard,Mustard
5678,A3_S1_S2_sequence,CNN1D,3,Mustard,Mustard
5679,A3_S1_S2_sequence,CNN1D,3,Mustard,Mustard
5689,A3_S1_S2_sequence,CNN1D,3,Mustard,Mustard
5692,A3_S1_S2_sequence,CNN1D,3,Mustard,Mustard
5693,A3_S1_S2_sequence,CNN1D,3,Gram,Gram
5696,A3_S1_S2_sequence,CNN1D,3,Mustard,Mustard
5708,A3_S1_S2_sequence,CNN1D,3,Wheat,Wheat
5710,A3_S1_S2_sequence,CNN1D,3,Wheat,Wheat
5720,A3_S1_S2_sequence,CNN1D,3,Wheat,Wheat
5739,A3_S1_S2_sequence,CNN1D,3,Mustard,Mustard
5740,A3_S1_S2_sequence,CNN1D,3,Mustard,Mustard
5741,A3_S1_S2_sequence,CNN1D,3,Wheat,Garlic
5744,A3_S1_S2_sequence,CNN1D,3,Mustard,Mustard
5746,A3_S1_S2_sequence,CNN1D,3,Wheat,Wheat
5747,A3_S1_S2_sequence,CNN1D,3,Wheat,Garlic
5748,A3_S1_S2_sequence,CNN1D,3,Mustard,Mustard
5749,A3_S1_S2_sequence,CNN1D,3,Mustard,Mustard
5751,A3_S1_S2_sequence,CNN1D,3,Mustard,Garlic
5753,A3_S1_S2_sequence,CNN1D,3,Wheat,Gram
5754,A3_S1_S2_sequence,CNN1D,3,Mustard,Wheat
5755,A3_S1_S2_sequence,CNN1D,3,Wheat,Gram
5766,A3_S1_S2_sequence,CNN1D,3,No crop/Fallow,Gram
5767,A3_S1_S2_sequence,CNN1D,3,Wheat,Wheat
5768,A3_S1_S2_sequence,CNN1D,3,Wheat,Wheat
5781,A3_S1_S2_sequence,CNN1D,3,Wheat,Mustard
5782,A3_S1_S2_sequence,CNN1D,3,Mustard,Mustard
5783,A3_S1_S2_sequence,CNN1D,3,Mustard,Lentil
5784,A3_S1_S2_sequence,CNN1D,3,Mustard,Mustard
5786,A3_S1_S2_sequence,CNN1D,3,Mustard,Mustard
5792,A3_S1_S2_sequence,CNN1D,3,Gram,Gram
5794,A3_S1_S2_sequence,CNN1D,3,Gram,Gram
5796,A3_S1_S2_sequence,CNN1D,3,Gram,Gram
5797,A3_S1_S2_sequence,CNN1D,3,Gram,Gram
5831,A3_S1_S2_sequence,CNN1D,3,Gram,Gram
5842,A3_S1_S2_sequence,CNN1D,3,Wheat,Mustard
5843,A3_S1_S2_sequence,CNN1D,3,Mustard,Mustard
5844,A3_S1_S2_sequence,CNN1D,3,Mustard,Wheat
5845,A3_S1_S2_sequence,CNN1D,3,Wheat,Wheat
5855,A3_S1_S2_sequence,CNN1D,3,Mustard,Mustard
5856,A3_S1_S2_sequence,CNN1D,3,Mustard,Mustard
5857,A3_S1_S2_sequence,CNN1D,3,Mustard,Mustard
5858,A3_S1_S2_sequence,CNN1D,3,Mustard,Wheat
5859,A3_S1_S2_sequence,CNN1D,3,Wheat,Wheat
5861,A3_S1_S2_sequence,CNN1D,3,Wheat,Wheat
5862,A3_S1_S2_sequence,CNN1D,3,Wheat,Wheat
5874,A3_S1_S2_sequence,CNN1D,3,Gram,Gram
5875,A3_S1_S2_sequence,CNN1D,3,Mustard,Mustard
5876,A3_S1_S2_sequence,CNN1D,3,Garlic,Garlic
5884,A3_S1_S2_sequence,CNN1D,3,Wheat,Wheat
5885,A3_S1_S2_sequence,CNN1D,3,Mustard,Mustard
5890,A3_S1_S2_sequence,CNN1D,3,Mustard,Mustard
5891,A3_S1_S2_sequence,CNN1D,3,Mustard,Mustard
5892,A3_S1_S2_sequence,CNN1D,3,Mustard,Mustard
5907,A3_S1_S2_sequence,CNN1D,3,Wheat,Wheat
5918,A3_S1_S2_sequence,CNN1D,3,Wheat,Wheat
5919,A3_S1_S2_sequence,CNN1D,3,Wheat,Wheat
5920,A3_S1_S2_sequence,CNN1D,3,Wheat,Wheat
5921,A3_S1_S2_sequence,CNN1D,3,Wheat,Wheat
5922,A3_S1_S2_sequence,CNN1D,3,Wheat,Wheat
5932,A3_S1_S2_sequence,CNN1D,3,Mustard,Mustard
5934,A3_S1_S2_sequence,CNN1D,3,Mustard,Garlic
5938,A3_S1_S2_sequence,CNN1D,3,Mustard,Mustard
5950,A3_S1_S2_sequence,CNN1D,3,Garlic,Wheat
5951,A3_S1_S2_sequence,CNN1D,3,Mustard,Wheat
5953,A3_S1_S2_sequence,CNN1D,3,Wheat,Wheat
5954,A3_S1_S2_sequence,CNN1D,3,Wheat,Wheat
5955,A3_S1_S2_sequence,CNN1D,3,Gram,Wheat
5956,A3_S1_S2_sequence,CNN1D,3,Wheat,Wheat
5957,A3_S1_S2_sequence,CNN1D,3,Wheat,Wheat
5959,A3_S1_S2_sequence,CNN1D,3,Mustard,Mustard
5960,A3_S1_S2_sequence,CNN1D,3,Gram,Gram
5963,A3_S1_S2_sequence,CNN1D,3,Mustard,Mustard
5964,A3_S1_S2_sequence,CNN1D,3,Mustard,Mustard
5965,A3_S1_S2_sequence,CNN1D,3,Wheat,Wheat
5966,A3_S1_S2_sequence,CNN1D,3,Mustard,Mustard
5969,A3_S1_S2_sequence,CNN1D,3,Wheat,Wheat
5970,A3_S1_S2_sequence,CNN1D,3,Gram,Gram
5971,A3_S1_S2_sequence,CNN1D,3,Wheat,Wheat
6000,A3_S1_S2_sequence,CNN1D,3,Wheat,Wheat
6006,A3_S1_S2_sequence,CNN1D,3,Mustard,Mustard
6008,A3_S1_S2_sequence,CNN1D,3,Mustard,Mustard
6012,A3_S1_S2_sequence,CNN1D,3,Garlic,Garlic
6013,A3_S1_S2_sequence,CNN1D,3,Wheat,Wheat
6015,A3_S1_S2_sequence,CNN1D,3,Mustard,Mustard
6019,A3_S1_S2_sequence,CNN1D,3,Mustard,Wheat
6049,A3_S1_S2_sequence,CNN1D,3,Mustard,Mustard
6051,A3_S1_S2_sequence,CNN1D,3,Mustard,Mustard
6097,A3_S1_S2_sequence,CNN1D,3,Mustard,Mustard
6098,A3_S1_S2_sequence,CNN1D,3,Wheat,Wheat
6106,A3_S1_S2_sequence,CNN1D,3,Wheat,Gram
6116,A3_S1_S2_sequence,CNN1D,3,Wheat,Wheat
6123,A3_S1_S2_sequence,CNN1D,3,Wheat,Wheat
6131,A3_S1_S2_sequence,CNN1D,3,Wheat,Wheat
6132,A3_S1_S2_sequence,CNN1D,3,Mustard,Mustard
6133,A3_S1_S2_sequence,CNN1D,3,Mustard,Wheat
6134,A3_S1_S2_sequence,CNN1D,3,Garlic,Wheat
6135,A3_S1_S2_sequence,CNN1D,3,Mustard,Mustard
6138,A3_S1_S2_sequence,CNN1D,3,Wheat,Wheat
6139,A3_S1_S2_sequence,CNN1D,3,Mustard,Wheat
6142,A3_S1_S2_sequence,CNN1D,3,Wheat,Mustard
6143,A3_S1_S2_sequence,CNN1D,3,Wheat,Wheat
6144,A3_S1_S2_sequence,CNN1D,3,Wheat,Wheat
6145,A3_S1_S2_sequence,CNN1D,3,Wheat,Wheat
6146,A3_S1_S2_sequence,CNN1D,3,Wheat,Wheat
6147,A3_S1_S2_sequence,CNN1D,3,Mustard,Mustard
6152,A3_S1_S2_sequence,CNN1D,3,Mustard,Garlic
6153,A3_S1_S2_sequence,CNN1D,3,Mustard,Mustard
6155,A3_S1_S2_sequence,CNN1D,3,Mustard,Garlic
6156,A3_S1_S2_sequence,CNN1D,3,Mustard,Garlic
6176,A3_S1_S2_sequence,CNN1D,3,Mustard,Mustard
6179,A3_S1_S2_sequence,CNN1D,3,Wheat,Mustard
6180,A3_S1_S2_sequence,CNN1D,3,Wheat,Wheat
6181,A3_S1_S2_sequence,CNN1D,3,Mustard,Mustard
6186,A3_S1_S2_sequence,CNN1D,3,Wheat,Wheat
6188,A3_S1_S2_sequence,CNN1D,3,Mustard,Mustard
6190,A3_S1_S2_sequence,CNN1D,3,Mustard,Mustard
6191,A3_S1_S2_sequence,CNN1D,3,Mustard,Mustard
6194,A3_S1_S2_sequence,CNN1D,3,Wheat,Garlic
6196,A3_S1_S2_sequence,CNN1D,3,Wheat,Wheat
6197,A3_S1_S2_sequence,CNN1D,3,Wheat,Wheat
6198,A3_S1_S2_sequence,CNN1D,3,Wheat,Wheat
6199,A3_S1_S2_sequence,CNN1D,3,Wheat,Wheat
6201,A3_S1_S2_sequence,CNN1D,3,Wheat,Wheat
6213,A3_S1_S2_sequence,CNN1D,3,Wheat,Garlic
6214,A3_S1_S2_sequence,CNN1D,3,Mustard,Mustard
6215,A3_S1_S2_sequence,CNN1D,3,Mustard,Mustard
6216,A3_S1_S2_sequence,CNN1D,3,Garlic,Wheat
6232,A3_S1_S2_sequence,CNN1D,3,Wheat,Wheat
6233,A3_S1_S2_sequence,CNN1D,3,Wheat,Wheat
6238,A3_S1_S2_sequence,CNN1D,3,Gram,Gram
6239,A3_S1_S2_sequence,CNN1D,3,Wheat,Wheat
6240,A3_S1_S2_sequence,CNN1D,3,Mustard,Mustard
6242,A3_S1_S2_sequence,CNN1D,3,Mustard,Mustard
6243,A3_S1_S2_sequence,CNN1D,3,Mustard,Mustard
6244,A3_S1_S2_sequence,CNN1D,3,Mustard,Mustard
6268,A3_S1_S2_sequence,CNN1D,3,Wheat,Wheat
6271,A3_S1_S2_sequence,CNN1D,3,Wheat,Mustard
6272,A3_S1_S2_sequence,CNN1D,3,Mustard,Mustard
6273,A3_S1_S2_sequence,CNN1D,3,Mustard,Mustard
6296,A3_S1_S2_sequence,CNN1D,3,Mustard,Garlic
6297,A3_S1_S2_sequence,CNN1D,3,Mustard,Mustard
6298,A3_S1_S2_sequence,CNN1D,3,Mustard,Mustard
6308,A3_S1_S2_sequence,CNN1D,3,No crop/Fallow,Rice
6312,A3_S1_S2_sequence,CNN1D,3,Maize,Maize
6313,A3_S1_S2_sequence,CNN1D,3,Maize,Maize
6317,A3_S1_S2_sequence,CNN1D,3,Maize,Maize
6330,A3_S1_S2_sequence,CNN1D,3,Mustard,Potato
6335,A3_S1_S2_sequence,CNN1D,3,Wheat,Maize
6336,A3_S1_S2_sequence,CNN1D,3,Maize,Maize
6337,A3_S1_S2_sequence,CNN1D,3,Mustard,Mustard
6338,A3_S1_S2_sequence,CNN1D,3,No crop/Fallow,Rice
6340,A3_S1_S2_sequence,CNN1D,3,Maize,Maize
6341,A3_S1_S2_sequence,CNN1D,3,Maize,Maize
6347,A3_S1_S2_sequence,CNN1D,3,Maize,Maize
6348,A3_S1_S2_sequence,CNN1D,3,Mustard,Mustard
6350,A3_S1_S2_sequence,CNN1D,3,Mustard,Mustard
6362,A3_S1_S2_sequence,CNN1D,3,Wheat,Wheat
6363,A3_S1_S2_sequence,CNN1D,3,Wheat,Wheat
6364,A3_S1_S2_sequence,CNN1D,3,Potato,Mustard
6365,A3_S1_S2_sequence,CNN1D,3,Potato,Maize
6380,A3_S1_S2_sequence,CNN1D,3,Maize,Maize
6385,A3_S1_S2_sequence,CNN1D,3,Wheat,Wheat
6386,A3_S1_S2_sequence,CNN1D,3,Wheat,Wheat
6396,A3_S1_S2_sequence,CNN1D,3,No crop/Fallow,No crop/Fallow
6397,A3_S1_S2_sequence,CNN1D,3,Mustard,No crop/Fallow
6405,A3_S1_S2_sequence,CNN1D,3,Wheat,No crop/Fallow
6406,A3_S1_S2_sequence,CNN1D,3,Wheat,No crop/Fallow
6413,A3_S1_S2_sequence,CNN1D,3,Mustard,Mustard
6426,A3_S1_S2_sequence,CNN1D,3,Mustard,Mustard
6428,A3_S1_S2_sequence,CNN1D,3,Wheat,Potato
6429,A3_S1_S2_sequence,CNN1D,3,Wheat,No crop/Fallow
6436,A3_S1_S2_sequence,CNN1D,3,Maize,Maize
6440,A3_S1_S2_sequence,CNN1D,3,Mustard,Mustard
6441,A3_S1_S2_sequence,CNN1D,3,Mustard,Mustard
6455,A3_S1_S2_sequence,CNN1D,3,Maize,Rice
6456,A3_S1_S2_sequence,CNN1D,3,Maize,No crop/Fallow
6472,A3_S1_S2_sequence,CNN1D,3,Wheat,Maize
6473,A3_S1_S2_sequence,CNN1D,3,Maize,Maize
6474,A3_S1_S2_sequence,CNN1D,3,Maize,Maize
6475,A3_S1_S2_sequence,CNN1D,3,Potato,Maize
6476,A3_S1_S2_sequence,CNN1D,3,Wheat,Maize
6480,A3_S1_S2_sequence,CNN1D,3,Wheat,Maize
6481,A3_S1_S2_sequence,CNN1D,3,Wheat,Wheat
6487,A3_S1_S2_sequence,CNN1D,3,Maize,Maize
6517,A3_S1_S2_sequence,CNN1D,3,Maize,Maize
6564,A3_S1_S2_sequence,CNN1D,3,Maize,Maize
6565,A3_S1_S2_sequence,CNN1D,3,Mustard,Maize
6599,A3_S1_S2_sequence,CNN1D,3,Potato,Potato
6604,A3_S1_S2_sequence,CNN1D,3,Maize,Maize
6606,A3_S1_S2_sequence,CNN1D,3,Mustard,Potato
6607,A3_S1_S2_sequence,CNN1D,3,Mustard,Potato
6609,A3_S1_S2_sequence,CNN1D,3,Maize,Maize
6627,A3_S1_S2_sequence,CNN1D,3,Maize,Maize
6628,A3_S1_S2_sequence,CNN1D,3,No crop/Fallow,Rice
6630,A3_S1_S2_sequence,CNN1D,3,Mustard,Mustard
6631,A3_S1_S2_sequence,CNN1D,3,No crop/Fallow,Maize
6633,A3_S1_S2_sequence,CNN1D,3,No crop/Fallow,Rice
6635,A3_S1_S2_sequence,CNN1D,3,Maize,Maize
6650,A3_S1_S2_sequence,CNN1D,3,Maize,Rice
6661,A3_S1_S2_sequence,CNN1D,3,No crop/Fallow,Maize
6674,A3_S1_S2_sequence,CNN1D,3,No crop/Fallow,Rice
6716,A3_S1_S2_sequence,CNN1D,3,Maize,Maize
6717,A3_S1_S2_sequence,CNN1D,3,Mustard,Maize
6730,A3_S1_S2_sequence,CNN1D,3,Maize,Rice
6731,A3_S1_S2_sequence,CNN1D,3,No crop/Fallow,No crop/Fallow
6741,A3_S1_S2_sequence,CNN1D,3,Wheat,Wheat
6743,A3_S1_S2_sequence,CNN1D,3,Green pea,Potato
6750,A3_S1_S2_sequence,CNN1D,3,Maize,Maize
6757,A3_S1_S2_sequence,CNN1D,3,Maize,Maize
6758,A3_S1_S2_sequence,CNN1D,3,Mustard,Mustard
6759,A3_S1_S2_sequence,CNN1D,3,Maize,Maize
6772,A3_S1_S2_sequence,CNN1D,3,Maize,Maize
6773,A3_S1_S2_sequence,CNN1D,3,Maize,Maize
6774,A3_S1_S2_sequence,CNN1D,3,Maize,Maize
6775,A3_S1_S2_sequence,CNN1D,3,No crop/Fallow,Maize
6777,A3_S1_S2_sequence,CNN1D,3,Maize,Maize
6782,A3_S1_S2_sequence,CNN1D,3,No crop/Fallow,Rice
6802,A3_S1_S2_sequence,CNN1D,3,Rice,Rice
6822,A3_S1_S2_sequence,CNN1D,3,Mustard,Potato
6823,A3_S1_S2_sequence,CNN1D,3,Mustard,Wheat
6824,A3_S1_S2_sequence,CNN1D,3,Mustard,Rice
6844,A3_S1_S2_sequence,CNN1D,3,No crop/Fallow,Mustard
6849,A3_S1_S2_sequence,CNN1D,3,No crop/Fallow,Rice
6862,A3_S1_S2_sequence,CNN1D,3,No crop/Fallow,Rice
6865,A3_S1_S2_sequence,CNN1D,3,Mustard,Maize
6867,A3_S1_S2_sequence,CNN1D,3,Maize,Maize
6868,A3_S1_S2_sequence,CNN1D,3,Mustard,Wheat
6869,A3_S1_S2_sequence,CNN1D,3,Maize,Maize
6870,A3_S1_S2_sequence,CNN1D,3,Mustard,Maize
6893,A3_S1_S2_sequence,CNN1D,3,Wheat,Maize
6894,A3_S1_S2_sequence,CNN1D,3,Maize,Maize
6895,A3_S1_S2_sequence,CNN1D,3,Maize,Maize
6896,A3_S1_S2_sequence,CNN1D,3,Maize,Maize
6897,A3_S1_S2_sequence,CNN1D,3,Maize,Maize
6916,A3_S1_S2_sequence,CNN1D,3,Mustard,Potato
6917,A3_S1_S2_sequence,CNN1D,3,Maize,Mustard
6919,A3_S1_S2_sequence,CNN1D,3,Maize,Mustard
6920,A3_S1_S2_sequence,CNN1D,3,Maize,Maize
6921,A3_S1_S2_sequence,CNN1D,3,Maize,Maize
6931,A3_S1_S2_sequence,CNN1D,3,Wheat,Maize
6944,A3_S1_S2_sequence,CNN1D,3,Maize,Maize
6945,A3_S1_S2_sequence,CNN1D,3,Potato,Maize
6946,A3_S1_S2_sequence,CNN1D,3,Maize,Maize
6960,A3_S1_S2_sequence,CNN1D,3,Maize,Maize
6961,A3_S1_S2_sequence,CNN1D,3,Maize,Maize
6966,A3_S1_S2_sequence,CNN1D,3,Wheat,Maize
6967,A3_S1_S2_sequence,CNN1D,3,Wheat,No crop/Fallow
6968,A3_S1_S2_sequence,CNN1D,3,Mustard,Maize
6976,A3_S1_S2_sequence,CNN1D,3,Mustard,Potato
6977,A3_S1_S2_sequence,CNN1D,3,Maize,Potato
6978,A3_S1_S2_sequence,CNN1D,3,Wheat,Maize
6980,A3_S1_S2_sequence,CNN1D,3,No crop/Fallow,Rice
6981,A3_S1_S2_sequence,CNN1D,3,Wheat,Wheat
6988,A3_S1_S2_sequence,CNN1D,3,Maize,Maize
6991,A3_S1_S2_sequence,CNN1D,3,Maize,Maize
6994,A3_S1_S2_sequence,CNN1D,3,Maize,Maize
6995,A3_S1_S2_sequence,CNN1D,3,Maize,Maize
7010,A3_S1_S2_sequence,CNN1D,3,Mustard,Potato
7022,A3_S1_S2_sequence,CNN1D,3,Maize,Maize
7023,A3_S1_S2_sequence,CNN1D,3,Maize,Maize
7024,A3_S1_S2_sequence,CNN1D,3,Maize,Maize
7033,A3_S1_S2_sequence,CNN1D,3,Wheat,Maize
7035,A3_S1_S2_sequence,CNN1D,3,Mustard,Mustard
7036,A3_S1_S2_sequence,CNN1D,3,No crop/Fallow,No crop/Fallow
7062,A3_S1_S2_sequence,CNN1D,3,No crop/Fallow,No crop/Fallow
7063,A3_S1_S2_sequence,CNN1D,3,No crop/Fallow,Rice
7082,A3_S1_S2_sequence,CNN1D,3,Maize,Maize
7084,A3_S1_S2_sequence,CNN1D,3,No crop/Fallow,Maize
7085,A3_S1_S2_sequence,CNN1D,3,Maize,Rice
7086,A3_S1_S2_sequence,CNN1D,3,No crop/Fallow,Maize
7093,A3_S1_S2_sequence,CNN1D,3,Wheat,Wheat
7108,A3_S1_S2_sequence,CNN1D,3,Wheat,Wheat
7116,A3_S1_S2_sequence,CNN1D,3,Maize,Maize
7143,A3_S1_S2_sequence,CNN1D,3,Maize,Maize
7145,A3_S1_S2_sequence,CNN1D,3,Maize,Maize
7150,A3_S1_S2_sequence,CNN1D,3,Wheat,No crop/Fallow
7151,A3_S1_S2_sequence,CNN1D,3,Lentil,No crop/Fallow
7153,A3_S1_S2_sequence,CNN1D,3,Wheat,No crop/Fallow
7161,A3_S1_S2_sequence,CNN1D,3,Maize,Maize
7162,A3_S1_S2_sequence,CNN1D,3,Maize,Maize
7167,A3_S1_S2_sequence,CNN1D,3,Wheat,Wheat
7196,A3_S1_S2_sequence,CNN1D,3,Mustard,Mustard
7198,A3_S1_S2_sequence,CNN1D,3,Wheat,Wheat
7212,A3_S1_S2_sequence,CNN1D,3,Maize,Maize
7214,A3_S1_S2_sequence,CNN1D,3,Maize,Maize
7227,A3_S1_S2_sequence,CNN1D,3,Wheat,Maize
7228,A3_S1_S2_sequence,CNN1D,3,Maize,No crop/Fallow
7238,A3_S1_S2_sequence,CNN1D,3,No crop/Fallow,Mustard
7239,A3_S1_S2_sequence,CNN1D,3,Mustard,Mustard
7240,A3_S1_S2_sequence,CNN1D,3,Mustard,Mustard
7241,A3_S1_S2_sequence,CNN1D,3,Wheat,Mustard
7242,A3_S1_S2_sequence,CNN1D,3,Maize,Maize
7243,A3_S1_S2_sequence,CNN1D,3,No crop/Fallow,Potato
7244,A3_S1_S2_sequence,CNN1D,3,Maize,Maize
7248,A3_S1_S2_sequence,CNN1D,3,Maize,Maize
7249,A3_S1_S2_sequence,CNN1D,3,Maize,Maize
7250,A3_S1_S2_sequence,CNN1D,3,Maize,Maize
7256,A3_S1_S2_sequence,CNN1D,3,Maize,Maize
7266,A3_S1_S2_sequence,CNN1D,3,Wheat,Wheat
7269,A3_S1_S2_sequence,CNN1D,3,Maize,Maize
7270,A3_S1_S2_sequence,CNN1D,3,Maize,Maize
7272,A3_S1_S2_sequence,CNN1D,3,Maize,Maize
7277,A3_S1_S2_sequence,CNN1D,3,Wheat,Wheat
7278,A3_S1_S2_sequence,CNN1D,3,Maize,Potato
7294,A3_S1_S2_sequence,CNN1D,3,No crop/Fallow,Maize
7303,A3_S1_S2_sequence,CNN1D,3,Mustard,Mustard
7304,A3_S1_S2_sequence,CNN1D,3,Mustard,Mustard
7305,A3_S1_S2_sequence,CNN1D,3,Mustard,Mustard
7306,A3_S1_S2_sequence,CNN1D,3,Mustard,Maize
10,A3_S1_S2_sequence,GRU,0,Wheat,Sugarcane
12,A3_S1_S2_sequence,GRU,0,Lentil,Sugarcane
14,A3_S1_S2_sequence,GRU,0,Wheat,Green pea
18,A3_S1_S2_sequence,GRU,0,Wheat,Rice
20,A3_S1_S2_sequence,GRU,0,No crop/Fallow,Rice
22,A3_S1_S2_sequence,GRU,0,Wheat,Lentil
31,A3_S1_S2_sequence,GRU,0,Wheat,Wheat
32,A3_S1_S2_sequence,GRU,0,No crop/Fallow,Lentil
45,A3_S1_S2_sequence,GRU,0,Wheat,Lentil
46,A3_S1_S2_sequence,GRU,0,Wheat,Wheat
49,A3_S1_S2_sequence,GRU,0,Wheat,Wheat
56,A3_S1_S2_sequence,GRU,0,Wheat,Wheat
57,A3_S1_S2_sequence,GRU,0,Wheat,Lentil
60,A3_S1_S2_sequence,GRU,0,Wheat,Lentil
61,A3_S1_S2_sequence,GRU,0,No crop/Fallow,Lentil
80,A3_S1_S2_sequence,GRU,0,Sugarcane,Sugarcane
81,A3_S1_S2_sequence,GRU,0,Wheat,Sugarcane
93,A3_S1_S2_sequence,GRU,0,Garlic,Sugarcane
96,A3_S1_S2_sequence,GRU,0,Wheat,Wheat
107,A3_S1_S2_sequence,GRU,0,Wheat,Sugarcane
108,A3_S1_S2_sequence,GRU,0,Wheat,Sugarcane
110,A3_S1_S2_sequence,GRU,0,Sugarcane,Wheat
117,A3_S1_S2_sequence,GRU,0,Sugarcane,Sugarcane
118,A3_S1_S2_sequence,GRU,0,Sugarcane,Sugarcane
123,A3_S1_S2_sequence,GRU,0,No crop/Fallow,Sugarcane
124,A3_S1_S2_sequence,GRU,0,No crop/Fallow,Sugarcane
125,A3_S1_S2_sequence,GRU,0,Mustard,Lentil
131,A3_S1_S2_sequence,GRU,0,Mustard,Bersem
132,A3_S1_S2_sequence,GRU,0,Sugarcane,Sugarcane
133,A3_S1_S2_sequence,GRU,0,No crop/Fallow,Bersem
139,A3_S1_S2_sequence,GRU,0,No crop/Fallow,Lentil
140,A3_S1_S2_sequence,GRU,0,Mustard,Mustard
141,A3_S1_S2_sequence,GRU,0,Wheat,Wheat
143,A3_S1_S2_sequence,GRU,0,Wheat,Green pea
149,A3_S1_S2_sequence,GRU,0,Mustard,Lentil
161,A3_S1_S2_sequence,GRU,0,Wheat,Wheat
163,A3_S1_S2_sequence,GRU,0,Wheat,Wheat
170,A3_S1_S2_sequence,GRU,0,Wheat,Sugarcane
171,A3_S1_S2_sequence,GRU,0,Wheat,Green pea
172,A3_S1_S2_sequence,GRU,0,Wheat,Wheat
173,A3_S1_S2_sequence,GRU,0,Mustard,Sugarcane
174,A3_S1_S2_sequence,GRU,0,Wheat,Sugarcane
175,A3_S1_S2_sequence,GRU,0,Wheat,Wheat
186,A3_S1_S2_sequence,GRU,0,Sugarcane,Lentil
188,A3_S1_S2_sequence,GRU,0,Wheat,Wheat
190,A3_S1_S2_sequence,GRU,0,Wheat,Lentil
192,A3_S1_S2_sequence,GRU,0,Wheat,Wheat
199,A3_S1_S2_sequence,GRU,0,Wheat,Green pea
200,A3_S1_S2_sequence,GRU,0,Wheat,Wheat
214,A3_S1_S2_sequence,GRU,0,Wheat,Wheat
215,A3_S1_S2_sequence,GRU,0,Mustard,Lentil
231,A3_S1_S2_sequence,GRU,0,Wheat,Green pea
232,A3_S1_S2_sequence,GRU,0,Wheat,Bersem
233,A3_S1_S2_sequence,GRU,0,Wheat,Mustard
234,A3_S1_S2_sequence,GRU,0,Wheat,Wheat
235,A3_S1_S2_sequence,GRU,0,Wheat,Mustard
256,A3_S1_S2_sequence,GRU,0,Mustard,Lentil
265,A3_S1_S2_sequence,GRU,0,Wheat,Wheat
266,A3_S1_S2_sequence,GRU,0,Mustard,Wheat
268,A3_S1_S2_sequence,GRU,0,No crop/Fallow,Sugarcane
269,A3_S1_S2_sequence,GRU,0,No crop/Fallow,Sugarcane
270,A3_S1_S2_sequence,GRU,0,Mustard,Lentil
271,A3_S1_S2_sequence,GRU,0,No crop/Fallow,Wheat
275,A3_S1_S2_sequence,GRU,0,No crop/Fallow,Lentil
276,A3_S1_S2_sequence,GRU,0,Wheat,Lentil
278,A3_S1_S2_sequence,GRU,0,Wheat,Lentil
279,A3_S1_S2_sequence,GRU,0,Wheat,Bersem
281,A3_S1_S2_sequence,GRU,0,Wheat,Wheat
290,A3_S1_S2_sequence,GRU,0,Wheat,Bersem
297,A3_S1_S2_sequence,GRU,0,Wheat,Green pea
317,A3_S1_S2_sequence,GRU,0,Wheat,Lentil
318,A3_S1_S2_sequence,GRU,0,Lentil,Lentil
337,A3_S1_S2_sequence,GRU,0,Wheat,Potato
338,A3_S1_S2_sequence,GRU,0,Sugarcane,Lentil
339,A3_S1_S2_sequence,GRU,0,Mustard,Bersem
353,A3_S1_S2_sequence,GRU,0,Sugarcane,Mustard
354,A3_S1_S2_sequence,GRU,0,Mustard,Lentil
356,A3_S1_S2_sequence,GRU,0,No crop/Fallow,Lentil
357,A3_S1_S2_sequence,GRU,0,No crop/Fallow,No crop/Fallow
374,A3_S1_S2_sequence,GRU,0,Mustard,Sugarcane
375,A3_S1_S2_sequence,GRU,0,Mustard,Lentil
376,A3_S1_S2_sequence,GRU,0,Wheat,Green pea
379,A3_S1_S2_sequence,GRU,0,No crop/Fallow,Sugarcane
380,A3_S1_S2_sequence,GRU,0,No crop/Fallow,Lentil
382,A3_S1_S2_sequence,GRU,0,Wheat,Lentil
386,A3_S1_S2_sequence,GRU,0,Wheat,Coriander
392,A3_S1_S2_sequence,GRU,0,Mustard,Green pea
393,A3_S1_S2_sequence,GRU,0,No crop/Fallow,Sugarcane
394,A3_S1_S2_sequence,GRU,0,Mustard,Lentil
396,A3_S1_S2_sequence,GRU,0,No crop/Fallow,Bersem
397,A3_S1_S2_sequence,GRU,0,Wheat,Lentil
398,A3_S1_S2_sequence,GRU,0,No crop/Fallow,Mustard
399,A3_S1_S2_sequence,GRU,0,Wheat,Sugarcane
410,A3_S1_S2_sequence,GRU,0,Wheat,Sugarcane
411,A3_S1_S2_sequence,GRU,0,Mustard,Wheat
412,A3_S1_S2_sequence,GRU,0,Wheat,Wheat
413,A3_S1_S2_sequence,GRU,0,Mustard,Sugarcane
415,A3_S1_S2_sequence,GRU,0,Wheat,Wheat
429,A3_S1_S2_sequence,GRU,0,Wheat,Wheat
430,A3_S1_S2_sequence,GRU,0,Wheat,Wheat
443,A3_S1_S2_sequence,GRU,0,Wheat,Green pea
444,A3_S1_S2_sequence,GRU,0,Mustard,Sugarcane
445,A3_S1_S2_sequence,GRU,0,No crop/Fallow,Green pea
446,A3_S1_S2_sequence,GRU,0,No crop/Fallow,Lentil
447,A3_S1_S2_sequence,GRU,0,Mustard,Lentil
449,A3_S1_S2_sequence,GRU,0,Mustard,Wheat
450,A3_S1_S2_sequence,GRU,0,Sugarcane,Green pea
452,A3_S1_S2_sequence,GRU,0,Mustard,Bersem
453,A3_S1_S2_sequence,GRU,0,Wheat,Wheat
462,A3_S1_S2_sequence,GRU,0,Mustard,Lentil
464,A3_S1_S2_sequence,GRU,0,Mustard,Sugarcane
465,A3_S1_S2_sequence,GRU,0,No crop/Fallow,No crop/Fallow
466,A3_S1_S2_sequence,GRU,0,Mustard,Sugarcane
467,A3_S1_S2_sequence,GRU,0,Lentil,Lentil
468,A3_S1_S2_sequence,GRU,0,Mustard,Wheat
474,A3_S1_S2_sequence,GRU,0,Mustard,Sugarcane
476,A3_S1_S2_sequence,GRU,0,Wheat,Wheat
478,A3_S1_S2_sequence,GRU,0,Wheat,Wheat
480,A3_S1_S2_sequence,GRU,0,Wheat,Wheat
494,A3_S1_S2_sequence,GRU,0,Wheat,Lentil
496,A3_S1_S2_sequence,GRU,0,No crop/Fallow,Bersem
497,A3_S1_S2_sequence,GRU,0,Wheat,Sugarcane
498,A3_S1_S2_sequence,GRU,0,Wheat,Wheat
499,A3_S1_S2_sequence,GRU,0,Wheat,Lentil
511,A3_S1_S2_sequence,GRU,0,Wheat,Wheat
512,A3_S1_S2_sequence,GRU,0,Wheat,Sugarcane
513,A3_S1_S2_sequence,GRU,0,No crop/Fallow,Mustard
514,A3_S1_S2_sequence,GRU,0,No crop/Fallow,Bersem
515,A3_S1_S2_sequence,GRU,0,No crop/Fallow,Wheat
516,A3_S1_S2_sequence,GRU,0,Wheat,Wheat
517,A3_S1_S2_sequence,GRU,0,No crop/Fallow,Green pea
519,A3_S1_S2_sequence,GRU,0,Wheat,No crop/Fallow
527,A3_S1_S2_sequence,GRU,0,Wheat,Wheat
528,A3_S1_S2_sequence,GRU,0,Lentil,Coriander
529,A3_S1_S2_sequence,GRU,0,Mustard,Sugarcane
535,A3_S1_S2_sequence,GRU,0,Mustard,Sugarcane
536,A3_S1_S2_sequence,GRU,0,Mustard,Green pea
538,A3_S1_S2_sequence,GRU,0,No crop/Fallow,Wheat
539,A3_S1_S2_sequence,GRU,0,Green pea,Wheat
540,A3_S1_S2_sequence,GRU,0,Mustard,Mustard
542,A3_S1_S2_sequence,GRU,0,Wheat,Lentil
543,A3_S1_S2_sequence,GRU,0,Wheat,Lentil
544,A3_S1_S2_sequence,GRU,0,Wheat,Wheat
545,A3_S1_S2_sequence,GRU,0,Wheat,Wheat
548,A3_S1_S2_sequence,GRU,0,No crop/Fallow,Sugarcane
549,A3_S1_S2_sequence,GRU,0,No crop/Fallow,Sugarcane
550,A3_S1_S2_sequence,GRU,0,No crop/Fallow,Sugarcane
551,A3_S1_S2_sequence,GRU,0,No crop/Fallow,Sugarcane
552,A3_S1_S2_sequence,GRU,0,Bersem,Wheat
554,A3_S1_S2_sequence,GRU,0,Wheat,Wheat
555,A3_S1_S2_sequence,GRU,0,Wheat,Wheat
556,A3_S1_S2_sequence,GRU,0,Wheat,Wheat
567,A3_S1_S2_sequence,GRU,0,Mustard,Bersem
568,A3_S1_S2_sequence,GRU,0,Wheat,Lentil
569,A3_S1_S2_sequence,GRU,0,Sugarcane,Lentil
570,A3_S1_S2_sequence,GRU,0,Mustard,Wheat
571,A3_S1_S2_sequence,GRU,0,No crop/Fallow,Wheat
605,A3_S1_S2_sequence,GRU,0,Mustard,Lentil
608,A3_S1_S2_sequence,GRU,0,Sugarcane,Sugarcane
609,A3_S1_S2_sequence,GRU,0,Wheat,Wheat
610,A3_S1_S2_sequence,GRU,0,Wheat,Wheat
611,A3_S1_S2_sequence,GRU,0,No crop/Fallow,Lentil
612,A3_S1_S2_sequence,GRU,0,Wheat,Wheat
613,A3_S1_S2_sequence,GRU,0,Mustard,Mustard
614,A3_S1_S2_sequence,GRU,0,Potato,Bersem
615,A3_S1_S2_sequence,GRU,0,Mustard,Mustard
646,A3_S1_S2_sequence,GRU,0,No crop/Fallow,Sugarcane
647,A3_S1_S2_sequence,GRU,0,Lentil,Lentil
662,A3_S1_S2_sequence,GRU,0,Wheat,Lentil
677,A3_S1_S2_sequence,GRU,0,No crop/Fallow,Green pea
679,A3_S1_S2_sequence,GRU,0,No crop/Fallow,Lentil
695,A3_S1_S2_sequence,GRU,0,Wheat,Green pea
696,A3_S1_S2_sequence,GRU,0,Wheat,Wheat
701,A3_S1_S2_sequence,GRU,0,Wheat,Lentil
710,A3_S1_S2_sequence,GRU,0,Mustard,Mustard
711,A3_S1_S2_sequence,GRU,0,Wheat,Mustard
712,A3_S1_S2_sequence,GRU,0,Wheat,Wheat
713,A3_S1_S2_sequence,GRU,0,Wheat,Bersem
730,A3_S1_S2_sequence,GRU,0,Wheat,Lentil
752,A3_S1_S2_sequence,GRU,0,Wheat,Wheat
753,A3_S1_S2_sequence,GRU,0,Wheat,Bersem
755,A3_S1_S2_sequence,GRU,0,Wheat,Wheat
768,A3_S1_S2_sequence,GRU,0,Wheat,Wheat
771,A3_S1_S2_sequence,GRU,0,Sugarcane,Sugarcane
772,A3_S1_S2_sequence,GRU,0,Sugarcane,Sugarcane
785,A3_S1_S2_sequence,GRU,0,Sugarcane,Sugarcane
788,A3_S1_S2_sequence,GRU,0,Wheat,Mustard
789,A3_S1_S2_sequence,GRU,0,Mustard,Bersem
790,A3_S1_S2_sequence,GRU,0,Green pea,Wheat
791,A3_S1_S2_sequence,GRU,0,Wheat,Wheat
792,A3_S1_S2_sequence,GRU,0,Mustard,Lentil
793,A3_S1_S2_sequence,GRU,0,Mustard,Lentil
805,A3_S1_S2_sequence,GRU,0,Wheat,Lentil
807,A3_S1_S2_sequence,GRU,0,Mustard,Bersem
808,A3_S1_S2_sequence,GRU,0,Wheat,Wheat
815,A3_S1_S2_sequence,GRU,0,No crop/Fallow,Potato
817,A3_S1_S2_sequence,GRU,0,Wheat,Lentil
830,A3_S1_S2_sequence,GRU,0,Sugarcane,Sugarcane
831,A3_S1_S2_sequence,GRU,0,Mustard,Sugarcane
833,A3_S1_S2_sequence,GRU,0,Sugarcane,Sugarcane
834,A3_S1_S2_sequence,GRU,0,Wheat,Wheat
846,A3_S1_S2_sequence,GRU,0,Wheat,Lentil
862,A3_S1_S2_sequence,GRU,0,No crop/Fallow,Maize
863,A3_S1_S2_sequence,GRU,0,Wheat,Wheat
864,A3_S1_S2_sequence,GRU,0,Wheat,Green pea
865,A3_S1_S2_sequence,GRU,0,Lentil,Mustard
867,A3_S1_S2_sequence,GRU,0,Wheat,Wheat
901,A3_S1_S2_sequence,GRU,0,Wheat,Wheat
902,A3_S1_S2_sequence,GRU,0,Wheat,Wheat
903,A3_S1_S2_sequence,GRU,0,Wheat,Wheat
905,A3_S1_S2_sequence,GRU,0,Wheat,Wheat
906,A3_S1_S2_sequence,GRU,0,Wheat,Wheat
923,A3_S1_S2_sequence,GRU,0,Green pea,Green pea
924,A3_S1_S2_sequence,GRU,0,Wheat,Wheat
926,A3_S1_S2_sequence,GRU,0,Wheat,Wheat
950,A3_S1_S2_sequence,GRU,0,Wheat,Wheat
951,A3_S1_S2_sequence,GRU,0,Wheat,Wheat
956,A3_S1_S2_sequence,GRU,0,No crop/Fallow,Sugarcane
957,A3_S1_S2_sequence,GRU,0,Wheat,Lentil
964,A3_S1_S2_sequence,GRU,0,Lentil,Wheat
979,A3_S1_S2_sequence,GRU,0,Wheat,Sugarcane
980,A3_S1_S2_sequence,GRU,0,Wheat,Wheat
983,A3_S1_S2_sequence,GRU,0,Wheat,Wheat
984,A3_S1_S2_sequence,GRU,0,No crop/Fallow,Sugarcane
986,A3_S1_S2_sequence,GRU,0,Wheat,Sugarcane
1001,A3_S1_S2_sequence,GRU,0,Mustard,Lentil
1002,A3_S1_S2_sequence,GRU,0,Wheat,Green pea
1003,A3_S1_S2_sequence,GRU,0,Mustard,Mustard
1008,A3_S1_S2_sequence,GRU,0,Wheat,Mustard
1009,A3_S1_S2_sequence,GRU,0,No crop/Fallow,Wheat
1027,A3_S1_S2_sequence,GRU,0,Mustard,Mustard
1033,A3_S1_S2_sequence,GRU,0,No crop/Fallow,Sugarcane
1034,A3_S1_S2_sequence,GRU,0,Mustard,Sugarcane
1035,A3_S1_S2_sequence,GRU,0,Wheat,Wheat
1049,A3_S1_S2_sequence,GRU,0,No crop/Fallow,Sugarcane
1050,A3_S1_S2_sequence,GRU,0,No crop/Fallow,Green pea
1052,A3_S1_S2_sequence,GRU,0,Lentil,Green pea
1053,A3_S1_S2_sequence,GRU,0,Mustard,Sugarcane
1054,A3_S1_S2_sequence,GRU,0,Mustard,Sugarcane
1057,A3_S1_S2_sequence,GRU,0,Wheat,Wheat
1058,A3_S1_S2_sequence,GRU,0,Wheat,Mustard
1066,A3_S1_S2_sequence,GRU,0,Mustard,Wheat
1067,A3_S1_S2_sequence,GRU,0,Wheat,Green pea
1068,A3_S1_S2_sequence,GRU,0,Wheat,Wheat
1069,A3_S1_S2_sequence,GRU,0,Wheat,Lentil
1070,A3_S1_S2_sequence,GRU,0,Wheat,Sugarcane
1071,A3_S1_S2_sequence,GRU,0,No crop/Fallow,Wheat
1087,A3_S1_S2_sequence,GRU,0,Wheat,No crop/Fallow
1088,A3_S1_S2_sequence,GRU,0,Mustard,Lentil
1097,A3_S1_S2_sequence,GRU,0,Mustard,Lentil
1099,A3_S1_S2_sequence,GRU,0,Mustard,Mustard
1106,A3_S1_S2_sequence,GRU,0,Wheat,Sugarcane
1107,A3_S1_S2_sequence,GRU,0,Wheat,Green pea
1108,A3_S1_S2_sequence,GRU,0,Sugarcane,No crop/Fallow
1110,A3_S1_S2_sequence,GRU,0,Mustard,Lentil
1114,A3_S1_S2_sequence,GRU,0,Sugarcane,Sugarcane
1115,A3_S1_S2_sequence,GRU,0,Sugarcane,Sugarcane
1116,A3_S1_S2_sequence,GRU,0,Mustard,Sugarcane
1122,A3_S1_S2_sequence,GRU,0,Mustard,Lentil
1123,A3_S1_S2_sequence,GRU,0,Mustard,Mustard
1127,A3_S1_S2_sequence,GRU,0,Mustard,Lentil
1128,A3_S1_S2_sequence,GRU,0,Mustard,Lentil
1143,A3_S1_S2_sequence,GRU,0,Mustard,Wheat
1144,A3_S1_S2_sequence,GRU,0,Garlic,Mustard
1145,A3_S1_S2_sequence,GRU,0,Wheat,Coriander
1146,A3_S1_S2_sequence,GRU,0,Wheat,Wheat
1148,A3_S1_S2_sequence,GRU,0,Mustard,Coriander
1150,A3_S1_S2_sequence,GRU,0,Mustard,Sugarcane
1151,A3_S1_S2_sequence,GRU,0,Lentil,Sugarcane
1175,A3_S1_S2_sequence,GRU,0,Wheat,Wheat
1176,A3_S1_S2_sequence,GRU,0,Mustard,Sugarcane
1183,A3_S1_S2_sequence,GRU,0,Sugarcane,Sugarcane
1184,A3_S1_S2_sequence,GRU,0,Wheat,Wheat
1193,A3_S1_S2_sequence,GRU,0,No crop/Fallow,Wheat
1195,A3_S1_S2_sequence,GRU,0,No crop/Fallow,Lentil
1196,A3_S1_S2_sequence,GRU,0,Wheat,Wheat
1198,A3_S1_S2_sequence,GRU,0,No crop/Fallow,Potato
1199,A3_S1_S2_sequence,GRU,0,Wheat,Garlic
1208,A3_S1_S2_sequence,GRU,0,Sugarcane,Green pea
1209,A3_S1_S2_sequence,GRU,0,Mustard,Sugarcane
1210,A3_S1_S2_sequence,GRU,0,Wheat,Bersem
1215,A3_S1_S2_sequence,GRU,0,No crop/Fallow,Green pea
1216,A3_S1_S2_sequence,GRU,0,Lentil,Mustard
1217,A3_S1_S2_sequence,GRU,0,Mustard,Lentil
1218,A3_S1_S2_sequence,GRU,0,Lentil,Lentil
1219,A3_S1_S2_sequence,GRU,0,Mustard,Sugarcane
1228,A3_S1_S2_sequence,GRU,0,Wheat,Wheat
1229,A3_S1_S2_sequence,GRU,0,Wheat,Wheat
1278,A3_S1_S2_sequence,GRU,0,Wheat,Lentil
1288,A3_S1_S2_sequence,GRU,0,Sugarcane,Maize
1289,A3_S1_S2_sequence,GRU,0,No crop/Fallow,Maize
1304,A3_S1_S2_sequence,GRU,0,Potato,Potato
1305,A3_S1_S2_sequence,GRU,0,Wheat,Wheat
1316,A3_S1_S2_sequence,GRU,0,Sugarcane,Sugarcane
1317,A3_S1_S2_sequence,GRU,0,No crop/Fallow,Green pea
1342,A3_S1_S2_sequence,GRU,0,Wheat,Wheat
1343,A3_S1_S2_sequence,GRU,0,No crop/Fallow,Sugarcane
1344,A3_S1_S2_sequence,GRU,0,No crop/Fallow,Lentil
1362,A3_S1_S2_sequence,GRU,0,Wheat,Coriander
1375,A3_S1_S2_sequence,GRU,0,Wheat,Wheat
1376,A3_S1_S2_sequence,GRU,0,Wheat,Wheat
1382,A3_S1_S2_sequence,GRU,0,Sugarcane,Sugarcane
1383,A3_S1_S2_sequence,GRU,0,Mustard,Green pea
1384,A3_S1_S2_sequence,GRU,0,Mustard,Wheat
1385,A3_S1_S2_sequence,GRU,0,Mustard,Bersem
1386,A3_S1_S2_sequence,GRU,0,Wheat,Green pea
1387,A3_S1_S2_sequence,GRU,0,Wheat,Wheat
1405,A3_S1_S2_sequence,GRU,0,Mustard,Bersem
1406,A3_S1_S2_sequence,GRU,0,Wheat,Wheat
1407,A3_S1_S2_sequence,GRU,0,No crop/Fallow,Potato
1423,A3_S1_S2_sequence,GRU,0,Mustard,Wheat
1424,A3_S1_S2_sequence,GRU,0,Wheat,Green pea
1425,A3_S1_S2_sequence,GRU,0,Wheat,Wheat
1432,A3_S1_S2_sequence,GRU,0,Wheat,Wheat
1433,A3_S1_S2_sequence,GRU,0,Mustard,Wheat
1435,A3_S1_S2_sequence,GRU,0,Sugarcane,Sugarcane
1436,A3_S1_S2_sequence,GRU,0,Mustard,Coriander
1437,A3_S1_S2_sequence,GRU,0,Mustard,Coriander
1471,A3_S1_S2_sequence,GRU,0,Wheat,Green pea
1472,A3_S1_S2_sequence,GRU,0,Mustard,Green pea
1473,A3_S1_S2_sequence,GRU,0,Mustard,Lentil
1481,A3_S1_S2_sequence,GRU,0,Mustard,Sugarcane
1482,A3_S1_S2_sequence,GRU,0,No crop/Fallow,Sugarcane
1493,A3_S1_S2_sequence,GRU,0,Mustard,Lentil
1494,A3_S1_S2_sequence,GRU,0,Mustard,Sugarcane
1524,A3_S1_S2_sequence,GRU,0,Wheat,Wheat
1528,A3_S1_S2_sequence,GRU,0,Wheat,Wheat
1529,A3_S1_S2_sequence,GRU,0,No crop/Fallow,Sugarcane
1530,A3_S1_S2_sequence,GRU,0,No crop/Fallow,Sugarcane
1531,A3_S1_S2_sequence,GRU,0,No crop/Fallow,Lentil
1532,A3_S1_S2_sequence,GRU,0,Wheat,Wheat
1544,A3_S1_S2_sequence,GRU,0,No crop/Fallow,Lentil
1545,A3_S1_S2_sequence,GRU,0,Wheat,Wheat
1546,A3_S1_S2_sequence,GRU,0,Wheat,Wheat
1568,A3_S1_S2_sequence,GRU,0,Wheat,Wheat
1607,A3_S1_S2_sequence,GRU,0,Wheat,Lentil
1608,A3_S1_S2_sequence,GRU,0,Mustard,Wheat
1615,A3_S1_S2_sequence,GRU,0,Wheat,Wheat
1616,A3_S1_S2_sequence,GRU,0,Lentil,Lentil
1618,A3_S1_S2_sequence,GRU,0,Mustard,Green pea
1620,A3_S1_S2_sequence,GRU,0,Wheat,Wheat
1621,A3_S1_S2_sequence,GRU,0,Mustard,Lentil
1622,A3_S1_S2_sequence,GRU,0,Mustard,Bersem
1624,A3_S1_S2_sequence,GRU,0,Wheat,Wheat
1625,A3_S1_S2_sequence,GRU,0,Sugarcane,Sugarcane
1633,A3_S1_S2_sequence,GRU,0,Mustard,Sugarcane
1634,A3_S1_S2_sequence,GRU,0,Mustard,No crop/Fallow
1635,A3_S1_S2_sequence,GRU,0,Wheat,Lentil
1649,A3_S1_S2_sequence,GRU,0,Wheat,Green pea
1650,A3_S1_S2_sequence,GRU,0,Wheat,Wheat
1651,A3_S1_S2_sequence,GRU,0,Wheat,Green pea
1652,A3_S1_S2_sequence,GRU,0,Wheat,Mustard
1653,A3_S1_S2_sequence,GRU,0,Wheat,Wheat
1654,A3_S1_S2_sequence,GRU,0,Wheat,Bersem
1655,A3_S1_S2_sequence,GRU,0,Wheat,Green pea
1667,A3_S1_S2_sequence,GRU,0,Mustard,Green pea
1668,A3_S1_S2_sequence,GRU,0,Sugarcane,Lentil
1669,A3_S1_S2_sequence,GRU,0,Mustard,Lentil
1670,A3_S1_S2_sequence,GRU,0,No crop/Fallow,Lentil
1671,A3_S1_S2_sequence,GRU,0,Mustard,Sugarcane
1672,A3_S1_S2_sequence,GRU,0,No crop/Fallow,Mustard
1681,A3_S1_S2_sequence,GRU,0,Wheat,Wheat
1682,A3_S1_S2_sequence,GRU,0,Green pea,Wheat
1683,A3_S1_S2_sequence,GRU,0,Wheat,Lentil
1685,A3_S1_S2_sequence,GRU,0,Mustard,No crop/Fallow
1686,A3_S1_S2_sequence,GRU,0,Sugarcane,No crop/Fallow
1687,A3_S1_S2_sequence,GRU,0,Mustard,Lentil
1688,A3_S1_S2_sequence,GRU,0,Wheat,Wheat
1689,A3_S1_S2_sequence,GRU,0,Mustard,Sugarcane
1705,A3_S1_S2_sequence,GRU,0,No crop/Fallow,Lentil
1706,A3_S1_S2_sequence,GRU,0,Wheat,Wheat
1708,A3_S1_S2_sequence,GRU,0,Wheat,Wheat
1709,A3_S1_S2_sequence,GRU,0,Wheat,Wheat
1711,A3_S1_S2_sequence,GRU,0,Wheat,Wheat
1712,A3_S1_S2_sequence,GRU,0,Bersem,Bersem
1713,A3_S1_S2_sequence,GRU,0,Wheat,Wheat
1714,A3_S1_S2_sequence,GRU,0,Wheat,Sugarcane
1729,A3_S1_S2_sequence,GRU,0,Mustard,Green pea
1730,A3_S1_S2_sequence,GRU,0,Wheat,Wheat
1731,A3_S1_S2_sequence,GRU,0,Wheat,Wheat
1732,A3_S1_S2_sequence,GRU,0,No crop/Fallow,Sugarcane
1737,A3_S1_S2_sequence,GRU,0,Wheat,Wheat
1738,A3_S1_S2_sequence,GRU,0,Wheat,Wheat
1739,A3_S1_S2_sequence,GRU,0,Wheat,Wheat
1776,A3_S1_S2_sequence,GRU,0,Wheat,Wheat
1780,A3_S1_S2_sequence,GRU,0,Sugarcane,Sugarcane
1781,A3_S1_S2_sequence,GRU,0,Mustard,Coriander
1782,A3_S1_S2_sequence,GRU,0,Sugarcane,Sugarcane
1783,A3_S1_S2_sequence,GRU,0,Sugarcane,Sugarcane
1796,A3_S1_S2_sequence,GRU,0,Wheat,Wheat
1801,A3_S1_S2_sequence,GRU,0,Wheat,Lentil
1804,A3_S1_S2_sequence,GRU,0,Wheat,Wheat
1809,A3_S1_S2_sequence,GRU,0,Lentil,Lentil
1810,A3_S1_S2_sequence,GRU,0,Lentil,Coriander
1817,A3_S1_S2_sequence,GRU,0,Mustard,Sugarcane
1818,A3_S1_S2_sequence,GRU,0,Mustard,Coriander
1819,A3_S1_S2_sequence,GRU,0,Mustard,Coriander
1820,A3_S1_S2_sequence,GRU,0,Wheat,Wheat
1822,A3_S1_S2_sequence,GRU,0,Wheat,Mustard
1823,A3_S1_S2_sequence,GRU,0,Wheat,Wheat
1824,A3_S1_S2_sequence,GRU,0,Wheat,Lentil
1838,A3_S1_S2_sequence,GRU,0,Green pea,Potato
1839,A3_S1_S2_sequence,GRU,0,No crop/Fallow,Green pea
1840,A3_S1_S2_sequence,GRU,0,Wheat,Wheat
1842,A3_S1_S2_sequence,GRU,0,Maize,Wheat
1843,A3_S1_S2_sequence,GRU,0,Maize,Maize
1844,A3_S1_S2_sequence,GRU,0,Wheat,Wheat
1845,A3_S1_S2_sequence,GRU,0,Lentil,Bersem
1846,A3_S1_S2_sequence,GRU,0,Wheat,Wheat
1847,A3_S1_S2_sequence,GRU,0,Wheat,Wheat
1855,A3_S1_S2_sequence,GRU,0,Wheat,Wheat
1886,A3_S1_S2_sequence,GRU,0,Wheat,Wheat
1887,A3_S1_S2_sequence,GRU,0,Sugarcane,Sugarcane
1888,A3_S1_S2_sequence,GRU,0,Wheat,Wheat
1889,A3_S1_S2_sequence,GRU,0,Wheat,Wheat
1890,A3_S1_S2_sequence,GRU,0,Mustard,Sugarcane
1891,A3_S1_S2_sequence,GRU,0,Wheat,Wheat
1911,A3_S1_S2_sequence,GRU,0,Wheat,Wheat
1912,A3_S1_S2_sequence,GRU,0,Mustard,Sugarcane
1913,A3_S1_S2_sequence,GRU,0,Wheat,Lentil
1954,A3_S1_S2_sequence,GRU,0,No crop/Fallow,Lentil
1955,A3_S1_S2_sequence,GRU,0,Wheat,Green pea
1993,A3_S1_S2_sequence,GRU,0,Potato,Wheat
1994,A3_S1_S2_sequence,GRU,0,Wheat,Wheat
1996,A3_S1_S2_sequence,GRU,0,Wheat,Wheat
1997,A3_S1_S2_sequence,GRU,0,Lentil,Wheat
1998,A3_S1_S2_sequence,GRU,0,Wheat,Wheat
2010,A3_S1_S2_sequence,GRU,0,Wheat,Wheat
2011,A3_S1_S2_sequence,GRU,0,Wheat,Wheat
2012,A3_S1_S2_sequence,GRU,0,Wheat,Wheat
2026,A3_S1_S2_sequence,GRU,0,Wheat,Wheat
2027,A3_S1_S2_sequence,GRU,0,Wheat,Wheat
2034,A3_S1_S2_sequence,GRU,0,Wheat,Wheat
2047,A3_S1_S2_sequence,GRU,0,Mustard,Lentil
2048,A3_S1_S2_sequence,GRU,0,Wheat,Wheat
2049,A3_S1_S2_sequence,GRU,0,Wheat,Wheat
2058,A3_S1_S2_sequence,GRU,0,Mustard,Mustard
2059,A3_S1_S2_sequence,GRU,0,Wheat,Coriander
2072,A3_S1_S2_sequence,GRU,0,Wheat,Bersem
2073,A3_S1_S2_sequence,GRU,0,Wheat,Wheat
2075,A3_S1_S2_sequence,GRU,0,Wheat,Wheat
2076,A3_S1_S2_sequence,GRU,0,Wheat,Wheat
2077,A3_S1_S2_sequence,GRU,0,Wheat,Green pea
2088,A3_S1_S2_sequence,GRU,0,Wheat,Wheat
2096,A3_S1_S2_sequence,GRU,0,Wheat,Wheat
2098,A3_S1_S2_sequence,GRU,0,Wheat,Wheat
2101,A3_S1_S2_sequence,GRU,0,Wheat,Wheat
2102,A3_S1_S2_sequence,GRU,0,Wheat,Wheat
2103,A3_S1_S2_sequence,GRU,0,Wheat,Wheat
2104,A3_S1_S2_sequence,GRU,0,Wheat,Wheat
2105,A3_S1_S2_sequence,GRU,0,Wheat,Lentil
2106,A3_S1_S2_sequence,GRU,0,Mustard,Lentil
2107,A3_S1_S2_sequence,GRU,0,Potato,Sugarcane
2108,A3_S1_S2_sequence,GRU,0,Wheat,Wheat
2109,A3_S1_S2_sequence,GRU,0,Lentil,Lentil
2111,A3_S1_S2_sequence,GRU,0,Wheat,Wheat
2112,A3_S1_S2_sequence,GRU,0,Wheat,Wheat
2113,A3_S1_S2_sequence,GRU,0,Wheat,Wheat
2114,A3_S1_S2_sequence,GRU,0,Wheat,Wheat
2115,A3_S1_S2_sequence,GRU,0,Wheat,Wheat
2122,A3_S1_S2_sequence,GRU,0,Wheat,Wheat
2123,A3_S1_S2_sequence,GRU,0,Wheat,Wheat
2144,A3_S1_S2_sequence,GRU,0,Wheat,Wheat
2146,A3_S1_S2_sequence,GRU,0,Coriander,Wheat
2147,A3_S1_S2_sequence,GRU,0,Wheat,Lentil
2153,A3_S1_S2_sequence,GRU,0,Wheat,Green pea
2154,A3_S1_S2_sequence,GRU,0,Wheat,Wheat
2155,A3_S1_S2_sequence,GRU,0,Wheat,Wheat
2156,A3_S1_S2_sequence,GRU,0,Wheat,Wheat
2157,A3_S1_S2_sequence,GRU,0,Wheat,Wheat
2170,A3_S1_S2_sequence,GRU,0,No crop/Fallow,No crop/Fallow
2171,A3_S1_S2_sequence,GRU,0,Wheat,Wheat
2192,A3_S1_S2_sequence,GRU,0,Mustard,Lentil
2193,A3_S1_S2_sequence,GRU,0,Wheat,Lentil
2194,A3_S1_S2_sequence,GRU,0,Mustard,Green pea
2195,A3_S1_S2_sequence,GRU,0,Wheat,Wheat
2199,A3_S1_S2_sequence,GRU,0,Wheat,Wheat
2200,A3_S1_S2_sequence,GRU,0,Wheat,Wheat
2201,A3_S1_S2_sequence,GRU,0,Wheat,Wheat
2202,A3_S1_S2_sequence,GRU,0,Wheat,Wheat
2203,A3_S1_S2_sequence,GRU,0,Lentil,Wheat
2204,A3_S1_S2_sequence,GRU,0,Wheat,Wheat
2205,A3_S1_S2_sequence,GRU,0,Wheat,Wheat
2206,A3_S1_S2_sequence,GRU,0,Wheat,Wheat
2214,A3_S1_S2_sequence,GRU,0,Wheat,Wheat
2216,A3_S1_S2_sequence,GRU,0,Mustard,Wheat
2226,A3_S1_S2_sequence,GRU,0,Mustard,Potato
2227,A3_S1_S2_sequence,GRU,0,Wheat,Lentil
2237,A3_S1_S2_sequence,GRU,0,Wheat,Green pea
2238,A3_S1_S2_sequence,GRU,0,Mustard,Lentil
2254,A3_S1_S2_sequence,GRU,0,Wheat,Wheat
2260,A3_S1_S2_sequence,GRU,0,Sugarcane,Sugarcane
2269,A3_S1_S2_sequence,GRU,0,Wheat,Bersem
2270,A3_S1_S2_sequence,GRU,0,Wheat,Wheat
2271,A3_S1_S2_sequence,GRU,0,No crop/Fallow,Wheat
2323,A3_S1_S2_sequence,GRU,0,Mustard,Wheat
2325,A3_S1_S2_sequence,GRU,0,Wheat,Coriander
2326,A3_S1_S2_sequence,GRU,0,Mustard,Sugarcane
2327,A3_S1_S2_sequence,GRU,0,Wheat,Green pea
2329,A3_S1_S2_sequence,GRU,0,Mustard,Lentil
2348,A3_S1_S2_sequence,GRU,0,Wheat,Wheat
2350,A3_S1_S2_sequence,GRU,0,Bersem,Mustard
2383,A3_S1_S2_sequence,GRU,0,Wheat,Coriander
2384,A3_S1_S2_sequence,GRU,0,Lentil,Wheat
2421,A3_S1_S2_sequence,GRU,0,Wheat,Lentil
2422,A3_S1_S2_sequence,GRU,0,Wheat,Wheat
2423,A3_S1_S2_sequence,GRU,0,Wheat,Wheat
2425,A3_S1_S2_sequence,GRU,0,Coriander,Potato
2427,A3_S1_S2_sequence,GRU,0,Mustard,Sugarcane
2435,A3_S1_S2_sequence,GRU,0,Wheat,Coriander
2436,A3_S1_S2_sequence,GRU,0,Wheat,Wheat
2437,A3_S1_S2_sequence,GRU,0,Wheat,Wheat
2438,A3_S1_S2_sequence,GRU,0,Wheat,Wheat
2461,A3_S1_S2_sequence,GRU,0,Lentil,Green pea
2462,A3_S1_S2_sequence,GRU,0,Wheat,Wheat
2463,A3_S1_S2_sequence,GRU,0,Wheat,Wheat
2470,A3_S1_S2_sequence,GRU,0,Wheat,Wheat
2471,A3_S1_S2_sequence,GRU,0,Wheat,Green pea
2472,A3_S1_S2_sequence,GRU,0,Wheat,Lentil
2473,A3_S1_S2_sequence,GRU,0,Wheat,Lentil
2486,A3_S1_S2_sequence,GRU,0,Mustard,Sugarcane
2502,A3_S1_S2_sequence,GRU,0,Wheat,Wheat
2503,A3_S1_S2_sequence,GRU,0,Wheat,Lentil
2505,A3_S1_S2_sequence,GRU,0,Wheat,Wheat
2548,A3_S1_S2_sequence,GRU,0,Wheat,Lentil
2550,A3_S1_S2_sequence,GRU,0,Wheat,Coriander
2552,A3_S1_S2_sequence,GRU,0,Mustard,Lentil
2565,A3_S1_S2_sequence,GRU,0,Wheat,Wheat
2575,A3_S1_S2_sequence,GRU,0,Wheat,Sugarcane
2576,A3_S1_S2_sequence,GRU,0,Wheat,Wheat
2599,A3_S1_S2_sequence,GRU,0,Wheat,Green pea
2627,A3_S1_S2_sequence,GRU,0,Wheat,Wheat
2628,A3_S1_S2_sequence,GRU,0,Wheat,Wheat
2649,A3_S1_S2_sequence,GRU,0,Wheat,Wheat
2664,A3_S1_S2_sequence,GRU,0,No crop/Fallow,Sugarcane
2665,A3_S1_S2_sequence,GRU,0,Wheat,Wheat
2666,A3_S1_S2_sequence,GRU,0,Mustard,Mustard
2667,A3_S1_S2_sequence,GRU,0,Lentil,Lentil
2668,A3_S1_S2_sequence,GRU,0,Wheat,Wheat
2669,A3_S1_S2_sequence,GRU,0,Wheat,Wheat
2672,A3_S1_S2_sequence,GRU,0,Wheat,Wheat
2677,A3_S1_S2_sequence,GRU,0,Wheat,Wheat
2685,A3_S1_S2_sequence,GRU,0,Wheat,Wheat
2686,A3_S1_S2_sequence,GRU,0,Wheat,Green pea
2700,A3_S1_S2_sequence,GRU,0,Wheat,Wheat
2701,A3_S1_S2_sequence,GRU,0,Sugarcane,Sugarcane
2702,A3_S1_S2_sequence,GRU,0,Wheat,Wheat
2703,A3_S1_S2_sequence,GRU,0,Mustard,Green pea
2705,A3_S1_S2_sequence,GRU,0,Wheat,Coriander
2707,A3_S1_S2_sequence,GRU,0,Wheat,Wheat
2713,A3_S1_S2_sequence,GRU,0,Wheat,Wheat
2714,A3_S1_S2_sequence,GRU,0,Wheat,Wheat
2715,A3_S1_S2_sequence,GRU,0,Wheat,Wheat
2755,A3_S1_S2_sequence,GRU,0,Mustard,Lentil
2756,A3_S1_S2_sequence,GRU,0,Wheat,Garlic
2758,A3_S1_S2_sequence,GRU,0,Mustard,Sugarcane
2759,A3_S1_S2_sequence,GRU,0,Mustard,Mustard
2760,A3_S1_S2_sequence,GRU,0,Mustard,Lentil
2761,A3_S1_S2_sequence,GRU,0,Wheat,Wheat
2794,A3_S1_S2_sequence,GRU,0,Mustard,Sugarcane
2795,A3_S1_S2_sequence,GRU,0,Mustard,Sugarcane
2797,A3_S1_S2_sequence,GRU,0,Mustard,Green pea
2800,A3_S1_S2_sequence,GRU,0,Wheat,Bersem
2841,A3_S1_S2_sequence,GRU,0,Wheat,Coriander
2848,A3_S1_S2_sequence,GRU,0,Wheat,Lentil
2849,A3_S1_S2_sequence,GRU,0,Sugarcane,Sugarcane
2858,A3_S1_S2_sequence,GRU,0,Wheat,Wheat
2859,A3_S1_S2_sequence,GRU,0,Wheat,Wheat
2864,A3_S1_S2_sequence,GRU,0,Wheat,Wheat
2866,A3_S1_S2_sequence,GRU,0,Wheat,Wheat
2874,A3_S1_S2_sequence,GRU,0,Wheat,Wheat
2875,A3_S1_S2_sequence,GRU,0,Mustard,Lentil
2876,A3_S1_S2_sequence,GRU,0,Mustard,Lentil
2877,A3_S1_S2_sequence,GRU,0,Wheat,Wheat
2888,A3_S1_S2_sequence,GRU,0,Wheat,Wheat
2889,A3_S1_S2_sequence,GRU,0,Wheat,Wheat
2890,A3_S1_S2_sequence,GRU,0,Mustard,Lentil
2891,A3_S1_S2_sequence,GRU,0,Wheat,Wheat
2927,A3_S1_S2_sequence,GRU,0,Sugarcane,Sugarcane
2963,A3_S1_S2_sequence,GRU,0,Wheat,Bersem
2964,A3_S1_S2_sequence,GRU,0,No crop/Fallow,Sugarcane
2975,A3_S1_S2_sequence,GRU,0,Wheat,Wheat
2976,A3_S1_S2_sequence,GRU,0,Wheat,Green pea
2977,A3_S1_S2_sequence,GRU,0,Wheat,Wheat
2981,A3_S1_S2_sequence,GRU,0,Wheat,Wheat
2984,A3_S1_S2_sequence,GRU,0,Wheat,Wheat
2985,A3_S1_S2_sequence,GRU,0,Wheat,Wheat
2988,A3_S1_S2_sequence,GRU,0,Mustard,Mustard
2989,A3_S1_S2_sequence,GRU,0,Wheat,Wheat
2990,A3_S1_S2_sequence,GRU,0,Mustard,Lentil
2997,A3_S1_S2_sequence,GRU,0,Wheat,Wheat
3000,A3_S1_S2_sequence,GRU,0,Wheat,Wheat
3006,A3_S1_S2_sequence,GRU,0,Mustard,Mustard
3007,A3_S1_S2_sequence,GRU,0,Wheat,Mustard
3008,A3_S1_S2_sequence,GRU,0,Sugarcane,Sugarcane
3009,A3_S1_S2_sequence,GRU,0,Sugarcane,Lentil
3015,A3_S1_S2_sequence,GRU,0,Wheat,Wheat
3031,A3_S1_S2_sequence,GRU,0,Wheat,Wheat
3032,A3_S1_S2_sequence,GRU,0,Wheat,Lentil
3033,A3_S1_S2_sequence,GRU,0,Wheat,Lentil
3034,A3_S1_S2_sequence,GRU,0,Wheat,Wheat
3035,A3_S1_S2_sequence,GRU,0,Wheat,Wheat
3036,A3_S1_S2_sequence,GRU,0,Wheat,Wheat
3048,A3_S1_S2_sequence,GRU,0,Wheat,Lentil
3057,A3_S1_S2_sequence,GRU,0,Lentil,Coriander
3059,A3_S1_S2_sequence,GRU,0,Mustard,Coriander
3060,A3_S1_S2_sequence,GRU,0,Wheat,Wheat
3064,A3_S1_S2_sequence,GRU,0,Wheat,Wheat
3065,A3_S1_S2_sequence,GRU,0,Wheat,Lentil
3116,A3_S1_S2_sequence,GRU,0,Wheat,Wheat
3117,A3_S1_S2_sequence,GRU,0,Green pea,Coriander
3120,A3_S1_S2_sequence,GRU,0,Mustard,Lentil
3126,A3_S1_S2_sequence,GRU,0,Wheat,Wheat
3127,A3_S1_S2_sequence,GRU,0,Potato,Sugarcane
3128,A3_S1_S2_sequence,GRU,0,Wheat,Wheat
3129,A3_S1_S2_sequence,GRU,0,Mustard,Lentil
3158,A3_S1_S2_sequence,GRU,0,Mustard,Sugarcane
3159,A3_S1_S2_sequence,GRU,0,No crop/Fallow,Sugarcane
3162,A3_S1_S2_sequence,GRU,0,Wheat,Lentil
3163,A3_S1_S2_sequence,GRU,0,Wheat,Wheat
3172,A3_S1_S2_sequence,GRU,0,Wheat,Wheat
3184,A3_S1_S2_sequence,GRU,0,No crop/Fallow,Lentil
3204,A3_S1_S2_sequence,GRU,0,Wheat,Wheat
3205,A3_S1_S2_sequence,GRU,0,Wheat,Green pea
3211,A3_S1_S2_sequence,GRU,0,Wheat,Wheat
3212,A3_S1_S2_sequence,GRU,0,Mustard,Wheat
3213,A3_S1_S2_sequence,GRU,0,No crop/Fallow,Sugarcane
3214,A3_S1_S2_sequence,GRU,0,Wheat,Wheat
3215,A3_S1_S2_sequence,GRU,0,Wheat,Coriander
3218,A3_S1_S2_sequence,GRU,0,Wheat,Wheat
3220,A3_S1_S2_sequence,GRU,0,Wheat,Wheat
3226,A3_S1_S2_sequence,GRU,0,Wheat,Wheat
3227,A3_S1_S2_sequence,GRU,0,Wheat,Wheat
3228,A3_S1_S2_sequence,GRU,0,Wheat,Wheat
3239,A3_S1_S2_sequence,GRU,0,Wheat,Wheat
3240,A3_S1_S2_sequence,GRU,0,Wheat,Sugarcane
3241,A3_S1_S2_sequence,GRU,0,Wheat,Wheat
3242,A3_S1_S2_sequence,GRU,0,Wheat,Wheat
3243,A3_S1_S2_sequence,GRU,0,Wheat,Wheat
3271,A3_S1_S2_sequence,GRU,0,Wheat,Wheat
3274,A3_S1_S2_sequence,GRU,0,Wheat,Wheat
3275,A3_S1_S2_sequence,GRU,0,Wheat,Coriander
3277,A3_S1_S2_sequence,GRU,0,Wheat,Green pea
3294,A3_S1_S2_sequence,GRU,0,Wheat,Wheat
3296,A3_S1_S2_sequence,GRU,0,Mustard,Lentil
3303,A3_S1_S2_sequence,GRU,0,Wheat,Wheat
3304,A3_S1_S2_sequence,GRU,0,Wheat,Wheat
3305,A3_S1_S2_sequence,GRU,0,Wheat,Wheat
3306,A3_S1_S2_sequence,GRU,0,Wheat,Wheat
3307,A3_S1_S2_sequence,GRU,0,Wheat,Wheat
3327,A3_S1_S2_sequence,GRU,0,Wheat,Sugarcane
3328,A3_S1_S2_sequence,GRU,0,Mustard,Coriander
3335,A3_S1_S2_sequence,GRU,0,Wheat,Wheat
3336,A3_S1_S2_sequence,GRU,0,Wheat,Coriander
3337,A3_S1_S2_sequence,GRU,0,Sugarcane,Sugarcane
3387,A3_S1_S2_sequence,GRU,0,Wheat,Wheat
3388,A3_S1_S2_sequence,GRU,0,Wheat,Coriander
3391,A3_S1_S2_sequence,GRU,0,Wheat,Wheat
3401,A3_S1_S2_sequence,GRU,0,Wheat,Mustard
3402,A3_S1_S2_sequence,GRU,0,No crop/Fallow,Mustard
3403,A3_S1_S2_sequence,GRU,0,Wheat,Wheat
3404,A3_S1_S2_sequence,GRU,0,Wheat,Lentil
3406,A3_S1_S2_sequence,GRU,0,Lentil,Lentil
3407,A3_S1_S2_sequence,GRU,0,Wheat,Wheat
3408,A3_S1_S2_sequence,GRU,0,Wheat,Lentil
3409,A3_S1_S2_sequence,GRU,0,Wheat,Wheat
3410,A3_S1_S2_sequence,GRU,0,Wheat,Wheat
3411,A3_S1_S2_sequence,GRU,0,Wheat,Wheat
3416,A3_S1_S2_sequence,GRU,0,Sugarcane,Sugarcane
3418,A3_S1_S2_sequence,GRU,0,Wheat,Wheat
3419,A3_S1_S2_sequence,GRU,0,Wheat,Wheat
3440,A3_S1_S2_sequence,GRU,0,Wheat,Wheat
3441,A3_S1_S2_sequence,GRU,0,Wheat,Wheat
3442,A3_S1_S2_sequence,GRU,0,Wheat,Bersem
3444,A3_S1_S2_sequence,GRU,0,Mustard,Mustard
3445,A3_S1_S2_sequence,GRU,0,Wheat,Wheat
3448,A3_S1_S2_sequence,GRU,0,Wheat,Wheat
3452,A3_S1_S2_sequence,GRU,0,Bersem,Bersem
3454,A3_S1_S2_sequence,GRU,0,Wheat,Wheat
3457,A3_S1_S2_sequence,GRU,0,Lentil,Garlic
3458,A3_S1_S2_sequence,GRU,0,Wheat,Wheat
3465,A3_S1_S2_sequence,GRU,0,Wheat,Sugarcane
3466,A3_S1_S2_sequence,GRU,0,Wheat,Wheat
3467,A3_S1_S2_sequence,GRU,0,Wheat,Wheat
3468,A3_S1_S2_sequence,GRU,0,Wheat,Wheat
3469,A3_S1_S2_sequence,GRU,0,Sugarcane,Sugarcane
3470,A3_S1_S2_sequence,GRU,0,Wheat,Wheat
3473,A3_S1_S2_sequence,GRU,0,Wheat,Wheat
3474,A3_S1_S2_sequence,GRU,0,Wheat,Wheat
3478,A3_S1_S2_sequence,GRU,0,Mustard,Lentil
3479,A3_S1_S2_sequence,GRU,0,Wheat,Wheat
3481,A3_S1_S2_sequence,GRU,0,Wheat,Wheat
3490,A3_S1_S2_sequence,GRU,0,Wheat,Green pea
3505,A3_S1_S2_sequence,GRU,0,Mustard,Sugarcane
3507,A3_S1_S2_sequence,GRU,0,Mustard,Sugarcane
3528,A3_S1_S2_sequence,GRU,0,Mustard,Coriander
3531,A3_S1_S2_sequence,GRU,0,Wheat,Wheat
3532,A3_S1_S2_sequence,GRU,0,Wheat,Garlic
3535,A3_S1_S2_sequence,GRU,0,Wheat,Wheat
3536,A3_S1_S2_sequence,GRU,0,Mustard,Potato
3543,A3_S1_S2_sequence,GRU,0,Wheat,Wheat
3544,A3_S1_S2_sequence,GRU,0,Wheat,Lentil
3545,A3_S1_S2_sequence,GRU,0,Lentil,Lentil
3546,A3_S1_S2_sequence,GRU,0,Wheat,Green pea
3547,A3_S1_S2_sequence,GRU,0,No crop/Fallow,Sugarcane
3548,A3_S1_S2_sequence,GRU,0,Wheat,Wheat
3549,A3_S1_S2_sequence,GRU,0,Wheat,Wheat
3556,A3_S1_S2_sequence,GRU,0,Wheat,Wheat
3557,A3_S1_S2_sequence,GRU,0,Wheat,Wheat
3558,A3_S1_S2_sequence,GRU,0,Wheat,Wheat
3559,A3_S1_S2_sequence,GRU,0,Mustard,Wheat
3560,A3_S1_S2_sequence,GRU,0,Wheat,Wheat
3582,A3_S1_S2_sequence,GRU,0,No crop/Fallow,Bersem
3583,A3_S1_S2_sequence,GRU,0,Wheat,Coriander
3585,A3_S1_S2_sequence,GRU,0,Mustard,Lentil
3586,A3_S1_S2_sequence,GRU,0,Wheat,Lentil
3596,A3_S1_S2_sequence,GRU,0,Wheat,Wheat
3601,A3_S1_S2_sequence,GRU,0,Wheat,Wheat
3617,A3_S1_S2_sequence,GRU,0,Wheat,Wheat
3636,A3_S1_S2_sequence,GRU,0,No crop/Fallow,No crop/Fallow
3637,A3_S1_S2_sequence,GRU,0,No crop/Fallow,No crop/Fallow
3638,A3_S1_S2_sequence,GRU,0,No crop/Fallow,Rice
3639,A3_S1_S2_sequence,GRU,0,No crop/Fallow,No crop/Fallow
3643,A3_S1_S2_sequence,GRU,0,Rice,No crop/Fallow
3644,A3_S1_S2_sequence,GRU,0,Rice,No crop/Fallow
3659,A3_S1_S2_sequence,GRU,0,Maize,Rice
3664,A3_S1_S2_sequence,GRU,0,No crop/Fallow,No crop/Fallow
3666,A3_S1_S2_sequence,GRU,0,No crop/Fallow,Rice
3667,A3_S1_S2_sequence,GRU,0,No crop/Fallow,No crop/Fallow
3668,A3_S1_S2_sequence,GRU,0,No crop/Fallow,Rice
3675,A3_S1_S2_sequence,GRU,0,No crop/Fallow,Rice
3676,A3_S1_S2_sequence,GRU,0,Rice,Rice
3680,A3_S1_S2_sequence,GRU,0,No crop/Fallow,No crop/Fallow
3681,A3_S1_S2_sequence,GRU,0,No crop/Fallow,No crop/Fallow
3682,A3_S1_S2_sequence,GRU,0,No crop/Fallow,No crop/Fallow
3683,A3_S1_S2_sequence,GRU,0,No crop/Fallow,No crop/Fallow
3685,A3_S1_S2_sequence,GRU,0,No crop/Fallow,No crop/Fallow
3698,A3_S1_S2_sequence,GRU,0,No crop/Fallow,No crop/Fallow
3699,A3_S1_S2_sequence,GRU,0,No crop/Fallow,Potato
3706,A3_S1_S2_sequence,GRU,0,No crop/Fallow,Rice
3713,A3_S1_S2_sequence,GRU,0,Rice,Rice
3714,A3_S1_S2_sequence,GRU,0,No crop/Fallow,No crop/Fallow
3715,A3_S1_S2_sequence,GRU,0,No crop/Fallow,No crop/Fallow
3716,A3_S1_S2_sequence,GRU,0,No crop/Fallow,No crop/Fallow
3723,A3_S1_S2_sequence,GRU,0,No crop/Fallow,Rice
3724,A3_S1_S2_sequence,GRU,0,No crop/Fallow,Rice
3725,A3_S1_S2_sequence,GRU,0,No crop/Fallow,Rice
3731,A3_S1_S2_sequence,GRU,0,No crop/Fallow,No crop/Fallow
3732,A3_S1_S2_sequence,GRU,0,No crop/Fallow,No crop/Fallow
3733,A3_S1_S2_sequence,GRU,0,No crop/Fallow,No crop/Fallow
3734,A3_S1_S2_sequence,GRU,0,No crop/Fallow,No crop/Fallow
3735,A3_S1_S2_sequence,GRU,0,No crop/Fallow,No crop/Fallow
3736,A3_S1_S2_sequence,GRU,0,No crop/Fallow,Potato
3745,A3_S1_S2_sequence,GRU,0,No crop/Fallow,No crop/Fallow
3746,A3_S1_S2_sequence,GRU,0,No crop/Fallow,No crop/Fallow
3749,A3_S1_S2_sequence,GRU,0,No crop/Fallow,No crop/Fallow
3750,A3_S1_S2_sequence,GRU,0,No crop/Fallow,No crop/Fallow
3751,A3_S1_S2_sequence,GRU,0,No crop/Fallow,No crop/Fallow
3761,A3_S1_S2_sequence,GRU,0,No crop/Fallow,Rice
3763,A3_S1_S2_sequence,GRU,0,No crop/Fallow,No crop/Fallow
3764,A3_S1_S2_sequence,GRU,0,No crop/Fallow,No crop/Fallow
3768,A3_S1_S2_sequence,GRU,0,No crop/Fallow,No crop/Fallow
3769,A3_S1_S2_sequence,GRU,0,No crop/Fallow,Rice
3770,A3_S1_S2_sequence,GRU,0,No crop/Fallow,Rice
3781,A3_S1_S2_sequence,GRU,0,No crop/Fallow,No crop/Fallow
3782,A3_S1_S2_sequence,GRU,0,No crop/Fallow,Rice
3783,A3_S1_S2_sequence,GRU,0,No crop/Fallow,Rice
3795,A3_S1_S2_sequence,GRU,0,No crop/Fallow,No crop/Fallow
3796,A3_S1_S2_sequence,GRU,0,No crop/Fallow,No crop/Fallow
3797,A3_S1_S2_sequence,GRU,0,No crop/Fallow,No crop/Fallow
3798,A3_S1_S2_sequence,GRU,0,No crop/Fallow,No crop/Fallow
3799,A3_S1_S2_sequence,GRU,0,No crop/Fallow,No crop/Fallow
3800,A3_S1_S2_sequence,GRU,0,No crop/Fallow,No crop/Fallow
3805,A3_S1_S2_sequence,GRU,0,No crop/Fallow,No crop/Fallow
3806,A3_S1_S2_sequence,GRU,0,No crop/Fallow,No crop/Fallow
3807,A3_S1_S2_sequence,GRU,0,No crop/Fallow,No crop/Fallow
3813,A3_S1_S2_sequence,GRU,0,No crop/Fallow,Rice
3814,A3_S1_S2_sequence,GRU,0,No crop/Fallow,Rice
3815,A3_S1_S2_sequence,GRU,0,No crop/Fallow,Rice
3816,A3_S1_S2_sequence,GRU,0,No crop/Fallow,Rice
3818,A3_S1_S2_sequence,GRU,0,No crop/Fallow,Rice
3823,A3_S1_S2_sequence,GRU,0,No crop/Fallow,No crop/Fallow
3824,A3_S1_S2_sequence,GRU,0,No crop/Fallow,No crop/Fallow
3825,A3_S1_S2_sequence,GRU,0,No crop/Fallow,Rice
3826,A3_S1_S2_sequence,GRU,0,No crop/Fallow,No crop/Fallow
3873,A3_S1_S2_sequence,GRU,0,Rice,No crop/Fallow
3874,A3_S1_S2_sequence,GRU,0,Rice,Rice
3878,A3_S1_S2_sequence,GRU,0,No crop/Fallow,No crop/Fallow
3879,A3_S1_S2_sequence,GRU,0,No crop/Fallow,Rice
3884,A3_S1_S2_sequence,GRU,0,No crop/Fallow,Rice
3885,A3_S1_S2_sequence,GRU,0,No crop/Fallow,Rice
3886,A3_S1_S2_sequence,GRU,0,No crop/Fallow,Rice
3887,A3_S1_S2_sequence,GRU,0,No crop/Fallow,Rice
3888,A3_S1_S2_sequence,GRU,0,No crop/Fallow,Rice
3896,A3_S1_S2_sequence,GRU,0,No crop/Fallow,Rice
3897,A3_S1_S2_sequence,GRU,0,No crop/Fallow,No crop/Fallow
3898,A3_S1_S2_sequence,GRU,0,No crop/Fallow,Rice
3899,A3_S1_S2_sequence,GRU,0,No crop/Fallow,No crop/Fallow
3901,A3_S1_S2_sequence,GRU,0,No crop/Fallow,Rice
3902,A3_S1_S2_sequence,GRU,0,No crop/Fallow,Potato
3903,A3_S1_S2_sequence,GRU,0,No crop/Fallow,Rice
3904,A3_S1_S2_sequence,GRU,0,No crop/Fallow,No crop/Fallow
3905,A3_S1_S2_sequence,GRU,0,No crop/Fallow,No crop/Fallow
3906,A3_S1_S2_sequence,GRU,0,No crop/Fallow,No crop/Fallow
3907,A3_S1_S2_sequence,GRU,0,No crop/Fallow,No crop/Fallow
3908,A3_S1_S2_sequence,GRU,0,No crop/Fallow,No crop/Fallow
3910,A3_S1_S2_sequence,GRU,0,No crop/Fallow,Rice
3911,A3_S1_S2_sequence,GRU,0,No crop/Fallow,Rice
3912,A3_S1_S2_sequence,GRU,0,No crop/Fallow,No crop/Fallow
3913,A3_S1_S2_sequence,GRU,0,No crop/Fallow,No crop/Fallow
3915,A3_S1_S2_sequence,GRU,0,No crop/Fallow,No crop/Fallow
3939,A3_S1_S2_sequence,GRU,0,No crop/Fallow,No crop/Fallow
3942,A3_S1_S2_sequence,GRU,0,No crop/Fallow,Garlic
3943,A3_S1_S2_sequence,GRU,0,No crop/Fallow,No crop/Fallow
3952,A3_S1_S2_sequence,GRU,0,No crop/Fallow,Rice
3953,A3_S1_S2_sequence,GRU,0,No crop/Fallow,Rice
3954,A3_S1_S2_sequence,GRU,0,No crop/Fallow,No crop/Fallow
3978,A3_S1_S2_sequence,GRU,0,No crop/Fallow,No crop/Fallow
3981,A3_S1_S2_sequence,GRU,0,No crop/Fallow,Rice
3994,A3_S1_S2_sequence,GRU,0,No crop/Fallow,No crop/Fallow
4024,A3_S1_S2_sequence,GRU,0,No crop/Fallow,No crop/Fallow
4030,A3_S1_S2_sequence,GRU,0,No crop/Fallow,No crop/Fallow
4031,A3_S1_S2_sequence,GRU,0,No crop/Fallow,No crop/Fallow
4032,A3_S1_S2_sequence,GRU,0,No crop/Fallow,Rice
4062,A3_S1_S2_sequence,GRU,0,No crop/Fallow,Rice
4063,A3_S1_S2_sequence,GRU,0,No crop/Fallow,No crop/Fallow
4064,A3_S1_S2_sequence,GRU,0,No crop/Fallow,Rice
4065,A3_S1_S2_sequence,GRU,0,No crop/Fallow,Rice
4066,A3_S1_S2_sequence,GRU,0,No crop/Fallow,Rice
4067,A3_S1_S2_sequence,GRU,0,No crop/Fallow,Rice
4074,A3_S1_S2_sequence,GRU,0,No crop/Fallow,Rice
4075,A3_S1_S2_sequence,GRU,0,No crop/Fallow,No crop/Fallow
4076,A3_S1_S2_sequence,GRU,0,No crop/Fallow,Rice
4079,A3_S1_S2_sequence,GRU,0,No crop/Fallow,No crop/Fallow
4080,A3_S1_S2_sequence,GRU,0,No crop/Fallow,No crop/Fallow
4081,A3_S1_S2_sequence,GRU,0,No crop/Fallow,No crop/Fallow
4082,A3_S1_S2_sequence,GRU,0,Rice,No crop/Fallow
4083,A3_S1_S2_sequence,GRU,0,Rice,Rice
4084,A3_S1_S2_sequence,GRU,0,Rice,Rice
4085,A3_S1_S2_sequence,GRU,0,Rice,Rice
4090,A3_S1_S2_sequence,GRU,0,No crop/Fallow,Rice
4094,A3_S1_S2_sequence,GRU,0,No crop/Fallow,No crop/Fallow
4095,A3_S1_S2_sequence,GRU,0,No crop/Fallow,No crop/Fallow
4113,A3_S1_S2_sequence,GRU,0,No crop/Fallow,No crop/Fallow
4114,A3_S1_S2_sequence,GRU,0,No crop/Fallow,Green pea
4162,A3_S1_S2_sequence,GRU,0,No crop/Fallow,No crop/Fallow
4163,A3_S1_S2_sequence,GRU,0,No crop/Fallow,Rice
4164,A3_S1_S2_sequence,GRU,0,No crop/Fallow,Rice
4166,A3_S1_S2_sequence,GRU,0,No crop/Fallow,Rice
4174,A3_S1_S2_sequence,GRU,0,Rice,No crop/Fallow
4181,A3_S1_S2_sequence,GRU,0,No crop/Fallow,No crop/Fallow
4185,A3_S1_S2_sequence,GRU,0,No crop/Fallow,No crop/Fallow
4186,A3_S1_S2_sequence,GRU,0,No crop/Fallow,No crop/Fallow
4204,A3_S1_S2_sequence,GRU,0,No crop/Fallow,Rice
4205,A3_S1_S2_sequence,GRU,0,No crop/Fallow,Rice
4206,A3_S1_S2_sequence,GRU,0,No crop/Fallow,Rice
4207,A3_S1_S2_sequence,GRU,0,No crop/Fallow,Rice
4208,A3_S1_S2_sequence,GRU,0,No crop/Fallow,Rice
4228,A3_S1_S2_sequence,GRU,0,Rice,Rice
4231,A3_S1_S2_sequence,GRU,0,No crop/Fallow,Rice
4232,A3_S1_S2_sequence,GRU,0,No crop/Fallow,Rice
4233,A3_S1_S2_sequence,GRU,0,No crop/Fallow,Rice
4234,A3_S1_S2_sequence,GRU,0,No crop/Fallow,Rice
4237,A3_S1_S2_sequence,GRU,0,No crop/Fallow,Rice
4238,A3_S1_S2_sequence,GRU,0,No crop/Fallow,Rice
4239,A3_S1_S2_sequence,GRU,0,No crop/Fallow,Rice
4241,A3_S1_S2_sequence,GRU,0,No crop/Fallow,No crop/Fallow
4242,A3_S1_S2_sequence,GRU,0,No crop/Fallow,Rice
4243,A3_S1_S2_sequence,GRU,0,No crop/Fallow,Rice
4244,A3_S1_S2_sequence,GRU,0,No crop/Fallow,No crop/Fallow
4245,A3_S1_S2_sequence,GRU,0,No crop/Fallow,No crop/Fallow
4254,A3_S1_S2_sequence,GRU,0,No crop/Fallow,Rice
4265,A3_S1_S2_sequence,GRU,0,Rice,No crop/Fallow
4269,A3_S1_S2_sequence,GRU,0,Rice,Rice
4278,A3_S1_S2_sequence,GRU,0,No crop/Fallow,Rice
4279,A3_S1_S2_sequence,GRU,0,No crop/Fallow,Rice
4281,A3_S1_S2_sequence,GRU,0,No crop/Fallow,Rice
4282,A3_S1_S2_sequence,GRU,0,No crop/Fallow,Rice
4285,A3_S1_S2_sequence,GRU,0,No crop/Fallow,Rice
4286,A3_S1_S2_sequence,GRU,0,No crop/Fallow,No crop/Fallow
4312,A3_S1_S2_sequence,GRU,0,No crop/Fallow,No crop/Fallow
4314,A3_S1_S2_sequence,GRU,0,No crop/Fallow,Rice
4315,A3_S1_S2_sequence,GRU,0,No crop/Fallow,Rice
4316,A3_S1_S2_sequence,GRU,0,No crop/Fallow,Rice
4317,A3_S1_S2_sequence,GRU,0,No crop/Fallow,Rice
4318,A3_S1_S2_sequence,GRU,0,No crop/Fallow,Rice
4319,A3_S1_S2_sequence,GRU,0,No crop/Fallow,Rice
4320,A3_S1_S2_sequence,GRU,0,No crop/Fallow,Rice
4402,A3_S1_S2_sequence,GRU,0,No crop/Fallow,No crop/Fallow
4413,A3_S1_S2_sequence,GRU,0,No crop/Fallow,No crop/Fallow
4414,A3_S1_S2_sequence,GRU,0,No crop/Fallow,Rice
4445,A3_S1_S2_sequence,GRU,0,Rice,Rice
4446,A3_S1_S2_sequence,GRU,0,Rice,Rice
4453,A3_S1_S2_sequence,GRU,0,No crop/Fallow,Rice
4455,A3_S1_S2_sequence,GRU,0,No crop/Fallow,Rice
4456,A3_S1_S2_sequence,GRU,0,No crop/Fallow,Rice
4463,A3_S1_S2_sequence,GRU,0,No crop/Fallow,Rice
4470,A3_S1_S2_sequence,GRU,0,No crop/Fallow,Rice
4471,A3_S1_S2_sequence,GRU,0,No crop/Fallow,Rice
4476,A3_S1_S2_sequence,GRU,0,No crop/Fallow,Rice
4477,A3_S1_S2_sequence,GRU,0,No crop/Fallow,Rice
4479,A3_S1_S2_sequence,GRU,0,No crop/Fallow,Rice
4480,A3_S1_S2_sequence,GRU,0,No crop/Fallow,Rice
4514,A3_S1_S2_sequence,GRU,0,No crop/Fallow,Rice
4515,A3_S1_S2_sequence,GRU,0,No crop/Fallow,No crop/Fallow
4516,A3_S1_S2_sequence,GRU,0,No crop/Fallow,Rice
4530,A3_S1_S2_sequence,GRU,0,Rice,Rice
4537,A3_S1_S2_sequence,GRU,0,Rice,Rice
4543,A3_S1_S2_sequence,GRU,0,No crop/Fallow,Rice
4545,A3_S1_S2_sequence,GRU,0,No crop/Fallow,Rice
4546,A3_S1_S2_sequence,GRU,0,No crop/Fallow,Rice
4555,A3_S1_S2_sequence,GRU,0,No crop/Fallow,Rice
4556,A3_S1_S2_sequence,GRU,0,No crop/Fallow,Rice
4557,A3_S1_S2_sequence,GRU,0,No crop/Fallow,Rice
4558,A3_S1_S2_sequence,GRU,0,No crop/Fallow,Rice
4559,A3_S1_S2_sequence,GRU,0,No crop/Fallow,Rice
4560,A3_S1_S2_sequence,GRU,0,No crop/Fallow,Rice
4561,A3_S1_S2_sequence,GRU,0,No crop/Fallow,Potato
4562,A3_S1_S2_sequence,GRU,0,No crop/Fallow,No crop/Fallow
4563,A3_S1_S2_sequence,GRU,0,No crop/Fallow,Rice
4573,A3_S1_S2_sequence,GRU,0,No crop/Fallow,No crop/Fallow
4604,A3_S1_S2_sequence,GRU,0,No crop/Fallow,No crop/Fallow
4607,A3_S1_S2_sequence,GRU,0,Rice,Rice
4618,A3_S1_S2_sequence,GRU,0,No crop/Fallow,No crop/Fallow
4626,A3_S1_S2_sequence,GRU,0,No crop/Fallow,No crop/Fallow
4630,A3_S1_S2_sequence,GRU,0,No crop/Fallow,Rice
4631,A3_S1_S2_sequence,GRU,0,No crop/Fallow,Rice
4632,A3_S1_S2_sequence,GRU,0,No crop/Fallow,Rice
4634,A3_S1_S2_sequence,GRU,0,No crop/Fallow,No crop/Fallow
4635,A3_S1_S2_sequence,GRU,0,No crop/Fallow,No crop/Fallow
4637,A3_S1_S2_sequence,GRU,0,No crop/Fallow,Rice
4638,A3_S1_S2_sequence,GRU,0,No crop/Fallow,Rice
4639,A3_S1_S2_sequence,GRU,0,No crop/Fallow,Rice
4665,A3_S1_S2_sequence,GRU,0,No crop/Fallow,No crop/Fallow
4667,A3_S1_S2_sequence,GRU,0,No crop/Fallow,Rice
4716,A3_S1_S2_sequence,GRU,0,No crop/Fallow,Rice
4729,A3_S1_S2_sequence,GRU,0,No crop/Fallow,No crop/Fallow
4730,A3_S1_S2_sequence,GRU,0,No crop/Fallow,Potato
4731,A3_S1_S2_sequence,GRU,0,No crop/Fallow,No crop/Fallow
4742,A3_S1_S2_sequence,GRU,0,No crop/Fallow,Rice
4756,A3_S1_S2_sequence,GRU,0,No crop/Fallow,Rice
4771,A3_S1_S2_sequence,GRU,0,Maize,No crop/Fallow
4773,A3_S1_S2_sequence,GRU,0,Maize,No crop/Fallow
4775,A3_S1_S2_sequence,GRU,0,No crop/Fallow,No crop/Fallow
4776,A3_S1_S2_sequence,GRU,0,No crop/Fallow,No crop/Fallow
4798,A3_S1_S2_sequence,GRU,0,No crop/Fallow,Rice
4800,A3_S1_S2_sequence,GRU,0,No crop/Fallow,Rice
4801,A3_S1_S2_sequence,GRU,0,No crop/Fallow,Rice
4802,A3_S1_S2_sequence,GRU,0,Rice,Rice
4804,A3_S1_S2_sequence,GRU,0,No crop/Fallow,Rice
4808,A3_S1_S2_sequence,GRU,0,No crop/Fallow,Rice
4809,A3_S1_S2_sequence,GRU,0,No crop/Fallow,No crop/Fallow
4810,A3_S1_S2_sequence,GRU,0,No crop/Fallow,Rice
4812,A3_S1_S2_sequence,GRU,0,No crop/Fallow,No crop/Fallow
4813,A3_S1_S2_sequence,GRU,0,No crop/Fallow,Rice
4838,A3_S1_S2_sequence,GRU,0,No crop/Fallow,No crop/Fallow
4839,A3_S1_S2_sequence,GRU,0,No crop/Fallow,No crop/Fallow
4843,A3_S1_S2_sequence,GRU,0,No crop/Fallow,No crop/Fallow
4844,A3_S1_S2_sequence,GRU,0,No crop/Fallow,No crop/Fallow
4857,A3_S1_S2_sequence,GRU,0,No crop/Fallow,No crop/Fallow
4858,A3_S1_S2_sequence,GRU,0,No crop/Fallow,Rice
4859,A3_S1_S2_sequence,GRU,0,No crop/Fallow,Rice
4860,A3_S1_S2_sequence,GRU,0,No crop/Fallow,No crop/Fallow
4861,A3_S1_S2_sequence,GRU,0,No crop/Fallow,No crop/Fallow
4867,A3_S1_S2_sequence,GRU,0,No crop/Fallow,No crop/Fallow
4879,A3_S1_S2_sequence,GRU,0,No crop/Fallow,Rice
4880,A3_S1_S2_sequence,GRU,0,No crop/Fallow,Rice
4884,A3_S1_S2_sequence,GRU,0,No crop/Fallow,Rice
4885,A3_S1_S2_sequence,GRU,0,No crop/Fallow,Rice
4914,A3_S1_S2_sequence,GRU,0,Rice,No crop/Fallow
4916,A3_S1_S2_sequence,GRU,0,Rice,No crop/Fallow
4938,A3_S1_S2_sequence,GRU,0,No crop/Fallow,Rice
4965,A3_S1_S2_sequence,GRU,0,No crop/Fallow,Rice
4967,A3_S1_S2_sequence,GRU,0,No crop/Fallow,No crop/Fallow
4974,A3_S1_S2_sequence,GRU,0,No crop/Fallow,Rice
4975,A3_S1_S2_sequence,GRU,0,No crop/Fallow,Rice
4976,A3_S1_S2_sequence,GRU,0,No crop/Fallow,Rice
4977,A3_S1_S2_sequence,GRU,0,No crop/Fallow,Rice
4990,A3_S1_S2_sequence,GRU,0,No crop/Fallow,No crop/Fallow
4991,A3_S1_S2_sequence,GRU,0,No crop/Fallow,No crop/Fallow
4992,A3_S1_S2_sequence,GRU,0,No crop/Fallow,Rice
4999,A3_S1_S2_sequence,GRU,0,No crop/Fallow,Rice
5000,A3_S1_S2_sequence,GRU,0,No crop/Fallow,No crop/Fallow
5002,A3_S1_S2_sequence,GRU,0,No crop/Fallow,No crop/Fallow
5003,A3_S1_S2_sequence,GRU,0,No crop/Fallow,No crop/Fallow
5004,A3_S1_S2_sequence,GRU,0,No crop/Fallow,No crop/Fallow
5014,A3_S1_S2_sequence,GRU,0,No crop/Fallow,Rice
5015,A3_S1_S2_sequence,GRU,0,No crop/Fallow,Rice
5016,A3_S1_S2_sequence,GRU,0,No crop/Fallow,Rice
5017,A3_S1_S2_sequence,GRU,0,No crop/Fallow,No crop/Fallow
5031,A3_S1_S2_sequence,GRU,0,No crop/Fallow,Rice
5032,A3_S1_S2_sequence,GRU,0,No crop/Fallow,Rice
5033,A3_S1_S2_sequence,GRU,0,No crop/Fallow,Rice
5034,A3_S1_S2_sequence,GRU,0,No crop/Fallow,Rice
5035,A3_S1_S2_sequence,GRU,0,No crop/Fallow,Rice
5036,A3_S1_S2_sequence,GRU,0,No crop/Fallow,Rice
5042,A3_S1_S2_sequence,GRU,0,No crop/Fallow,Rice
5043,A3_S1_S2_sequence,GRU,0,No crop/Fallow,No crop/Fallow
5079,A3_S1_S2_sequence,GRU,0,Rice,No crop/Fallow
5080,A3_S1_S2_sequence,GRU,0,Rice,No crop/Fallow
5082,A3_S1_S2_sequence,GRU,0,Rice,Rice
5083,A3_S1_S2_sequence,GRU,0,Rice,Rice
5100,A3_S1_S2_sequence,GRU,0,Rice,Rice
5101,A3_S1_S2_sequence,GRU,0,Rice,Rice
5123,A3_S1_S2_sequence,GRU,0,No crop/Fallow,No crop/Fallow
5135,A3_S1_S2_sequence,GRU,0,Rice,No crop/Fallow
5136,A3_S1_S2_sequence,GRU,0,No crop/Fallow,Rice
5137,A3_S1_S2_sequence,GRU,0,No crop/Fallow,Rice
5138,A3_S1_S2_sequence,GRU,0,No crop/Fallow,Rice
5139,A3_S1_S2_sequence,GRU,0,No crop/Fallow,Rice
5140,A3_S1_S2_sequence,GRU,0,No crop/Fallow,Rice
5141,A3_S1_S2_sequence,GRU,0,No crop/Fallow,No crop/Fallow
5153,A3_S1_S2_sequence,GRU,0,No crop/Fallow,No crop/Fallow
5154,A3_S1_S2_sequence,GRU,0,No crop/Fallow,Rice
5155,A3_S1_S2_sequence,GRU,0,No crop/Fallow,Rice
5156,A3_S1_S2_sequence,GRU,0,No crop/Fallow,Rice
5157,A3_S1_S2_sequence,GRU,0,No crop/Fallow,No crop/Fallow
5158,A3_S1_S2_sequence,GRU,0,No crop/Fallow,Rice
5166,A3_S1_S2_sequence,GRU,0,No crop/Fallow,No crop/Fallow
5167,A3_S1_S2_sequence,GRU,0,No crop/Fallow,Rice
5181,A3_S1_S2_sequence,GRU,0,No crop/Fallow,Rice
5183,A3_S1_S2_sequence,GRU,0,No crop/Fallow,Rice
5187,A3_S1_S2_sequence,GRU,0,No crop/Fallow,Rice
5188,A3_S1_S2_sequence,GRU,0,No crop/Fallow,Rice
5193,A3_S1_S2_sequence,GRU,0,No crop/Fallow,Potato
5194,A3_S1_S2_sequence,GRU,0,No crop/Fallow,No crop/Fallow
5195,A3_S1_S2_sequence,GRU,0,No crop/Fallow,No crop/Fallow
5203,A3_S1_S2_sequence,GRU,0,No crop/Fallow,No crop/Fallow
5204,A3_S1_S2_sequence,GRU,0,No crop/Fallow,Rice
5205,A3_S1_S2_sequence,GRU,0,No crop/Fallow,Rice
5220,A3_S1_S2_sequence,GRU,0,No crop/Fallow,No crop/Fallow
5226,A3_S1_S2_sequence,GRU,0,No crop/Fallow,Rice
5265,A3_S1_S2_sequence,GRU,0,Mustard,Mustard
5266,A3_S1_S2_sequence,GRU,0,Mustard,Mustard
5280,A3_S1_S2_sequence,GRU,0,Wheat,Wheat
5281,A3_S1_S2_sequence,GRU,0,Wheat,Wheat
5282,A3_S1_S2_sequence,GRU,0,Wheat,Wheat
5287,A3_S1_S2_sequence,GRU,0,Wheat,Wheat
5299,A3_S1_S2_sequence,GRU,0,Mustard,Mustard
5300,A3_S1_S2_sequence,GRU,0,Garlic,Garlic
5302,A3_S1_S2_sequence,GRU,0,Garlic,Garlic
5323,A3_S1_S2_sequence,GRU,0,Wheat,Wheat
5324,A3_S1_S2_sequence,GRU,0,Wheat,Wheat
5325,A3_S1_S2_sequence,GRU,0,Wheat,Wheat
5326,A3_S1_S2_sequence,GRU,0,Wheat,Wheat
5334,A3_S1_S2_sequence,GRU,0,Mustard,Mustard
5349,A3_S1_S2_sequence,GRU,0,No crop/Fallow,Potato
5350,A3_S1_S2_sequence,GRU,0,Wheat,Wheat
5351,A3_S1_S2_sequence,GRU,0,Wheat,Wheat
5387,A3_S1_S2_sequence,GRU,0,Wheat,Wheat
5388,A3_S1_S2_sequence,GRU,0,Wheat,Wheat
5413,A3_S1_S2_sequence,GRU,0,Wheat,Garlic
5414,A3_S1_S2_sequence,GRU,0,Wheat,Gram
5415,A3_S1_S2_sequence,GRU,0,Wheat,Gram
5424,A3_S1_S2_sequence,GRU,0,Mustard,Garlic
5425,A3_S1_S2_sequence,GRU,0,Wheat,Garlic
5426,A3_S1_S2_sequence,GRU,0,Garlic,No crop/Fallow
5427,A3_S1_S2_sequence,GRU,0,Mustard,Garlic
5443,A3_S1_S2_sequence,GRU,0,Mustard,Mustard
5444,A3_S1_S2_sequence,GRU,0,Wheat,Mustard
5445,A3_S1_S2_sequence,GRU,0,Mustard,Mustard
5466,A3_S1_S2_sequence,GRU,0,Wheat,Gram
5477,A3_S1_S2_sequence,GRU,0,Gram,Gram
5478,A3_S1_S2_sequence,GRU,0,Wheat,Gram
5480,A3_S1_S2_sequence,GRU,0,Wheat,Garlic
5481,A3_S1_S2_sequence,GRU,0,Wheat,Wheat
5501,A3_S1_S2_sequence,GRU,0,Mustard,Gram
5502,A3_S1_S2_sequence,GRU,0,Mustard,Gram
5506,A3_S1_S2_sequence,GRU,0,Wheat,Wheat
5507,A3_S1_S2_sequence,GRU,0,Wheat,Wheat
5510,A3_S1_S2_sequence,GRU,0,Wheat,Gram
5511,A3_S1_S2_sequence,GRU,0,Gram,Gram
5513,A3_S1_S2_sequence,GRU,0,Mustard,Mustard
5514,A3_S1_S2_sequence,GRU,0,Mustard,Mustard
5515,A3_S1_S2_sequence,GRU,0,Wheat,Garlic
5516,A3_S1_S2_sequence,GRU,0,Wheat,Garlic
5517,A3_S1_S2_sequence,GRU,0,Garlic,Garlic
5518,A3_S1_S2_sequence,GRU,0,Mustard,Mustard
5519,A3_S1_S2_sequence,GRU,0,Mustard,Mustard
5566,A3_S1_S2_sequence,GRU,0,Wheat,Wheat
5567,A3_S1_S2_sequence,GRU,0,Wheat,Wheat
5606,A3_S1_S2_sequence,GRU,0,Wheat,Wheat
5607,A3_S1_S2_sequence,GRU,0,Wheat,Green pea
5608,A3_S1_S2_sequence,GRU,0,Mustard,Gram
5643,A3_S1_S2_sequence,GRU,0,Mustard,Mustard
5657,A3_S1_S2_sequence,GRU,0,Gram,Mustard
5658,A3_S1_S2_sequence,GRU,0,Mustard,Mustard
5659,A3_S1_S2_sequence,GRU,0,No crop/Fallow,Mustard
5663,A3_S1_S2_sequence,GRU,0,Mustard,Gram
5664,A3_S1_S2_sequence,GRU,0,Mustard,Mustard
5668,A3_S1_S2_sequence,GRU,0,Wheat,Garlic
5669,A3_S1_S2_sequence,GRU,0,No crop/Fallow,Mustard
5685,A3_S1_S2_sequence,GRU,0,Garlic,Gram
5687,A3_S1_S2_sequence,GRU,0,Wheat,Gram
5695,A3_S1_S2_sequence,GRU,0,Mustard,Mustard
5698,A3_S1_S2_sequence,GRU,0,Wheat,Gram
5699,A3_S1_S2_sequence,GRU,0,Mustard,Mustard
5700,A3_S1_S2_sequence,GRU,0,Gram,Gram
5701,A3_S1_S2_sequence,GRU,0,Gram,Gram
5702,A3_S1_S2_sequence,GRU,0,Gram,Gram
5704,A3_S1_S2_sequence,GRU,0,Mustard,Mustard
5706,A3_S1_S2_sequence,GRU,0,Mustard,Mustard
5713,A3_S1_S2_sequence,GRU,0,No crop/Fallow,Potato
5725,A3_S1_S2_sequence,GRU,0,Wheat,Wheat
5726,A3_S1_S2_sequence,GRU,0,Wheat,Wheat
5727,A3_S1_S2_sequence,GRU,0,Wheat,Wheat
5728,A3_S1_S2_sequence,GRU,0,Wheat,Wheat
5730,A3_S1_S2_sequence,GRU,0,Mustard,Mustard
5731,A3_S1_S2_sequence,GRU,0,Mustard,Wheat
5769,A3_S1_S2_sequence,GRU,0,Mustard,Mustard
5770,A3_S1_S2_sequence,GRU,0,Mustard,Mustard
5771,A3_S1_S2_sequence,GRU,0,Gram,Mustard
5772,A3_S1_S2_sequence,GRU,0,Mustard,Mustard
5773,A3_S1_S2_sequence,GRU,0,Wheat,Wheat
5787,A3_S1_S2_sequence,GRU,0,Mustard,Mustard
5788,A3_S1_S2_sequence,GRU,0,No crop/Fallow,Potato
5789,A3_S1_S2_sequence,GRU,0,Mustard,Mustard
5806,A3_S1_S2_sequence,GRU,0,Wheat,Garlic
5826,A3_S1_S2_sequence,GRU,0,No crop/Fallow,Potato
5841,A3_S1_S2_sequence,GRU,0,Wheat,Mustard
5864,A3_S1_S2_sequence,GRU,0,Wheat,Garlic
5893,A3_S1_S2_sequence,GRU,0,Mustard,Green pea
5894,A3_S1_S2_sequence,GRU,0,Wheat,Gram
5895,A3_S1_S2_sequence,GRU,0,Mustard,Green pea
5896,A3_S1_S2_sequence,GRU,0,Wheat,Garlic
5897,A3_S1_S2_sequence,GRU,0,Gram,Gram
5912,A3_S1_S2_sequence,GRU,0,Mustard,Mustard
5913,A3_S1_S2_sequence,GRU,0,Mustard,Mustard
5914,A3_S1_S2_sequence,GRU,0,Wheat,Wheat
5915,A3_S1_S2_sequence,GRU,0,Mustard,Mustard
5916,A3_S1_S2_sequence,GRU,0,Mustard,Mustard
5917,A3_S1_S2_sequence,GRU,0,Garlic,Garlic
5939,A3_S1_S2_sequence,GRU,0,Wheat,Mustard
5949,A3_S1_S2_sequence,GRU,0,Mustard,Mustard
5993,A3_S1_S2_sequence,GRU,0,Wheat,Gram
5994,A3_S1_S2_sequence,GRU,0,Wheat,Wheat
5996,A3_S1_S2_sequence,GRU,0,Wheat,Gram
5997,A3_S1_S2_sequence,GRU,0,Gram,Gram
5998,A3_S1_S2_sequence,GRU,0,Wheat,Wheat
6003,A3_S1_S2_sequence,GRU,0,Mustard,Mustard
6004,A3_S1_S2_sequence,GRU,0,Mustard,Mustard
6005,A3_S1_S2_sequence,GRU,0,Mustard,Wheat
6020,A3_S1_S2_sequence,GRU,0,Mustard,Mustard
6021,A3_S1_S2_sequence,GRU,0,Wheat,Gram
6048,A3_S1_S2_sequence,GRU,0,Garlic,Garlic
6065,A3_S1_S2_sequence,GRU,0,Mustard,Mustard
6066,A3_S1_S2_sequence,GRU,0,Wheat,Mustard
6070,A3_S1_S2_sequence,GRU,0,Wheat,Wheat
6071,A3_S1_S2_sequence,GRU,0,Wheat,Wheat
6075,A3_S1_S2_sequence,GRU,0,Gram,Gram
6079,A3_S1_S2_sequence,GRU,0,Wheat,Garlic
6080,A3_S1_S2_sequence,GRU,0,Mustard,Mustard
6081,A3_S1_S2_sequence,GRU,0,No crop/Fallow,Mustard
6082,A3_S1_S2_sequence,GRU,0,Mustard,Mustard
6083,A3_S1_S2_sequence,GRU,0,Mustard,Mustard
6084,A3_S1_S2_sequence,GRU,0,Mustard,Garlic
6086,A3_S1_S2_sequence,GRU,0,Gram,Mustard
6089,A3_S1_S2_sequence,GRU,0,Wheat,No crop/Fallow
6092,A3_S1_S2_sequence,GRU,0,Wheat,Garlic
6093,A3_S1_S2_sequence,GRU,0,Mustard,Mustard
6107,A3_S1_S2_sequence,GRU,0,Wheat,Wheat
6108,A3_S1_S2_sequence,GRU,0,Wheat,Garlic
6149,A3_S1_S2_sequence,GRU,0,Wheat,Wheat
6150,A3_S1_S2_sequence,GRU,0,Wheat,Wheat
6151,A3_S1_S2_sequence,GRU,0,Wheat,Wheat
6157,A3_S1_S2_sequence,GRU,0,Mustard,Mustard
6158,A3_S1_S2_sequence,GRU,0,Mustard,Mustard
6159,A3_S1_S2_sequence,GRU,0,Garlic,Mustard
6160,A3_S1_S2_sequence,GRU,0,No crop/Fallow,Mustard
6161,A3_S1_S2_sequence,GRU,0,Mustard,Mustard
6171,A3_S1_S2_sequence,GRU,0,Wheat,Garlic
6172,A3_S1_S2_sequence,GRU,0,Mustard,Mustard
6173,A3_S1_S2_sequence,GRU,0,Mustard,Mustard
6178,A3_S1_S2_sequence,GRU,0,Mustard,Mustard
6183,A3_S1_S2_sequence,GRU,0,Gram,Gram
6184,A3_S1_S2_sequence,GRU,0,Wheat,Wheat
6193,A3_S1_S2_sequence,GRU,0,Wheat,Mustard
6202,A3_S1_S2_sequence,GRU,0,Wheat,Wheat
6208,A3_S1_S2_sequence,GRU,0,Mustard,Mustard
6220,A3_S1_S2_sequence,GRU,0,Mustard,Gram
6221,A3_S1_S2_sequence,GRU,0,Mustard,Gram
6222,A3_S1_S2_sequence,GRU,0,Mustard,Mustard
6223,A3_S1_S2_sequence,GRU,0,Mustard,Gram
6225,A3_S1_S2_sequence,GRU,0,Mustard,Mustard
6227,A3_S1_S2_sequence,GRU,0,Wheat,Gram
6228,A3_S1_S2_sequence,GRU,0,Mustard,Gram
6229,A3_S1_S2_sequence,GRU,0,Wheat,Gram
6230,A3_S1_S2_sequence,GRU,0,Wheat,Wheat
6231,A3_S1_S2_sequence,GRU,0,Wheat,Wheat
6234,A3_S1_S2_sequence,GRU,0,Mustard,Mustard
6235,A3_S1_S2_sequence,GRU,0,Mustard,Mustard
6236,A3_S1_S2_sequence,GRU,0,Mustard,Mustard
6237,A3_S1_S2_sequence,GRU,0,Garlic,Mustard
6245,A3_S1_S2_sequence,GRU,0,Mustard,Mustard
6251,A3_S1_S2_sequence,GRU,0,Mustard,Garlic
6252,A3_S1_S2_sequence,GRU,0,Wheat,Gram
6253,A3_S1_S2_sequence,GRU,0,Mustard,Mustard
6254,A3_S1_S2_sequence,GRU,0,Wheat,Wheat
6255,A3_S1_S2_sequence,GRU,0,Wheat,Wheat
6257,A3_S1_S2_sequence,GRU,0,Wheat,Gram
6258,A3_S1_S2_sequence,GRU,0,Wheat,Gram
6260,A3_S1_S2_sequence,GRU,0,Gram,Gram
6261,A3_S1_S2_sequence,GRU,0,Gram,Gram
6262,A3_S1_S2_sequence,GRU,0,Wheat,Garlic
6263,A3_S1_S2_sequence,GRU,0,Mustard,Mustard
6274,A3_S1_S2_sequence,GRU,0,Wheat,Gram
6299,A3_S1_S2_sequence,GRU,0,Coriander,Mustard
6300,A3_S1_S2_sequence,GRU,0,Garlic,Garlic
6301,A3_S1_S2_sequence,GRU,0,Wheat,Gram
6302,A3_S1_S2_sequence,GRU,0,Wheat,Wheat
6304,A3_S1_S2_sequence,GRU,0,Wheat,Gram
6319,A3_S1_S2_sequence,GRU,0,Maize,Maize
6320,A3_S1_S2_sequence,GRU,0,Rice,Maize
6329,A3_S1_S2_sequence,GRU,0,No crop/Fallow,Maize
6331,A3_S1_S2_sequence,GRU,0,Maize,Maize
6332,A3_S1_S2_sequence,GRU,0,Maize,Maize
6333,A3_S1_S2_sequence,GRU,0,Maize,Maize
6334,A3_S1_S2_sequence,GRU,0,Maize,Maize
6339,A3_S1_S2_sequence,GRU,0,Maize,Maize
6351,A3_S1_S2_sequence,GRU,0,Mustard,Mustard
6353,A3_S1_S2_sequence,GRU,0,Mustard,Mustard
6367,A3_S1_S2_sequence,GRU,0,Maize,Potato
6368,A3_S1_S2_sequence,GRU,0,Maize,Maize
6382,A3_S1_S2_sequence,GRU,0,Mustard,Potato
6383,A3_S1_S2_sequence,GRU,0,Mustard,Mustard
6393,A3_S1_S2_sequence,GRU,0,No crop/Fallow,Maize
6395,A3_S1_S2_sequence,GRU,0,Maize,Maize
6398,A3_S1_S2_sequence,GRU,0,Mustard,Maize
6400,A3_S1_S2_sequence,GRU,0,Mustard,Maize
6403,A3_S1_S2_sequence,GRU,0,Maize,Maize
6407,A3_S1_S2_sequence,GRU,0,No crop/Fallow,Maize
6408,A3_S1_S2_sequence,GRU,0,Mustard,Maize
6409,A3_S1_S2_sequence,GRU,0,No crop/Fallow,Maize
6410,A3_S1_S2_sequence,GRU,0,Maize,Maize
6412,A3_S1_S2_sequence,GRU,0,Maize,Maize
6416,A3_S1_S2_sequence,GRU,0,No crop/Fallow,Rice
6417,A3_S1_S2_sequence,GRU,0,No crop/Fallow,Rice
6437,A3_S1_S2_sequence,GRU,0,Wheat,Maize
6443,A3_S1_S2_sequence,GRU,0,Maize,Maize
6444,A3_S1_S2_sequence,GRU,0,No crop/Fallow,Maize
6445,A3_S1_S2_sequence,GRU,0,Maize,Maize
6446,A3_S1_S2_sequence,GRU,0,No crop/Fallow,Rice
6447,A3_S1_S2_sequence,GRU,0,Maize,Maize
6448,A3_S1_S2_sequence,GRU,0,Maize,Maize
6450,A3_S1_S2_sequence,GRU,0,No crop/Fallow,Coriander
6451,A3_S1_S2_sequence,GRU,0,Potato,Maize
6468,A3_S1_S2_sequence,GRU,0,Maize,Maize
6469,A3_S1_S2_sequence,GRU,0,Mustard,Potato
6482,A3_S1_S2_sequence,GRU,0,No crop/Fallow,Maize
6489,A3_S1_S2_sequence,GRU,0,Potato,Maize
6494,A3_S1_S2_sequence,GRU,0,Maize,Maize
6495,A3_S1_S2_sequence,GRU,0,No crop/Fallow,Mustard
6496,A3_S1_S2_sequence,GRU,0,No crop/Fallow,Mustard
6497,A3_S1_S2_sequence,GRU,0,No crop/Fallow,Rice
6526,A3_S1_S2_sequence,GRU,0,No crop/Fallow,Maize
6528,A3_S1_S2_sequence,GRU,0,Mustard,Rice
6529,A3_S1_S2_sequence,GRU,0,No crop/Fallow,Rice
6530,A3_S1_S2_sequence,GRU,0,No crop/Fallow,Potato
6531,A3_S1_S2_sequence,GRU,0,No crop/Fallow,Rice
6543,A3_S1_S2_sequence,GRU,0,Maize,Maize
6544,A3_S1_S2_sequence,GRU,0,Mustard,Maize
6545,A3_S1_S2_sequence,GRU,0,Mustard,Maize
6546,A3_S1_S2_sequence,GRU,0,Maize,Maize
6575,A3_S1_S2_sequence,GRU,0,Maize,Maize
6576,A3_S1_S2_sequence,GRU,0,No crop/Fallow,Rice
6578,A3_S1_S2_sequence,GRU,0,Wheat,Maize
6579,A3_S1_S2_sequence,GRU,0,Wheat,Maize
6580,A3_S1_S2_sequence,GRU,0,Wheat,Maize
6595,A3_S1_S2_sequence,GRU,0,Maize,Maize
6598,A3_S1_S2_sequence,GRU,0,Maize,Maize
6645,A3_S1_S2_sequence,GRU,0,Wheat,Maize
6647,A3_S1_S2_sequence,GRU,0,Maize,Maize
6667,A3_S1_S2_sequence,GRU,0,No crop/Fallow,Potato
6668,A3_S1_S2_sequence,GRU,0,Mustard,Rice
6670,A3_S1_S2_sequence,GRU,0,Maize,Maize
6672,A3_S1_S2_sequence,GRU,0,Maize,Potato
6676,A3_S1_S2_sequence,GRU,0,No crop/Fallow,Rice
6677,A3_S1_S2_sequence,GRU,0,No crop/Fallow,Rice
6694,A3_S1_S2_sequence,GRU,0,Mustard,Bersem
6696,A3_S1_S2_sequence,GRU,0,Maize,Maize
6714,A3_S1_S2_sequence,GRU,0,No crop/Fallow,Mustard
6715,A3_S1_S2_sequence,GRU,0,Wheat,Maize
6719,A3_S1_S2_sequence,GRU,0,Mustard,Maize
6720,A3_S1_S2_sequence,GRU,0,Potato,Rice
6722,A3_S1_S2_sequence,GRU,0,Mustard,Rice
6771,A3_S1_S2_sequence,GRU,0,Maize,Maize
6779,A3_S1_S2_sequence,GRU,0,Maize,Maize
6780,A3_S1_S2_sequence,GRU,0,No crop/Fallow,Potato
6781,A3_S1_S2_sequence,GRU,0,Mustard,Maize
6790,A3_S1_S2_sequence,GRU,0,Mustard,Potato
6791,A3_S1_S2_sequence,GRU,0,Mustard,Maize
6792,A3_S1_S2_sequence,GRU,0,Mustard,Maize
6794,A3_S1_S2_sequence,GRU,0,Potato,Maize
6795,A3_S1_S2_sequence,GRU,0,Maize,Maize
6806,A3_S1_S2_sequence,GRU,0,Mustard,Rice
6807,A3_S1_S2_sequence,GRU,0,Mustard,Rice
6814,A3_S1_S2_sequence,GRU,0,Mustard,Mustard
6815,A3_S1_S2_sequence,GRU,0,Potato,Maize
6821,A3_S1_S2_sequence,GRU,0,Maize,Maize
6826,A3_S1_S2_sequence,GRU,0,Mustard,Rice
6834,A3_S1_S2_sequence,GRU,0,Maize,Maize
6835,A3_S1_S2_sequence,GRU,0,Maize,Maize
6837,A3_S1_S2_sequence,GRU,0,Maize,Maize
6843,A3_S1_S2_sequence,GRU,0,Mustard,Rice
6846,A3_S1_S2_sequence,GRU,0,Mustard,Mustard
6847,A3_S1_S2_sequence,GRU,0,Mustard,Maize
6851,A3_S1_S2_sequence,GRU,0,Wheat,Maize
6855,A3_S1_S2_sequence,GRU,0,No crop/Fallow,Potato
6856,A3_S1_S2_sequence,GRU,0,No crop/Fallow,Potato
6948,A3_S1_S2_sequence,GRU,0,Maize,Maize
6951,A3_S1_S2_sequence,GRU,0,Mustard,Rice
6952,A3_S1_S2_sequence,GRU,0,No crop/Fallow,Rice
6964,A3_S1_S2_sequence,GRU,0,Maize,Maize
6965,A3_S1_S2_sequence,GRU,0,Maize,Maize
6972,A3_S1_S2_sequence,GRU,0,Maize,Maize
6973,A3_S1_S2_sequence,GRU,0,Maize,Maize
6974,A3_S1_S2_sequence,GRU,0,Maize,Maize
6975,A3_S1_S2_sequence,GRU,0,Mustard,Rice
7001,A3_S1_S2_sequence,GRU,0,Wheat,Wheat
7002,A3_S1_S2_sequence,GRU,0,Wheat,Maize
7006,A3_S1_S2_sequence,GRU,0,Maize,Maize
7012,A3_S1_S2_sequence,GRU,0,Maize,Potato
7014,A3_S1_S2_sequence,GRU,0,No crop/Fallow,Maize
7025,A3_S1_S2_sequence,GRU,0,Wheat,Wheat
7026,A3_S1_S2_sequence,GRU,0,Wheat,Maize
7027,A3_S1_S2_sequence,GRU,0,Wheat,Maize
7037,A3_S1_S2_sequence,GRU,0,No crop/Fallow,Rice
7048,A3_S1_S2_sequence,GRU,0,Mustard,Maize
7050,A3_S1_S2_sequence,GRU,0,Mustard,Maize
7053,A3_S1_S2_sequence,GRU,0,Maize,Maize
7056,A3_S1_S2_sequence,GRU,0,Maize,Maize
7058,A3_S1_S2_sequence,GRU,0,No crop/Fallow,Maize
7060,A3_S1_S2_sequence,GRU,0,Maize,Maize
7064,A3_S1_S2_sequence,GRU,0,Maize,Maize
7081,A3_S1_S2_sequence,GRU,0,No crop/Fallow,Potato
7088,A3_S1_S2_sequence,GRU,0,No crop/Fallow,Maize
7089,A3_S1_S2_sequence,GRU,0,Maize,Maize
7090,A3_S1_S2_sequence,GRU,0,No crop/Fallow,Rice
7098,A3_S1_S2_sequence,GRU,0,Mustard,Potato
7099,A3_S1_S2_sequence,GRU,0,Mustard,Potato
7101,A3_S1_S2_sequence,GRU,0,No crop/Fallow,Rice
7103,A3_S1_S2_sequence,GRU,0,Mustard,Rice
7117,A3_S1_S2_sequence,GRU,0,Maize,Maize
7119,A3_S1_S2_sequence,GRU,0,Maize,Maize
7124,A3_S1_S2_sequence,GRU,0,No crop/Fallow,Maize
7125,A3_S1_S2_sequence,GRU,0,No crop/Fallow,Maize
7127,A3_S1_S2_sequence,GRU,0,Mustard,Potato
7128,A3_S1_S2_sequence,GRU,0,Maize,Maize
7129,A3_S1_S2_sequence,GRU,0,Maize,Maize
7130,A3_S1_S2_sequence,GRU,0,Mustard,Rice
7136,A3_S1_S2_sequence,GRU,0,No crop/Fallow,Maize
7137,A3_S1_S2_sequence,GRU,0,Maize,Maize
7139,A3_S1_S2_sequence,GRU,0,Maize,Maize
7148,A3_S1_S2_sequence,GRU,0,Mustard,Rice
7154,A3_S1_S2_sequence,GRU,0,Rice,Potato
7155,A3_S1_S2_sequence,GRU,0,Mustard,Rice
7156,A3_S1_S2_sequence,GRU,0,Rice,Rice
7164,A3_S1_S2_sequence,GRU,0,Potato,Maize
7165,A3_S1_S2_sequence,GRU,0,Maize,Maize
7169,A3_S1_S2_sequence,GRU,0,No crop/Fallow,Mustard
7170,A3_S1_S2_sequence,GRU,0,No crop/Fallow,Maize
7177,A3_S1_S2_sequence,GRU,0,Mustard,Maize
7178,A3_S1_S2_sequence,GRU,0,Maize,Maize
7179,A3_S1_S2_sequence,GRU,0,Maize,Maize
7180,A3_S1_S2_sequence,GRU,0,No crop/Fallow,Rice
7189,A3_S1_S2_sequence,GRU,0,Maize,Maize
7192,A3_S1_S2_sequence,GRU,0,Mustard,Maize
7194,A3_S1_S2_sequence,GRU,0,Maize,Maize
7195,A3_S1_S2_sequence,GRU,0,Maize,Maize
7216,A3_S1_S2_sequence,GRU,0,Maize,Maize
7217,A3_S1_S2_sequence,GRU,0,Maize,Maize
7222,A3_S1_S2_sequence,GRU,0,Mustard,Mustard
7223,A3_S1_S2_sequence,GRU,0,No crop/Fallow,Mustard
7230,A3_S1_S2_sequence,GRU,0,Maize,Maize
7265,A3_S1_S2_sequence,GRU,0,Maize,Mustard
7273,A3_S1_S2_sequence,GRU,0,No crop/Fallow,Potato
7280,A3_S1_S2_sequence,GRU,0,No crop/Fallow,Rice
7281,A3_S1_S2_sequence,GRU,0,No crop/Fallow,Rice
7282,A3_S1_S2_sequence,GRU,0,No crop/Fallow,Maize
7283,A3_S1_S2_sequence,GRU,0,No crop/Fallow,Rice
7298,A3_S1_S2_sequence,GRU,0,Maize,Maize
7318,A3_S1_S2_sequence,GRU,0,Maize,Maize
7326,A3_S1_S2_sequence,GRU,0,Maize,Maize
7327,A3_S1_S2_sequence,GRU,0,Maize,Maize
7328,A3_S1_S2_sequence,GRU,0,Maize,Maize
7331,A3_S1_S2_sequence,GRU,0,Maize,Maize
4,A3_S1_S2_sequence,GRU,1,Mustard,Lentil
5,A3_S1_S2_sequence,GRU,1,Mustard,Lentil
6,A3_S1_S2_sequence,GRU,1,Mustard,Lentil
7,A3_S1_S2_sequence,GRU,1,Mustard,Lentil
8,A3_S1_S2_sequence,GRU,1,Mustard,Lentil
9,A3_S1_S2_sequence,GRU,1,Mustard,Lentil
27,A3_S1_S2_sequence,GRU,1,Mustard,Lentil
28,A3_S1_S2_sequence,GRU,1,Lentil,Sugarcane
30,A3_S1_S2_sequence,GRU,1,Wheat,Wheat
36,A3_S1_S2_sequence,GRU,1,Mustard,Lentil
37,A3_S1_S2_sequence,GRU,1,Mustard,Lentil
38,A3_S1_S2_sequence,GRU,1,Mustard,Sugarcane
40,A3_S1_S2_sequence,GRU,1,Mustard,Sugarcane
41,A3_S1_S2_sequence,GRU,1,Wheat,Lentil
42,A3_S1_S2_sequence,GRU,1,Sugarcane,Sugarcane
43,A3_S1_S2_sequence,GRU,1,Wheat,Wheat
47,A3_S1_S2_sequence,GRU,1,Wheat,Wheat
50,A3_S1_S2_sequence,GRU,1,No crop/Fallow,Green pea
51,A3_S1_S2_sequence,GRU,1,No crop/Fallow,Green pea
53,A3_S1_S2_sequence,GRU,1,Wheat,Wheat
54,A3_S1_S2_sequence,GRU,1,No crop/Fallow,Sugarcane
55,A3_S1_S2_sequence,GRU,1,No crop/Fallow,Sugarcane
58,A3_S1_S2_sequence,GRU,1,Wheat,Sugarcane
59,A3_S1_S2_sequence,GRU,1,Mustard,Sugarcane
66,A3_S1_S2_sequence,GRU,1,Mustard,Sugarcane
73,A3_S1_S2_sequence,GRU,1,No crop/Fallow,Sugarcane
74,A3_S1_S2_sequence,GRU,1,No crop/Fallow,Mustard
75,A3_S1_S2_sequence,GRU,1,No crop/Fallow,Mustard
76,A3_S1_S2_sequence,GRU,1,No crop/Fallow,Lentil
77,A3_S1_S2_sequence,GRU,1,No crop/Fallow,Sugarcane
78,A3_S1_S2_sequence,GRU,1,No crop/Fallow,Mustard
111,A3_S1_S2_sequence,GRU,1,Mustard,Lentil
112,A3_S1_S2_sequence,GRU,1,No crop/Fallow,Lentil
113,A3_S1_S2_sequence,GRU,1,No crop/Fallow,Wheat
114,A3_S1_S2_sequence,GRU,1,Wheat,Wheat
115,A3_S1_S2_sequence,GRU,1,Wheat,Mustard
116,A3_S1_S2_sequence,GRU,1,Wheat,Wheat
150,A3_S1_S2_sequence,GRU,1,Wheat,Wheat
152,A3_S1_S2_sequence,GRU,1,Wheat,Green pea
153,A3_S1_S2_sequence,GRU,1,Mustard,Lentil
154,A3_S1_S2_sequence,GRU,1,Mustard,Lentil
178,A3_S1_S2_sequence,GRU,1,Wheat,Wheat
205,A3_S1_S2_sequence,GRU,1,Wheat,Lentil
216,A3_S1_S2_sequence,GRU,1,Wheat,Wheat
237,A3_S1_S2_sequence,GRU,1,Mustard,Mustard
240,A3_S1_S2_sequence,GRU,1,Mustard,Lentil
241,A3_S1_S2_sequence,GRU,1,No crop/Fallow,Wheat
242,A3_S1_S2_sequence,GRU,1,Mustard,Green pea
243,A3_S1_S2_sequence,GRU,1,Sugarcane,Lentil
244,A3_S1_S2_sequence,GRU,1,Wheat,Sugarcane
288,A3_S1_S2_sequence,GRU,1,Wheat,Sugarcane
310,A3_S1_S2_sequence,GRU,1,Sugarcane,Sugarcane
312,A3_S1_S2_sequence,GRU,1,Sugarcane,Sugarcane
313,A3_S1_S2_sequence,GRU,1,Mustard,Sugarcane
314,A3_S1_S2_sequence,GRU,1,Wheat,Lentil
315,A3_S1_S2_sequence,GRU,1,Mustard,Sugarcane
316,A3_S1_S2_sequence,GRU,1,Potato,Sugarcane
319,A3_S1_S2_sequence,GRU,1,Wheat,Wheat
320,A3_S1_S2_sequence,GRU,1,Wheat,Wheat
324,A3_S1_S2_sequence,GRU,1,Wheat,Green pea
325,A3_S1_S2_sequence,GRU,1,Sugarcane,Wheat
333,A3_S1_S2_sequence,GRU,1,Wheat,Wheat
334,A3_S1_S2_sequence,GRU,1,Mustard,Green pea
336,A3_S1_S2_sequence,GRU,1,Mustard,Sugarcane
343,A3_S1_S2_sequence,GRU,1,Wheat,Wheat
344,A3_S1_S2_sequence,GRU,1,Wheat,Wheat
346,A3_S1_S2_sequence,GRU,1,Wheat,Wheat
347,A3_S1_S2_sequence,GRU,1,Wheat,Wheat
348,A3_S1_S2_sequence,GRU,1,Wheat,Wheat
416,A3_S1_S2_sequence,GRU,1,No crop/Fallow,Wheat
417,A3_S1_S2_sequence,GRU,1,No crop/Fallow,Wheat
418,A3_S1_S2_sequence,GRU,1,Wheat,Wheat
419,A3_S1_S2_sequence,GRU,1,Wheat,Wheat
420,A3_S1_S2_sequence,GRU,1,Wheat,Green pea
455,A3_S1_S2_sequence,GRU,1,Wheat,Wheat
500,A3_S1_S2_sequence,GRU,1,Wheat,Wheat
530,A3_S1_S2_sequence,GRU,1,Wheat,Wheat
531,A3_S1_S2_sequence,GRU,1,No crop/Fallow,Lentil
553,A3_S1_S2_sequence,GRU,1,Wheat,Wheat
558,A3_S1_S2_sequence,GRU,1,Wheat,Green pea
559,A3_S1_S2_sequence,GRU,1,No crop/Fallow,Potato
560,A3_S1_S2_sequence,GRU,1,No crop/Fallow,Wheat
561,A3_S1_S2_sequence,GRU,1,Wheat,Wheat
562,A3_S1_S2_sequence,GRU,1,Wheat,Bersem
578,A3_S1_S2_sequence,GRU,1,Wheat,Wheat
579,A3_S1_S2_sequence,GRU,1,Mustard,Sugarcane
580,A3_S1_S2_sequence,GRU,1,Sugarcane,Sugarcane
595,A3_S1_S2_sequence,GRU,1,Sugarcane,Sugarcane
596,A3_S1_S2_sequence,GRU,1,Sugarcane,No crop/Fallow
598,A3_S1_S2_sequence,GRU,1,Sugarcane,Sugarcane
600,A3_S1_S2_sequence,GRU,1,Wheat,Wheat
619,A3_S1_S2_sequence,GRU,1,No crop/Fallow,Sugarcane
621,A3_S1_S2_sequence,GRU,1,Wheat,Sugarcane
623,A3_S1_S2_sequence,GRU,1,Wheat,Green pea
630,A3_S1_S2_sequence,GRU,1,Sugarcane,Sugarcane
640,A3_S1_S2_sequence,GRU,1,Mustard,Sugarcane
641,A3_S1_S2_sequence,GRU,1,Lentil,Green pea
642,A3_S1_S2_sequence,GRU,1,No crop/Fallow,No crop/Fallow
656,A3_S1_S2_sequence,GRU,1,Mustard,Sugarcane
657,A3_S1_S2_sequence,GRU,1,Mustard,Sugarcane
661,A3_S1_S2_sequence,GRU,1,Wheat,Wheat
663,A3_S1_S2_sequence,GRU,1,Sugarcane,Sugarcane
664,A3_S1_S2_sequence,GRU,1,Sugarcane,Sugarcane
665,A3_S1_S2_sequence,GRU,1,Lentil,Lentil
666,A3_S1_S2_sequence,GRU,1,Lentil,Sugarcane
667,A3_S1_S2_sequence,GRU,1,Lentil,Lentil
668,A3_S1_S2_sequence,GRU,1,Sugarcane,Sugarcane
669,A3_S1_S2_sequence,GRU,1,Wheat,Green pea
670,A3_S1_S2_sequence,GRU,1,No crop/Fallow,No crop/Fallow
671,A3_S1_S2_sequence,GRU,1,Wheat,Wheat
672,A3_S1_S2_sequence,GRU,1,Mustard,Sugarcane
673,A3_S1_S2_sequence,GRU,1,Mustard,Sugarcane
708,A3_S1_S2_sequence,GRU,1,Mustard,Sugarcane
709,A3_S1_S2_sequence,GRU,1,Mustard,Lentil
722,A3_S1_S2_sequence,GRU,1,Wheat,Wheat
723,A3_S1_S2_sequence,GRU,1,Wheat,Wheat
760,A3_S1_S2_sequence,GRU,1,Wheat,Lentil
761,A3_S1_S2_sequence,GRU,1,Wheat,Wheat
773,A3_S1_S2_sequence,GRU,1,Sugarcane,Sugarcane
851,A3_S1_S2_sequence,GRU,1,Wheat,Wheat
852,A3_S1_S2_sequence,GRU,1,Wheat,Wheat
853,A3_S1_S2_sequence,GRU,1,Wheat,Wheat
854,A3_S1_S2_sequence,GRU,1,Wheat,Wheat
855,A3_S1_S2_sequence,GRU,1,Wheat,Green pea
856,A3_S1_S2_sequence,GRU,1,Wheat,Wheat
858,A3_S1_S2_sequence,GRU,1,Mustard,Sugarcane
859,A3_S1_S2_sequence,GRU,1,No crop/Fallow,Sugarcane
860,A3_S1_S2_sequence,GRU,1,Mustard,Lentil
861,A3_S1_S2_sequence,GRU,1,Wheat,Wheat
874,A3_S1_S2_sequence,GRU,1,Wheat,Lentil
875,A3_S1_S2_sequence,GRU,1,No crop/Fallow,Sugarcane
876,A3_S1_S2_sequence,GRU,1,Mustard,Green pea
877,A3_S1_S2_sequence,GRU,1,No crop/Fallow,Sugarcane
878,A3_S1_S2_sequence,GRU,1,Mustard,Lentil
889,A3_S1_S2_sequence,GRU,1,Wheat,Wheat
890,A3_S1_S2_sequence,GRU,1,Mustard,Sugarcane
893,A3_S1_S2_sequence,GRU,1,No crop/Fallow,Green pea
894,A3_S1_S2_sequence,GRU,1,No crop/Fallow,Lentil
896,A3_S1_S2_sequence,GRU,1,Wheat,Green pea
898,A3_S1_S2_sequence,GRU,1,No crop/Fallow,Green pea
899,A3_S1_S2_sequence,GRU,1,No crop/Fallow,Sugarcane
910,A3_S1_S2_sequence,GRU,1,Gram,Sugarcane
912,A3_S1_S2_sequence,GRU,1,No crop/Fallow,Sugarcane
913,A3_S1_S2_sequence,GRU,1,Sugarcane,Lentil
914,A3_S1_S2_sequence,GRU,1,Sugarcane,Lentil
915,A3_S1_S2_sequence,GRU,1,Wheat,Lentil
917,A3_S1_S2_sequence,GRU,1,Maize,Sugarcane
918,A3_S1_S2_sequence,GRU,1,Wheat,Wheat
940,A3_S1_S2_sequence,GRU,1,Wheat,Sugarcane
941,A3_S1_S2_sequence,GRU,1,Wheat,Sugarcane
981,A3_S1_S2_sequence,GRU,1,Wheat,Sugarcane
982,A3_S1_S2_sequence,GRU,1,Wheat,Lentil
1000,A3_S1_S2_sequence,GRU,1,Wheat,Wheat
1005,A3_S1_S2_sequence,GRU,1,Wheat,Green pea
1006,A3_S1_S2_sequence,GRU,1,Mustard,Green pea
1007,A3_S1_S2_sequence,GRU,1,Wheat,Wheat
1012,A3_S1_S2_sequence,GRU,1,Mustard,Green pea
1013,A3_S1_S2_sequence,GRU,1,Wheat,Sugarcane
1016,A3_S1_S2_sequence,GRU,1,Mustard,Lentil
1017,A3_S1_S2_sequence,GRU,1,Wheat,Wheat
1024,A3_S1_S2_sequence,GRU,1,Mustard,Sugarcane
1085,A3_S1_S2_sequence,GRU,1,Wheat,Wheat
1086,A3_S1_S2_sequence,GRU,1,Wheat,Sugarcane
1111,A3_S1_S2_sequence,GRU,1,Wheat,Wheat
1112,A3_S1_S2_sequence,GRU,1,Wheat,Sugarcane
1124,A3_S1_S2_sequence,GRU,1,Mustard,Lentil
1125,A3_S1_S2_sequence,GRU,1,Wheat,Green pea
1139,A3_S1_S2_sequence,GRU,1,Wheat,Green pea
1147,A3_S1_S2_sequence,GRU,1,No crop/Fallow,Sugarcane
1152,A3_S1_S2_sequence,GRU,1,No crop/Fallow,Green pea
1153,A3_S1_S2_sequence,GRU,1,No crop/Fallow,Sugarcane
1154,A3_S1_S2_sequence,GRU,1,Wheat,Wheat
1169,A3_S1_S2_sequence,GRU,1,Wheat,Green pea
1182,A3_S1_S2_sequence,GRU,1,No crop/Fallow,No crop/Fallow
1190,A3_S1_S2_sequence,GRU,1,Mustard,Lentil
1191,A3_S1_S2_sequence,GRU,1,Wheat,Sugarcane
1204,A3_S1_S2_sequence,GRU,1,Wheat,Sugarcane
1207,A3_S1_S2_sequence,GRU,1,Mustard,Sugarcane
1234,A3_S1_S2_sequence,GRU,1,Mustard,Lentil
1247,A3_S1_S2_sequence,GRU,1,Wheat,Wheat
1248,A3_S1_S2_sequence,GRU,1,Wheat,Wheat
1249,A3_S1_S2_sequence,GRU,1,Wheat,Wheat
1262,A3_S1_S2_sequence,GRU,1,Wheat,Mustard
1263,A3_S1_S2_sequence,GRU,1,Sugarcane,Green pea
1264,A3_S1_S2_sequence,GRU,1,Mustard,Sugarcane
1273,A3_S1_S2_sequence,GRU,1,Mustard,Lentil
1274,A3_S1_S2_sequence,GRU,1,Wheat,Wheat
1275,A3_S1_S2_sequence,GRU,1,Mustard,Sugarcane
1287,A3_S1_S2_sequence,GRU,1,Wheat,Lentil
1290,A3_S1_S2_sequence,GRU,1,Wheat,Wheat
1291,A3_S1_S2_sequence,GRU,1,Wheat,Wheat
1292,A3_S1_S2_sequence,GRU,1,Wheat,Wheat
1302,A3_S1_S2_sequence,GRU,1,Wheat,Wheat
1303,A3_S1_S2_sequence,GRU,1,No crop/Fallow,Sugarcane
1322,A3_S1_S2_sequence,GRU,1,Wheat,Sugarcane
1353,A3_S1_S2_sequence,GRU,1,No crop/Fallow,Wheat
1355,A3_S1_S2_sequence,GRU,1,No crop/Fallow,Coriander
1369,A3_S1_S2_sequence,GRU,1,Wheat,Lentil
1388,A3_S1_S2_sequence,GRU,1,Wheat,Sugarcane
1390,A3_S1_S2_sequence,GRU,1,Lentil,Sugarcane
1392,A3_S1_S2_sequence,GRU,1,Wheat,Sugarcane
1394,A3_S1_S2_sequence,GRU,1,No crop/Fallow,Sugarcane
1414,A3_S1_S2_sequence,GRU,1,No crop/Fallow,Wheat
1415,A3_S1_S2_sequence,GRU,1,Wheat,Wheat
1416,A3_S1_S2_sequence,GRU,1,Wheat,Wheat
1417,A3_S1_S2_sequence,GRU,1,Wheat,Wheat
1474,A3_S1_S2_sequence,GRU,1,No crop/Fallow,Green pea
1477,A3_S1_S2_sequence,GRU,1,No crop/Fallow,Green pea
1478,A3_S1_S2_sequence,GRU,1,Wheat,Sugarcane
1479,A3_S1_S2_sequence,GRU,1,No crop/Fallow,Lentil
1480,A3_S1_S2_sequence,GRU,1,No crop/Fallow,Wheat
1489,A3_S1_S2_sequence,GRU,1,Mustard,Mustard
1496,A3_S1_S2_sequence,GRU,1,No crop/Fallow,Lentil
1497,A3_S1_S2_sequence,GRU,1,No crop/Fallow,Wheat
1498,A3_S1_S2_sequence,GRU,1,No crop/Fallow,Wheat
1500,A3_S1_S2_sequence,GRU,1,No crop/Fallow,Sugarcane
1501,A3_S1_S2_sequence,GRU,1,Wheat,Sugarcane
1508,A3_S1_S2_sequence,GRU,1,Wheat,Green pea
1526,A3_S1_S2_sequence,GRU,1,Wheat,Wheat
1527,A3_S1_S2_sequence,GRU,1,Sugarcane,Sugarcane
1536,A3_S1_S2_sequence,GRU,1,No crop/Fallow,No crop/Fallow
1537,A3_S1_S2_sequence,GRU,1,No crop/Fallow,Sugarcane
1538,A3_S1_S2_sequence,GRU,1,No crop/Fallow,Sugarcane
1559,A3_S1_S2_sequence,GRU,1,Mustard,Wheat
1560,A3_S1_S2_sequence,GRU,1,Wheat,Green pea
1563,A3_S1_S2_sequence,GRU,1,Lentil,Lentil
1567,A3_S1_S2_sequence,GRU,1,Mustard,Sugarcane
1569,A3_S1_S2_sequence,GRU,1,Mustard,Sugarcane
1571,A3_S1_S2_sequence,GRU,1,Lentil,Lentil
1572,A3_S1_S2_sequence,GRU,1,Sugarcane,Sugarcane
1576,A3_S1_S2_sequence,GRU,1,Sugarcane,Sugarcane
1577,A3_S1_S2_sequence,GRU,1,Lentil,Sugarcane
1578,A3_S1_S2_sequence,GRU,1,Mustard,Sugarcane
1579,A3_S1_S2_sequence,GRU,1,Wheat,Green pea
1600,A3_S1_S2_sequence,GRU,1,Mustard,Sugarcane
1601,A3_S1_S2_sequence,GRU,1,No crop/Fallow,Sugarcane
1602,A3_S1_S2_sequence,GRU,1,Wheat,Lentil
1632,A3_S1_S2_sequence,GRU,1,Wheat,Wheat
1637,A3_S1_S2_sequence,GRU,1,Wheat,Sugarcane
1641,A3_S1_S2_sequence,GRU,1,Wheat,Wheat
1642,A3_S1_S2_sequence,GRU,1,Wheat,Wheat
1643,A3_S1_S2_sequence,GRU,1,Wheat,Wheat
1644,A3_S1_S2_sequence,GRU,1,Wheat,Wheat
1645,A3_S1_S2_sequence,GRU,1,Wheat,Wheat
1646,A3_S1_S2_sequence,GRU,1,Wheat,Wheat
1647,A3_S1_S2_sequence,GRU,1,Wheat,Sugarcane
1648,A3_S1_S2_sequence,GRU,1,Wheat,Wheat
1656,A3_S1_S2_sequence,GRU,1,No crop/Fallow,Bersem
1657,A3_S1_S2_sequence,GRU,1,Wheat,Wheat
1661,A3_S1_S2_sequence,GRU,1,Wheat,Wheat
1662,A3_S1_S2_sequence,GRU,1,Wheat,Wheat
1663,A3_S1_S2_sequence,GRU,1,Wheat,Wheat
1664,A3_S1_S2_sequence,GRU,1,Green pea,Lentil
1665,A3_S1_S2_sequence,GRU,1,Wheat,Wheat
1666,A3_S1_S2_sequence,GRU,1,Wheat,Wheat
1692,A3_S1_S2_sequence,GRU,1,Sugarcane,Sugarcane
1715,A3_S1_S2_sequence,GRU,1,Wheat,Bersem
1716,A3_S1_S2_sequence,GRU,1,Wheat,Coriander
1717,A3_S1_S2_sequence,GRU,1,Wheat,Wheat
1718,A3_S1_S2_sequence,GRU,1,Wheat,Green pea
1733,A3_S1_S2_sequence,GRU,1,Wheat,Bersem
1734,A3_S1_S2_sequence,GRU,1,Wheat,Wheat
1740,A3_S1_S2_sequence,GRU,1,Wheat,Wheat
1741,A3_S1_S2_sequence,GRU,1,Wheat,Wheat
1742,A3_S1_S2_sequence,GRU,1,Wheat,Green pea
1754,A3_S1_S2_sequence,GRU,1,Wheat,Wheat
1756,A3_S1_S2_sequence,GRU,1,Mustard,Mustard
1757,A3_S1_S2_sequence,GRU,1,Mustard,Green pea
1758,A3_S1_S2_sequence,GRU,1,Mustard,Green pea
1759,A3_S1_S2_sequence,GRU,1,Mustard,Green pea
1760,A3_S1_S2_sequence,GRU,1,Wheat,No crop/Fallow
1769,A3_S1_S2_sequence,GRU,1,Mustard,Potato
1770,A3_S1_S2_sequence,GRU,1,Mustard,Coriander
1772,A3_S1_S2_sequence,GRU,1,Lentil,Lentil
1778,A3_S1_S2_sequence,GRU,1,Wheat,Bersem
1787,A3_S1_S2_sequence,GRU,1,Wheat,Wheat
1791,A3_S1_S2_sequence,GRU,1,Mustard,Bersem
1793,A3_S1_S2_sequence,GRU,1,Wheat,Sugarcane
1794,A3_S1_S2_sequence,GRU,1,Bersem,Green pea
1795,A3_S1_S2_sequence,GRU,1,Wheat,Green pea
1833,A3_S1_S2_sequence,GRU,1,Wheat,Wheat
1834,A3_S1_S2_sequence,GRU,1,Wheat,Green pea
1835,A3_S1_S2_sequence,GRU,1,Wheat,Wheat
1848,A3_S1_S2_sequence,GRU,1,Wheat,Wheat
1849,A3_S1_S2_sequence,GRU,1,Wheat,Green pea
1850,A3_S1_S2_sequence,GRU,1,Wheat,Wheat
1851,A3_S1_S2_sequence,GRU,1,Wheat,Wheat
1852,A3_S1_S2_sequence,GRU,1,Wheat,Wheat
1853,A3_S1_S2_sequence,GRU,1,Mustard,Green pea
1854,A3_S1_S2_sequence,GRU,1,Wheat,Wheat
1857,A3_S1_S2_sequence,GRU,1,Sugarcane,Sugarcane
1859,A3_S1_S2_sequence,GRU,1,Coriander,Lentil
1861,A3_S1_S2_sequence,GRU,1,Wheat,Wheat
1862,A3_S1_S2_sequence,GRU,1,Lentil,Wheat
1868,A3_S1_S2_sequence,GRU,1,Wheat,Wheat
1869,A3_S1_S2_sequence,GRU,1,Wheat,Wheat
1870,A3_S1_S2_sequence,GRU,1,Wheat,Wheat
1871,A3_S1_S2_sequence,GRU,1,Wheat,Wheat
1872,A3_S1_S2_sequence,GRU,1,Mustard,Lentil
1877,A3_S1_S2_sequence,GRU,1,Mustard,Green pea
1878,A3_S1_S2_sequence,GRU,1,Mustard,Sugarcane
1879,A3_S1_S2_sequence,GRU,1,Wheat,Wheat
1880,A3_S1_S2_sequence,GRU,1,Wheat,Mustard
1881,A3_S1_S2_sequence,GRU,1,Wheat,Wheat
1893,A3_S1_S2_sequence,GRU,1,Wheat,Sugarcane
1894,A3_S1_S2_sequence,GRU,1,Wheat,Wheat
1897,A3_S1_S2_sequence,GRU,1,Sugarcane,Sugarcane
1910,A3_S1_S2_sequence,GRU,1,Wheat,Green pea
1926,A3_S1_S2_sequence,GRU,1,No crop/Fallow,Sugarcane
1927,A3_S1_S2_sequence,GRU,1,Wheat,Mustard
1928,A3_S1_S2_sequence,GRU,1,Mustard,Sugarcane
1929,A3_S1_S2_sequence,GRU,1,Mustard,Sugarcane
1930,A3_S1_S2_sequence,GRU,1,No crop/Fallow,Sugarcane
1932,A3_S1_S2_sequence,GRU,1,Wheat,Bersem
1947,A3_S1_S2_sequence,GRU,1,Mustard,Sugarcane
1948,A3_S1_S2_sequence,GRU,1,Mustard,Lentil
1951,A3_S1_S2_sequence,GRU,1,No crop/Fallow,Sugarcane
1952,A3_S1_S2_sequence,GRU,1,Mustard,Sugarcane
1953,A3_S1_S2_sequence,GRU,1,Wheat,Sugarcane
1961,A3_S1_S2_sequence,GRU,1,Mustard,Sugarcane
1962,A3_S1_S2_sequence,GRU,1,Wheat,Green pea
1963,A3_S1_S2_sequence,GRU,1,Wheat,Green pea
1964,A3_S1_S2_sequence,GRU,1,Wheat,Wheat
1971,A3_S1_S2_sequence,GRU,1,Wheat,Lentil
1972,A3_S1_S2_sequence,GRU,1,Lentil,Lentil
1984,A3_S1_S2_sequence,GRU,1,Wheat,Green pea
2000,A3_S1_S2_sequence,GRU,1,Wheat,Wheat
2023,A3_S1_S2_sequence,GRU,1,Mustard,Sugarcane
2024,A3_S1_S2_sequence,GRU,1,Wheat,Wheat
2028,A3_S1_S2_sequence,GRU,1,Wheat,Mustard
2029,A3_S1_S2_sequence,GRU,1,Wheat,Wheat
2030,A3_S1_S2_sequence,GRU,1,Wheat,Wheat
2031,A3_S1_S2_sequence,GRU,1,Lentil,Wheat
2033,A3_S1_S2_sequence,GRU,1,Wheat,Green pea
2035,A3_S1_S2_sequence,GRU,1,Mustard,Mustard
2036,A3_S1_S2_sequence,GRU,1,Wheat,Wheat
2037,A3_S1_S2_sequence,GRU,1,Wheat,Green pea
2038,A3_S1_S2_sequence,GRU,1,Mustard,Mustard
2039,A3_S1_S2_sequence,GRU,1,Wheat,Wheat
2040,A3_S1_S2_sequence,GRU,1,Wheat,Wheat
2045,A3_S1_S2_sequence,GRU,1,Wheat,Wheat
2046,A3_S1_S2_sequence,GRU,1,Wheat,Wheat
2064,A3_S1_S2_sequence,GRU,1,Mustard,Lentil
2065,A3_S1_S2_sequence,GRU,1,Wheat,Green pea
2066,A3_S1_S2_sequence,GRU,1,Mustard,Lentil
2068,A3_S1_S2_sequence,GRU,1,Wheat,Bersem
2069,A3_S1_S2_sequence,GRU,1,No crop/Fallow,No crop/Fallow
2070,A3_S1_S2_sequence,GRU,1,Wheat,Wheat
2071,A3_S1_S2_sequence,GRU,1,Sugarcane,Bersem
2080,A3_S1_S2_sequence,GRU,1,Wheat,Wheat
2082,A3_S1_S2_sequence,GRU,1,Mustard,Bersem
2083,A3_S1_S2_sequence,GRU,1,Mustard,Green pea
2086,A3_S1_S2_sequence,GRU,1,Wheat,Wheat
2089,A3_S1_S2_sequence,GRU,1,Mustard,Green pea
2090,A3_S1_S2_sequence,GRU,1,Mustard,Coriander
2091,A3_S1_S2_sequence,GRU,1,Wheat,Green pea
2093,A3_S1_S2_sequence,GRU,1,Wheat,Wheat
2116,A3_S1_S2_sequence,GRU,1,Wheat,Wheat
2128,A3_S1_S2_sequence,GRU,1,Wheat,Sugarcane
2129,A3_S1_S2_sequence,GRU,1,Wheat,Coriander
2133,A3_S1_S2_sequence,GRU,1,Wheat,Green pea
2134,A3_S1_S2_sequence,GRU,1,Wheat,Wheat
2135,A3_S1_S2_sequence,GRU,1,Mustard,Coriander
2136,A3_S1_S2_sequence,GRU,1,No crop/Fallow,Potato
2137,A3_S1_S2_sequence,GRU,1,Wheat,Green pea
2138,A3_S1_S2_sequence,GRU,1,Wheat,Green pea
2139,A3_S1_S2_sequence,GRU,1,Wheat,Coriander
2141,A3_S1_S2_sequence,GRU,1,Green pea,Bersem
2142,A3_S1_S2_sequence,GRU,1,Wheat,Wheat
2143,A3_S1_S2_sequence,GRU,1,Wheat,Wheat
2149,A3_S1_S2_sequence,GRU,1,Wheat,Coriander
2160,A3_S1_S2_sequence,GRU,1,Mustard,Mustard
2161,A3_S1_S2_sequence,GRU,1,Lentil,Mustard
2162,A3_S1_S2_sequence,GRU,1,Wheat,Wheat
2164,A3_S1_S2_sequence,GRU,1,Wheat,Wheat
2166,A3_S1_S2_sequence,GRU,1,Mustard,Lentil
2167,A3_S1_S2_sequence,GRU,1,Mustard,Sugarcane
2168,A3_S1_S2_sequence,GRU,1,Wheat,Lentil
2175,A3_S1_S2_sequence,GRU,1,Wheat,Wheat
2176,A3_S1_S2_sequence,GRU,1,Wheat,Wheat
2177,A3_S1_S2_sequence,GRU,1,Wheat,Wheat
2178,A3_S1_S2_sequence,GRU,1,Mustard,Wheat
2180,A3_S1_S2_sequence,GRU,1,Mustard,Sugarcane
2181,A3_S1_S2_sequence,GRU,1,Wheat,Wheat
2191,A3_S1_S2_sequence,GRU,1,Mustard,Sugarcane
2196,A3_S1_S2_sequence,GRU,1,Wheat,Maize
2208,A3_S1_S2_sequence,GRU,1,Mustard,Garlic
2209,A3_S1_S2_sequence,GRU,1,Sugarcane,Sugarcane
2210,A3_S1_S2_sequence,GRU,1,Mustard,Lentil
2211,A3_S1_S2_sequence,GRU,1,Wheat,Bersem
2212,A3_S1_S2_sequence,GRU,1,Mustard,Sugarcane
2222,A3_S1_S2_sequence,GRU,1,No crop/Fallow,Bersem
2223,A3_S1_S2_sequence,GRU,1,Wheat,Wheat
2224,A3_S1_S2_sequence,GRU,1,Wheat,Wheat
2230,A3_S1_S2_sequence,GRU,1,Wheat,Lentil
2239,A3_S1_S2_sequence,GRU,1,Wheat,Wheat
2248,A3_S1_S2_sequence,GRU,1,Wheat,Lentil
2251,A3_S1_S2_sequence,GRU,1,Wheat,Wheat
2252,A3_S1_S2_sequence,GRU,1,Mustard,Wheat
2253,A3_S1_S2_sequence,GRU,1,Wheat,Wheat
2261,A3_S1_S2_sequence,GRU,1,Sugarcane,Sugarcane
2263,A3_S1_S2_sequence,GRU,1,Potato,Sugarcane
2264,A3_S1_S2_sequence,GRU,1,Wheat,Wheat
2265,A3_S1_S2_sequence,GRU,1,Sugarcane,Sugarcane
2275,A3_S1_S2_sequence,GRU,1,Wheat,Wheat
2276,A3_S1_S2_sequence,GRU,1,Wheat,Wheat
2277,A3_S1_S2_sequence,GRU,1,Mustard,Sugarcane
2279,A3_S1_S2_sequence,GRU,1,Wheat,Wheat
2288,A3_S1_S2_sequence,GRU,1,No crop/Fallow,Sugarcane
2291,A3_S1_S2_sequence,GRU,1,Wheat,Wheat
2292,A3_S1_S2_sequence,GRU,1,Wheat,Wheat
2293,A3_S1_S2_sequence,GRU,1,Mustard,Sugarcane
2294,A3_S1_S2_sequence,GRU,1,No crop/Fallow,Sugarcane
2295,A3_S1_S2_sequence,GRU,1,No crop/Fallow,Sugarcane
2296,A3_S1_S2_sequence,GRU,1,Wheat,Green pea
2302,A3_S1_S2_sequence,GRU,1,Sugarcane,Green pea
2303,A3_S1_S2_sequence,GRU,1,Wheat,Sugarcane
2304,A3_S1_S2_sequence,GRU,1,Sugarcane,Sugarcane
2311,A3_S1_S2_sequence,GRU,1,Mustard,Sugarcane
2313,A3_S1_S2_sequence,GRU,1,No crop/Fallow,Mustard
2314,A3_S1_S2_sequence,GRU,1,Mustard,Sugarcane
2315,A3_S1_S2_sequence,GRU,1,Mustard,Sugarcane
2316,A3_S1_S2_sequence,GRU,1,No crop/Fallow,Sugarcane
2328,A3_S1_S2_sequence,GRU,1,Wheat,Bersem
2331,A3_S1_S2_sequence,GRU,1,Mustard,Coriander
2333,A3_S1_S2_sequence,GRU,1,Mustard,Mustard
2335,A3_S1_S2_sequence,GRU,1,Wheat,Wheat
2336,A3_S1_S2_sequence,GRU,1,No crop/Fallow,Sugarcane
2337,A3_S1_S2_sequence,GRU,1,No crop/Fallow,No crop/Fallow
2338,A3_S1_S2_sequence,GRU,1,No crop/Fallow,Mustard
2344,A3_S1_S2_sequence,GRU,1,Wheat,Wheat
2346,A3_S1_S2_sequence,GRU,1,Wheat,Wheat
2351,A3_S1_S2_sequence,GRU,1,Wheat,Bersem
2352,A3_S1_S2_sequence,GRU,1,Mustard,Sugarcane
2354,A3_S1_S2_sequence,GRU,1,No crop/Fallow,Potato
2355,A3_S1_S2_sequence,GRU,1,Wheat,Green pea
2356,A3_S1_S2_sequence,GRU,1,Mustard,Sugarcane
2358,A3_S1_S2_sequence,GRU,1,Sugarcane,Sugarcane
2359,A3_S1_S2_sequence,GRU,1,Wheat,Wheat
2367,A3_S1_S2_sequence,GRU,1,Mustard,Sugarcane
2373,A3_S1_S2_sequence,GRU,1,Mustard,Sugarcane
2374,A3_S1_S2_sequence,GRU,1,Mustard,Wheat
2375,A3_S1_S2_sequence,GRU,1,Wheat,Wheat
2385,A3_S1_S2_sequence,GRU,1,Wheat,Green pea
2386,A3_S1_S2_sequence,GRU,1,Potato,Bersem
2408,A3_S1_S2_sequence,GRU,1,Wheat,Wheat
2409,A3_S1_S2_sequence,GRU,1,Wheat,Wheat
2411,A3_S1_S2_sequence,GRU,1,Wheat,Green pea
2428,A3_S1_S2_sequence,GRU,1,Wheat,Wheat
2429,A3_S1_S2_sequence,GRU,1,Maize,Maize
2430,A3_S1_S2_sequence,GRU,1,No crop/Fallow,Sugarcane
2431,A3_S1_S2_sequence,GRU,1,Wheat,Wheat
2432,A3_S1_S2_sequence,GRU,1,Wheat,Green pea
2433,A3_S1_S2_sequence,GRU,1,Wheat,Wheat
2434,A3_S1_S2_sequence,GRU,1,Wheat,Wheat
2455,A3_S1_S2_sequence,GRU,1,Wheat,Wheat
2456,A3_S1_S2_sequence,GRU,1,Wheat,Wheat
2457,A3_S1_S2_sequence,GRU,1,Wheat,Wheat
2458,A3_S1_S2_sequence,GRU,1,Mustard,Lentil
2467,A3_S1_S2_sequence,GRU,1,Wheat,Wheat
2474,A3_S1_S2_sequence,GRU,1,Sugarcane,Bersem
2475,A3_S1_S2_sequence,GRU,1,Wheat,Sugarcane
2481,A3_S1_S2_sequence,GRU,1,Wheat,Green pea
2482,A3_S1_S2_sequence,GRU,1,Wheat,Wheat
2495,A3_S1_S2_sequence,GRU,1,Mustard,Sugarcane
2496,A3_S1_S2_sequence,GRU,1,Wheat,Sugarcane
2501,A3_S1_S2_sequence,GRU,1,Wheat,Wheat
2509,A3_S1_S2_sequence,GRU,1,Mustard,Wheat
2511,A3_S1_S2_sequence,GRU,1,Mustard,Mustard
2512,A3_S1_S2_sequence,GRU,1,Wheat,Wheat
2513,A3_S1_S2_sequence,GRU,1,Wheat,Wheat
2514,A3_S1_S2_sequence,GRU,1,Wheat,Wheat
2516,A3_S1_S2_sequence,GRU,1,Wheat,Wheat
2517,A3_S1_S2_sequence,GRU,1,Wheat,Wheat
2519,A3_S1_S2_sequence,GRU,1,Wheat,Sugarcane
2521,A3_S1_S2_sequence,GRU,1,Mustard,Lentil
2524,A3_S1_S2_sequence,GRU,1,Wheat,Wheat
2525,A3_S1_S2_sequence,GRU,1,Wheat,Wheat
2526,A3_S1_S2_sequence,GRU,1,Wheat,Wheat
2527,A3_S1_S2_sequence,GRU,1,Wheat,Wheat
2528,A3_S1_S2_sequence,GRU,1,Wheat,Wheat
2529,A3_S1_S2_sequence,GRU,1,Wheat,Wheat
2530,A3_S1_S2_sequence,GRU,1,Wheat,Wheat
2531,A3_S1_S2_sequence,GRU,1,Wheat,Wheat
2532,A3_S1_S2_sequence,GRU,1,Wheat,Green pea
2534,A3_S1_S2_sequence,GRU,1,Wheat,Wheat
2535,A3_S1_S2_sequence,GRU,1,Wheat,Wheat
2536,A3_S1_S2_sequence,GRU,1,Sugarcane,Sugarcane
2537,A3_S1_S2_sequence,GRU,1,Wheat,Wheat
2538,A3_S1_S2_sequence,GRU,1,Wheat,Wheat
2539,A3_S1_S2_sequence,GRU,1,Wheat,Sugarcane
2540,A3_S1_S2_sequence,GRU,1,No crop/Fallow,Sugarcane
2578,A3_S1_S2_sequence,GRU,1,Wheat,Coriander
2579,A3_S1_S2_sequence,GRU,1,Wheat,Green pea
2582,A3_S1_S2_sequence,GRU,1,Wheat,Lentil
2583,A3_S1_S2_sequence,GRU,1,No crop/Fallow,Sugarcane
2584,A3_S1_S2_sequence,GRU,1,No crop/Fallow,Sugarcane
2585,A3_S1_S2_sequence,GRU,1,Wheat,Sugarcane
2586,A3_S1_S2_sequence,GRU,1,Wheat,Wheat
2587,A3_S1_S2_sequence,GRU,1,Wheat,Sugarcane
2590,A3_S1_S2_sequence,GRU,1,Wheat,Wheat
2591,A3_S1_S2_sequence,GRU,1,Mustard,Mustard
2592,A3_S1_S2_sequence,GRU,1,Wheat,Wheat
2610,A3_S1_S2_sequence,GRU,1,Wheat,Sugarcane
2612,A3_S1_S2_sequence,GRU,1,Wheat,Wheat
2613,A3_S1_S2_sequence,GRU,1,Wheat,Wheat
2618,A3_S1_S2_sequence,GRU,1,No crop/Fallow,Coriander
2621,A3_S1_S2_sequence,GRU,1,Lentil,Bersem
2624,A3_S1_S2_sequence,GRU,1,Wheat,Green pea
2625,A3_S1_S2_sequence,GRU,1,Mustard,Sugarcane
2632,A3_S1_S2_sequence,GRU,1,Bersem,Bersem
2633,A3_S1_S2_sequence,GRU,1,Maize,Bersem
2634,A3_S1_S2_sequence,GRU,1,Maize,Green pea
2635,A3_S1_S2_sequence,GRU,1,No crop/Fallow,Lentil
2641,A3_S1_S2_sequence,GRU,1,Mustard,Mustard
2642,A3_S1_S2_sequence,GRU,1,No crop/Fallow,Sugarcane
2643,A3_S1_S2_sequence,GRU,1,No crop/Fallow,Sugarcane
2644,A3_S1_S2_sequence,GRU,1,No crop/Fallow,Sugarcane
2645,A3_S1_S2_sequence,GRU,1,Mustard,Mustard
2650,A3_S1_S2_sequence,GRU,1,Wheat,Wheat
2657,A3_S1_S2_sequence,GRU,1,Mustard,Lentil
2658,A3_S1_S2_sequence,GRU,1,Wheat,Green pea
2659,A3_S1_S2_sequence,GRU,1,Mustard,Lentil
2660,A3_S1_S2_sequence,GRU,1,Lentil,Coriander
2662,A3_S1_S2_sequence,GRU,1,Wheat,Coriander
2663,A3_S1_S2_sequence,GRU,1,Wheat,Wheat
2670,A3_S1_S2_sequence,GRU,1,Wheat,Wheat
2671,A3_S1_S2_sequence,GRU,1,Wheat,Wheat
2687,A3_S1_S2_sequence,GRU,1,Mustard,Mustard
2688,A3_S1_S2_sequence,GRU,1,No crop/Fallow,Green pea
2706,A3_S1_S2_sequence,GRU,1,Wheat,Wheat
2717,A3_S1_S2_sequence,GRU,1,Wheat,Green pea
2732,A3_S1_S2_sequence,GRU,1,Mustard,Bersem
2733,A3_S1_S2_sequence,GRU,1,Wheat,Bersem
2734,A3_S1_S2_sequence,GRU,1,Mustard,Bersem
2735,A3_S1_S2_sequence,GRU,1,Wheat,Wheat
2736,A3_S1_S2_sequence,GRU,1,Wheat,Bersem
2738,A3_S1_S2_sequence,GRU,1,Wheat,Wheat
2748,A3_S1_S2_sequence,GRU,1,Wheat,Wheat
2749,A3_S1_S2_sequence,GRU,1,Wheat,Wheat
2765,A3_S1_S2_sequence,GRU,1,Wheat,Bersem
2766,A3_S1_S2_sequence,GRU,1,Wheat,Sugarcane
2767,A3_S1_S2_sequence,GRU,1,Green pea,Sugarcane
2768,A3_S1_S2_sequence,GRU,1,Wheat,Green pea
2769,A3_S1_S2_sequence,GRU,1,Sugarcane,Sugarcane
2771,A3_S1_S2_sequence,GRU,1,Mustard,Coriander
2774,A3_S1_S2_sequence,GRU,1,Wheat,Wheat
2775,A3_S1_S2_sequence,GRU,1,Wheat,Wheat
2776,A3_S1_S2_sequence,GRU,1,Wheat,Wheat
2777,A3_S1_S2_sequence,GRU,1,Wheat,Wheat
2778,A3_S1_S2_sequence,GRU,1,Wheat,Wheat
2779,A3_S1_S2_sequence,GRU,1,Wheat,Garlic
2793,A3_S1_S2_sequence,GRU,1,Garlic,Bersem
2798,A3_S1_S2_sequence,GRU,1,Wheat,Wheat
2801,A3_S1_S2_sequence,GRU,1,Lentil,Lentil
2802,A3_S1_S2_sequence,GRU,1,Lentil,Coriander
2803,A3_S1_S2_sequence,GRU,1,Wheat,Wheat
2804,A3_S1_S2_sequence,GRU,1,Wheat,Wheat
2805,A3_S1_S2_sequence,GRU,1,Wheat,Wheat
2807,A3_S1_S2_sequence,GRU,1,Wheat,Wheat
2817,A3_S1_S2_sequence,GRU,1,Lentil,Lentil
2818,A3_S1_S2_sequence,GRU,1,Mustard,Sugarcane
2819,A3_S1_S2_sequence,GRU,1,Wheat,Wheat
2822,A3_S1_S2_sequence,GRU,1,Mustard,Sugarcane
2823,A3_S1_S2_sequence,GRU,1,Wheat,Wheat
2827,A3_S1_S2_sequence,GRU,1,No crop/Fallow,Sugarcane
2828,A3_S1_S2_sequence,GRU,1,Wheat,Sugarcane
2829,A3_S1_S2_sequence,GRU,1,Sugarcane,Sugarcane
2831,A3_S1_S2_sequence,GRU,1,Mustard,Mustard
2832,A3_S1_S2_sequence,GRU,1,Wheat,Coriander
2833,A3_S1_S2_sequence,GRU,1,Wheat,Wheat
2835,A3_S1_S2_sequence,GRU,1,Wheat,Mustard
2842,A3_S1_S2_sequence,GRU,1,Sugarcane,Sugarcane
2843,A3_S1_S2_sequence,GRU,1,Wheat,Wheat
2845,A3_S1_S2_sequence,GRU,1,Sugarcane,Sugarcane
2847,A3_S1_S2_sequence,GRU,1,Wheat,Green pea
2863,A3_S1_S2_sequence,GRU,1,Wheat,Wheat
2892,A3_S1_S2_sequence,GRU,1,Coriander,Garlic
2893,A3_S1_S2_sequence,GRU,1,Mustard,Lentil
2894,A3_S1_S2_sequence,GRU,1,Wheat,Wheat
2895,A3_S1_S2_sequence,GRU,1,Wheat,Wheat
2896,A3_S1_S2_sequence,GRU,1,No crop/Fallow,Sugarcane
2897,A3_S1_S2_sequence,GRU,1,No crop/Fallow,Sugarcane
2898,A3_S1_S2_sequence,GRU,1,Wheat,Sugarcane
2899,A3_S1_S2_sequence,GRU,1,Mustard,Sugarcane
2903,A3_S1_S2_sequence,GRU,1,Wheat,Wheat
2909,A3_S1_S2_sequence,GRU,1,Wheat,Wheat
2910,A3_S1_S2_sequence,GRU,1,Wheat,Wheat
2911,A3_S1_S2_sequence,GRU,1,Lentil,Mustard
2916,A3_S1_S2_sequence,GRU,1,Wheat,Wheat
2917,A3_S1_S2_sequence,GRU,1,Wheat,Wheat
2918,A3_S1_S2_sequence,GRU,1,Mustard,Coriander
2919,A3_S1_S2_sequence,GRU,1,Wheat,Wheat
2943,A3_S1_S2_sequence,GRU,1,Mustard,Sugarcane
2945,A3_S1_S2_sequence,GRU,1,Mustard,Lentil
2946,A3_S1_S2_sequence,GRU,1,Wheat,Wheat
2947,A3_S1_S2_sequence,GRU,1,Wheat,Wheat
2948,A3_S1_S2_sequence,GRU,1,Mustard,Lentil
2952,A3_S1_S2_sequence,GRU,1,Sugarcane,Sugarcane
2959,A3_S1_S2_sequence,GRU,1,Wheat,Wheat
2968,A3_S1_S2_sequence,GRU,1,Lentil,Lentil
2978,A3_S1_S2_sequence,GRU,1,Wheat,Wheat
2992,A3_S1_S2_sequence,GRU,1,Coriander,Green pea
2993,A3_S1_S2_sequence,GRU,1,Wheat,Wheat
2994,A3_S1_S2_sequence,GRU,1,Wheat,Wheat
2995,A3_S1_S2_sequence,GRU,1,Mustard,Wheat
2996,A3_S1_S2_sequence,GRU,1,Wheat,Wheat
3002,A3_S1_S2_sequence,GRU,1,Wheat,Wheat
3004,A3_S1_S2_sequence,GRU,1,Mustard,Wheat
3012,A3_S1_S2_sequence,GRU,1,Wheat,Wheat
3013,A3_S1_S2_sequence,GRU,1,Wheat,Wheat
3014,A3_S1_S2_sequence,GRU,1,Wheat,Coriander
3052,A3_S1_S2_sequence,GRU,1,Lentil,Lentil
3053,A3_S1_S2_sequence,GRU,1,Wheat,Wheat
3054,A3_S1_S2_sequence,GRU,1,Wheat,Wheat
3055,A3_S1_S2_sequence,GRU,1,Wheat,Green pea
3056,A3_S1_S2_sequence,GRU,1,Wheat,Wheat
3062,A3_S1_S2_sequence,GRU,1,Mustard,Mustard
3063,A3_S1_S2_sequence,GRU,1,Wheat,Wheat
3072,A3_S1_S2_sequence,GRU,1,Lentil,Green pea
3073,A3_S1_S2_sequence,GRU,1,Wheat,Bersem
3075,A3_S1_S2_sequence,GRU,1,Wheat,Lentil
3078,A3_S1_S2_sequence,GRU,1,Wheat,Bersem
3080,A3_S1_S2_sequence,GRU,1,Wheat,Wheat
3081,A3_S1_S2_sequence,GRU,1,Wheat,Bersem
3082,A3_S1_S2_sequence,GRU,1,Wheat,Wheat
3083,A3_S1_S2_sequence,GRU,1,Wheat,Wheat
3087,A3_S1_S2_sequence,GRU,1,Wheat,Wheat
3088,A3_S1_S2_sequence,GRU,1,Mustard,Lentil
3090,A3_S1_S2_sequence,GRU,1,Wheat,Sugarcane
3092,A3_S1_S2_sequence,GRU,1,Wheat,Sugarcane
3094,A3_S1_S2_sequence,GRU,1,Wheat,Wheat
3096,A3_S1_S2_sequence,GRU,1,Wheat,Wheat
3097,A3_S1_S2_sequence,GRU,1,Mustard,Wheat
3098,A3_S1_S2_sequence,GRU,1,No crop/Fallow,Wheat
3099,A3_S1_S2_sequence,GRU,1,Wheat,Wheat
3100,A3_S1_S2_sequence,GRU,1,Wheat,Coriander
3102,A3_S1_S2_sequence,GRU,1,Potato,Sugarcane
3104,A3_S1_S2_sequence,GRU,1,Wheat,Wheat
3130,A3_S1_S2_sequence,GRU,1,Wheat,Wheat
3131,A3_S1_S2_sequence,GRU,1,Mustard,Sugarcane
3132,A3_S1_S2_sequence,GRU,1,Mustard,Mustard
3133,A3_S1_S2_sequence,GRU,1,Mustard,Bersem
3134,A3_S1_S2_sequence,GRU,1,Wheat,Wheat
3135,A3_S1_S2_sequence,GRU,1,Wheat,Wheat
3151,A3_S1_S2_sequence,GRU,1,Wheat,Wheat
3152,A3_S1_S2_sequence,GRU,1,Wheat,Wheat
3153,A3_S1_S2_sequence,GRU,1,Wheat,Wheat
3156,A3_S1_S2_sequence,GRU,1,Lentil,Coriander
3173,A3_S1_S2_sequence,GRU,1,Wheat,Wheat
3175,A3_S1_S2_sequence,GRU,1,Wheat,Wheat
3176,A3_S1_S2_sequence,GRU,1,Wheat,Mustard
3181,A3_S1_S2_sequence,GRU,1,No crop/Fallow,Potato
3185,A3_S1_S2_sequence,GRU,1,Lentil,Lentil
3186,A3_S1_S2_sequence,GRU,1,Wheat,Wheat
3188,A3_S1_S2_sequence,GRU,1,Mustard,Potato
3189,A3_S1_S2_sequence,GRU,1,No crop/Fallow,Sugarcane
3190,A3_S1_S2_sequence,GRU,1,No crop/Fallow,Sugarcane
3191,A3_S1_S2_sequence,GRU,1,Mustard,Sugarcane
3195,A3_S1_S2_sequence,GRU,1,Wheat,Wheat
3196,A3_S1_S2_sequence,GRU,1,Wheat,Wheat
3197,A3_S1_S2_sequence,GRU,1,Mustard,Mustard
3199,A3_S1_S2_sequence,GRU,1,Wheat,Coriander
3200,A3_S1_S2_sequence,GRU,1,Mustard,Coriander
3216,A3_S1_S2_sequence,GRU,1,Mustard,Sugarcane
3217,A3_S1_S2_sequence,GRU,1,Wheat,Wheat
3222,A3_S1_S2_sequence,GRU,1,Wheat,Wheat
3229,A3_S1_S2_sequence,GRU,1,Wheat,Green pea
3230,A3_S1_S2_sequence,GRU,1,Wheat,Potato
3231,A3_S1_S2_sequence,GRU,1,Mustard,Bersem
3232,A3_S1_S2_sequence,GRU,1,Wheat,Mustard
3234,A3_S1_S2_sequence,GRU,1,Green pea,Green pea
3244,A3_S1_S2_sequence,GRU,1,Wheat,Wheat
3245,A3_S1_S2_sequence,GRU,1,Wheat,Green pea
3246,A3_S1_S2_sequence,GRU,1,Wheat,Wheat
3247,A3_S1_S2_sequence,GRU,1,Mustard,Mustard
3248,A3_S1_S2_sequence,GRU,1,Wheat,Green pea
3249,A3_S1_S2_sequence,GRU,1,Wheat,Wheat
3250,A3_S1_S2_sequence,GRU,1,Garlic,Lentil
3252,A3_S1_S2_sequence,GRU,1,Wheat,Green pea
3255,A3_S1_S2_sequence,GRU,1,Wheat,Green pea
3270,A3_S1_S2_sequence,GRU,1,Maize,Bersem
3273,A3_S1_S2_sequence,GRU,1,Wheat,Bersem
3298,A3_S1_S2_sequence,GRU,1,Wheat,Wheat
3299,A3_S1_S2_sequence,GRU,1,Wheat,Wheat
3316,A3_S1_S2_sequence,GRU,1,Mustard,Mustard
3319,A3_S1_S2_sequence,GRU,1,Mustard,Mustard
3320,A3_S1_S2_sequence,GRU,1,Wheat,Green pea
3321,A3_S1_S2_sequence,GRU,1,Wheat,Wheat
3322,A3_S1_S2_sequence,GRU,1,Wheat,Wheat
3323,A3_S1_S2_sequence,GRU,1,Mustard,Green pea
3331,A3_S1_S2_sequence,GRU,1,No crop/Fallow,Sugarcane
3332,A3_S1_S2_sequence,GRU,1,Sugarcane,Sugarcane
3333,A3_S1_S2_sequence,GRU,1,Mustard,Sugarcane
3341,A3_S1_S2_sequence,GRU,1,Mustard,Bersem
3342,A3_S1_S2_sequence,GRU,1,Wheat,Wheat
3343,A3_S1_S2_sequence,GRU,1,Wheat,Bersem
3344,A3_S1_S2_sequence,GRU,1,Sugarcane,Sugarcane
3345,A3_S1_S2_sequence,GRU,1,Mustard,Sugarcane
3346,A3_S1_S2_sequence,GRU,1,Wheat,Wheat
3347,A3_S1_S2_sequence,GRU,1,Wheat,Wheat
3352,A3_S1_S2_sequence,GRU,1,Mustard,Lentil
3353,A3_S1_S2_sequence,GRU,1,Mustard,Green pea
3354,A3_S1_S2_sequence,GRU,1,Wheat,Wheat
3355,A3_S1_S2_sequence,GRU,1,Wheat,Wheat
3356,A3_S1_S2_sequence,GRU,1,Wheat,Bersem
3357,A3_S1_S2_sequence,GRU,1,No crop/Fallow,Wheat
3358,A3_S1_S2_sequence,GRU,1,Mustard,Mustard
3360,A3_S1_S2_sequence,GRU,1,Mustard,Wheat
3361,A3_S1_S2_sequence,GRU,1,Mustard,Sugarcane
3365,A3_S1_S2_sequence,GRU,1,Wheat,Sugarcane
3396,A3_S1_S2_sequence,GRU,1,Wheat,Wheat
3397,A3_S1_S2_sequence,GRU,1,Wheat,Wheat
3399,A3_S1_S2_sequence,GRU,1,Wheat,Wheat
3400,A3_S1_S2_sequence,GRU,1,Sugarcane,Sugarcane
3412,A3_S1_S2_sequence,GRU,1,Mustard,Bersem
3423,A3_S1_S2_sequence,GRU,1,No crop/Fallow,Mustard
3424,A3_S1_S2_sequence,GRU,1,Wheat,Sugarcane
3425,A3_S1_S2_sequence,GRU,1,No crop/Fallow,Sugarcane
3426,A3_S1_S2_sequence,GRU,1,Mustard,Sugarcane
3434,A3_S1_S2_sequence,GRU,1,Wheat,Maize
3435,A3_S1_S2_sequence,GRU,1,No crop/Fallow,Sugarcane
3437,A3_S1_S2_sequence,GRU,1,Wheat,Wheat
3438,A3_S1_S2_sequence,GRU,1,Wheat,Wheat
3439,A3_S1_S2_sequence,GRU,1,Wheat,Wheat
3449,A3_S1_S2_sequence,GRU,1,Wheat,Wheat
3450,A3_S1_S2_sequence,GRU,1,Mustard,Mustard
3460,A3_S1_S2_sequence,GRU,1,Wheat,Bersem
3461,A3_S1_S2_sequence,GRU,1,Wheat,Bersem
3495,A3_S1_S2_sequence,GRU,1,Wheat,Coriander
3508,A3_S1_S2_sequence,GRU,1,Wheat,Wheat
3509,A3_S1_S2_sequence,GRU,1,Wheat,Wheat
3510,A3_S1_S2_sequence,GRU,1,Mustard,Lentil
3511,A3_S1_S2_sequence,GRU,1,Wheat,Wheat
3519,A3_S1_S2_sequence,GRU,1,Wheat,Green pea
3520,A3_S1_S2_sequence,GRU,1,Wheat,Green pea
3529,A3_S1_S2_sequence,GRU,1,Wheat,Bersem
3530,A3_S1_S2_sequence,GRU,1,Mustard,Bersem
3552,A3_S1_S2_sequence,GRU,1,No crop/Fallow,Bersem
3553,A3_S1_S2_sequence,GRU,1,Wheat,Wheat
3554,A3_S1_S2_sequence,GRU,1,Mustard,Potato
3555,A3_S1_S2_sequence,GRU,1,Wheat,Wheat
3562,A3_S1_S2_sequence,GRU,1,Wheat,Wheat
3564,A3_S1_S2_sequence,GRU,1,Mustard,Lentil
3565,A3_S1_S2_sequence,GRU,1,Wheat,Wheat
3566,A3_S1_S2_sequence,GRU,1,No crop/Fallow,No crop/Fallow
3571,A3_S1_S2_sequence,GRU,1,Wheat,Wheat
3572,A3_S1_S2_sequence,GRU,1,Mustard,Wheat
3573,A3_S1_S2_sequence,GRU,1,Wheat,Wheat
3574,A3_S1_S2_sequence,GRU,1,Wheat,Wheat
3575,A3_S1_S2_sequence,GRU,1,Wheat,Wheat
3591,A3_S1_S2_sequence,GRU,1,Wheat,Wheat
3592,A3_S1_S2_sequence,GRU,1,Wheat,Wheat
3593,A3_S1_S2_sequence,GRU,1,Mustard,Garlic
3597,A3_S1_S2_sequence,GRU,1,Wheat,Wheat
3599,A3_S1_S2_sequence,GRU,1,Wheat,Wheat
3611,A3_S1_S2_sequence,GRU,1,Wheat,Wheat
3612,A3_S1_S2_sequence,GRU,1,Wheat,Wheat
3613,A3_S1_S2_sequence,GRU,1,Mustard,Wheat
3618,A3_S1_S2_sequence,GRU,1,Wheat,Wheat
3619,A3_S1_S2_sequence,GRU,1,Wheat,Wheat
3620,A3_S1_S2_sequence,GRU,1,Wheat,Potato
3621,A3_S1_S2_sequence,GRU,1,Wheat,Wheat
3623,A3_S1_S2_sequence,GRU,1,Wheat,Lentil
3625,A3_S1_S2_sequence,GRU,1,Bersem,Wheat
3626,A3_S1_S2_sequence,GRU,1,Wheat,Sugarcane
3627,A3_S1_S2_sequence,GRU,1,Sugarcane,Coriander
3628,A3_S1_S2_sequence,GRU,1,Wheat,Wheat
3629,A3_S1_S2_sequence,GRU,1,No crop/Fallow,Sugarcane
3646,A3_S1_S2_sequence,GRU,1,No crop/Fallow,No crop/Fallow
3647,A3_S1_S2_sequence,GRU,1,No crop/Fallow,Rice
3671,A3_S1_S2_sequence,GRU,1,No crop/Fallow,Rice
3672,A3_S1_S2_sequence,GRU,1,No crop/Fallow,No crop/Fallow
3673,A3_S1_S2_sequence,GRU,1,No crop/Fallow,No crop/Fallow
3674,A3_S1_S2_sequence,GRU,1,No crop/Fallow,Potato
3747,A3_S1_S2_sequence,GRU,1,No crop/Fallow,Potato
3748,A3_S1_S2_sequence,GRU,1,No crop/Fallow,No crop/Fallow
3753,A3_S1_S2_sequence,GRU,1,No crop/Fallow,Rice
3754,A3_S1_S2_sequence,GRU,1,No crop/Fallow,No crop/Fallow
3755,A3_S1_S2_sequence,GRU,1,No crop/Fallow,No crop/Fallow
3762,A3_S1_S2_sequence,GRU,1,No crop/Fallow,Rice
3765,A3_S1_S2_sequence,GRU,1,No crop/Fallow,Rice
3766,A3_S1_S2_sequence,GRU,1,No crop/Fallow,Rice
3767,A3_S1_S2_sequence,GRU,1,No crop/Fallow,Rice
3775,A3_S1_S2_sequence,GRU,1,No crop/Fallow,No crop/Fallow
3776,A3_S1_S2_sequence,GRU,1,No crop/Fallow,Rice
3777,A3_S1_S2_sequence,GRU,1,No crop/Fallow,Rice
3778,A3_S1_S2_sequence,GRU,1,No crop/Fallow,Rice
3779,A3_S1_S2_sequence,GRU,1,No crop/Fallow,Rice
3780,A3_S1_S2_sequence,GRU,1,No crop/Fallow,No crop/Fallow
3785,A3_S1_S2_sequence,GRU,1,No crop/Fallow,No crop/Fallow
3786,A3_S1_S2_sequence,GRU,1,No crop/Fallow,No crop/Fallow
3787,A3_S1_S2_sequence,GRU,1,No crop/Fallow,No crop/Fallow
3789,A3_S1_S2_sequence,GRU,1,No crop/Fallow,Potato
3790,A3_S1_S2_sequence,GRU,1,No crop/Fallow,No crop/Fallow
3791,A3_S1_S2_sequence,GRU,1,No crop/Fallow,No crop/Fallow
3819,A3_S1_S2_sequence,GRU,1,No crop/Fallow,No crop/Fallow
3820,A3_S1_S2_sequence,GRU,1,No crop/Fallow,No crop/Fallow
3821,A3_S1_S2_sequence,GRU,1,No crop/Fallow,No crop/Fallow
3822,A3_S1_S2_sequence,GRU,1,No crop/Fallow,No crop/Fallow
3830,A3_S1_S2_sequence,GRU,1,No crop/Fallow,Rice
3831,A3_S1_S2_sequence,GRU,1,No crop/Fallow,Rice
3833,A3_S1_S2_sequence,GRU,1,No crop/Fallow,No crop/Fallow
3834,A3_S1_S2_sequence,GRU,1,No crop/Fallow,Rice
3845,A3_S1_S2_sequence,GRU,1,Rice,No crop/Fallow
3856,A3_S1_S2_sequence,GRU,1,No crop/Fallow,Rice
3857,A3_S1_S2_sequence,GRU,1,No crop/Fallow,Rice
3858,A3_S1_S2_sequence,GRU,1,No crop/Fallow,Rice
3859,A3_S1_S2_sequence,GRU,1,No crop/Fallow,Rice
3860,A3_S1_S2_sequence,GRU,1,No crop/Fallow,Rice
3865,A3_S1_S2_sequence,GRU,1,No crop/Fallow,No crop/Fallow
3866,A3_S1_S2_sequence,GRU,1,No crop/Fallow,Rice
3867,A3_S1_S2_sequence,GRU,1,No crop/Fallow,Rice
3868,A3_S1_S2_sequence,GRU,1,No crop/Fallow,No crop/Fallow
3869,A3_S1_S2_sequence,GRU,1,No crop/Fallow,No crop/Fallow
3870,A3_S1_S2_sequence,GRU,1,No crop/Fallow,No crop/Fallow
3934,A3_S1_S2_sequence,GRU,1,Rice,No crop/Fallow
3936,A3_S1_S2_sequence,GRU,1,Rice,Rice
3955,A3_S1_S2_sequence,GRU,1,No crop/Fallow,No crop/Fallow
3956,A3_S1_S2_sequence,GRU,1,No crop/Fallow,Rice
3957,A3_S1_S2_sequence,GRU,1,No crop/Fallow,Rice
3958,A3_S1_S2_sequence,GRU,1,No crop/Fallow,Rice
3959,A3_S1_S2_sequence,GRU,1,No crop/Fallow,Rice
3960,A3_S1_S2_sequence,GRU,1,No crop/Fallow,Rice
3971,A3_S1_S2_sequence,GRU,1,No crop/Fallow,No crop/Fallow
3979,A3_S1_S2_sequence,GRU,1,No crop/Fallow,Rice
3980,A3_S1_S2_sequence,GRU,1,No crop/Fallow,No crop/Fallow
4007,A3_S1_S2_sequence,GRU,1,Rice,No crop/Fallow
4008,A3_S1_S2_sequence,GRU,1,Rice,No crop/Fallow
4015,A3_S1_S2_sequence,GRU,1,No crop/Fallow,Rice
4016,A3_S1_S2_sequence,GRU,1,No crop/Fallow,Rice
4017,A3_S1_S2_sequence,GRU,1,No crop/Fallow,Rice
4027,A3_S1_S2_sequence,GRU,1,No crop/Fallow,Rice
4028,A3_S1_S2_sequence,GRU,1,No crop/Fallow,Rice
4029,A3_S1_S2_sequence,GRU,1,No crop/Fallow,Rice
4051,A3_S1_S2_sequence,GRU,1,No crop/Fallow,No crop/Fallow
4052,A3_S1_S2_sequence,GRU,1,No crop/Fallow,Rice
4053,A3_S1_S2_sequence,GRU,1,No crop/Fallow,Rice
4054,A3_S1_S2_sequence,GRU,1,No crop/Fallow,Rice
4055,A3_S1_S2_sequence,GRU,1,No crop/Fallow,Rice
4056,A3_S1_S2_sequence,GRU,1,No crop/Fallow,Rice
4057,A3_S1_S2_sequence,GRU,1,No crop/Fallow,No crop/Fallow
4096,A3_S1_S2_sequence,GRU,1,No crop/Fallow,Rice
4097,A3_S1_S2_sequence,GRU,1,No crop/Fallow,Rice
4098,A3_S1_S2_sequence,GRU,1,No crop/Fallow,Rice
4099,A3_S1_S2_sequence,GRU,1,No crop/Fallow,Rice
4100,A3_S1_S2_sequence,GRU,1,No crop/Fallow,Rice
4101,A3_S1_S2_sequence,GRU,1,No crop/Fallow,Rice
4104,A3_S1_S2_sequence,GRU,1,No crop/Fallow,Rice
4106,A3_S1_S2_sequence,GRU,1,No crop/Fallow,Potato
4107,A3_S1_S2_sequence,GRU,1,No crop/Fallow,Rice
4108,A3_S1_S2_sequence,GRU,1,No crop/Fallow,No crop/Fallow
4127,A3_S1_S2_sequence,GRU,1,No crop/Fallow,No crop/Fallow
4129,A3_S1_S2_sequence,GRU,1,No crop/Fallow,No crop/Fallow
4138,A3_S1_S2_sequence,GRU,1,Rice,No crop/Fallow
4140,A3_S1_S2_sequence,GRU,1,Rice,No crop/Fallow
4144,A3_S1_S2_sequence,GRU,1,No crop/Fallow,No crop/Fallow
4169,A3_S1_S2_sequence,GRU,1,No crop/Fallow,No crop/Fallow
4170,A3_S1_S2_sequence,GRU,1,No crop/Fallow,No crop/Fallow
4175,A3_S1_S2_sequence,GRU,1,No crop/Fallow,Rice
4176,A3_S1_S2_sequence,GRU,1,No crop/Fallow,Rice
4177,A3_S1_S2_sequence,GRU,1,No crop/Fallow,No crop/Fallow
4180,A3_S1_S2_sequence,GRU,1,Rice,Rice
4195,A3_S1_S2_sequence,GRU,1,No crop/Fallow,No crop/Fallow
4196,A3_S1_S2_sequence,GRU,1,No crop/Fallow,No crop/Fallow
4198,A3_S1_S2_sequence,GRU,1,No crop/Fallow,No crop/Fallow
4201,A3_S1_S2_sequence,GRU,1,No crop/Fallow,No crop/Fallow
4202,A3_S1_S2_sequence,GRU,1,No crop/Fallow,Rice
4203,A3_S1_S2_sequence,GRU,1,No crop/Fallow,Potato
4213,A3_S1_S2_sequence,GRU,1,No crop/Fallow,Rice
4214,A3_S1_S2_sequence,GRU,1,No crop/Fallow,No crop/Fallow
4215,A3_S1_S2_sequence,GRU,1,No crop/Fallow,No crop/Fallow
4216,A3_S1_S2_sequence,GRU,1,No crop/Fallow,No crop/Fallow
4217,A3_S1_S2_sequence,GRU,1,No crop/Fallow,Potato
4271,A3_S1_S2_sequence,GRU,1,No crop/Fallow,Rice
4293,A3_S1_S2_sequence,GRU,1,No crop/Fallow,Rice
4296,A3_S1_S2_sequence,GRU,1,No crop/Fallow,Potato
4297,A3_S1_S2_sequence,GRU,1,No crop/Fallow,Rice
4305,A3_S1_S2_sequence,GRU,1,No crop/Fallow,No crop/Fallow
4322,A3_S1_S2_sequence,GRU,1,Rice,No crop/Fallow
4334,A3_S1_S2_sequence,GRU,1,No crop/Fallow,No crop/Fallow
4335,A3_S1_S2_sequence,GRU,1,No crop/Fallow,Rice
4336,A3_S1_S2_sequence,GRU,1,No crop/Fallow,No crop/Fallow
4337,A3_S1_S2_sequence,GRU,1,No crop/Fallow,Rice
4338,A3_S1_S2_sequence,GRU,1,No crop/Fallow,Rice
4339,A3_S1_S2_sequence,GRU,1,No crop/Fallow,Rice
4345,A3_S1_S2_sequence,GRU,1,No crop/Fallow,Rice
4347,A3_S1_S2_sequence,GRU,1,No crop/Fallow,No crop/Fallow
4348,A3_S1_S2_sequence,GRU,1,No crop/Fallow,No crop/Fallow
4352,A3_S1_S2_sequence,GRU,1,No crop/Fallow,No crop/Fallow
4353,A3_S1_S2_sequence,GRU,1,No crop/Fallow,No crop/Fallow
4354,A3_S1_S2_sequence,GRU,1,No crop/Fallow,No crop/Fallow
4355,A3_S1_S2_sequence,GRU,1,No crop/Fallow,No crop/Fallow
4356,A3_S1_S2_sequence,GRU,1,No crop/Fallow,No crop/Fallow
4357,A3_S1_S2_sequence,GRU,1,No crop/Fallow,Rice
4358,A3_S1_S2_sequence,GRU,1,No crop/Fallow,No crop/Fallow
4360,A3_S1_S2_sequence,GRU,1,Potato,Rice
4361,A3_S1_S2_sequence,GRU,1,Potato,No crop/Fallow
4362,A3_S1_S2_sequence,GRU,1,No crop/Fallow,Rice
4363,A3_S1_S2_sequence,GRU,1,Green pea,Rice
4364,A3_S1_S2_sequence,GRU,1,Garlic,No crop/Fallow
4373,A3_S1_S2_sequence,GRU,1,No crop/Fallow,Rice
4375,A3_S1_S2_sequence,GRU,1,No crop/Fallow,Rice
4376,A3_S1_S2_sequence,GRU,1,No crop/Fallow,Rice
4377,A3_S1_S2_sequence,GRU,1,No crop/Fallow,Rice
4378,A3_S1_S2_sequence,GRU,1,No crop/Fallow,Rice
4384,A3_S1_S2_sequence,GRU,1,No crop/Fallow,No crop/Fallow
4385,A3_S1_S2_sequence,GRU,1,No crop/Fallow,Rice
4399,A3_S1_S2_sequence,GRU,1,No crop/Fallow,No crop/Fallow
4400,A3_S1_S2_sequence,GRU,1,No crop/Fallow,No crop/Fallow
4401,A3_S1_S2_sequence,GRU,1,No crop/Fallow,No crop/Fallow
4410,A3_S1_S2_sequence,GRU,1,No crop/Fallow,No crop/Fallow
4411,A3_S1_S2_sequence,GRU,1,No crop/Fallow,No crop/Fallow
4412,A3_S1_S2_sequence,GRU,1,No crop/Fallow,No crop/Fallow
4420,A3_S1_S2_sequence,GRU,1,Rice,No crop/Fallow
4429,A3_S1_S2_sequence,GRU,1,No crop/Fallow,No crop/Fallow
4431,A3_S1_S2_sequence,GRU,1,No crop/Fallow,No crop/Fallow
4432,A3_S1_S2_sequence,GRU,1,No crop/Fallow,No crop/Fallow
4433,A3_S1_S2_sequence,GRU,1,No crop/Fallow,Rice
4482,A3_S1_S2_sequence,GRU,1,No crop/Fallow,Potato
4484,A3_S1_S2_sequence,GRU,1,No crop/Fallow,No crop/Fallow
4485,A3_S1_S2_sequence,GRU,1,No crop/Fallow,No crop/Fallow
4486,A3_S1_S2_sequence,GRU,1,No crop/Fallow,No crop/Fallow
4487,A3_S1_S2_sequence,GRU,1,No crop/Fallow,No crop/Fallow
4507,A3_S1_S2_sequence,GRU,1,No crop/Fallow,Potato
4510,A3_S1_S2_sequence,GRU,1,No crop/Fallow,Rice
4511,A3_S1_S2_sequence,GRU,1,No crop/Fallow,Rice
4513,A3_S1_S2_sequence,GRU,1,No crop/Fallow,No crop/Fallow
4517,A3_S1_S2_sequence,GRU,1,No crop/Fallow,No crop/Fallow
4518,A3_S1_S2_sequence,GRU,1,No crop/Fallow,Rice
4519,A3_S1_S2_sequence,GRU,1,No crop/Fallow,Rice
4521,A3_S1_S2_sequence,GRU,1,No crop/Fallow,Rice
4581,A3_S1_S2_sequence,GRU,1,No crop/Fallow,No crop/Fallow
4582,A3_S1_S2_sequence,GRU,1,No crop/Fallow,Rice
4583,A3_S1_S2_sequence,GRU,1,No crop/Fallow,No crop/Fallow
4584,A3_S1_S2_sequence,GRU,1,No crop/Fallow,Rice
4585,A3_S1_S2_sequence,GRU,1,No crop/Fallow,No crop/Fallow
4592,A3_S1_S2_sequence,GRU,1,No crop/Fallow,Rice
4593,A3_S1_S2_sequence,GRU,1,No crop/Fallow,Rice
4594,A3_S1_S2_sequence,GRU,1,No crop/Fallow,Rice
4595,A3_S1_S2_sequence,GRU,1,No crop/Fallow,No crop/Fallow
4596,A3_S1_S2_sequence,GRU,1,No crop/Fallow,No crop/Fallow
4597,A3_S1_S2_sequence,GRU,1,No crop/Fallow,No crop/Fallow
4598,A3_S1_S2_sequence,GRU,1,No crop/Fallow,No crop/Fallow
4600,A3_S1_S2_sequence,GRU,1,No crop/Fallow,No crop/Fallow
4603,A3_S1_S2_sequence,GRU,1,No crop/Fallow,No crop/Fallow
4605,A3_S1_S2_sequence,GRU,1,No crop/Fallow,Rice
4616,A3_S1_S2_sequence,GRU,1,No crop/Fallow,No crop/Fallow
4650,A3_S1_S2_sequence,GRU,1,No crop/Fallow,No crop/Fallow
4652,A3_S1_S2_sequence,GRU,1,No crop/Fallow,No crop/Fallow
4655,A3_S1_S2_sequence,GRU,1,No crop/Fallow,No crop/Fallow
4656,A3_S1_S2_sequence,GRU,1,No crop/Fallow,No crop/Fallow
4675,A3_S1_S2_sequence,GRU,1,No crop/Fallow,Rice
4676,A3_S1_S2_sequence,GRU,1,No crop/Fallow,No crop/Fallow
4698,A3_S1_S2_sequence,GRU,1,Rice,No crop/Fallow
4699,A3_S1_S2_sequence,GRU,1,Rice,No crop/Fallow
4709,A3_S1_S2_sequence,GRU,1,No crop/Fallow,No crop/Fallow
4721,A3_S1_S2_sequence,GRU,1,No crop/Fallow,No crop/Fallow
4722,A3_S1_S2_sequence,GRU,1,No crop/Fallow,No crop/Fallow
4723,A3_S1_S2_sequence,GRU,1,No crop/Fallow,Rice
4727,A3_S1_S2_sequence,GRU,1,No crop/Fallow,No crop/Fallow
4728,A3_S1_S2_sequence,GRU,1,No crop/Fallow,Potato
4738,A3_S1_S2_sequence,GRU,1,No crop/Fallow,Rice
4739,A3_S1_S2_sequence,GRU,1,No crop/Fallow,No crop/Fallow
4740,A3_S1_S2_sequence,GRU,1,No crop/Fallow,Potato
4744,A3_S1_S2_sequence,GRU,1,No crop/Fallow,No crop/Fallow
4745,A3_S1_S2_sequence,GRU,1,Rice,No crop/Fallow
4747,A3_S1_S2_sequence,GRU,1,Rice,No crop/Fallow
4751,A3_S1_S2_sequence,GRU,1,No crop/Fallow,No crop/Fallow
4752,A3_S1_S2_sequence,GRU,1,No crop/Fallow,No crop/Fallow
4757,A3_S1_S2_sequence,GRU,1,No crop/Fallow,No crop/Fallow
4758,A3_S1_S2_sequence,GRU,1,No crop/Fallow,No crop/Fallow
4762,A3_S1_S2_sequence,GRU,1,Rice,Rice
4783,A3_S1_S2_sequence,GRU,1,No crop/Fallow,Rice
4784,A3_S1_S2_sequence,GRU,1,No crop/Fallow,Rice
4785,A3_S1_S2_sequence,GRU,1,No crop/Fallow,Rice
4786,A3_S1_S2_sequence,GRU,1,No crop/Fallow,No crop/Fallow
4787,A3_S1_S2_sequence,GRU,1,No crop/Fallow,Rice
4788,A3_S1_S2_sequence,GRU,1,No crop/Fallow,Rice
4794,A3_S1_S2_sequence,GRU,1,No crop/Fallow,Rice
4796,A3_S1_S2_sequence,GRU,1,Green pea,No crop/Fallow
4842,A3_S1_S2_sequence,GRU,1,No crop/Fallow,Rice
4852,A3_S1_S2_sequence,GRU,1,No crop/Fallow,No crop/Fallow
4853,A3_S1_S2_sequence,GRU,1,No crop/Fallow,Rice
4854,A3_S1_S2_sequence,GRU,1,No crop/Fallow,Rice
4856,A3_S1_S2_sequence,GRU,1,No crop/Fallow,No crop/Fallow
4864,A3_S1_S2_sequence,GRU,1,No crop/Fallow,Rice
4865,A3_S1_S2_sequence,GRU,1,No crop/Fallow,No crop/Fallow
4869,A3_S1_S2_sequence,GRU,1,Rice,No crop/Fallow
4873,A3_S1_S2_sequence,GRU,1,Rice,No crop/Fallow
4889,A3_S1_S2_sequence,GRU,1,No crop/Fallow,Rice
4892,A3_S1_S2_sequence,GRU,1,No crop/Fallow,No crop/Fallow
4893,A3_S1_S2_sequence,GRU,1,No crop/Fallow,No crop/Fallow
4922,A3_S1_S2_sequence,GRU,1,No crop/Fallow,No crop/Fallow
4924,A3_S1_S2_sequence,GRU,1,No crop/Fallow,No crop/Fallow
4929,A3_S1_S2_sequence,GRU,1,No crop/Fallow,Rice
4930,A3_S1_S2_sequence,GRU,1,No crop/Fallow,Rice
4932,A3_S1_S2_sequence,GRU,1,No crop/Fallow,Rice
4933,A3_S1_S2_sequence,GRU,1,No crop/Fallow,Rice
4934,A3_S1_S2_sequence,GRU,1,No crop/Fallow,Rice
4937,A3_S1_S2_sequence,GRU,1,No crop/Fallow,No crop/Fallow
4960,A3_S1_S2_sequence,GRU,1,No crop/Fallow,Rice
5006,A3_S1_S2_sequence,GRU,1,No crop/Fallow,Rice
5007,A3_S1_S2_sequence,GRU,1,No crop/Fallow,No crop/Fallow
5008,A3_S1_S2_sequence,GRU,1,No crop/Fallow,Rice
5024,A3_S1_S2_sequence,GRU,1,No crop/Fallow,Rice
5025,A3_S1_S2_sequence,GRU,1,No crop/Fallow,Rice
5026,A3_S1_S2_sequence,GRU,1,No crop/Fallow,No crop/Fallow
5044,A3_S1_S2_sequence,GRU,1,No crop/Fallow,No crop/Fallow
5045,A3_S1_S2_sequence,GRU,1,No crop/Fallow,No crop/Fallow
5046,A3_S1_S2_sequence,GRU,1,No crop/Fallow,No crop/Fallow
5047,A3_S1_S2_sequence,GRU,1,No crop/Fallow,No crop/Fallow
5048,A3_S1_S2_sequence,GRU,1,No crop/Fallow,No crop/Fallow
5049,A3_S1_S2_sequence,GRU,1,No crop/Fallow,Rice
5052,A3_S1_S2_sequence,GRU,1,No crop/Fallow,No crop/Fallow
5053,A3_S1_S2_sequence,GRU,1,No crop/Fallow,No crop/Fallow
5054,A3_S1_S2_sequence,GRU,1,No crop/Fallow,No crop/Fallow
5074,A3_S1_S2_sequence,GRU,1,No crop/Fallow,Rice
5075,A3_S1_S2_sequence,GRU,1,No crop/Fallow,Rice
5076,A3_S1_S2_sequence,GRU,1,No crop/Fallow,Rice
5107,A3_S1_S2_sequence,GRU,1,No crop/Fallow,Rice
5108,A3_S1_S2_sequence,GRU,1,No crop/Fallow,Rice
5109,A3_S1_S2_sequence,GRU,1,No crop/Fallow,Rice
5110,A3_S1_S2_sequence,GRU,1,No crop/Fallow,Rice
5112,A3_S1_S2_sequence,GRU,1,No crop/Fallow,No crop/Fallow
5113,A3_S1_S2_sequence,GRU,1,No crop/Fallow,No crop/Fallow
5114,A3_S1_S2_sequence,GRU,1,No crop/Fallow,Potato
5116,A3_S1_S2_sequence,GRU,1,No crop/Fallow,No crop/Fallow
5117,A3_S1_S2_sequence,GRU,1,No crop/Fallow,Potato
5118,A3_S1_S2_sequence,GRU,1,No crop/Fallow,Potato
5119,A3_S1_S2_sequence,GRU,1,No crop/Fallow,Potato
5120,A3_S1_S2_sequence,GRU,1,No crop/Fallow,No crop/Fallow
5121,A3_S1_S2_sequence,GRU,1,No crop/Fallow,No crop/Fallow
5129,A3_S1_S2_sequence,GRU,1,No crop/Fallow,No crop/Fallow
5130,A3_S1_S2_sequence,GRU,1,No crop/Fallow,No crop/Fallow
5132,A3_S1_S2_sequence,GRU,1,No crop/Fallow,Rice
5133,A3_S1_S2_sequence,GRU,1,No crop/Fallow,No crop/Fallow
5134,A3_S1_S2_sequence,GRU,1,No crop/Fallow,Rice
5142,A3_S1_S2_sequence,GRU,1,No crop/Fallow,Rice
5168,A3_S1_S2_sequence,GRU,1,No crop/Fallow,Rice
5189,A3_S1_S2_sequence,GRU,1,No crop/Fallow,Rice
5190,A3_S1_S2_sequence,GRU,1,No crop/Fallow,Rice
5191,A3_S1_S2_sequence,GRU,1,No crop/Fallow,Rice
5192,A3_S1_S2_sequence,GRU,1,No crop/Fallow,Rice
5199,A3_S1_S2_sequence,GRU,1,Rice,No crop/Fallow
5200,A3_S1_S2_sequence,GRU,1,Rice,No crop/Fallow
5202,A3_S1_S2_sequence,GRU,1,Rice,No crop/Fallow
5206,A3_S1_S2_sequence,GRU,1,No crop/Fallow,No crop/Fallow
5207,A3_S1_S2_sequence,GRU,1,No crop/Fallow,No crop/Fallow
5208,A3_S1_S2_sequence,GRU,1,No crop/Fallow,No crop/Fallow
5209,A3_S1_S2_sequence,GRU,1,No crop/Fallow,No crop/Fallow
5216,A3_S1_S2_sequence,GRU,1,No crop/Fallow,No crop/Fallow
5234,A3_S1_S2_sequence,GRU,1,No crop/Fallow,No crop/Fallow
5235,A3_S1_S2_sequence,GRU,1,No crop/Fallow,No crop/Fallow
5251,A3_S1_S2_sequence,GRU,1,No crop/Fallow,Rice
5252,A3_S1_S2_sequence,GRU,1,No crop/Fallow,No crop/Fallow
5255,A3_S1_S2_sequence,GRU,1,No crop/Fallow,No crop/Fallow
5256,A3_S1_S2_sequence,GRU,1,No crop/Fallow,Rice
5259,A3_S1_S2_sequence,GRU,1,No crop/Fallow,Rice
5262,A3_S1_S2_sequence,GRU,1,No crop/Fallow,Rice
5263,A3_S1_S2_sequence,GRU,1,No crop/Fallow,No crop/Fallow
5279,A3_S1_S2_sequence,GRU,1,Garlic,Garlic
5291,A3_S1_S2_sequence,GRU,1,Garlic,Garlic
5292,A3_S1_S2_sequence,GRU,1,Wheat,Wheat
5293,A3_S1_S2_sequence,GRU,1,Mustard,Mustard
5294,A3_S1_S2_sequence,GRU,1,Gram,Garlic
5295,A3_S1_S2_sequence,GRU,1,Wheat,Wheat
5320,A3_S1_S2_sequence,GRU,1,Wheat,Wheat
5322,A3_S1_S2_sequence,GRU,1,Wheat,Wheat
5348,A3_S1_S2_sequence,GRU,1,Mustard,Mustard
5352,A3_S1_S2_sequence,GRU,1,Mustard,Mustard
5353,A3_S1_S2_sequence,GRU,1,Gram,Gram
5354,A3_S1_S2_sequence,GRU,1,Wheat,Gram
5355,A3_S1_S2_sequence,GRU,1,Mustard,Mustard
5356,A3_S1_S2_sequence,GRU,1,Wheat,Gram
5357,A3_S1_S2_sequence,GRU,1,Gram,Gram
5371,A3_S1_S2_sequence,GRU,1,Wheat,Mustard
5373,A3_S1_S2_sequence,GRU,1,Mustard,Mustard
5377,A3_S1_S2_sequence,GRU,1,Mustard,Mustard
5378,A3_S1_S2_sequence,GRU,1,Mustard,Mustard
5379,A3_S1_S2_sequence,GRU,1,Mustard,Mustard
5380,A3_S1_S2_sequence,GRU,1,Garlic,Garlic
5381,A3_S1_S2_sequence,GRU,1,Gram,Wheat
5382,A3_S1_S2_sequence,GRU,1,Wheat,Gram
5383,A3_S1_S2_sequence,GRU,1,Mustard,Mustard
5400,A3_S1_S2_sequence,GRU,1,Mustard,Mustard
5402,A3_S1_S2_sequence,GRU,1,Mustard,Potato
5403,A3_S1_S2_sequence,GRU,1,Mustard,Mustard
5404,A3_S1_S2_sequence,GRU,1,Mustard,Green pea
5405,A3_S1_S2_sequence,GRU,1,Wheat,Wheat
5406,A3_S1_S2_sequence,GRU,1,Gram,Gram
5409,A3_S1_S2_sequence,GRU,1,Wheat,Garlic
5410,A3_S1_S2_sequence,GRU,1,Wheat,Wheat
5417,A3_S1_S2_sequence,GRU,1,Wheat,Garlic
5419,A3_S1_S2_sequence,GRU,1,Wheat,Gram
5420,A3_S1_S2_sequence,GRU,1,No crop/Fallow,Garlic
5421,A3_S1_S2_sequence,GRU,1,Wheat,Gram
5422,A3_S1_S2_sequence,GRU,1,Wheat,Gram
5471,A3_S1_S2_sequence,GRU,1,Wheat,Wheat
5475,A3_S1_S2_sequence,GRU,1,Wheat,Wheat
5476,A3_S1_S2_sequence,GRU,1,Garlic,Garlic
5489,A3_S1_S2_sequence,GRU,1,Mustard,Mustard
5490,A3_S1_S2_sequence,GRU,1,Mustard,Garlic
5491,A3_S1_S2_sequence,GRU,1,Mustard,Mustard
5492,A3_S1_S2_sequence,GRU,1,Mustard,Mustard
5493,A3_S1_S2_sequence,GRU,1,Wheat,Garlic
5494,A3_S1_S2_sequence,GRU,1,Mustard,Mustard
5520,A3_S1_S2_sequence,GRU,1,Mustard,Mustard
5521,A3_S1_S2_sequence,GRU,1,Wheat,Wheat
5522,A3_S1_S2_sequence,GRU,1,Gram,Gram
5523,A3_S1_S2_sequence,GRU,1,Wheat,Gram
5528,A3_S1_S2_sequence,GRU,1,Wheat,Wheat
5531,A3_S1_S2_sequence,GRU,1,Mustard,Mustard
5533,A3_S1_S2_sequence,GRU,1,Wheat,Gram
5544,A3_S1_S2_sequence,GRU,1,No crop/Fallow,Mustard
5545,A3_S1_S2_sequence,GRU,1,Mustard,Mustard
5549,A3_S1_S2_sequence,GRU,1,Mustard,Mustard
5550,A3_S1_S2_sequence,GRU,1,Wheat,Wheat
5551,A3_S1_S2_sequence,GRU,1,Mustard,Mustard
5556,A3_S1_S2_sequence,GRU,1,Wheat,Wheat
5558,A3_S1_S2_sequence,GRU,1,Mustard,Mustard
5577,A3_S1_S2_sequence,GRU,1,Wheat,Gram
5580,A3_S1_S2_sequence,GRU,1,No crop/Fallow,Wheat
5581,A3_S1_S2_sequence,GRU,1,Wheat,Wheat
5582,A3_S1_S2_sequence,GRU,1,Wheat,Mustard
5584,A3_S1_S2_sequence,GRU,1,No crop/Fallow,Wheat
5588,A3_S1_S2_sequence,GRU,1,Wheat,Garlic
5591,A3_S1_S2_sequence,GRU,1,Mustard,Garlic
5592,A3_S1_S2_sequence,GRU,1,Wheat,Wheat
5593,A3_S1_S2_sequence,GRU,1,Mustard,Wheat
5594,A3_S1_S2_sequence,GRU,1,Wheat,Wheat
5596,A3_S1_S2_sequence,GRU,1,Mustard,Mustard
5597,A3_S1_S2_sequence,GRU,1,Wheat,Wheat
5598,A3_S1_S2_sequence,GRU,1,Wheat,Gram
5611,A3_S1_S2_sequence,GRU,1,Garlic,Garlic
5612,A3_S1_S2_sequence,GRU,1,Wheat,Wheat
5614,A3_S1_S2_sequence,GRU,1,Gram,Gram
5650,A3_S1_S2_sequence,GRU,1,Mustard,Mustard
5651,A3_S1_S2_sequence,GRU,1,Mustard,Mustard
5697,A3_S1_S2_sequence,GRU,1,Wheat,Garlic
5711,A3_S1_S2_sequence,GRU,1,Wheat,Wheat
5712,A3_S1_S2_sequence,GRU,1,Wheat,Wheat
5717,A3_S1_S2_sequence,GRU,1,Mustard,Coriander
5719,A3_S1_S2_sequence,GRU,1,Mustard,Coriander
5722,A3_S1_S2_sequence,GRU,1,Mustard,Mustard
5723,A3_S1_S2_sequence,GRU,1,Garlic,Garlic
5733,A3_S1_S2_sequence,GRU,1,Wheat,Wheat
5734,A3_S1_S2_sequence,GRU,1,Wheat,Garlic
5756,A3_S1_S2_sequence,GRU,1,Wheat,Wheat
5757,A3_S1_S2_sequence,GRU,1,Wheat,Wheat
5758,A3_S1_S2_sequence,GRU,1,Mustard,Lentil
5760,A3_S1_S2_sequence,GRU,1,Wheat,Wheat
5762,A3_S1_S2_sequence,GRU,1,Mustard,Mustard
5763,A3_S1_S2_sequence,GRU,1,Mustard,Mustard
5818,A3_S1_S2_sequence,GRU,1,Wheat,Wheat
5819,A3_S1_S2_sequence,GRU,1,Mustard,Mustard
5820,A3_S1_S2_sequence,GRU,1,Mustard,Mustard
5822,A3_S1_S2_sequence,GRU,1,Gram,Garlic
5823,A3_S1_S2_sequence,GRU,1,Wheat,Wheat
5824,A3_S1_S2_sequence,GRU,1,Mustard,Garlic
5825,A3_S1_S2_sequence,GRU,1,Mustard,Gram
5865,A3_S1_S2_sequence,GRU,1,Gram,Gram
5866,A3_S1_S2_sequence,GRU,1,Mustard,Mustard
5867,A3_S1_S2_sequence,GRU,1,Mustard,Mustard
5868,A3_S1_S2_sequence,GRU,1,Wheat,Wheat
5869,A3_S1_S2_sequence,GRU,1,Wheat,Wheat
5870,A3_S1_S2_sequence,GRU,1,Wheat,Wheat
5871,A3_S1_S2_sequence,GRU,1,Wheat,Wheat
5872,A3_S1_S2_sequence,GRU,1,Wheat,Wheat
5873,A3_S1_S2_sequence,GRU,1,Garlic,Garlic
5911,A3_S1_S2_sequence,GRU,1,Wheat,Wheat
5942,A3_S1_S2_sequence,GRU,1,Mustard,Garlic
5945,A3_S1_S2_sequence,GRU,1,Wheat,Wheat
5979,A3_S1_S2_sequence,GRU,1,Mustard,Mustard
5983,A3_S1_S2_sequence,GRU,1,Bersem,Gram
6016,A3_S1_S2_sequence,GRU,1,Wheat,Gram
6017,A3_S1_S2_sequence,GRU,1,Mustard,Garlic
6024,A3_S1_S2_sequence,GRU,1,Mustard,Mustard
6025,A3_S1_S2_sequence,GRU,1,Mustard,Mustard
6026,A3_S1_S2_sequence,GRU,1,Mustard,Mustard
6027,A3_S1_S2_sequence,GRU,1,Mustard,Garlic
6028,A3_S1_S2_sequence,GRU,1,Mustard,Mustard
6029,A3_S1_S2_sequence,GRU,1,Mustard,Mustard
6031,A3_S1_S2_sequence,GRU,1,Gram,Garlic
6034,A3_S1_S2_sequence,GRU,1,Gram,Garlic
6035,A3_S1_S2_sequence,GRU,1,Mustard,Mustard
6036,A3_S1_S2_sequence,GRU,1,Mustard,Mustard
6037,A3_S1_S2_sequence,GRU,1,Wheat,Wheat
6040,A3_S1_S2_sequence,GRU,1,Wheat,Gram
6041,A3_S1_S2_sequence,GRU,1,Wheat,Garlic
6042,A3_S1_S2_sequence,GRU,1,Wheat,Wheat
6043,A3_S1_S2_sequence,GRU,1,Wheat,Gram
6044,A3_S1_S2_sequence,GRU,1,Wheat,Wheat
6045,A3_S1_S2_sequence,GRU,1,Gram,Gram
6059,A3_S1_S2_sequence,GRU,1,Wheat,Garlic
6061,A3_S1_S2_sequence,GRU,1,Wheat,Garlic
6062,A3_S1_S2_sequence,GRU,1,Mustard,Mustard
6063,A3_S1_S2_sequence,GRU,1,Wheat,Wheat
6067,A3_S1_S2_sequence,GRU,1,Mustard,Mustard
6068,A3_S1_S2_sequence,GRU,1,Wheat,Wheat
6088,A3_S1_S2_sequence,GRU,1,Mustard,No crop/Fallow
6090,A3_S1_S2_sequence,GRU,1,Wheat,Garlic
6091,A3_S1_S2_sequence,GRU,1,Garlic,Garlic
6103,A3_S1_S2_sequence,GRU,1,Wheat,Wheat
6104,A3_S1_S2_sequence,GRU,1,Wheat,Garlic
6117,A3_S1_S2_sequence,GRU,1,Mustard,Coriander
6121,A3_S1_S2_sequence,GRU,1,Mustard,Mustard
6122,A3_S1_S2_sequence,GRU,1,Mustard,Mustard
6127,A3_S1_S2_sequence,GRU,1,Mustard,Mustard
6128,A3_S1_S2_sequence,GRU,1,Mustard,Mustard
6129,A3_S1_S2_sequence,GRU,1,Mustard,Mustard
6130,A3_S1_S2_sequence,GRU,1,Wheat,Wheat
6168,A3_S1_S2_sequence,GRU,1,Wheat,Wheat
6174,A3_S1_S2_sequence,GRU,1,Mustard,Mustard
6175,A3_S1_S2_sequence,GRU,1,Mustard,Gram
6185,A3_S1_S2_sequence,GRU,1,Wheat,Wheat
6218,A3_S1_S2_sequence,GRU,1,Mustard,Mustard
6246,A3_S1_S2_sequence,GRU,1,Garlic,Gram
6248,A3_S1_S2_sequence,GRU,1,Gram,Gram
6249,A3_S1_S2_sequence,GRU,1,Gram,Gram
6275,A3_S1_S2_sequence,GRU,1,Mustard,Mustard
6277,A3_S1_S2_sequence,GRU,1,Mustard,Mustard
6278,A3_S1_S2_sequence,GRU,1,Mustard,Mustard
6279,A3_S1_S2_sequence,GRU,1,Mustard,Garlic
6280,A3_S1_S2_sequence,GRU,1,Mustard,Garlic
6286,A3_S1_S2_sequence,GRU,1,Wheat,Gram
6287,A3_S1_S2_sequence,GRU,1,Wheat,Wheat
6288,A3_S1_S2_sequence,GRU,1,Wheat,Garlic
6322,A3_S1_S2_sequence,GRU,1,Wheat,Maize
6323,A3_S1_S2_sequence,GRU,1,Mustard,Maize
6324,A3_S1_S2_sequence,GRU,1,Maize,Maize
6325,A3_S1_S2_sequence,GRU,1,Wheat,Maize
6354,A3_S1_S2_sequence,GRU,1,No crop/Fallow,Potato
6355,A3_S1_S2_sequence,GRU,1,Maize,Maize
6357,A3_S1_S2_sequence,GRU,1,Rice,Maize
6361,A3_S1_S2_sequence,GRU,1,Maize,Maize
6377,A3_S1_S2_sequence,GRU,1,Maize,Maize
6387,A3_S1_S2_sequence,GRU,1,Maize,Maize
6394,A3_S1_S2_sequence,GRU,1,Maize,Maize
6458,A3_S1_S2_sequence,GRU,1,Maize,Potato
6459,A3_S1_S2_sequence,GRU,1,Maize,Maize
6460,A3_S1_S2_sequence,GRU,1,Maize,Maize
6461,A3_S1_S2_sequence,GRU,1,Maize,Maize
6486,A3_S1_S2_sequence,GRU,1,Maize,Maize
6488,A3_S1_S2_sequence,GRU,1,Potato,Mustard
6492,A3_S1_S2_sequence,GRU,1,Maize,Maize
6493,A3_S1_S2_sequence,GRU,1,Wheat,Rice
6510,A3_S1_S2_sequence,GRU,1,No crop/Fallow,Maize
6511,A3_S1_S2_sequence,GRU,1,Maize,Maize
6512,A3_S1_S2_sequence,GRU,1,Maize,Maize
6513,A3_S1_S2_sequence,GRU,1,Maize,Maize
6515,A3_S1_S2_sequence,GRU,1,Maize,Maize
6516,A3_S1_S2_sequence,GRU,1,Maize,Maize
6519,A3_S1_S2_sequence,GRU,1,Maize,Maize
6521,A3_S1_S2_sequence,GRU,1,Maize,Maize
6523,A3_S1_S2_sequence,GRU,1,Maize,Rice
6524,A3_S1_S2_sequence,GRU,1,Maize,Maize
6532,A3_S1_S2_sequence,GRU,1,Maize,Maize
6535,A3_S1_S2_sequence,GRU,1,No crop/Fallow,Maize
6536,A3_S1_S2_sequence,GRU,1,No crop/Fallow,Rice
6537,A3_S1_S2_sequence,GRU,1,Maize,Rice
6538,A3_S1_S2_sequence,GRU,1,No crop/Fallow,Maize
6547,A3_S1_S2_sequence,GRU,1,No crop/Fallow,Rice
6549,A3_S1_S2_sequence,GRU,1,No crop/Fallow,Potato
6570,A3_S1_S2_sequence,GRU,1,No crop/Fallow,Rice
6582,A3_S1_S2_sequence,GRU,1,Maize,Rice
6583,A3_S1_S2_sequence,GRU,1,Mustard,Rice
6589,A3_S1_S2_sequence,GRU,1,Maize,Maize
6590,A3_S1_S2_sequence,GRU,1,Maize,Maize
6592,A3_S1_S2_sequence,GRU,1,Maize,Maize
6593,A3_S1_S2_sequence,GRU,1,Maize,Maize
6613,A3_S1_S2_sequence,GRU,1,No crop/Fallow,Maize
6614,A3_S1_S2_sequence,GRU,1,Wheat,Mustard
6615,A3_S1_S2_sequence,GRU,1,Wheat,Potato
6616,A3_S1_S2_sequence,GRU,1,Wheat,Rice
6617,A3_S1_S2_sequence,GRU,1,No crop/Fallow,Maize
6618,A3_S1_S2_sequence,GRU,1,Rice,Maize
6619,A3_S1_S2_sequence,GRU,1,Maize,Maize
6623,A3_S1_S2_sequence,GRU,1,Rice,Maize
6624,A3_S1_S2_sequence,GRU,1,Maize,Maize
6625,A3_S1_S2_sequence,GRU,1,Wheat,Maize
6636,A3_S1_S2_sequence,GRU,1,No crop/Fallow,No crop/Fallow
6637,A3_S1_S2_sequence,GRU,1,No crop/Fallow,Maize
6638,A3_S1_S2_sequence,GRU,1,No crop/Fallow,Rice
6640,A3_S1_S2_sequence,GRU,1,Maize,Maize
6641,A3_S1_S2_sequence,GRU,1,Maize,Maize
6642,A3_S1_S2_sequence,GRU,1,Maize,Maize
6655,A3_S1_S2_sequence,GRU,1,Maize,Maize
6656,A3_S1_S2_sequence,GRU,1,Maize,Maize
6658,A3_S1_S2_sequence,GRU,1,Wheat,Maize
6663,A3_S1_S2_sequence,GRU,1,No crop/Fallow,Maize
6666,A3_S1_S2_sequence,GRU,1,Maize,Maize
6671,A3_S1_S2_sequence,GRU,1,Maize,Potato
6678,A3_S1_S2_sequence,GRU,1,Maize,Potato
6679,A3_S1_S2_sequence,GRU,1,Maize,Maize
6681,A3_S1_S2_sequence,GRU,1,Maize,Maize
6683,A3_S1_S2_sequence,GRU,1,Rice,Rice
6684,A3_S1_S2_sequence,GRU,1,Rice,Maize
6687,A3_S1_S2_sequence,GRU,1,Rice,Maize
6689,A3_S1_S2_sequence,GRU,1,Maize,Maize
6692,A3_S1_S2_sequence,GRU,1,Mustard,Maize
6700,A3_S1_S2_sequence,GRU,1,No crop/Fallow,Mustard
6702,A3_S1_S2_sequence,GRU,1,No crop/Fallow,Rice
6729,A3_S1_S2_sequence,GRU,1,Mustard,Sugarcane
6733,A3_S1_S2_sequence,GRU,1,No crop/Fallow,Rice
6734,A3_S1_S2_sequence,GRU,1,Rice,Rice
6735,A3_S1_S2_sequence,GRU,1,No crop/Fallow,Rice
6736,A3_S1_S2_sequence,GRU,1,No crop/Fallow,Rice
6784,A3_S1_S2_sequence,GRU,1,Wheat,Wheat
6785,A3_S1_S2_sequence,GRU,1,Rice,Rice
6786,A3_S1_S2_sequence,GRU,1,Rice,Rice
6788,A3_S1_S2_sequence,GRU,1,Mustard,Rice
6818,A3_S1_S2_sequence,GRU,1,No crop/Fallow,Potato
6819,A3_S1_S2_sequence,GRU,1,Maize,Maize
6828,A3_S1_S2_sequence,GRU,1,No crop/Fallow,Maize
6829,A3_S1_S2_sequence,GRU,1,No crop/Fallow,Maize
6830,A3_S1_S2_sequence,GRU,1,No crop/Fallow,Maize
6831,A3_S1_S2_sequence,GRU,1,No crop/Fallow,Maize
6832,A3_S1_S2_sequence,GRU,1,No crop/Fallow,Maize
6833,A3_S1_S2_sequence,GRU,1,No crop/Fallow,Maize
6852,A3_S1_S2_sequence,GRU,1,Maize,Maize
6857,A3_S1_S2_sequence,GRU,1,Mustard,Rice
6858,A3_S1_S2_sequence,GRU,1,Mustard,Maize
6859,A3_S1_S2_sequence,GRU,1,Rice,Rice
6861,A3_S1_S2_sequence,GRU,1,Mustard,Maize
6877,A3_S1_S2_sequence,GRU,1,No crop/Fallow,Rice
6879,A3_S1_S2_sequence,GRU,1,Rice,Rice
6886,A3_S1_S2_sequence,GRU,1,Potato,Potato
6887,A3_S1_S2_sequence,GRU,1,Potato,Potato
6900,A3_S1_S2_sequence,GRU,1,Mustard,Rice
6910,A3_S1_S2_sequence,GRU,1,Maize,Maize
6911,A3_S1_S2_sequence,GRU,1,Maize,Maize
6913,A3_S1_S2_sequence,GRU,1,Maize,Maize
6937,A3_S1_S2_sequence,GRU,1,No crop/Fallow,Mustard
6938,A3_S1_S2_sequence,GRU,1,No crop/Fallow,Mustard
6941,A3_S1_S2_sequence,GRU,1,No crop/Fallow,Mustard
6957,A3_S1_S2_sequence,GRU,1,Maize,Potato
6959,A3_S1_S2_sequence,GRU,1,Maize,Maize
6969,A3_S1_S2_sequence,GRU,1,Maize,Maize
6982,A3_S1_S2_sequence,GRU,1,Maize,Maize
6984,A3_S1_S2_sequence,GRU,1,Maize,Maize
6990,A3_S1_S2_sequence,GRU,1,Maize,Maize
6997,A3_S1_S2_sequence,GRU,1,Rice,Rice
6999,A3_S1_S2_sequence,GRU,1,No crop/Fallow,Rice
7000,A3_S1_S2_sequence,GRU,1,No crop/Fallow,Maize
7004,A3_S1_S2_sequence,GRU,1,Mustard,Maize
7007,A3_S1_S2_sequence,GRU,1,Maize,Maize
7008,A3_S1_S2_sequence,GRU,1,No crop/Fallow,Rice
7009,A3_S1_S2_sequence,GRU,1,No crop/Fallow,Rice
7015,A3_S1_S2_sequence,GRU,1,Mustard,Maize
7045,A3_S1_S2_sequence,GRU,1,Maize,Maize
7047,A3_S1_S2_sequence,GRU,1,Maize,Maize
7071,A3_S1_S2_sequence,GRU,1,Maize,Rice
7073,A3_S1_S2_sequence,GRU,1,No crop/Fallow,Maize
7078,A3_S1_S2_sequence,GRU,1,Maize,Maize
7080,A3_S1_S2_sequence,GRU,1,Maize,Maize
7094,A3_S1_S2_sequence,GRU,1,Mustard,Rice
7095,A3_S1_S2_sequence,GRU,1,Mustard,Rice
7096,A3_S1_S2_sequence,GRU,1,No crop/Fallow,Rice
7097,A3_S1_S2_sequence,GRU,1,No crop/Fallow,Rice
7110,A3_S1_S2_sequence,GRU,1,Maize,Potato
7111,A3_S1_S2_sequence,GRU,1,No crop/Fallow,Potato
7112,A3_S1_S2_sequence,GRU,1,No crop/Fallow,Maize
7113,A3_S1_S2_sequence,GRU,1,No crop/Fallow,Maize
7115,A3_S1_S2_sequence,GRU,1,No crop/Fallow,Maize
7140,A3_S1_S2_sequence,GRU,1,Mustard,Potato
7141,A3_S1_S2_sequence,GRU,1,No crop/Fallow,Potato
7157,A3_S1_S2_sequence,GRU,1,Maize,Maize
7171,A3_S1_S2_sequence,GRU,1,Maize,Maize
7172,A3_S1_S2_sequence,GRU,1,Maize,Maize
7173,A3_S1_S2_sequence,GRU,1,No crop/Fallow,Maize
7174,A3_S1_S2_sequence,GRU,1,Maize,Maize
7175,A3_S1_S2_sequence,GRU,1,Maize,Maize
7206,A3_S1_S2_sequence,GRU,1,Rice,Maize
7224,A3_S1_S2_sequence,GRU,1,Mustard,Maize
7225,A3_S1_S2_sequence,GRU,1,Mustard,Maize
7268,A3_S1_S2_sequence,GRU,1,Wheat,Rice
7300,A3_S1_S2_sequence,GRU,1,Maize,Maize
7302,A3_S1_S2_sequence,GRU,1,Maize,Maize
7320,A3_S1_S2_sequence,GRU,1,No crop/Fallow,Maize
7321,A3_S1_S2_sequence,GRU,1,Maize,Maize
7322,A3_S1_S2_sequence,GRU,1,No crop/Fallow,Maize
7323,A3_S1_S2_sequence,GRU,1,No crop/Fallow,Maize
7324,A3_S1_S2_sequence,GRU,1,No crop/Fallow,Maize
1,A3_S1_S2_sequence,GRU,2,Wheat,Wheat
2,A3_S1_S2_sequence,GRU,2,Wheat,Wheat
3,A3_S1_S2_sequence,GRU,2,Wheat,Lentil
33,A3_S1_S2_sequence,GRU,2,Mustard,Sugarcane
34,A3_S1_S2_sequence,GRU,2,Lentil,Lentil
35,A3_S1_S2_sequence,GRU,2,Wheat,Lentil
83,A3_S1_S2_sequence,GRU,2,Wheat,Wheat
84,A3_S1_S2_sequence,GRU,2,Mustard,Wheat
85,A3_S1_S2_sequence,GRU,2,Mustard,Wheat
86,A3_S1_S2_sequence,GRU,2,Mustard,Mustard
87,A3_S1_S2_sequence,GRU,2,Wheat,Wheat
88,A3_S1_S2_sequence,GRU,2,No crop/Fallow,Wheat
89,A3_S1_S2_sequence,GRU,2,Sugarcane,Sugarcane
91,A3_S1_S2_sequence,GRU,2,Mustard,Sugarcane
120,A3_S1_S2_sequence,GRU,2,No crop/Fallow,Rice
126,A3_S1_S2_sequence,GRU,2,Wheat,Wheat
127,A3_S1_S2_sequence,GRU,2,Mustard,Lentil
128,A3_S1_S2_sequence,GRU,2,Wheat,Wheat
155,A3_S1_S2_sequence,GRU,2,Wheat,Wheat
156,A3_S1_S2_sequence,GRU,2,Wheat,Wheat
157,A3_S1_S2_sequence,GRU,2,Wheat,Lentil
158,A3_S1_S2_sequence,GRU,2,Wheat,Wheat
179,A3_S1_S2_sequence,GRU,2,Wheat,Wheat
181,A3_S1_S2_sequence,GRU,2,Wheat,Lentil
185,A3_S1_S2_sequence,GRU,2,Mustard,Sugarcane
206,A3_S1_S2_sequence,GRU,2,Wheat,Wheat
207,A3_S1_S2_sequence,GRU,2,Wheat,Sugarcane
211,A3_S1_S2_sequence,GRU,2,Mustard,Sugarcane
218,A3_S1_S2_sequence,GRU,2,Wheat,Mustard
228,A3_S1_S2_sequence,GRU,2,No crop/Fallow,Sugarcane
229,A3_S1_S2_sequence,GRU,2,Lentil,Lentil
284,A3_S1_S2_sequence,GRU,2,Mustard,Mustard
292,A3_S1_S2_sequence,GRU,2,Wheat,Lentil
293,A3_S1_S2_sequence,GRU,2,Mustard,Sugarcane
294,A3_S1_S2_sequence,GRU,2,Lentil,Sugarcane
295,A3_S1_S2_sequence,GRU,2,Sugarcane,Sugarcane
301,A3_S1_S2_sequence,GRU,2,Mustard,Green pea
302,A3_S1_S2_sequence,GRU,2,Wheat,Wheat
303,A3_S1_S2_sequence,GRU,2,Green pea,Wheat
322,A3_S1_S2_sequence,GRU,2,Green pea,Green pea
323,A3_S1_S2_sequence,GRU,2,Wheat,Sugarcane
342,A3_S1_S2_sequence,GRU,2,Lentil,Lentil
349,A3_S1_S2_sequence,GRU,2,No crop/Fallow,Sugarcane
350,A3_S1_S2_sequence,GRU,2,Sugarcane,Sugarcane
351,A3_S1_S2_sequence,GRU,2,Wheat,Wheat
352,A3_S1_S2_sequence,GRU,2,Sugarcane,Sugarcane
358,A3_S1_S2_sequence,GRU,2,Wheat,Wheat
359,A3_S1_S2_sequence,GRU,2,Wheat,Wheat
361,A3_S1_S2_sequence,GRU,2,Mustard,Lentil
362,A3_S1_S2_sequence,GRU,2,No crop/Fallow,Lentil
368,A3_S1_S2_sequence,GRU,2,No crop/Fallow,Green pea
369,A3_S1_S2_sequence,GRU,2,No crop/Fallow,Mustard
370,A3_S1_S2_sequence,GRU,2,No crop/Fallow,Wheat
371,A3_S1_S2_sequence,GRU,2,No crop/Fallow,Wheat
372,A3_S1_S2_sequence,GRU,2,Wheat,Lentil
373,A3_S1_S2_sequence,GRU,2,No crop/Fallow,Bersem
403,A3_S1_S2_sequence,GRU,2,Wheat,Wheat
406,A3_S1_S2_sequence,GRU,2,Wheat,Lentil
422,A3_S1_S2_sequence,GRU,2,Wheat,Wheat
425,A3_S1_S2_sequence,GRU,2,Wheat,Wheat
426,A3_S1_S2_sequence,GRU,2,No crop/Fallow,Sugarcane
427,A3_S1_S2_sequence,GRU,2,Wheat,Wheat
437,A3_S1_S2_sequence,GRU,2,Wheat,Wheat
438,A3_S1_S2_sequence,GRU,2,Sugarcane,Lentil
439,A3_S1_S2_sequence,GRU,2,Lentil,Mustard
451,A3_S1_S2_sequence,GRU,2,Wheat,Mustard
454,A3_S1_S2_sequence,GRU,2,Mustard,Lentil
456,A3_S1_S2_sequence,GRU,2,Sugarcane,Lentil
458,A3_S1_S2_sequence,GRU,2,Sugarcane,Lentil
459,A3_S1_S2_sequence,GRU,2,Mustard,Mustard
471,A3_S1_S2_sequence,GRU,2,Sugarcane,Sugarcane
472,A3_S1_S2_sequence,GRU,2,No crop/Fallow,Sugarcane
473,A3_S1_S2_sequence,GRU,2,Mustard,Sugarcane
489,A3_S1_S2_sequence,GRU,2,No crop/Fallow,Lentil
490,A3_S1_S2_sequence,GRU,2,Wheat,Wheat
491,A3_S1_S2_sequence,GRU,2,Wheat,Wheat
493,A3_S1_S2_sequence,GRU,2,Mustard,Wheat
502,A3_S1_S2_sequence,GRU,2,Mustard,Mustard
503,A3_S1_S2_sequence,GRU,2,Wheat,Wheat
504,A3_S1_S2_sequence,GRU,2,Mustard,No crop/Fallow
506,A3_S1_S2_sequence,GRU,2,Wheat,Wheat
507,A3_S1_S2_sequence,GRU,2,Wheat,Wheat
508,A3_S1_S2_sequence,GRU,2,Wheat,Green pea
509,A3_S1_S2_sequence,GRU,2,Mustard,Mustard
510,A3_S1_S2_sequence,GRU,2,Wheat,Wheat
533,A3_S1_S2_sequence,GRU,2,Wheat,Wheat
563,A3_S1_S2_sequence,GRU,2,Mustard,Lentil
564,A3_S1_S2_sequence,GRU,2,Mustard,Wheat
565,A3_S1_S2_sequence,GRU,2,No crop/Fallow,Green pea
573,A3_S1_S2_sequence,GRU,2,Mustard,Green pea
574,A3_S1_S2_sequence,GRU,2,Wheat,Wheat
576,A3_S1_S2_sequence,GRU,2,No crop/Fallow,Gram
577,A3_S1_S2_sequence,GRU,2,No crop/Fallow,Lentil
583,A3_S1_S2_sequence,GRU,2,Wheat,Lentil
585,A3_S1_S2_sequence,GRU,2,Wheat,Lentil
586,A3_S1_S2_sequence,GRU,2,No crop/Fallow,Wheat
587,A3_S1_S2_sequence,GRU,2,Wheat,Lentil
588,A3_S1_S2_sequence,GRU,2,Wheat,Wheat
589,A3_S1_S2_sequence,GRU,2,Wheat,Wheat
591,A3_S1_S2_sequence,GRU,2,Wheat,Lentil
592,A3_S1_S2_sequence,GRU,2,Wheat,Green pea
631,A3_S1_S2_sequence,GRU,2,Wheat,Garlic
632,A3_S1_S2_sequence,GRU,2,Wheat,Wheat
633,A3_S1_S2_sequence,GRU,2,No crop/Fallow,Wheat
643,A3_S1_S2_sequence,GRU,2,No crop/Fallow,Sugarcane
644,A3_S1_S2_sequence,GRU,2,No crop/Fallow,Lentil
645,A3_S1_S2_sequence,GRU,2,No crop/Fallow,Sugarcane
682,A3_S1_S2_sequence,GRU,2,Wheat,Green pea
683,A3_S1_S2_sequence,GRU,2,No crop/Fallow,Sugarcane
684,A3_S1_S2_sequence,GRU,2,Mustard,Lentil
685,A3_S1_S2_sequence,GRU,2,Wheat,Wheat
686,A3_S1_S2_sequence,GRU,2,No crop/Fallow,Sugarcane
693,A3_S1_S2_sequence,GRU,2,Mustard,Wheat
694,A3_S1_S2_sequence,GRU,2,Wheat,Mustard
725,A3_S1_S2_sequence,GRU,2,No crop/Fallow,Potato
726,A3_S1_S2_sequence,GRU,2,Mustard,Lentil
745,A3_S1_S2_sequence,GRU,2,Wheat,Green pea
765,A3_S1_S2_sequence,GRU,2,Wheat,Sugarcane
766,A3_S1_S2_sequence,GRU,2,Coriander,Sugarcane
781,A3_S1_S2_sequence,GRU,2,Wheat,Wheat
782,A3_S1_S2_sequence,GRU,2,Wheat,Wheat
795,A3_S1_S2_sequence,GRU,2,Wheat,Lentil
796,A3_S1_S2_sequence,GRU,2,Mustard,Sugarcane
797,A3_S1_S2_sequence,GRU,2,Mustard,Lentil
798,A3_S1_S2_sequence,GRU,2,Sugarcane,Sugarcane
799,A3_S1_S2_sequence,GRU,2,No crop/Fallow,Lentil
800,A3_S1_S2_sequence,GRU,2,Mustard,Sugarcane
801,A3_S1_S2_sequence,GRU,2,No crop/Fallow,Green pea
802,A3_S1_S2_sequence,GRU,2,Wheat,Green pea
803,A3_S1_S2_sequence,GRU,2,Wheat,Wheat
804,A3_S1_S2_sequence,GRU,2,Lentil,Lentil
809,A3_S1_S2_sequence,GRU,2,Wheat,Wheat
810,A3_S1_S2_sequence,GRU,2,Wheat,Wheat
818,A3_S1_S2_sequence,GRU,2,Mustard,Wheat
820,A3_S1_S2_sequence,GRU,2,Mustard,Sugarcane
821,A3_S1_S2_sequence,GRU,2,Wheat,Green pea
822,A3_S1_S2_sequence,GRU,2,Wheat,Wheat
843,A3_S1_S2_sequence,GRU,2,Lentil,Sugarcane
844,A3_S1_S2_sequence,GRU,2,Wheat,Lentil
887,A3_S1_S2_sequence,GRU,2,Mustard,Mustard
895,A3_S1_S2_sequence,GRU,2,No crop/Fallow,Sugarcane
907,A3_S1_S2_sequence,GRU,2,Wheat,Wheat
908,A3_S1_S2_sequence,GRU,2,Lentil,Lentil
909,A3_S1_S2_sequence,GRU,2,Wheat,Wheat
919,A3_S1_S2_sequence,GRU,2,No crop/Fallow,Lentil
920,A3_S1_S2_sequence,GRU,2,No crop/Fallow,Wheat
921,A3_S1_S2_sequence,GRU,2,No crop/Fallow,Sugarcane
922,A3_S1_S2_sequence,GRU,2,No crop/Fallow,Bersem
927,A3_S1_S2_sequence,GRU,2,Wheat,Sugarcane
929,A3_S1_S2_sequence,GRU,2,No crop/Fallow,Sugarcane
931,A3_S1_S2_sequence,GRU,2,Wheat,Wheat
932,A3_S1_S2_sequence,GRU,2,Sugarcane,Sugarcane
933,A3_S1_S2_sequence,GRU,2,Mustard,Sugarcane
938,A3_S1_S2_sequence,GRU,2,Wheat,Mustard
942,A3_S1_S2_sequence,GRU,2,Wheat,Wheat
948,A3_S1_S2_sequence,GRU,2,Lentil,Lentil
958,A3_S1_S2_sequence,GRU,2,Wheat,Coriander
960,A3_S1_S2_sequence,GRU,2,Wheat,Sugarcane
961,A3_S1_S2_sequence,GRU,2,Wheat,Wheat
962,A3_S1_S2_sequence,GRU,2,Mustard,Sugarcane
963,A3_S1_S2_sequence,GRU,2,Wheat,Lentil
965,A3_S1_S2_sequence,GRU,2,Wheat,Sugarcane
976,A3_S1_S2_sequence,GRU,2,Wheat,Wheat
977,A3_S1_S2_sequence,GRU,2,Wheat,Wheat
978,A3_S1_S2_sequence,GRU,2,Sugarcane,Sugarcane
1015,A3_S1_S2_sequence,GRU,2,Mustard,Lentil
1018,A3_S1_S2_sequence,GRU,2,No crop/Fallow,Wheat
1019,A3_S1_S2_sequence,GRU,2,Wheat,Wheat
1020,A3_S1_S2_sequence,GRU,2,Lentil,Lentil
1021,A3_S1_S2_sequence,GRU,2,Wheat,Lentil
1025,A3_S1_S2_sequence,GRU,2,Wheat,Sugarcane
1026,A3_S1_S2_sequence,GRU,2,Wheat,Sugarcane
1045,A3_S1_S2_sequence,GRU,2,Wheat,Lentil
1046,A3_S1_S2_sequence,GRU,2,Wheat,Wheat
1060,A3_S1_S2_sequence,GRU,2,Wheat,Sugarcane
1061,A3_S1_S2_sequence,GRU,2,Mustard,Mustard
1062,A3_S1_S2_sequence,GRU,2,Wheat,Lentil
1063,A3_S1_S2_sequence,GRU,2,No crop/Fallow,Lentil
1064,A3_S1_S2_sequence,GRU,2,Wheat,Wheat
1065,A3_S1_S2_sequence,GRU,2,No crop/Fallow,Lentil
1072,A3_S1_S2_sequence,GRU,2,No crop/Fallow,Mustard
1073,A3_S1_S2_sequence,GRU,2,No crop/Fallow,Green pea
1074,A3_S1_S2_sequence,GRU,2,No crop/Fallow,Mustard
1075,A3_S1_S2_sequence,GRU,2,No crop/Fallow,Mustard
1076,A3_S1_S2_sequence,GRU,2,No crop/Fallow,Mustard
1077,A3_S1_S2_sequence,GRU,2,No crop/Fallow,Mustard
1078,A3_S1_S2_sequence,GRU,2,Mustard,Lentil
1079,A3_S1_S2_sequence,GRU,2,Mustard,Sugarcane
1103,A3_S1_S2_sequence,GRU,2,Mustard,Sugarcane
1104,A3_S1_S2_sequence,GRU,2,Mustard,Sugarcane
1120,A3_S1_S2_sequence,GRU,2,Wheat,Wheat
1129,A3_S1_S2_sequence,GRU,2,Bersem,Sugarcane
1141,A3_S1_S2_sequence,GRU,2,Green pea,Lentil
1162,A3_S1_S2_sequence,GRU,2,No crop/Fallow,Potato
1164,A3_S1_S2_sequence,GRU,2,Sugarcane,Sugarcane
1166,A3_S1_S2_sequence,GRU,2,Wheat,Sugarcane
1170,A3_S1_S2_sequence,GRU,2,Wheat,Mustard
1171,A3_S1_S2_sequence,GRU,2,Wheat,Wheat
1185,A3_S1_S2_sequence,GRU,2,No crop/Fallow,Potato
1187,A3_S1_S2_sequence,GRU,2,Mustard,Mustard
1188,A3_S1_S2_sequence,GRU,2,Wheat,Lentil
1200,A3_S1_S2_sequence,GRU,2,Wheat,Wheat
1201,A3_S1_S2_sequence,GRU,2,Wheat,Lentil
1236,A3_S1_S2_sequence,GRU,2,Lentil,Lentil
1238,A3_S1_S2_sequence,GRU,2,Wheat,Wheat
1239,A3_S1_S2_sequence,GRU,2,Mustard,Lentil
1240,A3_S1_S2_sequence,GRU,2,Wheat,Lentil
1241,A3_S1_S2_sequence,GRU,2,Wheat,Wheat
1243,A3_S1_S2_sequence,GRU,2,Wheat,Mustard
1244,A3_S1_S2_sequence,GRU,2,Mustard,Sugarcane
1246,A3_S1_S2_sequence,GRU,2,No crop/Fallow,Sugarcane
1250,A3_S1_S2_sequence,GRU,2,Wheat,Wheat
1266,A3_S1_S2_sequence,GRU,2,Lentil,Lentil
1279,A3_S1_S2_sequence,GRU,2,Sugarcane,Sugarcane
1281,A3_S1_S2_sequence,GRU,2,Wheat,Sugarcane
1282,A3_S1_S2_sequence,GRU,2,Wheat,Sugarcane
1283,A3_S1_S2_sequence,GRU,2,Mustard,Sugarcane
1284,A3_S1_S2_sequence,GRU,2,Mustard,Bersem
1285,A3_S1_S2_sequence,GRU,2,No crop/Fallow,Bersem
1286,A3_S1_S2_sequence,GRU,2,Mustard,Sugarcane
1295,A3_S1_S2_sequence,GRU,2,Wheat,Wheat
1296,A3_S1_S2_sequence,GRU,2,Wheat,Wheat
1298,A3_S1_S2_sequence,GRU,2,Wheat,Lentil
1299,A3_S1_S2_sequence,GRU,2,Wheat,Wheat
1323,A3_S1_S2_sequence,GRU,2,No crop/Fallow,Wheat
1324,A3_S1_S2_sequence,GRU,2,Wheat,Lentil
1325,A3_S1_S2_sequence,GRU,2,No crop/Fallow,Sugarcane
1326,A3_S1_S2_sequence,GRU,2,No crop/Fallow,Sugarcane
1328,A3_S1_S2_sequence,GRU,2,Mustard,Sugarcane
1329,A3_S1_S2_sequence,GRU,2,Mustard,Mustard
1331,A3_S1_S2_sequence,GRU,2,Mustard,Mustard
1335,A3_S1_S2_sequence,GRU,2,Lentil,Mustard
1337,A3_S1_S2_sequence,GRU,2,Mustard,Mustard
1338,A3_S1_S2_sequence,GRU,2,Mustard,Sugarcane
1340,A3_S1_S2_sequence,GRU,2,Lentil,Coriander
1341,A3_S1_S2_sequence,GRU,2,No crop/Fallow,Lentil
1346,A3_S1_S2_sequence,GRU,2,Wheat,Wheat
1348,A3_S1_S2_sequence,GRU,2,Wheat,Wheat
1349,A3_S1_S2_sequence,GRU,2,Wheat,Sugarcane
1378,A3_S1_S2_sequence,GRU,2,Wheat,Wheat
1379,A3_S1_S2_sequence,GRU,2,Sugarcane,Sugarcane
1380,A3_S1_S2_sequence,GRU,2,Sugarcane,Sugarcane
1393,A3_S1_S2_sequence,GRU,2,Lentil,Lentil
1402,A3_S1_S2_sequence,GRU,2,Mustard,Lentil
1403,A3_S1_S2_sequence,GRU,2,Mustard,Potato
1404,A3_S1_S2_sequence,GRU,2,Sugarcane,Sugarcane
1431,A3_S1_S2_sequence,GRU,2,Lentil,Lentil
1439,A3_S1_S2_sequence,GRU,2,No crop/Fallow,Wheat
1440,A3_S1_S2_sequence,GRU,2,No crop/Fallow,Wheat
1441,A3_S1_S2_sequence,GRU,2,No crop/Fallow,Wheat
1442,A3_S1_S2_sequence,GRU,2,No crop/Fallow,Wheat
1445,A3_S1_S2_sequence,GRU,2,Wheat,Wheat
1446,A3_S1_S2_sequence,GRU,2,No crop/Fallow,Wheat
1448,A3_S1_S2_sequence,GRU,2,Wheat,Lentil
1449,A3_S1_S2_sequence,GRU,2,Wheat,Wheat
1450,A3_S1_S2_sequence,GRU,2,Wheat,Wheat
1451,A3_S1_S2_sequence,GRU,2,Wheat,Garlic
1452,A3_S1_S2_sequence,GRU,2,Wheat,Wheat
1454,A3_S1_S2_sequence,GRU,2,Wheat,Wheat
1455,A3_S1_S2_sequence,GRU,2,Wheat,Lentil
1456,A3_S1_S2_sequence,GRU,2,Wheat,Wheat
1457,A3_S1_S2_sequence,GRU,2,Wheat,Lentil
1458,A3_S1_S2_sequence,GRU,2,Wheat,Wheat
1459,A3_S1_S2_sequence,GRU,2,Wheat,Wheat
1463,A3_S1_S2_sequence,GRU,2,No crop/Fallow,Lentil
1464,A3_S1_S2_sequence,GRU,2,Wheat,Lentil
1465,A3_S1_S2_sequence,GRU,2,Wheat,Lentil
1466,A3_S1_S2_sequence,GRU,2,Wheat,Lentil
1467,A3_S1_S2_sequence,GRU,2,Wheat,Lentil
1468,A3_S1_S2_sequence,GRU,2,Wheat,Lentil
1469,A3_S1_S2_sequence,GRU,2,Sugarcane,Sugarcane
1470,A3_S1_S2_sequence,GRU,2,Wheat,Green pea
1483,A3_S1_S2_sequence,GRU,2,Green pea,Lentil
1484,A3_S1_S2_sequence,GRU,2,Wheat,Wheat
1486,A3_S1_S2_sequence,GRU,2,Gram,Lentil
1487,A3_S1_S2_sequence,GRU,2,Wheat,Wheat
1511,A3_S1_S2_sequence,GRU,2,Mustard,Lentil
1512,A3_S1_S2_sequence,GRU,2,No crop/Fallow,Lentil
1514,A3_S1_S2_sequence,GRU,2,No crop/Fallow,Sugarcane
1515,A3_S1_S2_sequence,GRU,2,Mustard,Sugarcane
1516,A3_S1_S2_sequence,GRU,2,Mustard,Bersem
1518,A3_S1_S2_sequence,GRU,2,No crop/Fallow,Lentil
1554,A3_S1_S2_sequence,GRU,2,Sugarcane,Sugarcane
1555,A3_S1_S2_sequence,GRU,2,Sugarcane,Lentil
1556,A3_S1_S2_sequence,GRU,2,Mustard,Mustard
1558,A3_S1_S2_sequence,GRU,2,Mustard,Mustard
1565,A3_S1_S2_sequence,GRU,2,Lentil,Lentil
1566,A3_S1_S2_sequence,GRU,2,No crop/Fallow,Potato
1586,A3_S1_S2_sequence,GRU,2,Mustard,Lentil
1587,A3_S1_S2_sequence,GRU,2,Wheat,Lentil
1588,A3_S1_S2_sequence,GRU,2,Mustard,Lentil
1590,A3_S1_S2_sequence,GRU,2,Mustard,Sugarcane
1592,A3_S1_S2_sequence,GRU,2,Mustard,Lentil
1593,A3_S1_S2_sequence,GRU,2,No crop/Fallow,Mustard
1594,A3_S1_S2_sequence,GRU,2,Wheat,Lentil
1595,A3_S1_S2_sequence,GRU,2,Wheat,Lentil
1638,A3_S1_S2_sequence,GRU,2,Wheat,Green pea
1660,A3_S1_S2_sequence,GRU,2,Sugarcane,Sugarcane
1673,A3_S1_S2_sequence,GRU,2,No crop/Fallow,Lentil
1674,A3_S1_S2_sequence,GRU,2,Wheat,Lentil
1675,A3_S1_S2_sequence,GRU,2,No crop/Fallow,No crop/Fallow
1693,A3_S1_S2_sequence,GRU,2,Wheat,Wheat
1694,A3_S1_S2_sequence,GRU,2,Maize,Bersem
1695,A3_S1_S2_sequence,GRU,2,Wheat,Wheat
1696,A3_S1_S2_sequence,GRU,2,Mustard,Mustard
1697,A3_S1_S2_sequence,GRU,2,Wheat,Wheat
1698,A3_S1_S2_sequence,GRU,2,Wheat,Wheat
1699,A3_S1_S2_sequence,GRU,2,Wheat,Wheat
1701,A3_S1_S2_sequence,GRU,2,Wheat,Wheat
1719,A3_S1_S2_sequence,GRU,2,Wheat,Lentil
1720,A3_S1_S2_sequence,GRU,2,Wheat,Mustard
1721,A3_S1_S2_sequence,GRU,2,Wheat,Green pea
1722,A3_S1_S2_sequence,GRU,2,Wheat,Green pea
1723,A3_S1_S2_sequence,GRU,2,Wheat,Lentil
1724,A3_S1_S2_sequence,GRU,2,Wheat,Wheat
1725,A3_S1_S2_sequence,GRU,2,Wheat,Wheat
1726,A3_S1_S2_sequence,GRU,2,Wheat,Wheat
1727,A3_S1_S2_sequence,GRU,2,Maize,Maize
1728,A3_S1_S2_sequence,GRU,2,Wheat,Wheat
1747,A3_S1_S2_sequence,GRU,2,Wheat,Wheat
1748,A3_S1_S2_sequence,GRU,2,Wheat,Wheat
1750,A3_S1_S2_sequence,GRU,2,Wheat,Wheat
1753,A3_S1_S2_sequence,GRU,2,Wheat,Green pea
1762,A3_S1_S2_sequence,GRU,2,No crop/Fallow,No crop/Fallow
1763,A3_S1_S2_sequence,GRU,2,Mustard,Lentil
1764,A3_S1_S2_sequence,GRU,2,Lentil,Lentil
1765,A3_S1_S2_sequence,GRU,2,Wheat,Green pea
1767,A3_S1_S2_sequence,GRU,2,Wheat,Wheat
1774,A3_S1_S2_sequence,GRU,2,Wheat,Wheat
1775,A3_S1_S2_sequence,GRU,2,No crop/Fallow,Lentil
1777,A3_S1_S2_sequence,GRU,2,Wheat,Wheat
1785,A3_S1_S2_sequence,GRU,2,Wheat,Wheat
1788,A3_S1_S2_sequence,GRU,2,Wheat,Wheat
1789,A3_S1_S2_sequence,GRU,2,Wheat,Green pea
1790,A3_S1_S2_sequence,GRU,2,Wheat,Wheat
1806,A3_S1_S2_sequence,GRU,2,Wheat,Wheat
1807,A3_S1_S2_sequence,GRU,2,Wheat,Wheat
1830,A3_S1_S2_sequence,GRU,2,Wheat,Green pea
1831,A3_S1_S2_sequence,GRU,2,Wheat,Wheat
1832,A3_S1_S2_sequence,GRU,2,Wheat,Wheat
1841,A3_S1_S2_sequence,GRU,2,No crop/Fallow,Wheat
1898,A3_S1_S2_sequence,GRU,2,Wheat,Wheat
1907,A3_S1_S2_sequence,GRU,2,Wheat,Wheat
1908,A3_S1_S2_sequence,GRU,2,Wheat,Wheat
1909,A3_S1_S2_sequence,GRU,2,Lentil,Green pea
1914,A3_S1_S2_sequence,GRU,2,Wheat,Wheat
1916,A3_S1_S2_sequence,GRU,2,No crop/Fallow,Green pea
1931,A3_S1_S2_sequence,GRU,2,Wheat,Wheat
1933,A3_S1_S2_sequence,GRU,2,Wheat,Wheat
1934,A3_S1_S2_sequence,GRU,2,Wheat,Wheat
1937,A3_S1_S2_sequence,GRU,2,Wheat,Green pea
1938,A3_S1_S2_sequence,GRU,2,Wheat,Green pea
1939,A3_S1_S2_sequence,GRU,2,Wheat,Wheat
1970,A3_S1_S2_sequence,GRU,2,Wheat,Lentil
1973,A3_S1_S2_sequence,GRU,2,Garlic,Green pea
1974,A3_S1_S2_sequence,GRU,2,Mustard,Maize
1975,A3_S1_S2_sequence,GRU,2,Wheat,Bersem
1977,A3_S1_S2_sequence,GRU,2,Wheat,Wheat
1978,A3_S1_S2_sequence,GRU,2,Wheat,Wheat
1980,A3_S1_S2_sequence,GRU,2,Potato,Potato
1981,A3_S1_S2_sequence,GRU,2,Sugarcane,Sugarcane
1982,A3_S1_S2_sequence,GRU,2,Wheat,Wheat
1983,A3_S1_S2_sequence,GRU,2,Wheat,Wheat
1990,A3_S1_S2_sequence,GRU,2,Wheat,Wheat
2041,A3_S1_S2_sequence,GRU,2,Mustard,Sugarcane
2043,A3_S1_S2_sequence,GRU,2,Mustard,Sugarcane
2044,A3_S1_S2_sequence,GRU,2,Wheat,Wheat
2084,A3_S1_S2_sequence,GRU,2,Maize,Maize
2094,A3_S1_S2_sequence,GRU,2,Wheat,Wheat
2095,A3_S1_S2_sequence,GRU,2,Sugarcane,Sugarcane
2099,A3_S1_S2_sequence,GRU,2,Wheat,Wheat
2124,A3_S1_S2_sequence,GRU,2,Wheat,Green pea
2125,A3_S1_S2_sequence,GRU,2,Wheat,Wheat
2150,A3_S1_S2_sequence,GRU,2,No crop/Fallow,Sugarcane
2172,A3_S1_S2_sequence,GRU,2,Wheat,Lentil
2173,A3_S1_S2_sequence,GRU,2,Mustard,Mustard
2197,A3_S1_S2_sequence,GRU,2,Wheat,Green pea
2215,A3_S1_S2_sequence,GRU,2,Wheat,Wheat
2240,A3_S1_S2_sequence,GRU,2,Mustard,Mustard
2241,A3_S1_S2_sequence,GRU,2,Mustard,Green pea
2256,A3_S1_S2_sequence,GRU,2,Wheat,Green pea
2257,A3_S1_S2_sequence,GRU,2,Wheat,Wheat
2267,A3_S1_S2_sequence,GRU,2,Mustard,Lentil
2268,A3_S1_S2_sequence,GRU,2,Wheat,Green pea
2272,A3_S1_S2_sequence,GRU,2,Wheat,Wheat
2273,A3_S1_S2_sequence,GRU,2,Mustard,Lentil
2297,A3_S1_S2_sequence,GRU,2,No crop/Fallow,Sugarcane
2298,A3_S1_S2_sequence,GRU,2,Wheat,Wheat
2299,A3_S1_S2_sequence,GRU,2,Wheat,Wheat
2300,A3_S1_S2_sequence,GRU,2,No crop/Fallow,Sugarcane
2305,A3_S1_S2_sequence,GRU,2,Bersem,Bersem
2307,A3_S1_S2_sequence,GRU,2,Mustard,Sugarcane
2308,A3_S1_S2_sequence,GRU,2,Mustard,Sugarcane
2309,A3_S1_S2_sequence,GRU,2,Mustard,Sugarcane
2310,A3_S1_S2_sequence,GRU,2,Mustard,Sugarcane
2320,A3_S1_S2_sequence,GRU,2,Mustard,Mustard
2321,A3_S1_S2_sequence,GRU,2,Sugarcane,Sugarcane
2322,A3_S1_S2_sequence,GRU,2,Sugarcane,Sugarcane
2342,A3_S1_S2_sequence,GRU,2,Wheat,Wheat
2343,A3_S1_S2_sequence,GRU,2,Mustard,Mustard
2347,A3_S1_S2_sequence,GRU,2,Wheat,Wheat
2357,A3_S1_S2_sequence,GRU,2,Mustard,Mustard
2378,A3_S1_S2_sequence,GRU,2,Sugarcane,Sugarcane
2380,A3_S1_S2_sequence,GRU,2,Sugarcane,Sugarcane
2388,A3_S1_S2_sequence,GRU,2,Wheat,Wheat
2389,A3_S1_S2_sequence,GRU,2,Wheat,Wheat
2398,A3_S1_S2_sequence,GRU,2,Wheat,Wheat
2400,A3_S1_S2_sequence,GRU,2,Wheat,Wheat
2405,A3_S1_S2_sequence,GRU,2,Wheat,Wheat
2407,A3_S1_S2_sequence,GRU,2,Mustard,Mustard
2412,A3_S1_S2_sequence,GRU,2,Wheat,Wheat
2441,A3_S1_S2_sequence,GRU,2,Wheat,Wheat
2442,A3_S1_S2_sequence,GRU,2,Wheat,Wheat
2443,A3_S1_S2_sequence,GRU,2,Wheat,Bersem
2445,A3_S1_S2_sequence,GRU,2,Wheat,Sugarcane
2446,A3_S1_S2_sequence,GRU,2,No crop/Fallow,Rice
2447,A3_S1_S2_sequence,GRU,2,No crop/Fallow,Sugarcane
2469,A3_S1_S2_sequence,GRU,2,Mustard,Green pea
2477,A3_S1_S2_sequence,GRU,2,Wheat,Wheat
2478,A3_S1_S2_sequence,GRU,2,Mustard,Mustard
2479,A3_S1_S2_sequence,GRU,2,Potato,Sugarcane
2480,A3_S1_S2_sequence,GRU,2,Mustard,Lentil
2487,A3_S1_S2_sequence,GRU,2,No crop/Fallow,Lentil
2489,A3_S1_S2_sequence,GRU,2,Wheat,Wheat
2490,A3_S1_S2_sequence,GRU,2,Wheat,Sugarcane
2491,A3_S1_S2_sequence,GRU,2,Wheat,Green pea
2497,A3_S1_S2_sequence,GRU,2,Wheat,Sugarcane
2498,A3_S1_S2_sequence,GRU,2,Wheat,Wheat
2499,A3_S1_S2_sequence,GRU,2,Wheat,Wheat
2500,A3_S1_S2_sequence,GRU,2,Mustard,Lentil
2506,A3_S1_S2_sequence,GRU,2,Mustard,Wheat
2507,A3_S1_S2_sequence,GRU,2,Mustard,Mustard
2508,A3_S1_S2_sequence,GRU,2,Wheat,Wheat
2546,A3_S1_S2_sequence,GRU,2,Wheat,Wheat
2553,A3_S1_S2_sequence,GRU,2,Wheat,Wheat
2554,A3_S1_S2_sequence,GRU,2,Wheat,Wheat
2555,A3_S1_S2_sequence,GRU,2,No crop/Fallow,Sugarcane
2557,A3_S1_S2_sequence,GRU,2,Wheat,Coriander
2569,A3_S1_S2_sequence,GRU,2,Wheat,Wheat
2570,A3_S1_S2_sequence,GRU,2,Wheat,Wheat
2571,A3_S1_S2_sequence,GRU,2,Wheat,Wheat
2572,A3_S1_S2_sequence,GRU,2,Wheat,Green pea
2573,A3_S1_S2_sequence,GRU,2,Wheat,Wheat
2574,A3_S1_S2_sequence,GRU,2,Wheat,Wheat
2593,A3_S1_S2_sequence,GRU,2,Mustard,Green pea
2594,A3_S1_S2_sequence,GRU,2,Wheat,Wheat
2595,A3_S1_S2_sequence,GRU,2,Wheat,Wheat
2597,A3_S1_S2_sequence,GRU,2,Mustard,Lentil
2598,A3_S1_S2_sequence,GRU,2,Wheat,Lentil
2604,A3_S1_S2_sequence,GRU,2,Wheat,Garlic
2605,A3_S1_S2_sequence,GRU,2,Wheat,Wheat
2606,A3_S1_S2_sequence,GRU,2,Wheat,Wheat
2607,A3_S1_S2_sequence,GRU,2,Wheat,Wheat
2629,A3_S1_S2_sequence,GRU,2,Sugarcane,Sugarcane
2630,A3_S1_S2_sequence,GRU,2,Wheat,Lentil
2640,A3_S1_S2_sequence,GRU,2,Wheat,Wheat
2646,A3_S1_S2_sequence,GRU,2,Wheat,Wheat
2652,A3_S1_S2_sequence,GRU,2,Mustard,Sugarcane
2653,A3_S1_S2_sequence,GRU,2,Wheat,Sugarcane
2678,A3_S1_S2_sequence,GRU,2,Wheat,Wheat
2679,A3_S1_S2_sequence,GRU,2,Wheat,Wheat
2695,A3_S1_S2_sequence,GRU,2,Wheat,Wheat
2697,A3_S1_S2_sequence,GRU,2,Sugarcane,Sugarcane
2699,A3_S1_S2_sequence,GRU,2,Wheat,Wheat
2718,A3_S1_S2_sequence,GRU,2,No crop/Fallow,Sugarcane
2719,A3_S1_S2_sequence,GRU,2,Wheat,Green pea
2720,A3_S1_S2_sequence,GRU,2,Wheat,Wheat
2721,A3_S1_S2_sequence,GRU,2,Lentil,Green pea
2722,A3_S1_S2_sequence,GRU,2,Wheat,Wheat
2723,A3_S1_S2_sequence,GRU,2,No crop/Fallow,No crop/Fallow
2724,A3_S1_S2_sequence,GRU,2,Wheat,Sugarcane
2750,A3_S1_S2_sequence,GRU,2,Wheat,Green pea
2751,A3_S1_S2_sequence,GRU,2,Wheat,Wheat
2752,A3_S1_S2_sequence,GRU,2,Wheat,Lentil
2753,A3_S1_S2_sequence,GRU,2,Wheat,Wheat
2754,A3_S1_S2_sequence,GRU,2,Mustard,Wheat
2770,A3_S1_S2_sequence,GRU,2,Bersem,Lentil
2772,A3_S1_S2_sequence,GRU,2,Wheat,Wheat
2773,A3_S1_S2_sequence,GRU,2,Wheat,Wheat
2781,A3_S1_S2_sequence,GRU,2,Lentil,Sugarcane
2783,A3_S1_S2_sequence,GRU,2,Wheat,Green pea
2784,A3_S1_S2_sequence,GRU,2,Mustard,Sugarcane
2786,A3_S1_S2_sequence,GRU,2,Mustard,Sugarcane
2787,A3_S1_S2_sequence,GRU,2,Sugarcane,Sugarcane
2788,A3_S1_S2_sequence,GRU,2,Wheat,No crop/Fallow
2789,A3_S1_S2_sequence,GRU,2,Wheat,Wheat
2790,A3_S1_S2_sequence,GRU,2,Wheat,Coriander
2806,A3_S1_S2_sequence,GRU,2,Wheat,Green pea
2808,A3_S1_S2_sequence,GRU,2,Mustard,Wheat
2813,A3_S1_S2_sequence,GRU,2,Mustard,Wheat
2814,A3_S1_S2_sequence,GRU,2,Wheat,Green pea
2815,A3_S1_S2_sequence,GRU,2,Wheat,Wheat
2820,A3_S1_S2_sequence,GRU,2,Wheat,Wheat
2824,A3_S1_S2_sequence,GRU,2,Wheat,Green pea
2826,A3_S1_S2_sequence,GRU,2,Wheat,Wheat
2836,A3_S1_S2_sequence,GRU,2,Wheat,Wheat
2837,A3_S1_S2_sequence,GRU,2,Wheat,Wheat
2860,A3_S1_S2_sequence,GRU,2,Wheat,Wheat
2861,A3_S1_S2_sequence,GRU,2,Wheat,Wheat
2869,A3_S1_S2_sequence,GRU,2,Wheat,Wheat
2870,A3_S1_S2_sequence,GRU,2,Sugarcane,Sugarcane
2881,A3_S1_S2_sequence,GRU,2,Wheat,Potato
2882,A3_S1_S2_sequence,GRU,2,Mustard,Lentil
2904,A3_S1_S2_sequence,GRU,2,Sugarcane,Mustard
2906,A3_S1_S2_sequence,GRU,2,Sugarcane,Sugarcane
2907,A3_S1_S2_sequence,GRU,2,Wheat,Wheat
2908,A3_S1_S2_sequence,GRU,2,Mustard,Green pea
2922,A3_S1_S2_sequence,GRU,2,Mustard,Green pea
2923,A3_S1_S2_sequence,GRU,2,Wheat,Wheat
2924,A3_S1_S2_sequence,GRU,2,Wheat,Wheat
2925,A3_S1_S2_sequence,GRU,2,Wheat,Wheat
2938,A3_S1_S2_sequence,GRU,2,Mustard,Wheat
2940,A3_S1_S2_sequence,GRU,2,Sugarcane,Sugarcane
2941,A3_S1_S2_sequence,GRU,2,No crop/Fallow,No crop/Fallow
2965,A3_S1_S2_sequence,GRU,2,Mustard,Mustard
2966,A3_S1_S2_sequence,GRU,2,Sugarcane,Sugarcane
2967,A3_S1_S2_sequence,GRU,2,Wheat,Bersem
2970,A3_S1_S2_sequence,GRU,2,Wheat,Wheat
2971,A3_S1_S2_sequence,GRU,2,No crop/Fallow,Potato
2972,A3_S1_S2_sequence,GRU,2,Wheat,Wheat
2973,A3_S1_S2_sequence,GRU,2,Wheat,Wheat
2983,A3_S1_S2_sequence,GRU,2,Wheat,Lentil
3016,A3_S1_S2_sequence,GRU,2,Wheat,Wheat
3017,A3_S1_S2_sequence,GRU,2,Wheat,Wheat
3019,A3_S1_S2_sequence,GRU,2,Wheat,Wheat
3020,A3_S1_S2_sequence,GRU,2,Wheat,Mustard
3021,A3_S1_S2_sequence,GRU,2,Mustard,Lentil
3022,A3_S1_S2_sequence,GRU,2,Wheat,Wheat
3023,A3_S1_S2_sequence,GRU,2,Wheat,Wheat
3024,A3_S1_S2_sequence,GRU,2,Sugarcane,Sugarcane
3025,A3_S1_S2_sequence,GRU,2,Mustard,Mustard
3041,A3_S1_S2_sequence,GRU,2,Wheat,Wheat
3042,A3_S1_S2_sequence,GRU,2,Mustard,Green pea
3043,A3_S1_S2_sequence,GRU,2,Wheat,Wheat
3066,A3_S1_S2_sequence,GRU,2,Maize,Green pea
3067,A3_S1_S2_sequence,GRU,2,Wheat,Wheat
3089,A3_S1_S2_sequence,GRU,2,Wheat,Wheat
3108,A3_S1_S2_sequence,GRU,2,Mustard,Wheat
3109,A3_S1_S2_sequence,GRU,2,Wheat,Wheat
3110,A3_S1_S2_sequence,GRU,2,Mustard,Lentil
3111,A3_S1_S2_sequence,GRU,2,Wheat,Lentil
3112,A3_S1_S2_sequence,GRU,2,Wheat,Wheat
3114,A3_S1_S2_sequence,GRU,2,Wheat,Wheat
3146,A3_S1_S2_sequence,GRU,2,Wheat,Wheat
3148,A3_S1_S2_sequence,GRU,2,Wheat,Wheat
3149,A3_S1_S2_sequence,GRU,2,Mustard,Mustard
3150,A3_S1_S2_sequence,GRU,2,Wheat,Mustard
3154,A3_S1_S2_sequence,GRU,2,Wheat,Lentil
3155,A3_S1_S2_sequence,GRU,2,Wheat,Wheat
3157,A3_S1_S2_sequence,GRU,2,Wheat,Lentil
3167,A3_S1_S2_sequence,GRU,2,Wheat,Wheat
3168,A3_S1_S2_sequence,GRU,2,Wheat,Wheat
3169,A3_S1_S2_sequence,GRU,2,Lentil,Lentil
3182,A3_S1_S2_sequence,GRU,2,Wheat,Wheat
3202,A3_S1_S2_sequence,GRU,2,No crop/Fallow,Potato
3203,A3_S1_S2_sequence,GRU,2,Sugarcane,Sugarcane
3236,A3_S1_S2_sequence,GRU,2,Green pea,Potato
3237,A3_S1_S2_sequence,GRU,2,Wheat,Green pea
3238,A3_S1_S2_sequence,GRU,2,Wheat,Green pea
3257,A3_S1_S2_sequence,GRU,2,Wheat,Wheat
3258,A3_S1_S2_sequence,GRU,2,Bersem,Bersem
3259,A3_S1_S2_sequence,GRU,2,Wheat,Wheat
3260,A3_S1_S2_sequence,GRU,2,Lentil,Wheat
3261,A3_S1_S2_sequence,GRU,2,Lentil,Lentil
3262,A3_S1_S2_sequence,GRU,2,Wheat,Wheat
3263,A3_S1_S2_sequence,GRU,2,Wheat,Green pea
3266,A3_S1_S2_sequence,GRU,2,Wheat,Green pea
3268,A3_S1_S2_sequence,GRU,2,Wheat,Wheat
3269,A3_S1_S2_sequence,GRU,2,Mustard,Mustard
3278,A3_S1_S2_sequence,GRU,2,Mustard,Lentil
3280,A3_S1_S2_sequence,GRU,2,Wheat,Wheat
3281,A3_S1_S2_sequence,GRU,2,Mustard,Wheat
3282,A3_S1_S2_sequence,GRU,2,Wheat,Wheat
3283,A3_S1_S2_sequence,GRU,2,Wheat,Wheat
3284,A3_S1_S2_sequence,GRU,2,Wheat,Wheat
3285,A3_S1_S2_sequence,GRU,2,Wheat,Wheat
3288,A3_S1_S2_sequence,GRU,2,Wheat,Wheat
3289,A3_S1_S2_sequence,GRU,2,Wheat,Wheat
3300,A3_S1_S2_sequence,GRU,2,Mustard,Lentil
3301,A3_S1_S2_sequence,GRU,2,Wheat,Wheat
3302,A3_S1_S2_sequence,GRU,2,Wheat,Wheat
3308,A3_S1_S2_sequence,GRU,2,Wheat,Wheat
3309,A3_S1_S2_sequence,GRU,2,Wheat,Wheat
3310,A3_S1_S2_sequence,GRU,2,Wheat,Wheat
3324,A3_S1_S2_sequence,GRU,2,Mustard,Wheat
3325,A3_S1_S2_sequence,GRU,2,Wheat,Wheat
3326,A3_S1_S2_sequence,GRU,2,Wheat,Wheat
3330,A3_S1_S2_sequence,GRU,2,Sugarcane,Sugarcane
3377,A3_S1_S2_sequence,GRU,2,Potato,Potato
3378,A3_S1_S2_sequence,GRU,2,Sugarcane,Sugarcane
3384,A3_S1_S2_sequence,GRU,2,Wheat,Potato
3385,A3_S1_S2_sequence,GRU,2,Wheat,Green pea
3386,A3_S1_S2_sequence,GRU,2,Wheat,Bersem
3392,A3_S1_S2_sequence,GRU,2,Mustard,Mustard
3393,A3_S1_S2_sequence,GRU,2,Wheat,Wheat
3394,A3_S1_S2_sequence,GRU,2,Wheat,Wheat
3432,A3_S1_S2_sequence,GRU,2,Wheat,Wheat
3433,A3_S1_S2_sequence,GRU,2,Wheat,Green pea
3476,A3_S1_S2_sequence,GRU,2,Wheat,Wheat
3477,A3_S1_S2_sequence,GRU,2,Wheat,Wheat
3486,A3_S1_S2_sequence,GRU,2,No crop/Fallow,Sugarcane
3491,A3_S1_S2_sequence,GRU,2,Wheat,Wheat
3503,A3_S1_S2_sequence,GRU,2,Wheat,Wheat
3504,A3_S1_S2_sequence,GRU,2,Coriander,Lentil
3512,A3_S1_S2_sequence,GRU,2,Wheat,Coriander
3513,A3_S1_S2_sequence,GRU,2,Wheat,Wheat
3514,A3_S1_S2_sequence,GRU,2,Wheat,Wheat
3515,A3_S1_S2_sequence,GRU,2,Wheat,Wheat
3522,A3_S1_S2_sequence,GRU,2,Mustard,Lentil
3523,A3_S1_S2_sequence,GRU,2,No crop/Fallow,Sugarcane
3524,A3_S1_S2_sequence,GRU,2,Wheat,Wheat
3525,A3_S1_S2_sequence,GRU,2,Wheat,Wheat
3526,A3_S1_S2_sequence,GRU,2,Lentil,Lentil
3567,A3_S1_S2_sequence,GRU,2,Mustard,Lentil
3568,A3_S1_S2_sequence,GRU,2,Wheat,Wheat
3569,A3_S1_S2_sequence,GRU,2,Wheat,Wheat
3580,A3_S1_S2_sequence,GRU,2,Wheat,Wheat
3581,A3_S1_S2_sequence,GRU,2,Wheat,Lentil
3587,A3_S1_S2_sequence,GRU,2,Wheat,Wheat
3588,A3_S1_S2_sequence,GRU,2,Wheat,Wheat
3589,A3_S1_S2_sequence,GRU,2,Wheat,Wheat
3594,A3_S1_S2_sequence,GRU,2,Sugarcane,Sugarcane
3603,A3_S1_S2_sequence,GRU,2,Mustard,Lentil
3604,A3_S1_S2_sequence,GRU,2,Wheat,Wheat
3606,A3_S1_S2_sequence,GRU,2,Mustard,Lentil
3607,A3_S1_S2_sequence,GRU,2,Wheat,Wheat
3655,A3_S1_S2_sequence,GRU,2,No crop/Fallow,No crop/Fallow
3661,A3_S1_S2_sequence,GRU,2,No crop/Fallow,No crop/Fallow
3662,A3_S1_S2_sequence,GRU,2,No crop/Fallow,No crop/Fallow
3663,A3_S1_S2_sequence,GRU,2,No crop/Fallow,No crop/Fallow
3669,A3_S1_S2_sequence,GRU,2,No crop/Fallow,No crop/Fallow
3670,A3_S1_S2_sequence,GRU,2,No crop/Fallow,No crop/Fallow
3691,A3_S1_S2_sequence,GRU,2,No crop/Fallow,Rice
3692,A3_S1_S2_sequence,GRU,2,No crop/Fallow,Rice
3693,A3_S1_S2_sequence,GRU,2,No crop/Fallow,Rice
3694,A3_S1_S2_sequence,GRU,2,No crop/Fallow,No crop/Fallow
3695,A3_S1_S2_sequence,GRU,2,No crop/Fallow,Rice
3696,A3_S1_S2_sequence,GRU,2,No crop/Fallow,Rice
3704,A3_S1_S2_sequence,GRU,2,No crop/Fallow,No crop/Fallow
3705,A3_S1_S2_sequence,GRU,2,No crop/Fallow,No crop/Fallow
3708,A3_S1_S2_sequence,GRU,2,No crop/Fallow,Rice
3709,A3_S1_S2_sequence,GRU,2,No crop/Fallow,No crop/Fallow
3710,A3_S1_S2_sequence,GRU,2,No crop/Fallow,Rice
3718,A3_S1_S2_sequence,GRU,2,Maize,No crop/Fallow
3719,A3_S1_S2_sequence,GRU,2,Rice,No crop/Fallow
3740,A3_S1_S2_sequence,GRU,2,No crop/Fallow,Rice
3741,A3_S1_S2_sequence,GRU,2,Rice,Rice
3742,A3_S1_S2_sequence,GRU,2,No crop/Fallow,Rice
3743,A3_S1_S2_sequence,GRU,2,No crop/Fallow,Rice
3744,A3_S1_S2_sequence,GRU,2,No crop/Fallow,No crop/Fallow
3756,A3_S1_S2_sequence,GRU,2,No crop/Fallow,No crop/Fallow
3802,A3_S1_S2_sequence,GRU,2,No crop/Fallow,No crop/Fallow
3803,A3_S1_S2_sequence,GRU,2,No crop/Fallow,No crop/Fallow
3810,A3_S1_S2_sequence,GRU,2,No crop/Fallow,No crop/Fallow
3827,A3_S1_S2_sequence,GRU,2,No crop/Fallow,No crop/Fallow
3828,A3_S1_S2_sequence,GRU,2,No crop/Fallow,No crop/Fallow
3829,A3_S1_S2_sequence,GRU,2,No crop/Fallow,No crop/Fallow
3837,A3_S1_S2_sequence,GRU,2,No crop/Fallow,Rice
3839,A3_S1_S2_sequence,GRU,2,No crop/Fallow,No crop/Fallow
3840,A3_S1_S2_sequence,GRU,2,No crop/Fallow,No crop/Fallow
3841,A3_S1_S2_sequence,GRU,2,No crop/Fallow,No crop/Fallow
3842,A3_S1_S2_sequence,GRU,2,No crop/Fallow,No crop/Fallow
3843,A3_S1_S2_sequence,GRU,2,No crop/Fallow,No crop/Fallow
3852,A3_S1_S2_sequence,GRU,2,No crop/Fallow,No crop/Fallow
3853,A3_S1_S2_sequence,GRU,2,No crop/Fallow,No crop/Fallow
3854,A3_S1_S2_sequence,GRU,2,No crop/Fallow,No crop/Fallow
3877,A3_S1_S2_sequence,GRU,2,No crop/Fallow,No crop/Fallow
3882,A3_S1_S2_sequence,GRU,2,No crop/Fallow,No crop/Fallow
3883,A3_S1_S2_sequence,GRU,2,No crop/Fallow,No crop/Fallow
3890,A3_S1_S2_sequence,GRU,2,No crop/Fallow,Rice
3891,A3_S1_S2_sequence,GRU,2,No crop/Fallow,Rice
3892,A3_S1_S2_sequence,GRU,2,No crop/Fallow,Rice
3894,A3_S1_S2_sequence,GRU,2,No crop/Fallow,Rice
3895,A3_S1_S2_sequence,GRU,2,No crop/Fallow,No crop/Fallow
3916,A3_S1_S2_sequence,GRU,2,No crop/Fallow,No crop/Fallow
3917,A3_S1_S2_sequence,GRU,2,No crop/Fallow,No crop/Fallow
3918,A3_S1_S2_sequence,GRU,2,No crop/Fallow,No crop/Fallow
3919,A3_S1_S2_sequence,GRU,2,No crop/Fallow,No crop/Fallow
3920,A3_S1_S2_sequence,GRU,2,No crop/Fallow,No crop/Fallow
3921,A3_S1_S2_sequence,GRU,2,No crop/Fallow,Rice
3947,A3_S1_S2_sequence,GRU,2,No crop/Fallow,Rice
3948,A3_S1_S2_sequence,GRU,2,No crop/Fallow,Rice
3950,A3_S1_S2_sequence,GRU,2,No crop/Fallow,No crop/Fallow
3951,A3_S1_S2_sequence,GRU,2,No crop/Fallow,Rice
3962,A3_S1_S2_sequence,GRU,2,No crop/Fallow,Rice
3963,A3_S1_S2_sequence,GRU,2,No crop/Fallow,Rice
3964,A3_S1_S2_sequence,GRU,2,No crop/Fallow,Rice
3965,A3_S1_S2_sequence,GRU,2,No crop/Fallow,No crop/Fallow
3966,A3_S1_S2_sequence,GRU,2,No crop/Fallow,No crop/Fallow
3972,A3_S1_S2_sequence,GRU,2,Potato,No crop/Fallow
3976,A3_S1_S2_sequence,GRU,2,No crop/Fallow,Rice
3977,A3_S1_S2_sequence,GRU,2,No crop/Fallow,No crop/Fallow
3985,A3_S1_S2_sequence,GRU,2,Maize,No crop/Fallow
3986,A3_S1_S2_sequence,GRU,2,No crop/Fallow,Potato
3987,A3_S1_S2_sequence,GRU,2,No crop/Fallow,No crop/Fallow
3988,A3_S1_S2_sequence,GRU,2,No crop/Fallow,No crop/Fallow
4000,A3_S1_S2_sequence,GRU,2,No crop/Fallow,No crop/Fallow
4001,A3_S1_S2_sequence,GRU,2,No crop/Fallow,Rice
4004,A3_S1_S2_sequence,GRU,2,No crop/Fallow,No crop/Fallow
4005,A3_S1_S2_sequence,GRU,2,No crop/Fallow,Rice
4009,A3_S1_S2_sequence,GRU,2,No crop/Fallow,No crop/Fallow
4010,A3_S1_S2_sequence,GRU,2,No crop/Fallow,No crop/Fallow
4012,A3_S1_S2_sequence,GRU,2,No crop/Fallow,No crop/Fallow
4013,A3_S1_S2_sequence,GRU,2,No crop/Fallow,No crop/Fallow
4014,A3_S1_S2_sequence,GRU,2,No crop/Fallow,No crop/Fallow
4019,A3_S1_S2_sequence,GRU,2,No crop/Fallow,No crop/Fallow
4021,A3_S1_S2_sequence,GRU,2,No crop/Fallow,No crop/Fallow
4022,A3_S1_S2_sequence,GRU,2,No crop/Fallow,No crop/Fallow
4023,A3_S1_S2_sequence,GRU,2,No crop/Fallow,No crop/Fallow
4033,A3_S1_S2_sequence,GRU,2,No crop/Fallow,No crop/Fallow
4034,A3_S1_S2_sequence,GRU,2,No crop/Fallow,No crop/Fallow
4035,A3_S1_S2_sequence,GRU,2,No crop/Fallow,No crop/Fallow
4036,A3_S1_S2_sequence,GRU,2,No crop/Fallow,No crop/Fallow
4037,A3_S1_S2_sequence,GRU,2,No crop/Fallow,No crop/Fallow
4047,A3_S1_S2_sequence,GRU,2,No crop/Fallow,No crop/Fallow
4048,A3_S1_S2_sequence,GRU,2,No crop/Fallow,No crop/Fallow
4050,A3_S1_S2_sequence,GRU,2,No crop/Fallow,No crop/Fallow
4088,A3_S1_S2_sequence,GRU,2,No crop/Fallow,No crop/Fallow
4091,A3_S1_S2_sequence,GRU,2,No crop/Fallow,No crop/Fallow
4092,A3_S1_S2_sequence,GRU,2,No crop/Fallow,No crop/Fallow
4093,A3_S1_S2_sequence,GRU,2,No crop/Fallow,Rice
4102,A3_S1_S2_sequence,GRU,2,No crop/Fallow,Rice
4103,A3_S1_S2_sequence,GRU,2,No crop/Fallow,No crop/Fallow
4119,A3_S1_S2_sequence,GRU,2,No crop/Fallow,No crop/Fallow
4120,A3_S1_S2_sequence,GRU,2,Rice,No crop/Fallow
4130,A3_S1_S2_sequence,GRU,2,No crop/Fallow,No crop/Fallow
4131,A3_S1_S2_sequence,GRU,2,No crop/Fallow,No crop/Fallow
4132,A3_S1_S2_sequence,GRU,2,No crop/Fallow,Rice
4135,A3_S1_S2_sequence,GRU,2,No crop/Fallow,Rice
4142,A3_S1_S2_sequence,GRU,2,No crop/Fallow,No crop/Fallow
4146,A3_S1_S2_sequence,GRU,2,No crop/Fallow,No crop/Fallow
4147,A3_S1_S2_sequence,GRU,2,No crop/Fallow,No crop/Fallow
4149,A3_S1_S2_sequence,GRU,2,No crop/Fallow,No crop/Fallow
4151,A3_S1_S2_sequence,GRU,2,No crop/Fallow,No crop/Fallow
4156,A3_S1_S2_sequence,GRU,2,No crop/Fallow,Rice
4158,A3_S1_S2_sequence,GRU,2,No crop/Fallow,No crop/Fallow
4159,A3_S1_S2_sequence,GRU,2,No crop/Fallow,No crop/Fallow
4160,A3_S1_S2_sequence,GRU,2,No crop/Fallow,No crop/Fallow
4167,A3_S1_S2_sequence,GRU,2,No crop/Fallow,No crop/Fallow
4168,A3_S1_S2_sequence,GRU,2,No crop/Fallow,No crop/Fallow
4187,A3_S1_S2_sequence,GRU,2,Rice,No crop/Fallow
4188,A3_S1_S2_sequence,GRU,2,Rice,No crop/Fallow
4209,A3_S1_S2_sequence,GRU,2,No crop/Fallow,No crop/Fallow
4211,A3_S1_S2_sequence,GRU,2,No crop/Fallow,No crop/Fallow
4218,A3_S1_S2_sequence,GRU,2,No crop/Fallow,Rice
4219,A3_S1_S2_sequence,GRU,2,No crop/Fallow,Rice
4220,A3_S1_S2_sequence,GRU,2,No crop/Fallow,Rice
4221,A3_S1_S2_sequence,GRU,2,No crop/Fallow,No crop/Fallow
4222,A3_S1_S2_sequence,GRU,2,No crop/Fallow,No crop/Fallow
4223,A3_S1_S2_sequence,GRU,2,No crop/Fallow,No crop/Fallow
4224,A3_S1_S2_sequence,GRU,2,No crop/Fallow,Rice
4225,A3_S1_S2_sequence,GRU,2,No crop/Fallow,Rice
4226,A3_S1_S2_sequence,GRU,2,No crop/Fallow,Rice
4227,A3_S1_S2_sequence,GRU,2,No crop/Fallow,Rice
4250,A3_S1_S2_sequence,GRU,2,No crop/Fallow,No crop/Fallow
4251,A3_S1_S2_sequence,GRU,2,No crop/Fallow,No crop/Fallow
4252,A3_S1_S2_sequence,GRU,2,No crop/Fallow,No crop/Fallow
4253,A3_S1_S2_sequence,GRU,2,No crop/Fallow,No crop/Fallow
4264,A3_S1_S2_sequence,GRU,2,Maize,No crop/Fallow
4273,A3_S1_S2_sequence,GRU,2,No crop/Fallow,No crop/Fallow
4287,A3_S1_S2_sequence,GRU,2,No crop/Fallow,No crop/Fallow
4288,A3_S1_S2_sequence,GRU,2,No crop/Fallow,Rice
4298,A3_S1_S2_sequence,GRU,2,No crop/Fallow,No crop/Fallow
4299,A3_S1_S2_sequence,GRU,2,No crop/Fallow,No crop/Fallow
4301,A3_S1_S2_sequence,GRU,2,No crop/Fallow,No crop/Fallow
4306,A3_S1_S2_sequence,GRU,2,No crop/Fallow,Rice
4307,A3_S1_S2_sequence,GRU,2,No crop/Fallow,Rice
4308,A3_S1_S2_sequence,GRU,2,No crop/Fallow,No crop/Fallow
4309,A3_S1_S2_sequence,GRU,2,No crop/Fallow,No crop/Fallow
4310,A3_S1_S2_sequence,GRU,2,No crop/Fallow,No crop/Fallow
4311,A3_S1_S2_sequence,GRU,2,No crop/Fallow,No crop/Fallow
4327,A3_S1_S2_sequence,GRU,2,No crop/Fallow,No crop/Fallow
4368,A3_S1_S2_sequence,GRU,2,Rice,Rice
4379,A3_S1_S2_sequence,GRU,2,No crop/Fallow,No crop/Fallow
4380,A3_S1_S2_sequence,GRU,2,No crop/Fallow,Rice
4381,A3_S1_S2_sequence,GRU,2,No crop/Fallow,Rice
4382,A3_S1_S2_sequence,GRU,2,No crop/Fallow,No crop/Fallow
4383,A3_S1_S2_sequence,GRU,2,No crop/Fallow,No crop/Fallow
4386,A3_S1_S2_sequence,GRU,2,Rice,Rice
4387,A3_S1_S2_sequence,GRU,2,Rice,Rice
4388,A3_S1_S2_sequence,GRU,2,Rice,No crop/Fallow
4416,A3_S1_S2_sequence,GRU,2,No crop/Fallow,Potato
4421,A3_S1_S2_sequence,GRU,2,No crop/Fallow,No crop/Fallow
4423,A3_S1_S2_sequence,GRU,2,No crop/Fallow,No crop/Fallow
4424,A3_S1_S2_sequence,GRU,2,No crop/Fallow,No crop/Fallow
4425,A3_S1_S2_sequence,GRU,2,No crop/Fallow,No crop/Fallow
4427,A3_S1_S2_sequence,GRU,2,No crop/Fallow,No crop/Fallow
4434,A3_S1_S2_sequence,GRU,2,No crop/Fallow,No crop/Fallow
4481,A3_S1_S2_sequence,GRU,2,No crop/Fallow,Rice
4495,A3_S1_S2_sequence,GRU,2,No crop/Fallow,No crop/Fallow
4497,A3_S1_S2_sequence,GRU,2,No crop/Fallow,No crop/Fallow
4498,A3_S1_S2_sequence,GRU,2,No crop/Fallow,No crop/Fallow
4499,A3_S1_S2_sequence,GRU,2,No crop/Fallow,No crop/Fallow
4500,A3_S1_S2_sequence,GRU,2,No crop/Fallow,Rice
4524,A3_S1_S2_sequence,GRU,2,No crop/Fallow,No crop/Fallow
4525,A3_S1_S2_sequence,GRU,2,No crop/Fallow,No crop/Fallow
4535,A3_S1_S2_sequence,GRU,2,No crop/Fallow,Rice
4536,A3_S1_S2_sequence,GRU,2,No crop/Fallow,No crop/Fallow
4547,A3_S1_S2_sequence,GRU,2,No crop/Fallow,Green pea
4548,A3_S1_S2_sequence,GRU,2,No crop/Fallow,No crop/Fallow
4552,A3_S1_S2_sequence,GRU,2,No crop/Fallow,No crop/Fallow
4553,A3_S1_S2_sequence,GRU,2,No crop/Fallow,No crop/Fallow
4554,A3_S1_S2_sequence,GRU,2,No crop/Fallow,No crop/Fallow
4564,A3_S1_S2_sequence,GRU,2,No crop/Fallow,No crop/Fallow
4565,A3_S1_S2_sequence,GRU,2,No crop/Fallow,No crop/Fallow
4567,A3_S1_S2_sequence,GRU,2,No crop/Fallow,No crop/Fallow
4568,A3_S1_S2_sequence,GRU,2,No crop/Fallow,No crop/Fallow
4608,A3_S1_S2_sequence,GRU,2,No crop/Fallow,Rice
4613,A3_S1_S2_sequence,GRU,2,No crop/Fallow,No crop/Fallow
4615,A3_S1_S2_sequence,GRU,2,No crop/Fallow,No crop/Fallow
4636,A3_S1_S2_sequence,GRU,2,No crop/Fallow,Rice
4640,A3_S1_S2_sequence,GRU,2,No crop/Fallow,No crop/Fallow
4641,A3_S1_S2_sequence,GRU,2,No crop/Fallow,No crop/Fallow
4642,A3_S1_S2_sequence,GRU,2,No crop/Fallow,No crop/Fallow
4643,A3_S1_S2_sequence,GRU,2,No crop/Fallow,No crop/Fallow
4645,A3_S1_S2_sequence,GRU,2,No crop/Fallow,Rice
4649,A3_S1_S2_sequence,GRU,2,No crop/Fallow,Rice
4658,A3_S1_S2_sequence,GRU,2,No crop/Fallow,No crop/Fallow
4659,A3_S1_S2_sequence,GRU,2,No crop/Fallow,Rice
4660,A3_S1_S2_sequence,GRU,2,No crop/Fallow,No crop/Fallow
4661,A3_S1_S2_sequence,GRU,2,No crop/Fallow,Rice
4663,A3_S1_S2_sequence,GRU,2,No crop/Fallow,Rice
4664,A3_S1_S2_sequence,GRU,2,No crop/Fallow,No crop/Fallow
4670,A3_S1_S2_sequence,GRU,2,No crop/Fallow,No crop/Fallow
4672,A3_S1_S2_sequence,GRU,2,No crop/Fallow,No crop/Fallow
4674,A3_S1_S2_sequence,GRU,2,No crop/Fallow,No crop/Fallow
4677,A3_S1_S2_sequence,GRU,2,No crop/Fallow,No crop/Fallow
4678,A3_S1_S2_sequence,GRU,2,No crop/Fallow,No crop/Fallow
4681,A3_S1_S2_sequence,GRU,2,No crop/Fallow,No crop/Fallow
4683,A3_S1_S2_sequence,GRU,2,No crop/Fallow,Rice
4684,A3_S1_S2_sequence,GRU,2,No crop/Fallow,No crop/Fallow
4685,A3_S1_S2_sequence,GRU,2,No crop/Fallow,No crop/Fallow
4691,A3_S1_S2_sequence,GRU,2,No crop/Fallow,Rice
4692,A3_S1_S2_sequence,GRU,2,No crop/Fallow,Rice
4693,A3_S1_S2_sequence,GRU,2,No crop/Fallow,Rice
4694,A3_S1_S2_sequence,GRU,2,No crop/Fallow,Rice
4700,A3_S1_S2_sequence,GRU,2,No crop/Fallow,No crop/Fallow
4701,A3_S1_S2_sequence,GRU,2,No crop/Fallow,No crop/Fallow
4711,A3_S1_S2_sequence,GRU,2,Rice,Rice
4712,A3_S1_S2_sequence,GRU,2,No crop/Fallow,Rice
4713,A3_S1_S2_sequence,GRU,2,Rice,No crop/Fallow
4732,A3_S1_S2_sequence,GRU,2,Rice,Rice
4737,A3_S1_S2_sequence,GRU,2,No crop/Fallow,No crop/Fallow
4753,A3_S1_S2_sequence,GRU,2,No crop/Fallow,No crop/Fallow
4754,A3_S1_S2_sequence,GRU,2,No crop/Fallow,No crop/Fallow
4755,A3_S1_S2_sequence,GRU,2,No crop/Fallow,No crop/Fallow
4774,A3_S1_S2_sequence,GRU,2,No crop/Fallow,No crop/Fallow
4777,A3_S1_S2_sequence,GRU,2,No crop/Fallow,Rice
4782,A3_S1_S2_sequence,GRU,2,No crop/Fallow,Potato
4816,A3_S1_S2_sequence,GRU,2,No crop/Fallow,Rice
4818,A3_S1_S2_sequence,GRU,2,No crop/Fallow,Rice
4819,A3_S1_S2_sequence,GRU,2,No crop/Fallow,No crop/Fallow
4820,A3_S1_S2_sequence,GRU,2,No crop/Fallow,Rice
4846,A3_S1_S2_sequence,GRU,2,No crop/Fallow,Bersem
4863,A3_S1_S2_sequence,GRU,2,Rice,No crop/Fallow
4886,A3_S1_S2_sequence,GRU,2,No crop/Fallow,No crop/Fallow
4887,A3_S1_S2_sequence,GRU,2,No crop/Fallow,No crop/Fallow
4888,A3_S1_S2_sequence,GRU,2,No crop/Fallow,No crop/Fallow
4891,A3_S1_S2_sequence,GRU,2,No crop/Fallow,No crop/Fallow
4894,A3_S1_S2_sequence,GRU,2,Potato,Potato
4896,A3_S1_S2_sequence,GRU,2,Potato,Potato
4908,A3_S1_S2_sequence,GRU,2,No crop/Fallow,No crop/Fallow
4910,A3_S1_S2_sequence,GRU,2,No crop/Fallow,No crop/Fallow
4911,A3_S1_S2_sequence,GRU,2,No crop/Fallow,Garlic
4913,A3_S1_S2_sequence,GRU,2,No crop/Fallow,Potato
4918,A3_S1_S2_sequence,GRU,2,No crop/Fallow,No crop/Fallow
4919,A3_S1_S2_sequence,GRU,2,No crop/Fallow,No crop/Fallow
4941,A3_S1_S2_sequence,GRU,2,No crop/Fallow,Rice
4942,A3_S1_S2_sequence,GRU,2,No crop/Fallow,Rice
4944,A3_S1_S2_sequence,GRU,2,Rice,No crop/Fallow
4945,A3_S1_S2_sequence,GRU,2,Rice,No crop/Fallow
4946,A3_S1_S2_sequence,GRU,2,Rice,No crop/Fallow
4948,A3_S1_S2_sequence,GRU,2,Rice,No crop/Fallow
4949,A3_S1_S2_sequence,GRU,2,No crop/Fallow,Rice
4950,A3_S1_S2_sequence,GRU,2,No crop/Fallow,Rice
4951,A3_S1_S2_sequence,GRU,2,No crop/Fallow,No crop/Fallow
4952,A3_S1_S2_sequence,GRU,2,No crop/Fallow,Rice
4953,A3_S1_S2_sequence,GRU,2,No crop/Fallow,Rice
4978,A3_S1_S2_sequence,GRU,2,No crop/Fallow,Rice
4979,A3_S1_S2_sequence,GRU,2,No crop/Fallow,Rice
4981,A3_S1_S2_sequence,GRU,2,No crop/Fallow,Rice
4982,A3_S1_S2_sequence,GRU,2,No crop/Fallow,No crop/Fallow
4983,A3_S1_S2_sequence,GRU,2,No crop/Fallow,Rice
4984,A3_S1_S2_sequence,GRU,2,No crop/Fallow,No crop/Fallow
4985,A3_S1_S2_sequence,GRU,2,No crop/Fallow,Rice
4987,A3_S1_S2_sequence,GRU,2,No crop/Fallow,No crop/Fallow
4988,A3_S1_S2_sequence,GRU,2,No crop/Fallow,No crop/Fallow
4989,A3_S1_S2_sequence,GRU,2,No crop/Fallow,Rice
4993,A3_S1_S2_sequence,GRU,2,No crop/Fallow,No crop/Fallow
4994,A3_S1_S2_sequence,GRU,2,No crop/Fallow,No crop/Fallow
4995,A3_S1_S2_sequence,GRU,2,No crop/Fallow,No crop/Fallow
4996,A3_S1_S2_sequence,GRU,2,No crop/Fallow,No crop/Fallow
5009,A3_S1_S2_sequence,GRU,2,No crop/Fallow,Rice
5010,A3_S1_S2_sequence,GRU,2,No crop/Fallow,Rice
5011,A3_S1_S2_sequence,GRU,2,No crop/Fallow,Rice
5012,A3_S1_S2_sequence,GRU,2,No crop/Fallow,Rice
5013,A3_S1_S2_sequence,GRU,2,No crop/Fallow,Rice
5028,A3_S1_S2_sequence,GRU,2,No crop/Fallow,Bersem
5029,A3_S1_S2_sequence,GRU,2,No crop/Fallow,No crop/Fallow
5030,A3_S1_S2_sequence,GRU,2,No crop/Fallow,No crop/Fallow
5037,A3_S1_S2_sequence,GRU,2,No crop/Fallow,No crop/Fallow
5038,A3_S1_S2_sequence,GRU,2,No crop/Fallow,Rice
5039,A3_S1_S2_sequence,GRU,2,No crop/Fallow,Rice
5050,A3_S1_S2_sequence,GRU,2,No crop/Fallow,No crop/Fallow
5055,A3_S1_S2_sequence,GRU,2,No crop/Fallow,Rice
5056,A3_S1_S2_sequence,GRU,2,No crop/Fallow,Rice
5057,A3_S1_S2_sequence,GRU,2,No crop/Fallow,Rice
5058,A3_S1_S2_sequence,GRU,2,No crop/Fallow,Rice
5059,A3_S1_S2_sequence,GRU,2,No crop/Fallow,Rice
5060,A3_S1_S2_sequence,GRU,2,No crop/Fallow,No crop/Fallow
5062,A3_S1_S2_sequence,GRU,2,No crop/Fallow,Rice
5065,A3_S1_S2_sequence,GRU,2,No crop/Fallow,No crop/Fallow
5066,A3_S1_S2_sequence,GRU,2,No crop/Fallow,No crop/Fallow
5067,A3_S1_S2_sequence,GRU,2,No crop/Fallow,Rice
5069,A3_S1_S2_sequence,GRU,2,No crop/Fallow,No crop/Fallow
5070,A3_S1_S2_sequence,GRU,2,No crop/Fallow,No crop/Fallow
5071,A3_S1_S2_sequence,GRU,2,No crop/Fallow,No crop/Fallow
5072,A3_S1_S2_sequence,GRU,2,No crop/Fallow,No crop/Fallow
5090,A3_S1_S2_sequence,GRU,2,No crop/Fallow,No crop/Fallow
5091,A3_S1_S2_sequence,GRU,2,No crop/Fallow,No crop/Fallow
5093,A3_S1_S2_sequence,GRU,2,No crop/Fallow,No crop/Fallow
5094,A3_S1_S2_sequence,GRU,2,No crop/Fallow,No crop/Fallow
5095,A3_S1_S2_sequence,GRU,2,No crop/Fallow,No crop/Fallow
5144,A3_S1_S2_sequence,GRU,2,No crop/Fallow,Rice
5145,A3_S1_S2_sequence,GRU,2,No crop/Fallow,Rice
5146,A3_S1_S2_sequence,GRU,2,No crop/Fallow,Rice
5147,A3_S1_S2_sequence,GRU,2,No crop/Fallow,Rice
5148,A3_S1_S2_sequence,GRU,2,No crop/Fallow,Rice
5149,A3_S1_S2_sequence,GRU,2,No crop/Fallow,Rice
5151,A3_S1_S2_sequence,GRU,2,No crop/Fallow,No crop/Fallow
5152,A3_S1_S2_sequence,GRU,2,No crop/Fallow,Rice
5169,A3_S1_S2_sequence,GRU,2,No crop/Fallow,No crop/Fallow
5171,A3_S1_S2_sequence,GRU,2,No crop/Fallow,No crop/Fallow
5172,A3_S1_S2_sequence,GRU,2,No crop/Fallow,No crop/Fallow
5174,A3_S1_S2_sequence,GRU,2,No crop/Fallow,No crop/Fallow
5177,A3_S1_S2_sequence,GRU,2,No crop/Fallow,No crop/Fallow
5178,A3_S1_S2_sequence,GRU,2,No crop/Fallow,No crop/Fallow
5210,A3_S1_S2_sequence,GRU,2,No crop/Fallow,Rice
5211,A3_S1_S2_sequence,GRU,2,No crop/Fallow,Rice
5212,A3_S1_S2_sequence,GRU,2,No crop/Fallow,Rice
5213,A3_S1_S2_sequence,GRU,2,No crop/Fallow,Rice
5215,A3_S1_S2_sequence,GRU,2,No crop/Fallow,Rice
5237,A3_S1_S2_sequence,GRU,2,No crop/Fallow,Rice
5238,A3_S1_S2_sequence,GRU,2,No crop/Fallow,No crop/Fallow
5239,A3_S1_S2_sequence,GRU,2,No crop/Fallow,No crop/Fallow
5260,A3_S1_S2_sequence,GRU,2,No crop/Fallow,No crop/Fallow
5267,A3_S1_S2_sequence,GRU,2,Gram,Garlic
5268,A3_S1_S2_sequence,GRU,2,Mustard,Mustard
5273,A3_S1_S2_sequence,GRU,2,Wheat,Garlic
5276,A3_S1_S2_sequence,GRU,2,No crop/Fallow,Garlic
5277,A3_S1_S2_sequence,GRU,2,Wheat,Garlic
5298,A3_S1_S2_sequence,GRU,2,Mustard,Mustard
5303,A3_S1_S2_sequence,GRU,2,Wheat,Gram
5305,A3_S1_S2_sequence,GRU,2,Wheat,Gram
5306,A3_S1_S2_sequence,GRU,2,Wheat,Gram
5307,A3_S1_S2_sequence,GRU,2,Mustard,Gram
5308,A3_S1_S2_sequence,GRU,2,Garlic,Garlic
5310,A3_S1_S2_sequence,GRU,2,Wheat,Garlic
5311,A3_S1_S2_sequence,GRU,2,Mustard,Mustard
5312,A3_S1_S2_sequence,GRU,2,Mustard,Mustard
5313,A3_S1_S2_sequence,GRU,2,Mustard,Mustard
5314,A3_S1_S2_sequence,GRU,2,Mustard,Mustard
5315,A3_S1_S2_sequence,GRU,2,Wheat,Wheat
5316,A3_S1_S2_sequence,GRU,2,Mustard,Mustard
5317,A3_S1_S2_sequence,GRU,2,Mustard,Mustard
5318,A3_S1_S2_sequence,GRU,2,Garlic,Garlic
5319,A3_S1_S2_sequence,GRU,2,Mustard,Mustard
5327,A3_S1_S2_sequence,GRU,2,Mustard,Mustard
5328,A3_S1_S2_sequence,GRU,2,Mustard,Wheat
5331,A3_S1_S2_sequence,GRU,2,Gram,Gram
5332,A3_S1_S2_sequence,GRU,2,Mustard,Mustard
5333,A3_S1_S2_sequence,GRU,2,Mustard,Mustard
5335,A3_S1_S2_sequence,GRU,2,Wheat,Garlic
5336,A3_S1_S2_sequence,GRU,2,Wheat,Gram
5337,A3_S1_S2_sequence,GRU,2,Wheat,Garlic
5338,A3_S1_S2_sequence,GRU,2,Mustard,Garlic
5344,A3_S1_S2_sequence,GRU,2,Wheat,Mustard
5345,A3_S1_S2_sequence,GRU,2,Wheat,Wheat
5346,A3_S1_S2_sequence,GRU,2,Mustard,Mustard
5347,A3_S1_S2_sequence,GRU,2,Garlic,Garlic
5364,A3_S1_S2_sequence,GRU,2,Gram,Gram
5374,A3_S1_S2_sequence,GRU,2,Mustard,Mustard
5375,A3_S1_S2_sequence,GRU,2,Mustard,Mustard
5376,A3_S1_S2_sequence,GRU,2,Mustard,Mustard
5384,A3_S1_S2_sequence,GRU,2,Mustard,Mustard
5385,A3_S1_S2_sequence,GRU,2,Mustard,Mustard
5386,A3_S1_S2_sequence,GRU,2,Mustard,Mustard
5391,A3_S1_S2_sequence,GRU,2,Mustard,Garlic
5392,A3_S1_S2_sequence,GRU,2,Mustard,Garlic
5393,A3_S1_S2_sequence,GRU,2,Wheat,Garlic
5398,A3_S1_S2_sequence,GRU,2,Wheat,Wheat
5399,A3_S1_S2_sequence,GRU,2,Wheat,Bersem
5423,A3_S1_S2_sequence,GRU,2,Mustard,Mustard
5442,A3_S1_S2_sequence,GRU,2,Mustard,Mustard
5469,A3_S1_S2_sequence,GRU,2,Mustard,Mustard
5512,A3_S1_S2_sequence,GRU,2,Lentil,Potato
5524,A3_S1_S2_sequence,GRU,2,Mustard,Mustard
5525,A3_S1_S2_sequence,GRU,2,Mustard,Mustard
5526,A3_S1_S2_sequence,GRU,2,Wheat,Garlic
5527,A3_S1_S2_sequence,GRU,2,Wheat,Garlic
5530,A3_S1_S2_sequence,GRU,2,Mustard,Mustard
5534,A3_S1_S2_sequence,GRU,2,Mustard,Mustard
5535,A3_S1_S2_sequence,GRU,2,Wheat,Wheat
5536,A3_S1_S2_sequence,GRU,2,Mustard,Rice
5537,A3_S1_S2_sequence,GRU,2,Wheat,Wheat
5539,A3_S1_S2_sequence,GRU,2,Mustard,Mustard
5547,A3_S1_S2_sequence,GRU,2,Wheat,Garlic
5548,A3_S1_S2_sequence,GRU,2,Mustard,Mustard
5552,A3_S1_S2_sequence,GRU,2,Wheat,Wheat
5553,A3_S1_S2_sequence,GRU,2,Wheat,Wheat
5559,A3_S1_S2_sequence,GRU,2,Coriander,Garlic
5560,A3_S1_S2_sequence,GRU,2,Wheat,Wheat
5561,A3_S1_S2_sequence,GRU,2,Mustard,Mustard
5562,A3_S1_S2_sequence,GRU,2,Gram,Gram
5563,A3_S1_S2_sequence,GRU,2,Wheat,Wheat
5565,A3_S1_S2_sequence,GRU,2,Wheat,Wheat
5568,A3_S1_S2_sequence,GRU,2,Wheat,Wheat
5569,A3_S1_S2_sequence,GRU,2,Wheat,Wheat
5571,A3_S1_S2_sequence,GRU,2,Wheat,Gram
5572,A3_S1_S2_sequence,GRU,2,Wheat,Wheat
5573,A3_S1_S2_sequence,GRU,2,Gram,Gram
5574,A3_S1_S2_sequence,GRU,2,Wheat,Mustard
5575,A3_S1_S2_sequence,GRU,2,Wheat,Wheat
5576,A3_S1_S2_sequence,GRU,2,Mustard,Garlic
5586,A3_S1_S2_sequence,GRU,2,Wheat,Wheat
5589,A3_S1_S2_sequence,GRU,2,Mustard,Mustard
5609,A3_S1_S2_sequence,GRU,2,Mustard,Mustard
5615,A3_S1_S2_sequence,GRU,2,Mustard,Mustard
5621,A3_S1_S2_sequence,GRU,2,Wheat,Garlic
5624,A3_S1_S2_sequence,GRU,2,Mustard,Mustard
5628,A3_S1_S2_sequence,GRU,2,Mustard,Mustard
5629,A3_S1_S2_sequence,GRU,2,Wheat,Garlic
5630,A3_S1_S2_sequence,GRU,2,Garlic,Mustard
5634,A3_S1_S2_sequence,GRU,2,Mustard,Wheat
5639,A3_S1_S2_sequence,GRU,2,Wheat,Wheat
5640,A3_S1_S2_sequence,GRU,2,Wheat,Wheat
5641,A3_S1_S2_sequence,GRU,2,Mustard,Mustard
5642,A3_S1_S2_sequence,GRU,2,Wheat,Wheat
5644,A3_S1_S2_sequence,GRU,2,Mustard,Mustard
5645,A3_S1_S2_sequence,GRU,2,Mustard,Mustard
5653,A3_S1_S2_sequence,GRU,2,Gram,Maize
5655,A3_S1_S2_sequence,GRU,2,Mustard,Mustard
5656,A3_S1_S2_sequence,GRU,2,Wheat,Mustard
5660,A3_S1_S2_sequence,GRU,2,Wheat,Wheat
5661,A3_S1_S2_sequence,GRU,2,Wheat,Wheat
5662,A3_S1_S2_sequence,GRU,2,Wheat,Wheat
5665,A3_S1_S2_sequence,GRU,2,Mustard,Mustard
5667,A3_S1_S2_sequence,GRU,2,Mustard,Mustard
5670,A3_S1_S2_sequence,GRU,2,Mustard,Mustard
5671,A3_S1_S2_sequence,GRU,2,Mustard,Mustard
5673,A3_S1_S2_sequence,GRU,2,Mustard,Wheat
5674,A3_S1_S2_sequence,GRU,2,Wheat,Wheat
5675,A3_S1_S2_sequence,GRU,2,Wheat,Gram
5680,A3_S1_S2_sequence,GRU,2,Mustard,Mustard
5682,A3_S1_S2_sequence,GRU,2,Mustard,Garlic
5683,A3_S1_S2_sequence,GRU,2,Wheat,Bersem
5688,A3_S1_S2_sequence,GRU,2,Wheat,Garlic
5709,A3_S1_S2_sequence,GRU,2,Wheat,Garlic
5715,A3_S1_S2_sequence,GRU,2,Wheat,Garlic
5716,A3_S1_S2_sequence,GRU,2,Garlic,Mustard
5721,A3_S1_S2_sequence,GRU,2,Wheat,Garlic
5729,A3_S1_S2_sequence,GRU,2,Wheat,Wheat
5732,A3_S1_S2_sequence,GRU,2,Mustard,Wheat
5735,A3_S1_S2_sequence,GRU,2,Mustard,Mustard
5736,A3_S1_S2_sequence,GRU,2,Mustard,Mustard
5738,A3_S1_S2_sequence,GRU,2,Wheat,Wheat
5742,A3_S1_S2_sequence,GRU,2,Wheat,Wheat
5752,A3_S1_S2_sequence,GRU,2,Wheat,Wheat
5765,A3_S1_S2_sequence,GRU,2,Wheat,Wheat
5774,A3_S1_S2_sequence,GRU,2,Wheat,Garlic
5775,A3_S1_S2_sequence,GRU,2,Wheat,Garlic
5776,A3_S1_S2_sequence,GRU,2,Wheat,Garlic
5777,A3_S1_S2_sequence,GRU,2,Wheat,Garlic
5778,A3_S1_S2_sequence,GRU,2,Wheat,Garlic
5779,A3_S1_S2_sequence,GRU,2,Wheat,Garlic
5780,A3_S1_S2_sequence,GRU,2,No crop/Fallow,Garlic
5790,A3_S1_S2_sequence,GRU,2,Mustard,Mustard
5791,A3_S1_S2_sequence,GRU,2,Mustard,Mustard
5795,A3_S1_S2_sequence,GRU,2,Gram,Gram
5798,A3_S1_S2_sequence,GRU,2,Wheat,Wheat
5799,A3_S1_S2_sequence,GRU,2,Wheat,Mustard
5800,A3_S1_S2_sequence,GRU,2,Garlic,Garlic
5802,A3_S1_S2_sequence,GRU,2,Mustard,Garlic
5803,A3_S1_S2_sequence,GRU,2,No crop/Fallow,Lentil
5804,A3_S1_S2_sequence,GRU,2,No crop/Fallow,Lentil
5807,A3_S1_S2_sequence,GRU,2,Mustard,Mustard
5808,A3_S1_S2_sequence,GRU,2,Mustard,Mustard
5809,A3_S1_S2_sequence,GRU,2,Mustard,Mustard
5810,A3_S1_S2_sequence,GRU,2,Mustard,Gram
5811,A3_S1_S2_sequence,GRU,2,Mustard,Mustard
5812,A3_S1_S2_sequence,GRU,2,Wheat,Gram
5814,A3_S1_S2_sequence,GRU,2,Mustard,Green pea
5815,A3_S1_S2_sequence,GRU,2,Mustard,Mustard
5816,A3_S1_S2_sequence,GRU,2,Mustard,Mustard
5817,A3_S1_S2_sequence,GRU,2,Wheat,Garlic
5827,A3_S1_S2_sequence,GRU,2,Mustard,Mustard
5829,A3_S1_S2_sequence,GRU,2,Mustard,Mustard
5834,A3_S1_S2_sequence,GRU,2,Wheat,Wheat
5835,A3_S1_S2_sequence,GRU,2,Wheat,Wheat
5836,A3_S1_S2_sequence,GRU,2,Wheat,Wheat
5837,A3_S1_S2_sequence,GRU,2,Mustard,Gram
5838,A3_S1_S2_sequence,GRU,2,Mustard,Garlic
5839,A3_S1_S2_sequence,GRU,2,Wheat,Mustard
5848,A3_S1_S2_sequence,GRU,2,Mustard,Mustard
5849,A3_S1_S2_sequence,GRU,2,Mustard,Mustard
5850,A3_S1_S2_sequence,GRU,2,Mustard,Mustard
5851,A3_S1_S2_sequence,GRU,2,Mustard,Bersem
5852,A3_S1_S2_sequence,GRU,2,Mustard,Bersem
5853,A3_S1_S2_sequence,GRU,2,Wheat,Wheat
5877,A3_S1_S2_sequence,GRU,2,Wheat,Mustard
5878,A3_S1_S2_sequence,GRU,2,Mustard,Mustard
5879,A3_S1_S2_sequence,GRU,2,Mustard,Mustard
5880,A3_S1_S2_sequence,GRU,2,Wheat,Gram
5882,A3_S1_S2_sequence,GRU,2,Garlic,Gram
5886,A3_S1_S2_sequence,GRU,2,Mustard,Mustard
5888,A3_S1_S2_sequence,GRU,2,Mustard,Wheat
5889,A3_S1_S2_sequence,GRU,2,Mustard,Garlic
5902,A3_S1_S2_sequence,GRU,2,Mustard,Garlic
5903,A3_S1_S2_sequence,GRU,2,Wheat,Gram
5904,A3_S1_S2_sequence,GRU,2,Gram,Gram
5905,A3_S1_S2_sequence,GRU,2,Wheat,Wheat
5906,A3_S1_S2_sequence,GRU,2,Gram,Gram
5910,A3_S1_S2_sequence,GRU,2,Wheat,Wheat
5925,A3_S1_S2_sequence,GRU,2,Wheat,Gram
5926,A3_S1_S2_sequence,GRU,2,Wheat,Gram
5927,A3_S1_S2_sequence,GRU,2,Mustard,Garlic
5928,A3_S1_S2_sequence,GRU,2,Wheat,Gram
5930,A3_S1_S2_sequence,GRU,2,Mustard,Garlic
5931,A3_S1_S2_sequence,GRU,2,Mustard,Gram
5936,A3_S1_S2_sequence,GRU,2,Wheat,Mustard
5937,A3_S1_S2_sequence,GRU,2,Mustard,Mustard
5941,A3_S1_S2_sequence,GRU,2,Wheat,Wheat
5946,A3_S1_S2_sequence,GRU,2,Garlic,Garlic
5947,A3_S1_S2_sequence,GRU,2,Wheat,Garlic
5961,A3_S1_S2_sequence,GRU,2,No crop/Fallow,Maize
5962,A3_S1_S2_sequence,GRU,2,Wheat,Garlic
5967,A3_S1_S2_sequence,GRU,2,Wheat,Mustard
5968,A3_S1_S2_sequence,GRU,2,Mustard,Wheat
5973,A3_S1_S2_sequence,GRU,2,Mustard,Mustard
5974,A3_S1_S2_sequence,GRU,2,Wheat,Wheat
5975,A3_S1_S2_sequence,GRU,2,Mustard,Coriander
5977,A3_S1_S2_sequence,GRU,2,Mustard,Gram
5978,A3_S1_S2_sequence,GRU,2,Mustard,Mustard
5980,A3_S1_S2_sequence,GRU,2,Mustard,Mustard
5981,A3_S1_S2_sequence,GRU,2,Mustard,Mustard
5982,A3_S1_S2_sequence,GRU,2,Mustard,Mustard
5984,A3_S1_S2_sequence,GRU,2,Mustard,Mustard
5986,A3_S1_S2_sequence,GRU,2,Gram,Gram
5987,A3_S1_S2_sequence,GRU,2,Mustard,Mustard
5988,A3_S1_S2_sequence,GRU,2,Gram,Gram
5989,A3_S1_S2_sequence,GRU,2,Wheat,Wheat
5990,A3_S1_S2_sequence,GRU,2,Wheat,Wheat
5991,A3_S1_S2_sequence,GRU,2,Wheat,Garlic
5992,A3_S1_S2_sequence,GRU,2,No crop/Fallow,Wheat
6001,A3_S1_S2_sequence,GRU,2,Mustard,Mustard
6002,A3_S1_S2_sequence,GRU,2,Mustard,Mustard
6009,A3_S1_S2_sequence,GRU,2,Mustard,Mustard
6010,A3_S1_S2_sequence,GRU,2,Mustard,Mustard
6011,A3_S1_S2_sequence,GRU,2,Mustard,Mustard
6018,A3_S1_S2_sequence,GRU,2,Wheat,Mustard
6022,A3_S1_S2_sequence,GRU,2,Wheat,Wheat
6023,A3_S1_S2_sequence,GRU,2,Wheat,Wheat
6038,A3_S1_S2_sequence,GRU,2,Gram,Gram
6039,A3_S1_S2_sequence,GRU,2,Mustard,Mustard
6054,A3_S1_S2_sequence,GRU,2,Mustard,Mustard
6055,A3_S1_S2_sequence,GRU,2,Mustard,Mustard
6056,A3_S1_S2_sequence,GRU,2,Wheat,Wheat
6057,A3_S1_S2_sequence,GRU,2,Mustard,Mustard
6060,A3_S1_S2_sequence,GRU,2,Garlic,Garlic
6073,A3_S1_S2_sequence,GRU,2,Gram,Gram
6074,A3_S1_S2_sequence,GRU,2,Gram,Gram
6087,A3_S1_S2_sequence,GRU,2,Wheat,Wheat
6094,A3_S1_S2_sequence,GRU,2,Mustard,Mustard
6095,A3_S1_S2_sequence,GRU,2,Mustard,Mustard
6096,A3_S1_S2_sequence,GRU,2,Mustard,Garlic
6099,A3_S1_S2_sequence,GRU,2,Wheat,Garlic
6101,A3_S1_S2_sequence,GRU,2,Mustard,Mustard
6102,A3_S1_S2_sequence,GRU,2,Wheat,Wheat
6109,A3_S1_S2_sequence,GRU,2,No crop/Fallow,Rice
6110,A3_S1_S2_sequence,GRU,2,Mustard,Mustard
6111,A3_S1_S2_sequence,GRU,2,No crop/Fallow,Rice
6112,A3_S1_S2_sequence,GRU,2,Garlic,Garlic
6113,A3_S1_S2_sequence,GRU,2,No crop/Fallow,Rice
6118,A3_S1_S2_sequence,GRU,2,Mustard,Mustard
6119,A3_S1_S2_sequence,GRU,2,Mustard,Mustard
6124,A3_S1_S2_sequence,GRU,2,Wheat,Garlic
6125,A3_S1_S2_sequence,GRU,2,Wheat,Maize
6164,A3_S1_S2_sequence,GRU,2,Garlic,Garlic
6165,A3_S1_S2_sequence,GRU,2,Wheat,Gram
6166,A3_S1_S2_sequence,GRU,2,Wheat,Garlic
6167,A3_S1_S2_sequence,GRU,2,Wheat,Garlic
6170,A3_S1_S2_sequence,GRU,2,Mustard,Garlic
6177,A3_S1_S2_sequence,GRU,2,Wheat,Garlic
6203,A3_S1_S2_sequence,GRU,2,No crop/Fallow,Garlic
6204,A3_S1_S2_sequence,GRU,2,Wheat,Gram
6205,A3_S1_S2_sequence,GRU,2,Mustard,Mustard
6206,A3_S1_S2_sequence,GRU,2,Wheat,Wheat
6207,A3_S1_S2_sequence,GRU,2,Mustard,Mustard
6211,A3_S1_S2_sequence,GRU,2,Wheat,Wheat
6212,A3_S1_S2_sequence,GRU,2,Wheat,Wheat
6256,A3_S1_S2_sequence,GRU,2,Wheat,Mustard
6276,A3_S1_S2_sequence,GRU,2,Mustard,Mustard
6281,A3_S1_S2_sequence,GRU,2,Wheat,Gram
6282,A3_S1_S2_sequence,GRU,2,Mustard,Gram
6283,A3_S1_S2_sequence,GRU,2,Mustard,Mustard
6284,A3_S1_S2_sequence,GRU,2,Wheat,Wheat
6289,A3_S1_S2_sequence,GRU,2,Wheat,Wheat
6290,A3_S1_S2_sequence,GRU,2,Wheat,Mustard
6291,A3_S1_S2_sequence,GRU,2,Wheat,Garlic
6292,A3_S1_S2_sequence,GRU,2,Wheat,Garlic
6293,A3_S1_S2_sequence,GRU,2,Wheat,Wheat
6294,A3_S1_S2_sequence,GRU,2,Mustard,Mustard
6326,A3_S1_S2_sequence,GRU,2,Potato,Wheat
6328,A3_S1_S2_sequence,GRU,2,Wheat,Wheat
6342,A3_S1_S2_sequence,GRU,2,Wheat,Wheat
6344,A3_S1_S2_sequence,GRU,2,Wheat,Wheat
6345,A3_S1_S2_sequence,GRU,2,Wheat,Wheat
6369,A3_S1_S2_sequence,GRU,2,Maize,Maize
6370,A3_S1_S2_sequence,GRU,2,Maize,Maize
6372,A3_S1_S2_sequence,GRU,2,Maize,Maize
6374,A3_S1_S2_sequence,GRU,2,Maize,Maize
6375,A3_S1_S2_sequence,GRU,2,Maize,Maize
6376,A3_S1_S2_sequence,GRU,2,Maize,Potato
6389,A3_S1_S2_sequence,GRU,2,Wheat,Maize
6390,A3_S1_S2_sequence,GRU,2,Maize,Maize
6392,A3_S1_S2_sequence,GRU,2,Maize,Maize
6401,A3_S1_S2_sequence,GRU,2,Rice,Maize
6402,A3_S1_S2_sequence,GRU,2,Maize,Maize
6415,A3_S1_S2_sequence,GRU,2,Potato,Maize
6418,A3_S1_S2_sequence,GRU,2,No crop/Fallow,Maize
6419,A3_S1_S2_sequence,GRU,2,No crop/Fallow,Maize
6420,A3_S1_S2_sequence,GRU,2,No crop/Fallow,Maize
6422,A3_S1_S2_sequence,GRU,2,Wheat,Wheat
6423,A3_S1_S2_sequence,GRU,2,Wheat,Wheat
6425,A3_S1_S2_sequence,GRU,2,Wheat,Maize
6462,A3_S1_S2_sequence,GRU,2,Maize,Potato
6463,A3_S1_S2_sequence,GRU,2,No crop/Fallow,Maize
6464,A3_S1_S2_sequence,GRU,2,Maize,Maize
6465,A3_S1_S2_sequence,GRU,2,Maize,Maize
6466,A3_S1_S2_sequence,GRU,2,Maize,Maize
6502,A3_S1_S2_sequence,GRU,2,Wheat,Wheat
6504,A3_S1_S2_sequence,GRU,2,Wheat,Wheat
6505,A3_S1_S2_sequence,GRU,2,Maize,Maize
6506,A3_S1_S2_sequence,GRU,2,Wheat,Maize
6518,A3_S1_S2_sequence,GRU,2,Wheat,Maize
6541,A3_S1_S2_sequence,GRU,2,No crop/Fallow,Rice
6553,A3_S1_S2_sequence,GRU,2,Wheat,Wheat
6554,A3_S1_S2_sequence,GRU,2,Rice,Maize
6555,A3_S1_S2_sequence,GRU,2,Coriander,Potato
6556,A3_S1_S2_sequence,GRU,2,Wheat,Wheat
6558,A3_S1_S2_sequence,GRU,2,No crop/Fallow,Maize
6559,A3_S1_S2_sequence,GRU,2,Mustard,Maize
6560,A3_S1_S2_sequence,GRU,2,Wheat,Maize
6561,A3_S1_S2_sequence,GRU,2,Maize,Maize
6562,A3_S1_S2_sequence,GRU,2,Mustard,Maize
6566,A3_S1_S2_sequence,GRU,2,Mustard,Potato
6567,A3_S1_S2_sequence,GRU,2,Mustard,Rice
6568,A3_S1_S2_sequence,GRU,2,Mustard,Mustard
6569,A3_S1_S2_sequence,GRU,2,Mustard,Rice
6571,A3_S1_S2_sequence,GRU,2,Wheat,Wheat
6572,A3_S1_S2_sequence,GRU,2,Wheat,Wheat
6585,A3_S1_S2_sequence,GRU,2,Maize,Maize
6586,A3_S1_S2_sequence,GRU,2,Potato,Potato
6588,A3_S1_S2_sequence,GRU,2,No crop/Fallow,Maize
6594,A3_S1_S2_sequence,GRU,2,Wheat,Wheat
6600,A3_S1_S2_sequence,GRU,2,Maize,Maize
6602,A3_S1_S2_sequence,GRU,2,Maize,No crop/Fallow
6610,A3_S1_S2_sequence,GRU,2,Rice,Potato
6629,A3_S1_S2_sequence,GRU,2,No crop/Fallow,Rice
6632,A3_S1_S2_sequence,GRU,2,Mustard,Potato
6653,A3_S1_S2_sequence,GRU,2,Wheat,Maize
6698,A3_S1_S2_sequence,GRU,2,No crop/Fallow,Rice
6707,A3_S1_S2_sequence,GRU,2,No crop/Fallow,Potato
6709,A3_S1_S2_sequence,GRU,2,No crop/Fallow,Potato
6711,A3_S1_S2_sequence,GRU,2,Wheat,Wheat
6712,A3_S1_S2_sequence,GRU,2,Wheat,Wheat
6713,A3_S1_S2_sequence,GRU,2,Wheat,Wheat
6723,A3_S1_S2_sequence,GRU,2,Wheat,Wheat
6724,A3_S1_S2_sequence,GRU,2,Wheat,Wheat
6725,A3_S1_S2_sequence,GRU,2,Wheat,Wheat
6726,A3_S1_S2_sequence,GRU,2,Wheat,Wheat
6727,A3_S1_S2_sequence,GRU,2,Wheat,Wheat
6728,A3_S1_S2_sequence,GRU,2,Wheat,Wheat
6738,A3_S1_S2_sequence,GRU,2,Maize,Maize
6740,A3_S1_S2_sequence,GRU,2,Maize,Maize
6746,A3_S1_S2_sequence,GRU,2,Maize,Maize
6748,A3_S1_S2_sequence,GRU,2,Maize,Maize
6752,A3_S1_S2_sequence,GRU,2,Maize,Maize
6753,A3_S1_S2_sequence,GRU,2,Maize,Maize
6761,A3_S1_S2_sequence,GRU,2,Maize,Maize
6762,A3_S1_S2_sequence,GRU,2,No crop/Fallow,Maize
6763,A3_S1_S2_sequence,GRU,2,Mustard,Maize
6764,A3_S1_S2_sequence,GRU,2,Maize,Maize
6768,A3_S1_S2_sequence,GRU,2,Maize,Maize
6769,A3_S1_S2_sequence,GRU,2,No crop/Fallow,Potato
6770,A3_S1_S2_sequence,GRU,2,Rice,Rice
6796,A3_S1_S2_sequence,GRU,2,Maize,Maize
6797,A3_S1_S2_sequence,GRU,2,Maize,Maize
6798,A3_S1_S2_sequence,GRU,2,Maize,Maize
6799,A3_S1_S2_sequence,GRU,2,Maize,Maize
6801,A3_S1_S2_sequence,GRU,2,Maize,Maize
6803,A3_S1_S2_sequence,GRU,2,Maize,Maize
6804,A3_S1_S2_sequence,GRU,2,Maize,Maize
6808,A3_S1_S2_sequence,GRU,2,Wheat,Green pea
6809,A3_S1_S2_sequence,GRU,2,Rice,Rice
6810,A3_S1_S2_sequence,GRU,2,Rice,Rice
6813,A3_S1_S2_sequence,GRU,2,Rice,Rice
6827,A3_S1_S2_sequence,GRU,2,Rice,Wheat
6838,A3_S1_S2_sequence,GRU,2,Wheat,Wheat
6839,A3_S1_S2_sequence,GRU,2,Wheat,Wheat
6840,A3_S1_S2_sequence,GRU,2,Wheat,Wheat
6841,A3_S1_S2_sequence,GRU,2,No crop/Fallow,Maize
6864,A3_S1_S2_sequence,GRU,2,Sugarcane,Potato
6881,A3_S1_S2_sequence,GRU,2,No crop/Fallow,Rice
6882,A3_S1_S2_sequence,GRU,2,No crop/Fallow,Rice
6883,A3_S1_S2_sequence,GRU,2,No crop/Fallow,Rice
6885,A3_S1_S2_sequence,GRU,2,Maize,Maize
6888,A3_S1_S2_sequence,GRU,2,Mustard,Maize
6889,A3_S1_S2_sequence,GRU,2,No crop/Fallow,Maize
6890,A3_S1_S2_sequence,GRU,2,Maize,Maize
6901,A3_S1_S2_sequence,GRU,2,Rice,Rice
6902,A3_S1_S2_sequence,GRU,2,Rice,Rice
6904,A3_S1_S2_sequence,GRU,2,No crop/Fallow,Wheat
6906,A3_S1_S2_sequence,GRU,2,Wheat,Wheat
6907,A3_S1_S2_sequence,GRU,2,Wheat,Wheat
6908,A3_S1_S2_sequence,GRU,2,Wheat,Maize
6909,A3_S1_S2_sequence,GRU,2,Wheat,Wheat
6932,A3_S1_S2_sequence,GRU,2,Maize,Maize
6933,A3_S1_S2_sequence,GRU,2,Maize,Maize
6934,A3_S1_S2_sequence,GRU,2,Maize,Maize
6935,A3_S1_S2_sequence,GRU,2,Maize,Maize
6936,A3_S1_S2_sequence,GRU,2,Maize,Maize
6940,A3_S1_S2_sequence,GRU,2,No crop/Fallow,Rice
6942,A3_S1_S2_sequence,GRU,2,No crop/Fallow,Rice
6950,A3_S1_S2_sequence,GRU,2,Wheat,Maize
6953,A3_S1_S2_sequence,GRU,2,Mustard,Mustard
6956,A3_S1_S2_sequence,GRU,2,Wheat,Maize
6971,A3_S1_S2_sequence,GRU,2,Maize,Mustard
7028,A3_S1_S2_sequence,GRU,2,Mustard,Maize
7029,A3_S1_S2_sequence,GRU,2,Wheat,Maize
7030,A3_S1_S2_sequence,GRU,2,Wheat,Mustard
7031,A3_S1_S2_sequence,GRU,2,No crop/Fallow,Mustard
7032,A3_S1_S2_sequence,GRU,2,No crop/Fallow,Rice
7042,A3_S1_S2_sequence,GRU,2,Mustard,Mustard
7044,A3_S1_S2_sequence,GRU,2,Mustard,Potato
7051,A3_S1_S2_sequence,GRU,2,Maize,Maize
7067,A3_S1_S2_sequence,GRU,2,Rice,Rice
7076,A3_S1_S2_sequence,GRU,2,Rice,Rice
7077,A3_S1_S2_sequence,GRU,2,Rice,Rice
7104,A3_S1_S2_sequence,GRU,2,Wheat,Wheat
7105,A3_S1_S2_sequence,GRU,2,Wheat,Wheat
7106,A3_S1_S2_sequence,GRU,2,Wheat,Wheat
7107,A3_S1_S2_sequence,GRU,2,Wheat,Wheat
7121,A3_S1_S2_sequence,GRU,2,Maize,Maize
7122,A3_S1_S2_sequence,GRU,2,Maize,Maize
7123,A3_S1_S2_sequence,GRU,2,Maize,Maize
7184,A3_S1_S2_sequence,GRU,2,Potato,Potato
7186,A3_S1_S2_sequence,GRU,2,Potato,Potato
7187,A3_S1_S2_sequence,GRU,2,Maize,Maize
7188,A3_S1_S2_sequence,GRU,2,Maize,Maize
7190,A3_S1_S2_sequence,GRU,2,No crop/Fallow,Maize
7199,A3_S1_S2_sequence,GRU,2,Wheat,Wheat
7200,A3_S1_S2_sequence,GRU,2,Wheat,Wheat
7202,A3_S1_S2_sequence,GRU,2,Maize,Maize
7203,A3_S1_S2_sequence,GRU,2,Maize,Maize
7208,A3_S1_S2_sequence,GRU,2,Wheat,Potato
7209,A3_S1_S2_sequence,GRU,2,Maize,Maize
7219,A3_S1_S2_sequence,GRU,2,No crop/Fallow,Maize
7220,A3_S1_S2_sequence,GRU,2,Maize,Maize
7226,A3_S1_S2_sequence,GRU,2,Maize,Maize
7232,A3_S1_S2_sequence,GRU,2,Rice,Mustard
7233,A3_S1_S2_sequence,GRU,2,Maize,Maize
7235,A3_S1_S2_sequence,GRU,2,Maize,Rice
7236,A3_S1_S2_sequence,GRU,2,Maize,Maize
7253,A3_S1_S2_sequence,GRU,2,Maize,Maize
7254,A3_S1_S2_sequence,GRU,2,Maize,Maize
7255,A3_S1_S2_sequence,GRU,2,Mustard,Potato
7258,A3_S1_S2_sequence,GRU,2,Maize,Maize
7260,A3_S1_S2_sequence,GRU,2,Maize,Maize
7275,A3_S1_S2_sequence,GRU,2,Maize,Maize
7276,A3_S1_S2_sequence,GRU,2,Maize,Maize
7284,A3_S1_S2_sequence,GRU,2,No crop/Fallow,Mustard
7286,A3_S1_S2_sequence,GRU,2,No crop/Fallow,Mustard
7289,A3_S1_S2_sequence,GRU,2,Maize,Maize
7290,A3_S1_S2_sequence,GRU,2,Maize,Maize
7291,A3_S1_S2_sequence,GRU,2,Maize,Maize
7308,A3_S1_S2_sequence,GRU,2,Mustard,Maize
7309,A3_S1_S2_sequence,GRU,2,Wheat,Wheat
7310,A3_S1_S2_sequence,GRU,2,Wheat,Wheat
7311,A3_S1_S2_sequence,GRU,2,Wheat,Wheat
7332,A3_S1_S2_sequence,GRU,2,Rice,Rice
15,A3_S1_S2_sequence,GRU,3,Mustard,Lentil
16,A3_S1_S2_sequence,GRU,3,Wheat,Lentil
17,A3_S1_S2_sequence,GRU,3,Wheat,Sugarcane
23,A3_S1_S2_sequence,GRU,3,No crop/Fallow,Lentil
24,A3_S1_S2_sequence,GRU,3,No crop/Fallow,Lentil
70,A3_S1_S2_sequence,GRU,3,No crop/Fallow,Sugarcane
71,A3_S1_S2_sequence,GRU,3,No crop/Fallow,Wheat
72,A3_S1_S2_sequence,GRU,3,No crop/Fallow,Sugarcane
82,A3_S1_S2_sequence,GRU,3,Wheat,Coriander
97,A3_S1_S2_sequence,GRU,3,Sugarcane,Sugarcane
98,A3_S1_S2_sequence,GRU,3,Sugarcane,Lentil
100,A3_S1_S2_sequence,GRU,3,Mustard,Sugarcane
101,A3_S1_S2_sequence,GRU,3,No crop/Fallow,Wheat
102,A3_S1_S2_sequence,GRU,3,No crop/Fallow,Lentil
103,A3_S1_S2_sequence,GRU,3,Wheat,Green pea
106,A3_S1_S2_sequence,GRU,3,No crop/Fallow,Lentil
121,A3_S1_S2_sequence,GRU,3,Wheat,Wheat
122,A3_S1_S2_sequence,GRU,3,Wheat,Wheat
134,A3_S1_S2_sequence,GRU,3,Sugarcane,Sugarcane
135,A3_S1_S2_sequence,GRU,3,No crop/Fallow,Wheat
136,A3_S1_S2_sequence,GRU,3,Wheat,Lentil
137,A3_S1_S2_sequence,GRU,3,No crop/Fallow,Wheat
138,A3_S1_S2_sequence,GRU,3,No crop/Fallow,Wheat
145,A3_S1_S2_sequence,GRU,3,No crop/Fallow,Potato
147,A3_S1_S2_sequence,GRU,3,No crop/Fallow,Wheat
159,A3_S1_S2_sequence,GRU,3,Mustard,Sugarcane
164,A3_S1_S2_sequence,GRU,3,No crop/Fallow,Lentil
165,A3_S1_S2_sequence,GRU,3,Wheat,Wheat
167,A3_S1_S2_sequence,GRU,3,Wheat,Lentil
176,A3_S1_S2_sequence,GRU,3,Sugarcane,Sugarcane
177,A3_S1_S2_sequence,GRU,3,Mustard,Sugarcane
193,A3_S1_S2_sequence,GRU,3,No crop/Fallow,Sugarcane
194,A3_S1_S2_sequence,GRU,3,Sugarcane,Sugarcane
195,A3_S1_S2_sequence,GRU,3,No crop/Fallow,Sugarcane
197,A3_S1_S2_sequence,GRU,3,No crop/Fallow,Wheat
198,A3_S1_S2_sequence,GRU,3,Wheat,Green pea
201,A3_S1_S2_sequence,GRU,3,No crop/Fallow,Mustard
202,A3_S1_S2_sequence,GRU,3,No crop/Fallow,Mustard
203,A3_S1_S2_sequence,GRU,3,Wheat,Wheat
204,A3_S1_S2_sequence,GRU,3,No crop/Fallow,Lentil
223,A3_S1_S2_sequence,GRU,3,Sugarcane,Sugarcane
224,A3_S1_S2_sequence,GRU,3,Mustard,Sugarcane
225,A3_S1_S2_sequence,GRU,3,Mustard,Sugarcane
227,A3_S1_S2_sequence,GRU,3,Wheat,Sugarcane
230,A3_S1_S2_sequence,GRU,3,Wheat,Sugarcane
245,A3_S1_S2_sequence,GRU,3,Wheat,Wheat
246,A3_S1_S2_sequence,GRU,3,Wheat,Wheat
247,A3_S1_S2_sequence,GRU,3,Wheat,Wheat
248,A3_S1_S2_sequence,GRU,3,Wheat,Wheat
249,A3_S1_S2_sequence,GRU,3,Wheat,Wheat
253,A3_S1_S2_sequence,GRU,3,Wheat,Wheat
254,A3_S1_S2_sequence,GRU,3,Wheat,Lentil
255,A3_S1_S2_sequence,GRU,3,Wheat,Wheat
257,A3_S1_S2_sequence,GRU,3,Wheat,Wheat
258,A3_S1_S2_sequence,GRU,3,Wheat,Wheat
259,A3_S1_S2_sequence,GRU,3,Potato,Wheat
261,A3_S1_S2_sequence,GRU,3,Wheat,Wheat
263,A3_S1_S2_sequence,GRU,3,Wheat,Sugarcane
298,A3_S1_S2_sequence,GRU,3,No crop/Fallow,Green pea
299,A3_S1_S2_sequence,GRU,3,Sugarcane,Sugarcane
300,A3_S1_S2_sequence,GRU,3,Sugarcane,Sugarcane
304,A3_S1_S2_sequence,GRU,3,No crop/Fallow,Bersem
305,A3_S1_S2_sequence,GRU,3,No crop/Fallow,Wheat
307,A3_S1_S2_sequence,GRU,3,No crop/Fallow,Lentil
308,A3_S1_S2_sequence,GRU,3,No crop/Fallow,Green pea
309,A3_S1_S2_sequence,GRU,3,No crop/Fallow,Lentil
326,A3_S1_S2_sequence,GRU,3,Wheat,Wheat
327,A3_S1_S2_sequence,GRU,3,Sugarcane,Sugarcane
328,A3_S1_S2_sequence,GRU,3,Wheat,Wheat
329,A3_S1_S2_sequence,GRU,3,Wheat,Wheat
330,A3_S1_S2_sequence,GRU,3,Wheat,Lentil
331,A3_S1_S2_sequence,GRU,3,Mustard,Sugarcane
363,A3_S1_S2_sequence,GRU,3,Mustard,Green pea
364,A3_S1_S2_sequence,GRU,3,Wheat,Lentil
365,A3_S1_S2_sequence,GRU,3,No crop/Fallow,Potato
366,A3_S1_S2_sequence,GRU,3,Wheat,Lentil
367,A3_S1_S2_sequence,GRU,3,Wheat,Green pea
378,A3_S1_S2_sequence,GRU,3,Sugarcane,Sugarcane
383,A3_S1_S2_sequence,GRU,3,Wheat,Wheat
384,A3_S1_S2_sequence,GRU,3,No crop/Fallow,Potato
385,A3_S1_S2_sequence,GRU,3,Mustard,Sugarcane
388,A3_S1_S2_sequence,GRU,3,No crop/Fallow,Sugarcane
390,A3_S1_S2_sequence,GRU,3,Wheat,Wheat
421,A3_S1_S2_sequence,GRU,3,Sugarcane,Sugarcane
423,A3_S1_S2_sequence,GRU,3,Mustard,Mustard
432,A3_S1_S2_sequence,GRU,3,Wheat,Lentil
435,A3_S1_S2_sequence,GRU,3,Wheat,Mustard
440,A3_S1_S2_sequence,GRU,3,Wheat,Wheat
441,A3_S1_S2_sequence,GRU,3,No crop/Fallow,Wheat
442,A3_S1_S2_sequence,GRU,3,Mustard,Sugarcane
470,A3_S1_S2_sequence,GRU,3,Wheat,Wheat
481,A3_S1_S2_sequence,GRU,3,No crop/Fallow,Lentil
484,A3_S1_S2_sequence,GRU,3,No crop/Fallow,Mustard
485,A3_S1_S2_sequence,GRU,3,No crop/Fallow,Sugarcane
486,A3_S1_S2_sequence,GRU,3,Wheat,Lentil
518,A3_S1_S2_sequence,GRU,3,Wheat,Lentil
522,A3_S1_S2_sequence,GRU,3,Wheat,Wheat
523,A3_S1_S2_sequence,GRU,3,Mustard,Lentil
524,A3_S1_S2_sequence,GRU,3,Sugarcane,Sugarcane
525,A3_S1_S2_sequence,GRU,3,No crop/Fallow,Wheat
526,A3_S1_S2_sequence,GRU,3,No crop/Fallow,Lentil
581,A3_S1_S2_sequence,GRU,3,Wheat,Lentil
582,A3_S1_S2_sequence,GRU,3,No crop/Fallow,No crop/Fallow
594,A3_S1_S2_sequence,GRU,3,No crop/Fallow,No crop/Fallow
601,A3_S1_S2_sequence,GRU,3,Wheat,Wheat
602,A3_S1_S2_sequence,GRU,3,Wheat,Wheat
604,A3_S1_S2_sequence,GRU,3,Wheat,Lentil
624,A3_S1_S2_sequence,GRU,3,No crop/Fallow,Garlic
625,A3_S1_S2_sequence,GRU,3,No crop/Fallow,Sugarcane
627,A3_S1_S2_sequence,GRU,3,No crop/Fallow,Sugarcane
629,A3_S1_S2_sequence,GRU,3,Wheat,Wheat
634,A3_S1_S2_sequence,GRU,3,Sugarcane,Sugarcane
637,A3_S1_S2_sequence,GRU,3,Wheat,Wheat
638,A3_S1_S2_sequence,GRU,3,Mustard,Lentil
649,A3_S1_S2_sequence,GRU,3,No crop/Fallow,Lentil
653,A3_S1_S2_sequence,GRU,3,No crop/Fallow,Lentil
654,A3_S1_S2_sequence,GRU,3,No crop/Fallow,Lentil
655,A3_S1_S2_sequence,GRU,3,Mustard,Lentil
674,A3_S1_S2_sequence,GRU,3,Mustard,Lentil
676,A3_S1_S2_sequence,GRU,3,Wheat,Wheat
680,A3_S1_S2_sequence,GRU,3,Wheat,Lentil
681,A3_S1_S2_sequence,GRU,3,Wheat,Lentil
688,A3_S1_S2_sequence,GRU,3,No crop/Fallow,Lentil
689,A3_S1_S2_sequence,GRU,3,No crop/Fallow,Lentil
690,A3_S1_S2_sequence,GRU,3,No crop/Fallow,Lentil
691,A3_S1_S2_sequence,GRU,3,Wheat,Lentil
692,A3_S1_S2_sequence,GRU,3,Mustard,Lentil
697,A3_S1_S2_sequence,GRU,3,Sugarcane,Sugarcane
698,A3_S1_S2_sequence,GRU,3,Wheat,Sugarcane
702,A3_S1_S2_sequence,GRU,3,No crop/Fallow,Potato
703,A3_S1_S2_sequence,GRU,3,Wheat,Lentil
704,A3_S1_S2_sequence,GRU,3,No crop/Fallow,Coriander
705,A3_S1_S2_sequence,GRU,3,No crop/Fallow,Lentil
706,A3_S1_S2_sequence,GRU,3,No crop/Fallow,Lentil
707,A3_S1_S2_sequence,GRU,3,No crop/Fallow,Sugarcane
717,A3_S1_S2_sequence,GRU,3,Wheat,Wheat
718,A3_S1_S2_sequence,GRU,3,Mustard,Lentil
719,A3_S1_S2_sequence,GRU,3,Sugarcane,Sugarcane
720,A3_S1_S2_sequence,GRU,3,No crop/Fallow,Sugarcane
727,A3_S1_S2_sequence,GRU,3,Wheat,Wheat
728,A3_S1_S2_sequence,GRU,3,Wheat,Wheat
731,A3_S1_S2_sequence,GRU,3,Wheat,Lentil
733,A3_S1_S2_sequence,GRU,3,Mustard,Potato
735,A3_S1_S2_sequence,GRU,3,Wheat,Coriander
736,A3_S1_S2_sequence,GRU,3,Wheat,Wheat
739,A3_S1_S2_sequence,GRU,3,No crop/Fallow,Potato
740,A3_S1_S2_sequence,GRU,3,Mustard,Lentil
746,A3_S1_S2_sequence,GRU,3,Green pea,Coriander
747,A3_S1_S2_sequence,GRU,3,Wheat,Wheat
749,A3_S1_S2_sequence,GRU,3,Lentil,Lentil
750,A3_S1_S2_sequence,GRU,3,Wheat,Lentil
751,A3_S1_S2_sequence,GRU,3,Wheat,Lentil
756,A3_S1_S2_sequence,GRU,3,Sugarcane,Sugarcane
757,A3_S1_S2_sequence,GRU,3,Sugarcane,Sugarcane
762,A3_S1_S2_sequence,GRU,3,Mustard,Sugarcane
763,A3_S1_S2_sequence,GRU,3,No crop/Fallow,Sugarcane
764,A3_S1_S2_sequence,GRU,3,Wheat,Bersem
774,A3_S1_S2_sequence,GRU,3,Mustard,Sugarcane
775,A3_S1_S2_sequence,GRU,3,Wheat,Sugarcane
777,A3_S1_S2_sequence,GRU,3,No crop/Fallow,Sugarcane
778,A3_S1_S2_sequence,GRU,3,Wheat,Wheat
779,A3_S1_S2_sequence,GRU,3,Mustard,Wheat
780,A3_S1_S2_sequence,GRU,3,Mustard,Lentil
794,A3_S1_S2_sequence,GRU,3,Wheat,Wheat
811,A3_S1_S2_sequence,GRU,3,Sugarcane,Sugarcane
824,A3_S1_S2_sequence,GRU,3,No crop/Fallow,Lentil
825,A3_S1_S2_sequence,GRU,3,No crop/Fallow,Coriander
826,A3_S1_S2_sequence,GRU,3,No crop/Fallow,Coriander
827,A3_S1_S2_sequence,GRU,3,No crop/Fallow,Lentil
828,A3_S1_S2_sequence,GRU,3,No crop/Fallow,Coriander
835,A3_S1_S2_sequence,GRU,3,No crop/Fallow,Lentil
837,A3_S1_S2_sequence,GRU,3,No crop/Fallow,Wheat
838,A3_S1_S2_sequence,GRU,3,Mustard,Bersem
839,A3_S1_S2_sequence,GRU,3,Wheat,Wheat
840,A3_S1_S2_sequence,GRU,3,Wheat,Wheat
868,A3_S1_S2_sequence,GRU,3,Wheat,Wheat
869,A3_S1_S2_sequence,GRU,3,Wheat,Wheat
870,A3_S1_S2_sequence,GRU,3,Wheat,Lentil
871,A3_S1_S2_sequence,GRU,3,No crop/Fallow,Garlic
872,A3_S1_S2_sequence,GRU,3,Sugarcane,Sugarcane
879,A3_S1_S2_sequence,GRU,3,Wheat,Mustard
880,A3_S1_S2_sequence,GRU,3,No crop/Fallow,Wheat
900,A3_S1_S2_sequence,GRU,3,No crop/Fallow,Lentil
934,A3_S1_S2_sequence,GRU,3,Wheat,Wheat
935,A3_S1_S2_sequence,GRU,3,Sugarcane,Sugarcane
936,A3_S1_S2_sequence,GRU,3,Mustard,No crop/Fallow
937,A3_S1_S2_sequence,GRU,3,Wheat,Bersem
943,A3_S1_S2_sequence,GRU,3,Mustard,Lentil
944,A3_S1_S2_sequence,GRU,3,Wheat,Lentil
952,A3_S1_S2_sequence,GRU,3,No crop/Fallow,Lentil
953,A3_S1_S2_sequence,GRU,3,No crop/Fallow,Lentil
954,A3_S1_S2_sequence,GRU,3,No crop/Fallow,Lentil
955,A3_S1_S2_sequence,GRU,3,Wheat,Wheat
966,A3_S1_S2_sequence,GRU,3,Wheat,Wheat
967,A3_S1_S2_sequence,GRU,3,No crop/Fallow,Sugarcane
968,A3_S1_S2_sequence,GRU,3,Sugarcane,Sugarcane
969,A3_S1_S2_sequence,GRU,3,Wheat,Sugarcane
970,A3_S1_S2_sequence,GRU,3,Wheat,Sugarcane
972,A3_S1_S2_sequence,GRU,3,Wheat,Wheat
974,A3_S1_S2_sequence,GRU,3,Wheat,Wheat
975,A3_S1_S2_sequence,GRU,3,Wheat,Wheat
987,A3_S1_S2_sequence,GRU,3,No crop/Fallow,Wheat
988,A3_S1_S2_sequence,GRU,3,Wheat,Wheat
990,A3_S1_S2_sequence,GRU,3,No crop/Fallow,Lentil
991,A3_S1_S2_sequence,GRU,3,Wheat,Lentil
992,A3_S1_S2_sequence,GRU,3,Lentil,Lentil
994,A3_S1_S2_sequence,GRU,3,No crop/Fallow,Wheat
995,A3_S1_S2_sequence,GRU,3,No crop/Fallow,Green pea
996,A3_S1_S2_sequence,GRU,3,No crop/Fallow,Wheat
997,A3_S1_S2_sequence,GRU,3,No crop/Fallow,Lentil
998,A3_S1_S2_sequence,GRU,3,No crop/Fallow,Green pea
999,A3_S1_S2_sequence,GRU,3,Wheat,Mustard
1028,A3_S1_S2_sequence,GRU,3,No crop/Fallow,Bersem
1029,A3_S1_S2_sequence,GRU,3,Wheat,Wheat
1030,A3_S1_S2_sequence,GRU,3,No crop/Fallow,Lentil
1031,A3_S1_S2_sequence,GRU,3,Mustard,Potato
1037,A3_S1_S2_sequence,GRU,3,No crop/Fallow,Lentil
1038,A3_S1_S2_sequence,GRU,3,No crop/Fallow,Wheat
1039,A3_S1_S2_sequence,GRU,3,No crop/Fallow,Lentil
1047,A3_S1_S2_sequence,GRU,3,Wheat,Wheat
1048,A3_S1_S2_sequence,GRU,3,Wheat,Wheat
1080,A3_S1_S2_sequence,GRU,3,Wheat,Lentil
1081,A3_S1_S2_sequence,GRU,3,Mustard,Lentil
1082,A3_S1_S2_sequence,GRU,3,Wheat,Lentil
1083,A3_S1_S2_sequence,GRU,3,Bersem,Lentil
1084,A3_S1_S2_sequence,GRU,3,Mustard,Wheat
1089,A3_S1_S2_sequence,GRU,3,Mustard,Lentil
1091,A3_S1_S2_sequence,GRU,3,No crop/Fallow,Coriander
1093,A3_S1_S2_sequence,GRU,3,Wheat,Green pea
1094,A3_S1_S2_sequence,GRU,3,No crop/Fallow,Lentil
1100,A3_S1_S2_sequence,GRU,3,Mustard,Coriander
1102,A3_S1_S2_sequence,GRU,3,Wheat,Wheat
1117,A3_S1_S2_sequence,GRU,3,Wheat,Wheat
1118,A3_S1_S2_sequence,GRU,3,Wheat,Lentil
1119,A3_S1_S2_sequence,GRU,3,Wheat,Wheat
1121,A3_S1_S2_sequence,GRU,3,No crop/Fallow,Gram
1130,A3_S1_S2_sequence,GRU,3,Wheat,Wheat
1131,A3_S1_S2_sequence,GRU,3,Lentil,Lentil
1132,A3_S1_S2_sequence,GRU,3,No crop/Fallow,Wheat
1134,A3_S1_S2_sequence,GRU,3,Wheat,Wheat
1135,A3_S1_S2_sequence,GRU,3,Lentil,Lentil
1136,A3_S1_S2_sequence,GRU,3,Wheat,Lentil
1137,A3_S1_S2_sequence,GRU,3,Wheat,Lentil
1138,A3_S1_S2_sequence,GRU,3,Mustard,Bersem
1157,A3_S1_S2_sequence,GRU,3,No crop/Fallow,Wheat
1158,A3_S1_S2_sequence,GRU,3,No crop/Fallow,Lentil
1161,A3_S1_S2_sequence,GRU,3,Wheat,Wheat
1178,A3_S1_S2_sequence,GRU,3,No crop/Fallow,Sugarcane
1179,A3_S1_S2_sequence,GRU,3,Wheat,Wheat
1180,A3_S1_S2_sequence,GRU,3,Wheat,Wheat
1181,A3_S1_S2_sequence,GRU,3,Wheat,Wheat
1220,A3_S1_S2_sequence,GRU,3,No crop/Fallow,Garlic
1222,A3_S1_S2_sequence,GRU,3,Sugarcane,Sugarcane
1223,A3_S1_S2_sequence,GRU,3,Sugarcane,Sugarcane
1224,A3_S1_S2_sequence,GRU,3,Wheat,Lentil
1225,A3_S1_S2_sequence,GRU,3,Mustard,Lentil
1226,A3_S1_S2_sequence,GRU,3,Wheat,Wheat
1230,A3_S1_S2_sequence,GRU,3,Mustard,Sugarcane
1232,A3_S1_S2_sequence,GRU,3,Wheat,Wheat
1253,A3_S1_S2_sequence,GRU,3,Wheat,Wheat
1255,A3_S1_S2_sequence,GRU,3,Wheat,Wheat
1256,A3_S1_S2_sequence,GRU,3,No crop/Fallow,Wheat
1257,A3_S1_S2_sequence,GRU,3,No crop/Fallow,Wheat
1258,A3_S1_S2_sequence,GRU,3,No crop/Fallow,Wheat
1259,A3_S1_S2_sequence,GRU,3,No crop/Fallow,Lentil
1260,A3_S1_S2_sequence,GRU,3,Wheat,Wheat
1261,A3_S1_S2_sequence,GRU,3,No crop/Fallow,Wheat
1268,A3_S1_S2_sequence,GRU,3,Sugarcane,Sugarcane
1269,A3_S1_S2_sequence,GRU,3,Wheat,Lentil
1270,A3_S1_S2_sequence,GRU,3,Wheat,Lentil
1271,A3_S1_S2_sequence,GRU,3,Wheat,Lentil
1272,A3_S1_S2_sequence,GRU,3,Wheat,Wheat
1293,A3_S1_S2_sequence,GRU,3,No crop/Fallow,Wheat
1294,A3_S1_S2_sequence,GRU,3,No crop/Fallow,Wheat
1300,A3_S1_S2_sequence,GRU,3,Lentil,Lentil
1301,A3_S1_S2_sequence,GRU,3,Mustard,Mustard
1308,A3_S1_S2_sequence,GRU,3,No crop/Fallow,Wheat
1311,A3_S1_S2_sequence,GRU,3,No crop/Fallow,Lentil
1313,A3_S1_S2_sequence,GRU,3,No crop/Fallow,Wheat
1319,A3_S1_S2_sequence,GRU,3,Wheat,Wheat
1320,A3_S1_S2_sequence,GRU,3,Lentil,Lentil
1321,A3_S1_S2_sequence,GRU,3,Lentil,Wheat
1332,A3_S1_S2_sequence,GRU,3,Lentil,Lentil
1350,A3_S1_S2_sequence,GRU,3,Wheat,Wheat
1351,A3_S1_S2_sequence,GRU,3,No crop/Fallow,Lentil
1357,A3_S1_S2_sequence,GRU,3,No crop/Fallow,Wheat
1358,A3_S1_S2_sequence,GRU,3,No crop/Fallow,Wheat
1359,A3_S1_S2_sequence,GRU,3,No crop/Fallow,Wheat
1360,A3_S1_S2_sequence,GRU,3,No crop/Fallow,Lentil
1361,A3_S1_S2_sequence,GRU,3,No crop/Fallow,Green pea
1363,A3_S1_S2_sequence,GRU,3,Wheat,Wheat
1364,A3_S1_S2_sequence,GRU,3,Wheat,Lentil
1365,A3_S1_S2_sequence,GRU,3,Lentil,Lentil
1366,A3_S1_S2_sequence,GRU,3,Wheat,Wheat
1367,A3_S1_S2_sequence,GRU,3,Wheat,Wheat
1372,A3_S1_S2_sequence,GRU,3,Green pea,Wheat
1373,A3_S1_S2_sequence,GRU,3,Sugarcane,Sugarcane
1374,A3_S1_S2_sequence,GRU,3,Wheat,Wheat
1397,A3_S1_S2_sequence,GRU,3,No crop/Fallow,Lentil
1399,A3_S1_S2_sequence,GRU,3,No crop/Fallow,Wheat
1400,A3_S1_S2_sequence,GRU,3,Wheat,Lentil
1401,A3_S1_S2_sequence,GRU,3,Wheat,Lentil
1408,A3_S1_S2_sequence,GRU,3,No crop/Fallow,Wheat
1409,A3_S1_S2_sequence,GRU,3,No crop/Fallow,Wheat
1410,A3_S1_S2_sequence,GRU,3,No crop/Fallow,Wheat
1411,A3_S1_S2_sequence,GRU,3,No crop/Fallow,Wheat
1413,A3_S1_S2_sequence,GRU,3,No crop/Fallow,Lentil
1418,A3_S1_S2_sequence,GRU,3,No crop/Fallow,Potato
1419,A3_S1_S2_sequence,GRU,3,No crop/Fallow,Lentil
1426,A3_S1_S2_sequence,GRU,3,No crop/Fallow,Green pea
1427,A3_S1_S2_sequence,GRU,3,No crop/Fallow,Green pea
1428,A3_S1_S2_sequence,GRU,3,No crop/Fallow,Lentil
1429,A3_S1_S2_sequence,GRU,3,No crop/Fallow,Wheat
1430,A3_S1_S2_sequence,GRU,3,No crop/Fallow,Mustard
1443,A3_S1_S2_sequence,GRU,3,Lentil,Lentil
1444,A3_S1_S2_sequence,GRU,3,Wheat,Wheat
1460,A3_S1_S2_sequence,GRU,3,Garlic,Sugarcane
1461,A3_S1_S2_sequence,GRU,3,Wheat,Lentil
1462,A3_S1_S2_sequence,GRU,3,No crop/Fallow,Sugarcane
1488,A3_S1_S2_sequence,GRU,3,No crop/Fallow,Sugarcane
1490,A3_S1_S2_sequence,GRU,3,Wheat,Lentil
1491,A3_S1_S2_sequence,GRU,3,No crop/Fallow,Wheat
1492,A3_S1_S2_sequence,GRU,3,Wheat,Wheat
1502,A3_S1_S2_sequence,GRU,3,No crop/Fallow,Lentil
1503,A3_S1_S2_sequence,GRU,3,No crop/Fallow,Lentil
1506,A3_S1_S2_sequence,GRU,3,No crop/Fallow,Lentil
1507,A3_S1_S2_sequence,GRU,3,Wheat,Lentil
1513,A3_S1_S2_sequence,GRU,3,Wheat,Wheat
1519,A3_S1_S2_sequence,GRU,3,Mustard,Sugarcane
1521,A3_S1_S2_sequence,GRU,3,Wheat,Wheat
1522,A3_S1_S2_sequence,GRU,3,Mustard,Sugarcane
1533,A3_S1_S2_sequence,GRU,3,Wheat,Wheat
1535,A3_S1_S2_sequence,GRU,3,Sugarcane,Sugarcane
1539,A3_S1_S2_sequence,GRU,3,Wheat,Wheat
1540,A3_S1_S2_sequence,GRU,3,Wheat,Wheat
1541,A3_S1_S2_sequence,GRU,3,Mustard,Lentil
1547,A3_S1_S2_sequence,GRU,3,No crop/Fallow,Wheat
1548,A3_S1_S2_sequence,GRU,3,No crop/Fallow,Lentil
1549,A3_S1_S2_sequence,GRU,3,Lentil,Lentil
1550,A3_S1_S2_sequence,GRU,3,Wheat,Wheat
1551,A3_S1_S2_sequence,GRU,3,Wheat,Lentil
1552,A3_S1_S2_sequence,GRU,3,Wheat,Lentil
1561,A3_S1_S2_sequence,GRU,3,Wheat,Lentil
1573,A3_S1_S2_sequence,GRU,3,Wheat,Wheat
1575,A3_S1_S2_sequence,GRU,3,Wheat,Wheat
1580,A3_S1_S2_sequence,GRU,3,No crop/Fallow,Lentil
1582,A3_S1_S2_sequence,GRU,3,No crop/Fallow,Potato
1583,A3_S1_S2_sequence,GRU,3,No crop/Fallow,Sugarcane
1585,A3_S1_S2_sequence,GRU,3,Wheat,Lentil
1589,A3_S1_S2_sequence,GRU,3,Mustard,Lentil
1596,A3_S1_S2_sequence,GRU,3,No crop/Fallow,Lentil
1598,A3_S1_S2_sequence,GRU,3,Wheat,Lentil
1599,A3_S1_S2_sequence,GRU,3,No crop/Fallow,Lentil
1603,A3_S1_S2_sequence,GRU,3,Wheat,Wheat
1605,A3_S1_S2_sequence,GRU,3,Wheat,Wheat
1606,A3_S1_S2_sequence,GRU,3,Mustard,Lentil
1610,A3_S1_S2_sequence,GRU,3,No crop/Fallow,Green pea
1611,A3_S1_S2_sequence,GRU,3,No crop/Fallow,Wheat
1613,A3_S1_S2_sequence,GRU,3,No crop/Fallow,Wheat
1614,A3_S1_S2_sequence,GRU,3,No crop/Fallow,Lentil
1626,A3_S1_S2_sequence,GRU,3,No crop/Fallow,Sugarcane
1627,A3_S1_S2_sequence,GRU,3,No crop/Fallow,Lentil
1628,A3_S1_S2_sequence,GRU,3,No crop/Fallow,Potato
1631,A3_S1_S2_sequence,GRU,3,Sugarcane,Sugarcane
1639,A3_S1_S2_sequence,GRU,3,No crop/Fallow,Lentil
1658,A3_S1_S2_sequence,GRU,3,Wheat,Sugarcane
1677,A3_S1_S2_sequence,GRU,3,No crop/Fallow,Lentil
1679,A3_S1_S2_sequence,GRU,3,No crop/Fallow,Wheat
1680,A3_S1_S2_sequence,GRU,3,No crop/Fallow,Lentil
1690,A3_S1_S2_sequence,GRU,3,Wheat,Wheat
1703,A3_S1_S2_sequence,GRU,3,Sugarcane,Coriander
1736,A3_S1_S2_sequence,GRU,3,Wheat,Wheat
1743,A3_S1_S2_sequence,GRU,3,Wheat,Wheat
1744,A3_S1_S2_sequence,GRU,3,Wheat,Wheat
1745,A3_S1_S2_sequence,GRU,3,Wheat,Wheat
1746,A3_S1_S2_sequence,GRU,3,Wheat,Wheat
1799,A3_S1_S2_sequence,GRU,3,Mustard,Wheat
1800,A3_S1_S2_sequence,GRU,3,Mustard,Lentil
1805,A3_S1_S2_sequence,GRU,3,Wheat,Wheat
1811,A3_S1_S2_sequence,GRU,3,Mustard,Lentil
1812,A3_S1_S2_sequence,GRU,3,Lentil,Lentil
1813,A3_S1_S2_sequence,GRU,3,Coriander,Coriander
1814,A3_S1_S2_sequence,GRU,3,Mustard,Lentil
1815,A3_S1_S2_sequence,GRU,3,Coriander,Lentil
1827,A3_S1_S2_sequence,GRU,3,Wheat,Lentil
1829,A3_S1_S2_sequence,GRU,3,Wheat,Wheat
1860,A3_S1_S2_sequence,GRU,3,Coriander,Lentil
1863,A3_S1_S2_sequence,GRU,3,Wheat,Potato
1864,A3_S1_S2_sequence,GRU,3,Wheat,Wheat
1867,A3_S1_S2_sequence,GRU,3,No crop/Fallow,Potato
1873,A3_S1_S2_sequence,GRU,3,Wheat,Wheat
1875,A3_S1_S2_sequence,GRU,3,Wheat,Bersem
1876,A3_S1_S2_sequence,GRU,3,Wheat,Potato
1883,A3_S1_S2_sequence,GRU,3,Wheat,Wheat
1892,A3_S1_S2_sequence,GRU,3,Mustard,Sugarcane
1899,A3_S1_S2_sequence,GRU,3,Wheat,Wheat
1900,A3_S1_S2_sequence,GRU,3,Wheat,Wheat
1901,A3_S1_S2_sequence,GRU,3,Wheat,Wheat
1902,A3_S1_S2_sequence,GRU,3,Wheat,Wheat
1903,A3_S1_S2_sequence,GRU,3,Wheat,Wheat
1905,A3_S1_S2_sequence,GRU,3,No crop/Fallow,Lentil
1906,A3_S1_S2_sequence,GRU,3,Wheat,Wheat
1919,A3_S1_S2_sequence,GRU,3,Sugarcane,Lentil
1920,A3_S1_S2_sequence,GRU,3,Wheat,Wheat
1921,A3_S1_S2_sequence,GRU,3,Lentil,Wheat
1922,A3_S1_S2_sequence,GRU,3,Wheat,Wheat
1923,A3_S1_S2_sequence,GRU,3,Mustard,Mustard
1924,A3_S1_S2_sequence,GRU,3,Mustard,Lentil
1936,A3_S1_S2_sequence,GRU,3,Wheat,Wheat
1940,A3_S1_S2_sequence,GRU,3,Wheat,Wheat
1941,A3_S1_S2_sequence,GRU,3,Wheat,Wheat
1942,A3_S1_S2_sequence,GRU,3,Wheat,Wheat
1943,A3_S1_S2_sequence,GRU,3,No crop/Fallow,Sugarcane
1944,A3_S1_S2_sequence,GRU,3,Wheat,Wheat
1946,A3_S1_S2_sequence,GRU,3,Mustard,Lentil
1950,A3_S1_S2_sequence,GRU,3,Wheat,Wheat
1956,A3_S1_S2_sequence,GRU,3,Wheat,Wheat
1957,A3_S1_S2_sequence,GRU,3,Wheat,Wheat
1958,A3_S1_S2_sequence,GRU,3,Wheat,Wheat
1959,A3_S1_S2_sequence,GRU,3,Wheat,Wheat
1965,A3_S1_S2_sequence,GRU,3,Lentil,Green pea
1966,A3_S1_S2_sequence,GRU,3,Green pea,Garlic
1967,A3_S1_S2_sequence,GRU,3,Mustard,Lentil
1968,A3_S1_S2_sequence,GRU,3,Wheat,Wheat
1979,A3_S1_S2_sequence,GRU,3,Wheat,Wheat
1986,A3_S1_S2_sequence,GRU,3,No crop/Fallow,Lentil
1988,A3_S1_S2_sequence,GRU,3,Mustard,Green pea
1991,A3_S1_S2_sequence,GRU,3,Wheat,Wheat
1992,A3_S1_S2_sequence,GRU,3,Wheat,Wheat
2001,A3_S1_S2_sequence,GRU,3,No crop/Fallow,Green pea
2002,A3_S1_S2_sequence,GRU,3,Wheat,Wheat
2003,A3_S1_S2_sequence,GRU,3,Mustard,Lentil
2004,A3_S1_S2_sequence,GRU,3,Mustard,Sugarcane
2005,A3_S1_S2_sequence,GRU,3,Mustard,Sugarcane
2006,A3_S1_S2_sequence,GRU,3,Wheat,Wheat
2007,A3_S1_S2_sequence,GRU,3,Wheat,Wheat
2008,A3_S1_S2_sequence,GRU,3,Mustard,Wheat
2009,A3_S1_S2_sequence,GRU,3,Lentil,Wheat
2015,A3_S1_S2_sequence,GRU,3,Mustard,Lentil
2016,A3_S1_S2_sequence,GRU,3,Mustard,Lentil
2017,A3_S1_S2_sequence,GRU,3,Mustard,Green pea
2019,A3_S1_S2_sequence,GRU,3,Wheat,Lentil
2021,A3_S1_S2_sequence,GRU,3,Wheat,Wheat
2022,A3_S1_S2_sequence,GRU,3,Wheat,Wheat
2050,A3_S1_S2_sequence,GRU,3,Wheat,Wheat
2051,A3_S1_S2_sequence,GRU,3,Wheat,Wheat
2052,A3_S1_S2_sequence,GRU,3,Wheat,Coriander
2053,A3_S1_S2_sequence,GRU,3,Wheat,Wheat
2054,A3_S1_S2_sequence,GRU,3,Wheat,Potato
2055,A3_S1_S2_sequence,GRU,3,Wheat,Wheat
2056,A3_S1_S2_sequence,GRU,3,Lentil,Lentil
2060,A3_S1_S2_sequence,GRU,3,Wheat,Wheat
2062,A3_S1_S2_sequence,GRU,3,Wheat,Wheat
2078,A3_S1_S2_sequence,GRU,3,Wheat,Wheat
2117,A3_S1_S2_sequence,GRU,3,No crop/Fallow,Wheat
2118,A3_S1_S2_sequence,GRU,3,Wheat,Sugarcane
2130,A3_S1_S2_sequence,GRU,3,Wheat,Wheat
2131,A3_S1_S2_sequence,GRU,3,Wheat,Wheat
2145,A3_S1_S2_sequence,GRU,3,Wheat,Lentil
2159,A3_S1_S2_sequence,GRU,3,Wheat,Wheat
2174,A3_S1_S2_sequence,GRU,3,Wheat,Wheat
2182,A3_S1_S2_sequence,GRU,3,Wheat,Lentil
2183,A3_S1_S2_sequence,GRU,3,Mustard,Coriander
2185,A3_S1_S2_sequence,GRU,3,Wheat,Lentil
2186,A3_S1_S2_sequence,GRU,3,Wheat,Lentil
2187,A3_S1_S2_sequence,GRU,3,Wheat,Wheat
2188,A3_S1_S2_sequence,GRU,3,Lentil,Lentil
2189,A3_S1_S2_sequence,GRU,3,Wheat,Lentil
2190,A3_S1_S2_sequence,GRU,3,Lentil,Sugarcane
2217,A3_S1_S2_sequence,GRU,3,Wheat,Lentil
2218,A3_S1_S2_sequence,GRU,3,Wheat,Wheat
2219,A3_S1_S2_sequence,GRU,3,Wheat,Lentil
2220,A3_S1_S2_sequence,GRU,3,Wheat,Wheat
2221,A3_S1_S2_sequence,GRU,3,Wheat,Wheat
2228,A3_S1_S2_sequence,GRU,3,Wheat,Garlic
2229,A3_S1_S2_sequence,GRU,3,Wheat,Wheat
2234,A3_S1_S2_sequence,GRU,3,Wheat,Wheat
2236,A3_S1_S2_sequence,GRU,3,Wheat,Wheat
2243,A3_S1_S2_sequence,GRU,3,Wheat,Green pea
2245,A3_S1_S2_sequence,GRU,3,Wheat,Wheat
2246,A3_S1_S2_sequence,GRU,3,Wheat,Wheat
2247,A3_S1_S2_sequence,GRU,3,Wheat,Wheat
2259,A3_S1_S2_sequence,GRU,3,Wheat,Wheat
2280,A3_S1_S2_sequence,GRU,3,Wheat,Lentil
2281,A3_S1_S2_sequence,GRU,3,Sugarcane,Sugarcane
2282,A3_S1_S2_sequence,GRU,3,Sugarcane,Sugarcane
2283,A3_S1_S2_sequence,GRU,3,Wheat,Wheat
2285,A3_S1_S2_sequence,GRU,3,Wheat,Potato
2286,A3_S1_S2_sequence,GRU,3,Wheat,Wheat
2317,A3_S1_S2_sequence,GRU,3,Wheat,Wheat
2318,A3_S1_S2_sequence,GRU,3,Wheat,Wheat
2319,A3_S1_S2_sequence,GRU,3,Wheat,Lentil
2324,A3_S1_S2_sequence,GRU,3,Sugarcane,Sugarcane
2339,A3_S1_S2_sequence,GRU,3,No crop/Fallow,Lentil
2340,A3_S1_S2_sequence,GRU,3,No crop/Fallow,Lentil
2341,A3_S1_S2_sequence,GRU,3,Wheat,Wheat
2361,A3_S1_S2_sequence,GRU,3,Wheat,Wheat
2362,A3_S1_S2_sequence,GRU,3,Wheat,Wheat
2363,A3_S1_S2_sequence,GRU,3,Wheat,Wheat
2364,A3_S1_S2_sequence,GRU,3,Mustard,Wheat
2365,A3_S1_S2_sequence,GRU,3,Wheat,Wheat
2366,A3_S1_S2_sequence,GRU,3,Mustard,Sugarcane
2390,A3_S1_S2_sequence,GRU,3,Wheat,Wheat
2392,A3_S1_S2_sequence,GRU,3,Wheat,Wheat
2393,A3_S1_S2_sequence,GRU,3,Lentil,Lentil
2394,A3_S1_S2_sequence,GRU,3,Wheat,Wheat
2395,A3_S1_S2_sequence,GRU,3,Wheat,Wheat
2397,A3_S1_S2_sequence,GRU,3,Mustard,Lentil
2401,A3_S1_S2_sequence,GRU,3,Wheat,Wheat
2402,A3_S1_S2_sequence,GRU,3,Wheat,Wheat
2403,A3_S1_S2_sequence,GRU,3,Wheat,Wheat
2404,A3_S1_S2_sequence,GRU,3,Wheat,Wheat
2415,A3_S1_S2_sequence,GRU,3,Wheat,Lentil
2417,A3_S1_S2_sequence,GRU,3,No crop/Fallow,Sugarcane
2418,A3_S1_S2_sequence,GRU,3,Green pea,Wheat
2419,A3_S1_S2_sequence,GRU,3,Mustard,Lentil
2440,A3_S1_S2_sequence,GRU,3,Wheat,Wheat
2444,A3_S1_S2_sequence,GRU,3,Wheat,Wheat
2449,A3_S1_S2_sequence,GRU,3,Mustard,Sugarcane
2450,A3_S1_S2_sequence,GRU,3,Wheat,Wheat
2451,A3_S1_S2_sequence,GRU,3,Wheat,Lentil
2452,A3_S1_S2_sequence,GRU,3,Wheat,Wheat
2453,A3_S1_S2_sequence,GRU,3,Wheat,Wheat
2454,A3_S1_S2_sequence,GRU,3,Wheat,Wheat
2464,A3_S1_S2_sequence,GRU,3,Green pea,Wheat
2465,A3_S1_S2_sequence,GRU,3,Wheat,Wheat
2466,A3_S1_S2_sequence,GRU,3,Lentil,Lentil
2492,A3_S1_S2_sequence,GRU,3,Mustard,Sugarcane
2493,A3_S1_S2_sequence,GRU,3,Wheat,Wheat
2523,A3_S1_S2_sequence,GRU,3,Wheat,Lentil
2543,A3_S1_S2_sequence,GRU,3,Wheat,Wheat
2544,A3_S1_S2_sequence,GRU,3,Lentil,Mustard
2558,A3_S1_S2_sequence,GRU,3,Wheat,Wheat
2559,A3_S1_S2_sequence,GRU,3,Mustard,Wheat
2560,A3_S1_S2_sequence,GRU,3,Wheat,Lentil
2561,A3_S1_S2_sequence,GRU,3,Sugarcane,Potato
2562,A3_S1_S2_sequence,GRU,3,Wheat,Wheat
2563,A3_S1_S2_sequence,GRU,3,No crop/Fallow,Wheat
2566,A3_S1_S2_sequence,GRU,3,Wheat,Lentil
2567,A3_S1_S2_sequence,GRU,3,No crop/Fallow,Lentil
2568,A3_S1_S2_sequence,GRU,3,Wheat,Wheat
2600,A3_S1_S2_sequence,GRU,3,Wheat,Wheat
2601,A3_S1_S2_sequence,GRU,3,Wheat,Wheat
2602,A3_S1_S2_sequence,GRU,3,Wheat,Wheat
2603,A3_S1_S2_sequence,GRU,3,Wheat,Wheat
2608,A3_S1_S2_sequence,GRU,3,Wheat,Wheat
2609,A3_S1_S2_sequence,GRU,3,Lentil,Lentil
2615,A3_S1_S2_sequence,GRU,3,Sugarcane,Sugarcane
2616,A3_S1_S2_sequence,GRU,3,Wheat,Wheat
2617,A3_S1_S2_sequence,GRU,3,Sugarcane,Coriander
2636,A3_S1_S2_sequence,GRU,3,Wheat,Wheat
2637,A3_S1_S2_sequence,GRU,3,Sugarcane,Sugarcane
2638,A3_S1_S2_sequence,GRU,3,Mustard,Lentil
2680,A3_S1_S2_sequence,GRU,3,Wheat,Wheat
2681,A3_S1_S2_sequence,GRU,3,Wheat,Wheat
2682,A3_S1_S2_sequence,GRU,3,Wheat,Wheat
2689,A3_S1_S2_sequence,GRU,3,Mustard,Lentil
2690,A3_S1_S2_sequence,GRU,3,Mustard,Mustard
2691,A3_S1_S2_sequence,GRU,3,Wheat,Wheat
2692,A3_S1_S2_sequence,GRU,3,Wheat,Wheat
2693,A3_S1_S2_sequence,GRU,3,Wheat,Wheat
2694,A3_S1_S2_sequence,GRU,3,Mustard,Lentil
2709,A3_S1_S2_sequence,GRU,3,Wheat,Green pea
2710,A3_S1_S2_sequence,GRU,3,Wheat,Lentil
2712,A3_S1_S2_sequence,GRU,3,Mustard,Lentil
2716,A3_S1_S2_sequence,GRU,3,Wheat,Wheat
2727,A3_S1_S2_sequence,GRU,3,Wheat,Wheat
2728,A3_S1_S2_sequence,GRU,3,Wheat,Lentil
2729,A3_S1_S2_sequence,GRU,3,Wheat,Wheat
2730,A3_S1_S2_sequence,GRU,3,Wheat,Wheat
2731,A3_S1_S2_sequence,GRU,3,Wheat,Wheat
2740,A3_S1_S2_sequence,GRU,3,Mustard,Lentil
2741,A3_S1_S2_sequence,GRU,3,Wheat,Wheat
2763,A3_S1_S2_sequence,GRU,3,Mustard,Mustard
2764,A3_S1_S2_sequence,GRU,3,Wheat,Bersem
2782,A3_S1_S2_sequence,GRU,3,Wheat,Wheat
2785,A3_S1_S2_sequence,GRU,3,Wheat,Wheat
2796,A3_S1_S2_sequence,GRU,3,Wheat,Wheat
2811,A3_S1_S2_sequence,GRU,3,Wheat,Wheat
2838,A3_S1_S2_sequence,GRU,3,Wheat,Wheat
2839,A3_S1_S2_sequence,GRU,3,Wheat,Wheat
2840,A3_S1_S2_sequence,GRU,3,Wheat,Wheat
2853,A3_S1_S2_sequence,GRU,3,Wheat,Wheat
2854,A3_S1_S2_sequence,GRU,3,Wheat,Wheat
2855,A3_S1_S2_sequence,GRU,3,Wheat,Wheat
2856,A3_S1_S2_sequence,GRU,3,Wheat,Wheat
2871,A3_S1_S2_sequence,GRU,3,Mustard,Lentil
2872,A3_S1_S2_sequence,GRU,3,Wheat,Wheat
2878,A3_S1_S2_sequence,GRU,3,Lentil,Green pea
2880,A3_S1_S2_sequence,GRU,3,Wheat,Wheat
2885,A3_S1_S2_sequence,GRU,3,Bersem,Green pea
2900,A3_S1_S2_sequence,GRU,3,Mustard,Sugarcane
2901,A3_S1_S2_sequence,GRU,3,Mustard,Sugarcane
2913,A3_S1_S2_sequence,GRU,3,No crop/Fallow,Coriander
2914,A3_S1_S2_sequence,GRU,3,Wheat,Wheat
2915,A3_S1_S2_sequence,GRU,3,Mustard,Bersem
2920,A3_S1_S2_sequence,GRU,3,Wheat,Wheat
2921,A3_S1_S2_sequence,GRU,3,Wheat,Wheat
2929,A3_S1_S2_sequence,GRU,3,Mustard,Lentil
2930,A3_S1_S2_sequence,GRU,3,Wheat,Wheat
2931,A3_S1_S2_sequence,GRU,3,Bersem,Coriander
2932,A3_S1_S2_sequence,GRU,3,Wheat,Wheat
2933,A3_S1_S2_sequence,GRU,3,Wheat,Wheat
2934,A3_S1_S2_sequence,GRU,3,Wheat,Wheat
2950,A3_S1_S2_sequence,GRU,3,Wheat,Lentil
2955,A3_S1_S2_sequence,GRU,3,Mustard,Green pea
2956,A3_S1_S2_sequence,GRU,3,Wheat,Wheat
2957,A3_S1_S2_sequence,GRU,3,Wheat,Wheat
2958,A3_S1_S2_sequence,GRU,3,Wheat,Wheat
2961,A3_S1_S2_sequence,GRU,3,Wheat,Sugarcane
3010,A3_S1_S2_sequence,GRU,3,Wheat,Wheat
3011,A3_S1_S2_sequence,GRU,3,No crop/Fallow,Green pea
3026,A3_S1_S2_sequence,GRU,3,Wheat,Wheat
3027,A3_S1_S2_sequence,GRU,3,Wheat,Wheat
3028,A3_S1_S2_sequence,GRU,3,Wheat,Wheat
3037,A3_S1_S2_sequence,GRU,3,Mustard,Sugarcane
3038,A3_S1_S2_sequence,GRU,3,Mustard,Lentil
3039,A3_S1_S2_sequence,GRU,3,Sugarcane,Lentil
3050,A3_S1_S2_sequence,GRU,3,Wheat,Wheat
3051,A3_S1_S2_sequence,GRU,3,Wheat,Wheat
3058,A3_S1_S2_sequence,GRU,3,Wheat,Wheat
3068,A3_S1_S2_sequence,GRU,3,Wheat,Wheat
3069,A3_S1_S2_sequence,GRU,3,Wheat,Wheat
3070,A3_S1_S2_sequence,GRU,3,Mustard,Lentil
3085,A3_S1_S2_sequence,GRU,3,Wheat,Green pea
3086,A3_S1_S2_sequence,GRU,3,Wheat,Wheat
3105,A3_S1_S2_sequence,GRU,3,Wheat,Wheat
3106,A3_S1_S2_sequence,GRU,3,Wheat,Wheat
3107,A3_S1_S2_sequence,GRU,3,Wheat,Sugarcane
3122,A3_S1_S2_sequence,GRU,3,Wheat,Lentil
3123,A3_S1_S2_sequence,GRU,3,Wheat,Wheat
3124,A3_S1_S2_sequence,GRU,3,Wheat,Wheat
3125,A3_S1_S2_sequence,GRU,3,Wheat,Wheat
3138,A3_S1_S2_sequence,GRU,3,No crop/Fallow,Coriander
3140,A3_S1_S2_sequence,GRU,3,Mustard,Coriander
3141,A3_S1_S2_sequence,GRU,3,Wheat,Mustard
3142,A3_S1_S2_sequence,GRU,3,Wheat,Wheat
3143,A3_S1_S2_sequence,GRU,3,Wheat,Mustard
3144,A3_S1_S2_sequence,GRU,3,Wheat,Wheat
3145,A3_S1_S2_sequence,GRU,3,Mustard,Coriander
3164,A3_S1_S2_sequence,GRU,3,No crop/Fallow,Coriander
3165,A3_S1_S2_sequence,GRU,3,Wheat,Wheat
3166,A3_S1_S2_sequence,GRU,3,Lentil,Coriander
3178,A3_S1_S2_sequence,GRU,3,Wheat,Wheat
3193,A3_S1_S2_sequence,GRU,3,Wheat,Wheat
3194,A3_S1_S2_sequence,GRU,3,Wheat,Wheat
3206,A3_S1_S2_sequence,GRU,3,Mustard,Potato
3207,A3_S1_S2_sequence,GRU,3,Wheat,Wheat
3208,A3_S1_S2_sequence,GRU,3,Sugarcane,Lentil
3209,A3_S1_S2_sequence,GRU,3,Mustard,Mustard
3210,A3_S1_S2_sequence,GRU,3,Sugarcane,Sugarcane
3223,A3_S1_S2_sequence,GRU,3,Wheat,Wheat
3225,A3_S1_S2_sequence,GRU,3,Wheat,Wheat
3253,A3_S1_S2_sequence,GRU,3,Mustard,Wheat
3254,A3_S1_S2_sequence,GRU,3,Mustard,Wheat
3264,A3_S1_S2_sequence,GRU,3,Wheat,Wheat
3265,A3_S1_S2_sequence,GRU,3,Wheat,Wheat
3287,A3_S1_S2_sequence,GRU,3,Wheat,Wheat
3293,A3_S1_S2_sequence,GRU,3,Wheat,Lentil
3312,A3_S1_S2_sequence,GRU,3,Mustard,Wheat
3313,A3_S1_S2_sequence,GRU,3,Wheat,Wheat
3314,A3_S1_S2_sequence,GRU,3,Mustard,Lentil
3317,A3_S1_S2_sequence,GRU,3,Wheat,Wheat
3318,A3_S1_S2_sequence,GRU,3,Wheat,Bersem
3338,A3_S1_S2_sequence,GRU,3,Mustard,Lentil
3339,A3_S1_S2_sequence,GRU,3,Wheat,Wheat
3340,A3_S1_S2_sequence,GRU,3,Wheat,Lentil
3350,A3_S1_S2_sequence,GRU,3,Wheat,Wheat
3351,A3_S1_S2_sequence,GRU,3,Wheat,Wheat
3362,A3_S1_S2_sequence,GRU,3,Wheat,Lentil
3363,A3_S1_S2_sequence,GRU,3,Wheat,Green pea
3367,A3_S1_S2_sequence,GRU,3,Wheat,Lentil
3369,A3_S1_S2_sequence,GRU,3,Mustard,Lentil
3370,A3_S1_S2_sequence,GRU,3,Wheat,Lentil
3371,A3_S1_S2_sequence,GRU,3,Wheat,Lentil
3372,A3_S1_S2_sequence,GRU,3,Wheat,Wheat
3373,A3_S1_S2_sequence,GRU,3,Mustard,Lentil
3374,A3_S1_S2_sequence,GRU,3,Coriander,Lentil
3375,A3_S1_S2_sequence,GRU,3,Mustard,Lentil
3376,A3_S1_S2_sequence,GRU,3,Wheat,Wheat
3380,A3_S1_S2_sequence,GRU,3,Wheat,Lentil
3381,A3_S1_S2_sequence,GRU,3,Mustard,Mustard
3389,A3_S1_S2_sequence,GRU,3,Wheat,Lentil
3390,A3_S1_S2_sequence,GRU,3,Mustard,Lentil
3395,A3_S1_S2_sequence,GRU,3,Wheat,Wheat
3414,A3_S1_S2_sequence,GRU,3,Mustard,Sugarcane
3415,A3_S1_S2_sequence,GRU,3,Mustard,Sugarcane
3427,A3_S1_S2_sequence,GRU,3,Wheat,Wheat
3428,A3_S1_S2_sequence,GRU,3,Mustard,Lentil
3429,A3_S1_S2_sequence,GRU,3,Wheat,Wheat
3430,A3_S1_S2_sequence,GRU,3,Mustard,Lentil
3431,A3_S1_S2_sequence,GRU,3,Wheat,Wheat
3436,A3_S1_S2_sequence,GRU,3,Mustard,Mustard
3446,A3_S1_S2_sequence,GRU,3,Wheat,Lentil
3447,A3_S1_S2_sequence,GRU,3,Wheat,Lentil
3463,A3_S1_S2_sequence,GRU,3,Wheat,Wheat
3464,A3_S1_S2_sequence,GRU,3,Wheat,Wheat
3471,A3_S1_S2_sequence,GRU,3,Wheat,Wheat
3472,A3_S1_S2_sequence,GRU,3,Wheat,Wheat
3482,A3_S1_S2_sequence,GRU,3,Wheat,Wheat
3484,A3_S1_S2_sequence,GRU,3,Wheat,Lentil
3487,A3_S1_S2_sequence,GRU,3,Wheat,Wheat
3488,A3_S1_S2_sequence,GRU,3,Wheat,Wheat
3489,A3_S1_S2_sequence,GRU,3,Wheat,Lentil
3492,A3_S1_S2_sequence,GRU,3,Mustard,Lentil
3493,A3_S1_S2_sequence,GRU,3,Wheat,Wheat
3494,A3_S1_S2_sequence,GRU,3,Wheat,Wheat
3500,A3_S1_S2_sequence,GRU,3,Wheat,Wheat
3501,A3_S1_S2_sequence,GRU,3,Wheat,Wheat
3502,A3_S1_S2_sequence,GRU,3,Wheat,Wheat
3516,A3_S1_S2_sequence,GRU,3,Mustard,Lentil
3517,A3_S1_S2_sequence,GRU,3,Wheat,Wheat
3533,A3_S1_S2_sequence,GRU,3,Wheat,Wheat
3534,A3_S1_S2_sequence,GRU,3,Lentil,Green pea
3537,A3_S1_S2_sequence,GRU,3,No crop/Fallow,Lentil
3538,A3_S1_S2_sequence,GRU,3,Sugarcane,Sugarcane
3539,A3_S1_S2_sequence,GRU,3,No crop/Fallow,Sugarcane
3540,A3_S1_S2_sequence,GRU,3,Wheat,Sugarcane
3541,A3_S1_S2_sequence,GRU,3,Wheat,Wheat
3542,A3_S1_S2_sequence,GRU,3,Wheat,Wheat
3550,A3_S1_S2_sequence,GRU,3,Wheat,Wheat
3551,A3_S1_S2_sequence,GRU,3,Wheat,Wheat
3576,A3_S1_S2_sequence,GRU,3,Wheat,Wheat
3577,A3_S1_S2_sequence,GRU,3,Mustard,Sugarcane
3578,A3_S1_S2_sequence,GRU,3,Mustard,Lentil
3579,A3_S1_S2_sequence,GRU,3,Lentil,Wheat
3609,A3_S1_S2_sequence,GRU,3,Wheat,Wheat
3631,A3_S1_S2_sequence,GRU,3,Bersem,Sugarcane
3632,A3_S1_S2_sequence,GRU,3,Sugarcane,Lentil
3633,A3_S1_S2_sequence,GRU,3,Wheat,Lentil
3635,A3_S1_S2_sequence,GRU,3,No crop/Fallow,Wheat
3640,A3_S1_S2_sequence,GRU,3,No crop/Fallow,No crop/Fallow
3641,A3_S1_S2_sequence,GRU,3,No crop/Fallow,No crop/Fallow
3642,A3_S1_S2_sequence,GRU,3,No crop/Fallow,Rice
3648,A3_S1_S2_sequence,GRU,3,No crop/Fallow,No crop/Fallow
3649,A3_S1_S2_sequence,GRU,3,No crop/Fallow,Potato
3650,A3_S1_S2_sequence,GRU,3,No crop/Fallow,Green pea
3651,A3_S1_S2_sequence,GRU,3,No crop/Fallow,Green pea
3652,A3_S1_S2_sequence,GRU,3,No crop/Fallow,Rice
3653,A3_S1_S2_sequence,GRU,3,No crop/Fallow,Rice
3654,A3_S1_S2_sequence,GRU,3,No crop/Fallow,Rice
3657,A3_S1_S2_sequence,GRU,3,No crop/Fallow,No crop/Fallow
3658,A3_S1_S2_sequence,GRU,3,No crop/Fallow,No crop/Fallow
3702,A3_S1_S2_sequence,GRU,3,No crop/Fallow,Bersem
3703,A3_S1_S2_sequence,GRU,3,No crop/Fallow,Bersem
3721,A3_S1_S2_sequence,GRU,3,No crop/Fallow,No crop/Fallow
3722,A3_S1_S2_sequence,GRU,3,No crop/Fallow,No crop/Fallow
3727,A3_S1_S2_sequence,GRU,3,No crop/Fallow,Rice
3728,A3_S1_S2_sequence,GRU,3,No crop/Fallow,No crop/Fallow
3730,A3_S1_S2_sequence,GRU,3,No crop/Fallow,No crop/Fallow
3737,A3_S1_S2_sequence,GRU,3,Rice,No crop/Fallow
3739,A3_S1_S2_sequence,GRU,3,Maize,Rice
3771,A3_S1_S2_sequence,GRU,3,No crop/Fallow,No crop/Fallow
3772,A3_S1_S2_sequence,GRU,3,No crop/Fallow,No crop/Fallow
3784,A3_S1_S2_sequence,GRU,3,No crop/Fallow,No crop/Fallow
3793,A3_S1_S2_sequence,GRU,3,No crop/Fallow,Green pea
3794,A3_S1_S2_sequence,GRU,3,No crop/Fallow,Green pea
3808,A3_S1_S2_sequence,GRU,3,No crop/Fallow,No crop/Fallow
3847,A3_S1_S2_sequence,GRU,3,No crop/Fallow,No crop/Fallow
3848,A3_S1_S2_sequence,GRU,3,No crop/Fallow,No crop/Fallow
3849,A3_S1_S2_sequence,GRU,3,No crop/Fallow,No crop/Fallow
3850,A3_S1_S2_sequence,GRU,3,No crop/Fallow,Green pea
3851,A3_S1_S2_sequence,GRU,3,No crop/Fallow,Green pea
3864,A3_S1_S2_sequence,GRU,3,Rice,No crop/Fallow
3875,A3_S1_S2_sequence,GRU,3,Rice,No crop/Fallow
3880,A3_S1_S2_sequence,GRU,3,Rice,Rice
3922,A3_S1_S2_sequence,GRU,3,No crop/Fallow,No crop/Fallow
3923,A3_S1_S2_sequence,GRU,3,No crop/Fallow,Rice
3924,A3_S1_S2_sequence,GRU,3,No crop/Fallow,No crop/Fallow
3925,A3_S1_S2_sequence,GRU,3,No crop/Fallow,No crop/Fallow
3926,A3_S1_S2_sequence,GRU,3,No crop/Fallow,No crop/Fallow
3927,A3_S1_S2_sequence,GRU,3,No crop/Fallow,Rice
3928,A3_S1_S2_sequence,GRU,3,No crop/Fallow,No crop/Fallow
3929,A3_S1_S2_sequence,GRU,3,No crop/Fallow,Green pea
3930,A3_S1_S2_sequence,GRU,3,No crop/Fallow,No crop/Fallow
3945,A3_S1_S2_sequence,GRU,3,Potato,Potato
3967,A3_S1_S2_sequence,GRU,3,No crop/Fallow,Rice
3970,A3_S1_S2_sequence,GRU,3,No crop/Fallow,No crop/Fallow
3974,A3_S1_S2_sequence,GRU,3,Rice,No crop/Fallow
3982,A3_S1_S2_sequence,GRU,3,No crop/Fallow,Maize
3991,A3_S1_S2_sequence,GRU,3,No crop/Fallow,No crop/Fallow
3992,A3_S1_S2_sequence,GRU,3,No crop/Fallow,Green pea
3993,A3_S1_S2_sequence,GRU,3,No crop/Fallow,No crop/Fallow
3995,A3_S1_S2_sequence,GRU,3,No crop/Fallow,Rice
3996,A3_S1_S2_sequence,GRU,3,No crop/Fallow,No crop/Fallow
3997,A3_S1_S2_sequence,GRU,3,No crop/Fallow,No crop/Fallow
3999,A3_S1_S2_sequence,GRU,3,No crop/Fallow,Rice
4025,A3_S1_S2_sequence,GRU,3,No crop/Fallow,Green pea
4026,A3_S1_S2_sequence,GRU,3,No crop/Fallow,No crop/Fallow
4040,A3_S1_S2_sequence,GRU,3,Maize,Rice
4041,A3_S1_S2_sequence,GRU,3,No crop/Fallow,Rice
4043,A3_S1_S2_sequence,GRU,3,Rice,Green pea
4045,A3_S1_S2_sequence,GRU,3,No crop/Fallow,Rice
4046,A3_S1_S2_sequence,GRU,3,No crop/Fallow,Rice
4072,A3_S1_S2_sequence,GRU,3,Rice,Rice
4073,A3_S1_S2_sequence,GRU,3,Rice,Rice
4086,A3_S1_S2_sequence,GRU,3,No crop/Fallow,Potato
4087,A3_S1_S2_sequence,GRU,3,No crop/Fallow,Green pea
4109,A3_S1_S2_sequence,GRU,3,No crop/Fallow,No crop/Fallow
4110,A3_S1_S2_sequence,GRU,3,No crop/Fallow,No crop/Fallow
4111,A3_S1_S2_sequence,GRU,3,No crop/Fallow,No crop/Fallow
4112,A3_S1_S2_sequence,GRU,3,No crop/Fallow,No crop/Fallow
4128,A3_S1_S2_sequence,GRU,3,No crop/Fallow,No crop/Fallow
4189,A3_S1_S2_sequence,GRU,3,No crop/Fallow,Rice
4190,A3_S1_S2_sequence,GRU,3,No crop/Fallow,Green pea
4191,A3_S1_S2_sequence,GRU,3,No crop/Fallow,No crop/Fallow
4192,A3_S1_S2_sequence,GRU,3,Mustard,No crop/Fallow
4193,A3_S1_S2_sequence,GRU,3,No crop/Fallow,Potato
4194,A3_S1_S2_sequence,GRU,3,No crop/Fallow,Rice
4199,A3_S1_S2_sequence,GRU,3,No crop/Fallow,Green pea
4235,A3_S1_S2_sequence,GRU,3,Rice,No crop/Fallow
4246,A3_S1_S2_sequence,GRU,3,No crop/Fallow,No crop/Fallow
4247,A3_S1_S2_sequence,GRU,3,No crop/Fallow,Green pea
4248,A3_S1_S2_sequence,GRU,3,No crop/Fallow,No crop/Fallow
4249,A3_S1_S2_sequence,GRU,3,No crop/Fallow,No crop/Fallow
4255,A3_S1_S2_sequence,GRU,3,No crop/Fallow,Bersem
4256,A3_S1_S2_sequence,GRU,3,No crop/Fallow,Bersem
4257,A3_S1_S2_sequence,GRU,3,No crop/Fallow,Bersem
4258,A3_S1_S2_sequence,GRU,3,No crop/Fallow,Bersem
4262,A3_S1_S2_sequence,GRU,3,Rice,Potato
4263,A3_S1_S2_sequence,GRU,3,Rice,Potato
4270,A3_S1_S2_sequence,GRU,3,Mustard,Green pea
4274,A3_S1_S2_sequence,GRU,3,Rice,Rice
4275,A3_S1_S2_sequence,GRU,3,Rice,Rice
4276,A3_S1_S2_sequence,GRU,3,Rice,No crop/Fallow
4283,A3_S1_S2_sequence,GRU,3,No crop/Fallow,Rice
4284,A3_S1_S2_sequence,GRU,3,No crop/Fallow,Rice
4291,A3_S1_S2_sequence,GRU,3,Rice,Rice
4292,A3_S1_S2_sequence,GRU,3,No crop/Fallow,No crop/Fallow
4294,A3_S1_S2_sequence,GRU,3,No crop/Fallow,Green pea
4295,A3_S1_S2_sequence,GRU,3,No crop/Fallow,No crop/Fallow
4323,A3_S1_S2_sequence,GRU,3,Rice,Potato
4324,A3_S1_S2_sequence,GRU,3,Rice,Garlic
4330,A3_S1_S2_sequence,GRU,3,No crop/Fallow,No crop/Fallow
4331,A3_S1_S2_sequence,GRU,3,No crop/Fallow,No crop/Fallow
4332,A3_S1_S2_sequence,GRU,3,No crop/Fallow,No crop/Fallow
4333,A3_S1_S2_sequence,GRU,3,No crop/Fallow,No crop/Fallow
4340,A3_S1_S2_sequence,GRU,3,No crop/Fallow,No crop/Fallow
4341,A3_S1_S2_sequence,GRU,3,No crop/Fallow,No crop/Fallow
4342,A3_S1_S2_sequence,GRU,3,No crop/Fallow,No crop/Fallow
4343,A3_S1_S2_sequence,GRU,3,No crop/Fallow,No crop/Fallow
4344,A3_S1_S2_sequence,GRU,3,No crop/Fallow,No crop/Fallow
4393,A3_S1_S2_sequence,GRU,3,Rice,No crop/Fallow
4396,A3_S1_S2_sequence,GRU,3,Rice,No crop/Fallow
4398,A3_S1_S2_sequence,GRU,3,Rice,Rice
4405,A3_S1_S2_sequence,GRU,3,No crop/Fallow,No crop/Fallow
4407,A3_S1_S2_sequence,GRU,3,No crop/Fallow,No crop/Fallow
4409,A3_S1_S2_sequence,GRU,3,No crop/Fallow,No crop/Fallow
4449,A3_S1_S2_sequence,GRU,3,Potato,Rice
4458,A3_S1_S2_sequence,GRU,3,No crop/Fallow,No crop/Fallow
4459,A3_S1_S2_sequence,GRU,3,No crop/Fallow,No crop/Fallow
4460,A3_S1_S2_sequence,GRU,3,No crop/Fallow,No crop/Fallow
4461,A3_S1_S2_sequence,GRU,3,No crop/Fallow,No crop/Fallow
4464,A3_S1_S2_sequence,GRU,3,No crop/Fallow,No crop/Fallow
4465,A3_S1_S2_sequence,GRU,3,No crop/Fallow,No crop/Fallow
4466,A3_S1_S2_sequence,GRU,3,No crop/Fallow,No crop/Fallow
4467,A3_S1_S2_sequence,GRU,3,No crop/Fallow,No crop/Fallow
4468,A3_S1_S2_sequence,GRU,3,No crop/Fallow,No crop/Fallow
4469,A3_S1_S2_sequence,GRU,3,No crop/Fallow,No crop/Fallow
4488,A3_S1_S2_sequence,GRU,3,No crop/Fallow,No crop/Fallow
4489,A3_S1_S2_sequence,GRU,3,No crop/Fallow,No crop/Fallow
4490,A3_S1_S2_sequence,GRU,3,No crop/Fallow,Rice
4491,A3_S1_S2_sequence,GRU,3,No crop/Fallow,Rice
4492,A3_S1_S2_sequence,GRU,3,No crop/Fallow,No crop/Fallow
4493,A3_S1_S2_sequence,GRU,3,No crop/Fallow,No crop/Fallow
4494,A3_S1_S2_sequence,GRU,3,No crop/Fallow,No crop/Fallow
4501,A3_S1_S2_sequence,GRU,3,No crop/Fallow,No crop/Fallow
4502,A3_S1_S2_sequence,GRU,3,No crop/Fallow,No crop/Fallow
4503,A3_S1_S2_sequence,GRU,3,No crop/Fallow,No crop/Fallow
4504,A3_S1_S2_sequence,GRU,3,No crop/Fallow,No crop/Fallow
4506,A3_S1_S2_sequence,GRU,3,No crop/Fallow,Green pea
4508,A3_S1_S2_sequence,GRU,3,No crop/Fallow,Green pea
4509,A3_S1_S2_sequence,GRU,3,No crop/Fallow,Green pea
4520,A3_S1_S2_sequence,GRU,3,No crop/Fallow,Green pea
4522,A3_S1_S2_sequence,GRU,3,No crop/Fallow,Green pea
4523,A3_S1_S2_sequence,GRU,3,No crop/Fallow,Rice
4526,A3_S1_S2_sequence,GRU,3,No crop/Fallow,No crop/Fallow
4527,A3_S1_S2_sequence,GRU,3,No crop/Fallow,Green pea
4528,A3_S1_S2_sequence,GRU,3,No crop/Fallow,No crop/Fallow
4532,A3_S1_S2_sequence,GRU,3,No crop/Fallow,Potato
4533,A3_S1_S2_sequence,GRU,3,No crop/Fallow,No crop/Fallow
4534,A3_S1_S2_sequence,GRU,3,Rice,No crop/Fallow
4570,A3_S1_S2_sequence,GRU,3,No crop/Fallow,Potato
4571,A3_S1_S2_sequence,GRU,3,No crop/Fallow,No crop/Fallow
4576,A3_S1_S2_sequence,GRU,3,No crop/Fallow,No crop/Fallow
4577,A3_S1_S2_sequence,GRU,3,No crop/Fallow,Rice
4578,A3_S1_S2_sequence,GRU,3,No crop/Fallow,Rice
4579,A3_S1_S2_sequence,GRU,3,No crop/Fallow,Rice
4586,A3_S1_S2_sequence,GRU,3,No crop/Fallow,Rice
4587,A3_S1_S2_sequence,GRU,3,No crop/Fallow,No crop/Fallow
4588,A3_S1_S2_sequence,GRU,3,No crop/Fallow,No crop/Fallow
4591,A3_S1_S2_sequence,GRU,3,No crop/Fallow,No crop/Fallow
4617,A3_S1_S2_sequence,GRU,3,Potato,Rice
4619,A3_S1_S2_sequence,GRU,3,No crop/Fallow,Rice
4621,A3_S1_S2_sequence,GRU,3,Rice,Rice
4622,A3_S1_S2_sequence,GRU,3,No crop/Fallow,Rice
4623,A3_S1_S2_sequence,GRU,3,No crop/Fallow,No crop/Fallow
4624,A3_S1_S2_sequence,GRU,3,No crop/Fallow,No crop/Fallow
4625,A3_S1_S2_sequence,GRU,3,No crop/Fallow,No crop/Fallow
4646,A3_S1_S2_sequence,GRU,3,No crop/Fallow,Rice
4647,A3_S1_S2_sequence,GRU,3,No crop/Fallow,No crop/Fallow
4653,A3_S1_S2_sequence,GRU,3,No crop/Fallow,No crop/Fallow
4654,A3_S1_S2_sequence,GRU,3,No crop/Fallow,No crop/Fallow
4657,A3_S1_S2_sequence,GRU,3,No crop/Fallow,No crop/Fallow
4668,A3_S1_S2_sequence,GRU,3,No crop/Fallow,Rice
4679,A3_S1_S2_sequence,GRU,3,No crop/Fallow,Maize
4687,A3_S1_S2_sequence,GRU,3,No crop/Fallow,Rice
4688,A3_S1_S2_sequence,GRU,3,No crop/Fallow,No crop/Fallow
4690,A3_S1_S2_sequence,GRU,3,No crop/Fallow,No crop/Fallow
4702,A3_S1_S2_sequence,GRU,3,No crop/Fallow,Rice
4703,A3_S1_S2_sequence,GRU,3,No crop/Fallow,Rice
4710,A3_S1_S2_sequence,GRU,3,No crop/Fallow,No crop/Fallow
4725,A3_S1_S2_sequence,GRU,3,No crop/Fallow,Green pea
4726,A3_S1_S2_sequence,GRU,3,No crop/Fallow,No crop/Fallow
4748,A3_S1_S2_sequence,GRU,3,No crop/Fallow,Rice
4763,A3_S1_S2_sequence,GRU,3,No crop/Fallow,No crop/Fallow
4764,A3_S1_S2_sequence,GRU,3,No crop/Fallow,Rice
4765,A3_S1_S2_sequence,GRU,3,No crop/Fallow,Rice
4766,A3_S1_S2_sequence,GRU,3,No crop/Fallow,Rice
4767,A3_S1_S2_sequence,GRU,3,No crop/Fallow,No crop/Fallow
4789,A3_S1_S2_sequence,GRU,3,No crop/Fallow,No crop/Fallow
4790,A3_S1_S2_sequence,GRU,3,No crop/Fallow,No crop/Fallow
4791,A3_S1_S2_sequence,GRU,3,No crop/Fallow,No crop/Fallow
4793,A3_S1_S2_sequence,GRU,3,No crop/Fallow,No crop/Fallow
4797,A3_S1_S2_sequence,GRU,3,Mustard,Green pea
4805,A3_S1_S2_sequence,GRU,3,No crop/Fallow,Rice
4806,A3_S1_S2_sequence,GRU,3,No crop/Fallow,Rice
4807,A3_S1_S2_sequence,GRU,3,No crop/Fallow,No crop/Fallow
4814,A3_S1_S2_sequence,GRU,3,No crop/Fallow,No crop/Fallow
4815,A3_S1_S2_sequence,GRU,3,No crop/Fallow,Rice
4823,A3_S1_S2_sequence,GRU,3,Potato,Potato
4825,A3_S1_S2_sequence,GRU,3,Rice,No crop/Fallow
4830,A3_S1_S2_sequence,GRU,3,No crop/Fallow,Rice
4831,A3_S1_S2_sequence,GRU,3,No crop/Fallow,No crop/Fallow
4832,A3_S1_S2_sequence,GRU,3,No crop/Fallow,No crop/Fallow
4833,A3_S1_S2_sequence,GRU,3,No crop/Fallow,No crop/Fallow
4834,A3_S1_S2_sequence,GRU,3,No crop/Fallow,No crop/Fallow
4835,A3_S1_S2_sequence,GRU,3,No crop/Fallow,No crop/Fallow
4850,A3_S1_S2_sequence,GRU,3,Rice,No crop/Fallow
4875,A3_S1_S2_sequence,GRU,3,No crop/Fallow,No crop/Fallow
4876,A3_S1_S2_sequence,GRU,3,No crop/Fallow,No crop/Fallow
4877,A3_S1_S2_sequence,GRU,3,No crop/Fallow,Rice
4881,A3_S1_S2_sequence,GRU,3,Rice,No crop/Fallow
4882,A3_S1_S2_sequence,GRU,3,Maize,No crop/Fallow
4883,A3_S1_S2_sequence,GRU,3,Rice,No crop/Fallow
4898,A3_S1_S2_sequence,GRU,3,No crop/Fallow,No crop/Fallow
4901,A3_S1_S2_sequence,GRU,3,No crop/Fallow,No crop/Fallow
4902,A3_S1_S2_sequence,GRU,3,No crop/Fallow,No crop/Fallow
4903,A3_S1_S2_sequence,GRU,3,No crop/Fallow,No crop/Fallow
4904,A3_S1_S2_sequence,GRU,3,No crop/Fallow,Rice
4906,A3_S1_S2_sequence,GRU,3,No crop/Fallow,Green pea
4926,A3_S1_S2_sequence,GRU,3,Rice,No crop/Fallow
4962,A3_S1_S2_sequence,GRU,3,Rice,Potato
4968,A3_S1_S2_sequence,GRU,3,No crop/Fallow,No crop/Fallow
4969,A3_S1_S2_sequence,GRU,3,No crop/Fallow,Rice
4970,A3_S1_S2_sequence,GRU,3,No crop/Fallow,No crop/Fallow
5019,A3_S1_S2_sequence,GRU,3,No crop/Fallow,Rice
5020,A3_S1_S2_sequence,GRU,3,No crop/Fallow,No crop/Fallow
5021,A3_S1_S2_sequence,GRU,3,No crop/Fallow,Rice
5022,A3_S1_S2_sequence,GRU,3,No crop/Fallow,No crop/Fallow
5023,A3_S1_S2_sequence,GRU,3,No crop/Fallow,Rice
5040,A3_S1_S2_sequence,GRU,3,No crop/Fallow,No crop/Fallow
5041,A3_S1_S2_sequence,GRU,3,No crop/Fallow,No crop/Fallow
5077,A3_S1_S2_sequence,GRU,3,No crop/Fallow,No crop/Fallow
5078,A3_S1_S2_sequence,GRU,3,No crop/Fallow,Rice
5084,A3_S1_S2_sequence,GRU,3,No crop/Fallow,No crop/Fallow
5085,A3_S1_S2_sequence,GRU,3,No crop/Fallow,No crop/Fallow
5087,A3_S1_S2_sequence,GRU,3,No crop/Fallow,Rice
5088,A3_S1_S2_sequence,GRU,3,No crop/Fallow,No crop/Fallow
5089,A3_S1_S2_sequence,GRU,3,No crop/Fallow,No crop/Fallow
5102,A3_S1_S2_sequence,GRU,3,No crop/Fallow,No crop/Fallow
5104,A3_S1_S2_sequence,GRU,3,No crop/Fallow,No crop/Fallow
5124,A3_S1_S2_sequence,GRU,3,No crop/Fallow,Green pea
5125,A3_S1_S2_sequence,GRU,3,No crop/Fallow,Rice
5126,A3_S1_S2_sequence,GRU,3,No crop/Fallow,Green pea
5161,A3_S1_S2_sequence,GRU,3,No crop/Fallow,No crop/Fallow
5162,A3_S1_S2_sequence,GRU,3,No crop/Fallow,No crop/Fallow
5163,A3_S1_S2_sequence,GRU,3,Rice,Potato
5164,A3_S1_S2_sequence,GRU,3,No crop/Fallow,No crop/Fallow
5179,A3_S1_S2_sequence,GRU,3,No crop/Fallow,No crop/Fallow
5180,A3_S1_S2_sequence,GRU,3,No crop/Fallow,No crop/Fallow
5227,A3_S1_S2_sequence,GRU,3,No crop/Fallow,Rice
5228,A3_S1_S2_sequence,GRU,3,No crop/Fallow,Rice
5229,A3_S1_S2_sequence,GRU,3,No crop/Fallow,Rice
5231,A3_S1_S2_sequence,GRU,3,No crop/Fallow,Potato
5232,A3_S1_S2_sequence,GRU,3,No crop/Fallow,No crop/Fallow
5241,A3_S1_S2_sequence,GRU,3,No crop/Fallow,No crop/Fallow
5242,A3_S1_S2_sequence,GRU,3,No crop/Fallow,No crop/Fallow
5243,A3_S1_S2_sequence,GRU,3,No crop/Fallow,No crop/Fallow
5244,A3_S1_S2_sequence,GRU,3,No crop/Fallow,No crop/Fallow
5245,A3_S1_S2_sequence,GRU,3,Rice,No crop/Fallow
5246,A3_S1_S2_sequence,GRU,3,No crop/Fallow,Rice
5247,A3_S1_S2_sequence,GRU,3,No crop/Fallow,No crop/Fallow
5248,A3_S1_S2_sequence,GRU,3,No crop/Fallow,No crop/Fallow
5249,A3_S1_S2_sequence,GRU,3,No crop/Fallow,No crop/Fallow
5258,A3_S1_S2_sequence,GRU,3,Rice,Rice
5269,A3_S1_S2_sequence,GRU,3,Mustard,Green pea
5270,A3_S1_S2_sequence,GRU,3,Garlic,Gram
5271,A3_S1_S2_sequence,GRU,3,Garlic,Garlic
5272,A3_S1_S2_sequence,GRU,3,Wheat,Mustard
5275,A3_S1_S2_sequence,GRU,3,Wheat,Wheat
5283,A3_S1_S2_sequence,GRU,3,Mustard,Mustard
5284,A3_S1_S2_sequence,GRU,3,Mustard,Mustard
5285,A3_S1_S2_sequence,GRU,3,Wheat,Wheat
5286,A3_S1_S2_sequence,GRU,3,Mustard,Mustard
5309,A3_S1_S2_sequence,GRU,3,Mustard,Mustard
5339,A3_S1_S2_sequence,GRU,3,Wheat,Wheat
5340,A3_S1_S2_sequence,GRU,3,Gram,Gram
5358,A3_S1_S2_sequence,GRU,3,Garlic,Garlic
5359,A3_S1_S2_sequence,GRU,3,Mustard,Mustard
5361,A3_S1_S2_sequence,GRU,3,Mustard,Mustard
5362,A3_S1_S2_sequence,GRU,3,Mustard,Mustard
5365,A3_S1_S2_sequence,GRU,3,Mustard,Garlic
5366,A3_S1_S2_sequence,GRU,3,Mustard,Mustard
5367,A3_S1_S2_sequence,GRU,3,Wheat,Mustard
5369,A3_S1_S2_sequence,GRU,3,Mustard,Garlic
5394,A3_S1_S2_sequence,GRU,3,Mustard,Mustard
5396,A3_S1_S2_sequence,GRU,3,Wheat,Wheat
5397,A3_S1_S2_sequence,GRU,3,Wheat,Wheat
5428,A3_S1_S2_sequence,GRU,3,Mustard,Mustard
5430,A3_S1_S2_sequence,GRU,3,Wheat,Garlic
5431,A3_S1_S2_sequence,GRU,3,Wheat,Wheat
5433,A3_S1_S2_sequence,GRU,3,Wheat,Wheat
5434,A3_S1_S2_sequence,GRU,3,Wheat,Wheat
5435,A3_S1_S2_sequence,GRU,3,Gram,Gram
5436,A3_S1_S2_sequence,GRU,3,Wheat,Wheat
5437,A3_S1_S2_sequence,GRU,3,Wheat,Garlic
5439,A3_S1_S2_sequence,GRU,3,Wheat,Coriander
5446,A3_S1_S2_sequence,GRU,3,Wheat,Gram
5447,A3_S1_S2_sequence,GRU,3,Mustard,Mustard
5448,A3_S1_S2_sequence,GRU,3,Garlic,Garlic
5449,A3_S1_S2_sequence,GRU,3,Mustard,Garlic
5450,A3_S1_S2_sequence,GRU,3,Mustard,Garlic
5451,A3_S1_S2_sequence,GRU,3,Mustard,Mustard
5453,A3_S1_S2_sequence,GRU,3,Mustard,Mustard
5454,A3_S1_S2_sequence,GRU,3,Mustard,Wheat
5455,A3_S1_S2_sequence,GRU,3,Mustard,Garlic
5456,A3_S1_S2_sequence,GRU,3,Mustard,Wheat
5457,A3_S1_S2_sequence,GRU,3,Wheat,Wheat
5458,A3_S1_S2_sequence,GRU,3,Mustard,Mustard
5460,A3_S1_S2_sequence,GRU,3,Mustard,Mustard
5462,A3_S1_S2_sequence,GRU,3,Garlic,Garlic
5464,A3_S1_S2_sequence,GRU,3,Garlic,Garlic
5465,A3_S1_S2_sequence,GRU,3,Mustard,Mustard
5467,A3_S1_S2_sequence,GRU,3,Wheat,Wheat
5468,A3_S1_S2_sequence,GRU,3,Wheat,Wheat
5470,A3_S1_S2_sequence,GRU,3,Wheat,Mustard
5474,A3_S1_S2_sequence,GRU,3,Mustard,Garlic
5483,A3_S1_S2_sequence,GRU,3,Mustard,Gram
5484,A3_S1_S2_sequence,GRU,3,Mustard,Garlic
5485,A3_S1_S2_sequence,GRU,3,Mustard,Garlic
5486,A3_S1_S2_sequence,GRU,3,Mustard,Garlic
5487,A3_S1_S2_sequence,GRU,3,Mustard,Garlic
5498,A3_S1_S2_sequence,GRU,3,Gram,Gram
5499,A3_S1_S2_sequence,GRU,3,Wheat,Wheat
5503,A3_S1_S2_sequence,GRU,3,Wheat,Garlic
5504,A3_S1_S2_sequence,GRU,3,Mustard,Mustard
5540,A3_S1_S2_sequence,GRU,3,Wheat,Garlic
5541,A3_S1_S2_sequence,GRU,3,Mustard,Mustard
5542,A3_S1_S2_sequence,GRU,3,Wheat,Gram
5543,A3_S1_S2_sequence,GRU,3,Wheat,Potato
5554,A3_S1_S2_sequence,GRU,3,Wheat,Wheat
5555,A3_S1_S2_sequence,GRU,3,Wheat,Garlic
5578,A3_S1_S2_sequence,GRU,3,Wheat,Gram
5579,A3_S1_S2_sequence,GRU,3,Gram,Gram
5599,A3_S1_S2_sequence,GRU,3,Wheat,Mustard
5602,A3_S1_S2_sequence,GRU,3,Mustard,Mustard
5603,A3_S1_S2_sequence,GRU,3,Wheat,Mustard
5604,A3_S1_S2_sequence,GRU,3,Mustard,Mustard
5617,A3_S1_S2_sequence,GRU,3,Wheat,Garlic
5618,A3_S1_S2_sequence,GRU,3,Wheat,Wheat
5620,A3_S1_S2_sequence,GRU,3,Wheat,Garlic
5626,A3_S1_S2_sequence,GRU,3,Mustard,Mustard
5627,A3_S1_S2_sequence,GRU,3,Wheat,Wheat
5631,A3_S1_S2_sequence,GRU,3,Mustard,Mustard
5633,A3_S1_S2_sequence,GRU,3,Mustard,Mustard
5635,A3_S1_S2_sequence,GRU,3,Mustard,Wheat
5637,A3_S1_S2_sequence,GRU,3,Wheat,Wheat
5646,A3_S1_S2_sequence,GRU,3,Mustard,Mustard
5672,A3_S1_S2_sequence,GRU,3,Mustard,Gram
5677,A3_S1_S2_sequence,GRU,3,Mustard,Mustard
5678,A3_S1_S2_sequence,GRU,3,Mustard,Mustard
5679,A3_S1_S2_sequence,GRU,3,Mustard,Mustard
5689,A3_S1_S2_sequence,GRU,3,Mustard,Mustard
5692,A3_S1_S2_sequence,GRU,3,Mustard,Mustard
5693,A3_S1_S2_sequence,GRU,3,Gram,Gram
5696,A3_S1_S2_sequence,GRU,3,Mustard,Mustard
5708,A3_S1_S2_sequence,GRU,3,Wheat,Wheat
5710,A3_S1_S2_sequence,GRU,3,Wheat,Garlic
5720,A3_S1_S2_sequence,GRU,3,Wheat,Wheat
5739,A3_S1_S2_sequence,GRU,3,Mustard,Mustard
5740,A3_S1_S2_sequence,GRU,3,Mustard,Mustard
5741,A3_S1_S2_sequence,GRU,3,Wheat,Garlic
5744,A3_S1_S2_sequence,GRU,3,Mustard,Mustard
5746,A3_S1_S2_sequence,GRU,3,Wheat,Garlic
5747,A3_S1_S2_sequence,GRU,3,Wheat,Garlic
5748,A3_S1_S2_sequence,GRU,3,Mustard,Mustard
5749,A3_S1_S2_sequence,GRU,3,Mustard,Mustard
5751,A3_S1_S2_sequence,GRU,3,Mustard,Garlic
5753,A3_S1_S2_sequence,GRU,3,Wheat,Gram
5754,A3_S1_S2_sequence,GRU,3,Mustard,Wheat
5755,A3_S1_S2_sequence,GRU,3,Wheat,Mustard
5766,A3_S1_S2_sequence,GRU,3,No crop/Fallow,Maize
5767,A3_S1_S2_sequence,GRU,3,Wheat,Wheat
5768,A3_S1_S2_sequence,GRU,3,Wheat,Wheat
5781,A3_S1_S2_sequence,GRU,3,Wheat,Mustard
5782,A3_S1_S2_sequence,GRU,3,Mustard,Mustard
5783,A3_S1_S2_sequence,GRU,3,Mustard,Mustard
5784,A3_S1_S2_sequence,GRU,3,Mustard,Mustard
5786,A3_S1_S2_sequence,GRU,3,Mustard,Mustard
5792,A3_S1_S2_sequence,GRU,3,Gram,Wheat
5794,A3_S1_S2_sequence,GRU,3,Gram,Gram
5796,A3_S1_S2_sequence,GRU,3,Gram,Gram
5797,A3_S1_S2_sequence,GRU,3,Gram,Gram
5831,A3_S1_S2_sequence,GRU,3,Gram,Mustard
5842,A3_S1_S2_sequence,GRU,3,Wheat,Coriander
5843,A3_S1_S2_sequence,GRU,3,Mustard,Mustard
5844,A3_S1_S2_sequence,GRU,3,Mustard,Wheat
5845,A3_S1_S2_sequence,GRU,3,Wheat,Wheat
5855,A3_S1_S2_sequence,GRU,3,Mustard,Mustard
5856,A3_S1_S2_sequence,GRU,3,Mustard,Coriander
5857,A3_S1_S2_sequence,GRU,3,Mustard,Mustard
5858,A3_S1_S2_sequence,GRU,3,Mustard,Wheat
5859,A3_S1_S2_sequence,GRU,3,Wheat,Wheat
5861,A3_S1_S2_sequence,GRU,3,Wheat,Wheat
5862,A3_S1_S2_sequence,GRU,3,Wheat,Wheat
5874,A3_S1_S2_sequence,GRU,3,Gram,Gram
5875,A3_S1_S2_sequence,GRU,3,Mustard,Mustard
5876,A3_S1_S2_sequence,GRU,3,Garlic,Garlic
5884,A3_S1_S2_sequence,GRU,3,Wheat,Gram
5885,A3_S1_S2_sequence,GRU,3,Mustard,Gram
5890,A3_S1_S2_sequence,GRU,3,Mustard,Mustard
5891,A3_S1_S2_sequence,GRU,3,Mustard,Mustard
5892,A3_S1_S2_sequence,GRU,3,Mustard,Mustard
5907,A3_S1_S2_sequence,GRU,3,Wheat,Garlic
5918,A3_S1_S2_sequence,GRU,3,Wheat,Wheat
5919,A3_S1_S2_sequence,GRU,3,Wheat,Wheat
5920,A3_S1_S2_sequence,GRU,3,Wheat,Wheat
5921,A3_S1_S2_sequence,GRU,3,Wheat,Wheat
5922,A3_S1_S2_sequence,GRU,3,Wheat,Wheat
5932,A3_S1_S2_sequence,GRU,3,Mustard,Mustard
5934,A3_S1_S2_sequence,GRU,3,Mustard,Garlic
5938,A3_S1_S2_sequence,GRU,3,Mustard,Mustard
5950,A3_S1_S2_sequence,GRU,3,Garlic,Wheat
5951,A3_S1_S2_sequence,GRU,3,Mustard,Garlic
5953,A3_S1_S2_sequence,GRU,3,Wheat,Wheat
5954,A3_S1_S2_sequence,GRU,3,Wheat,Wheat
5955,A3_S1_S2_sequence,GRU,3,Gram,Wheat
5956,A3_S1_S2_sequence,GRU,3,Wheat,Wheat
5957,A3_S1_S2_sequence,GRU,3,Wheat,Garlic
5959,A3_S1_S2_sequence,GRU,3,Mustard,Mustard
5960,A3_S1_S2_sequence,GRU,3,Gram,Gram
5963,A3_S1_S2_sequence,GRU,3,Mustard,Garlic
5964,A3_S1_S2_sequence,GRU,3,Mustard,Mustard
5965,A3_S1_S2_sequence,GRU,3,Wheat,Garlic
5966,A3_S1_S2_sequence,GRU,3,Mustard,Mustard
5969,A3_S1_S2_sequence,GRU,3,Wheat,Gram
5970,A3_S1_S2_sequence,GRU,3,Gram,Gram
5971,A3_S1_S2_sequence,GRU,3,Wheat,Wheat
6000,A3_S1_S2_sequence,GRU,3,Wheat,Wheat
6006,A3_S1_S2_sequence,GRU,3,Mustard,Mustard
6008,A3_S1_S2_sequence,GRU,3,Mustard,Mustard
6012,A3_S1_S2_sequence,GRU,3,Garlic,Garlic
6013,A3_S1_S2_sequence,GRU,3,Wheat,Wheat
6015,A3_S1_S2_sequence,GRU,3,Mustard,Mustard
6019,A3_S1_S2_sequence,GRU,3,Mustard,Wheat
6049,A3_S1_S2_sequence,GRU,3,Mustard,Mustard
6051,A3_S1_S2_sequence,GRU,3,Mustard,Mustard
6097,A3_S1_S2_sequence,GRU,3,Mustard,Mustard
6098,A3_S1_S2_sequence,GRU,3,Wheat,Coriander
6106,A3_S1_S2_sequence,GRU,3,Wheat,Gram
6116,A3_S1_S2_sequence,GRU,3,Wheat,Wheat
6123,A3_S1_S2_sequence,GRU,3,Wheat,Wheat
6131,A3_S1_S2_sequence,GRU,3,Wheat,Wheat
6132,A3_S1_S2_sequence,GRU,3,Mustard,Mustard
6133,A3_S1_S2_sequence,GRU,3,Mustard,Wheat
6134,A3_S1_S2_sequence,GRU,3,Garlic,Wheat
6135,A3_S1_S2_sequence,GRU,3,Mustard,Mustard
6138,A3_S1_S2_sequence,GRU,3,Wheat,Wheat
6139,A3_S1_S2_sequence,GRU,3,Mustard,Wheat
6142,A3_S1_S2_sequence,GRU,3,Wheat,Garlic
6143,A3_S1_S2_sequence,GRU,3,Wheat,Wheat
6144,A3_S1_S2_sequence,GRU,3,Wheat,Wheat
6145,A3_S1_S2_sequence,GRU,3,Wheat,Wheat
6146,A3_S1_S2_sequence,GRU,3,Wheat,Wheat
6147,A3_S1_S2_sequence,GRU,3,Mustard,Mustard
6152,A3_S1_S2_sequence,GRU,3,Mustard,Mustard
6153,A3_S1_S2_sequence,GRU,3,Mustard,Mustard
6155,A3_S1_S2_sequence,GRU,3,Mustard,Wheat
6156,A3_S1_S2_sequence,GRU,3,Mustard,Garlic
6176,A3_S1_S2_sequence,GRU,3,Mustard,Mustard
6179,A3_S1_S2_sequence,GRU,3,Wheat,Mustard
6180,A3_S1_S2_sequence,GRU,3,Wheat,Wheat
6181,A3_S1_S2_sequence,GRU,3,Mustard,Mustard
6186,A3_S1_S2_sequence,GRU,3,Wheat,Garlic
6188,A3_S1_S2_sequence,GRU,3,Mustard,Mustard
6190,A3_S1_S2_sequence,GRU,3,Mustard,Mustard
6191,A3_S1_S2_sequence,GRU,3,Mustard,Mustard
6194,A3_S1_S2_sequence,GRU,3,Wheat,Garlic
6196,A3_S1_S2_sequence,GRU,3,Wheat,Wheat
6197,A3_S1_S2_sequence,GRU,3,Wheat,Wheat
6198,A3_S1_S2_sequence,GRU,3,Wheat,Wheat
6199,A3_S1_S2_sequence,GRU,3,Wheat,Wheat
6201,A3_S1_S2_sequence,GRU,3,Wheat,Wheat
6213,A3_S1_S2_sequence,GRU,3,Wheat,Garlic
6214,A3_S1_S2_sequence,GRU,3,Mustard,Mustard
6215,A3_S1_S2_sequence,GRU,3,Mustard,Mustard
6216,A3_S1_S2_sequence,GRU,3,Garlic,Wheat
6232,A3_S1_S2_sequence,GRU,3,Wheat,Wheat
6233,A3_S1_S2_sequence,GRU,3,Wheat,Wheat
6238,A3_S1_S2_sequence,GRU,3,Gram,Gram
6239,A3_S1_S2_sequence,GRU,3,Wheat,Wheat
6240,A3_S1_S2_sequence,GRU,3,Mustard,Garlic
6242,A3_S1_S2_sequence,GRU,3,Mustard,Mustard
6243,A3_S1_S2_sequence,GRU,3,Mustard,Mustard
6244,A3_S1_S2_sequence,GRU,3,Mustard,Mustard
6268,A3_S1_S2_sequence,GRU,3,Wheat,Garlic
6271,A3_S1_S2_sequence,GRU,3,Wheat,Mustard
6272,A3_S1_S2_sequence,GRU,3,Mustard,Mustard
6273,A3_S1_S2_sequence,GRU,3,Mustard,Mustard
6296,A3_S1_S2_sequence,GRU,3,Mustard,Mustard
6297,A3_S1_S2_sequence,GRU,3,Mustard,Mustard
6298,A3_S1_S2_sequence,GRU,3,Mustard,Mustard
6308,A3_S1_S2_sequence,GRU,3,No crop/Fallow,Rice
6312,A3_S1_S2_sequence,GRU,3,Maize,Wheat
6313,A3_S1_S2_sequence,GRU,3,Maize,Wheat
6317,A3_S1_S2_sequence,GRU,3,Maize,Maize
6330,A3_S1_S2_sequence,GRU,3,Mustard,Potato
6335,A3_S1_S2_sequence,GRU,3,Wheat,Rice
6336,A3_S1_S2_sequence,GRU,3,Maize,Maize
6337,A3_S1_S2_sequence,GRU,3,Mustard,Maize
6338,A3_S1_S2_sequence,GRU,3,No crop/Fallow,Maize
6340,A3_S1_S2_sequence,GRU,3,Maize,Maize
6341,A3_S1_S2_sequence,GRU,3,Maize,Maize
6347,A3_S1_S2_sequence,GRU,3,Maize,Maize
6348,A3_S1_S2_sequence,GRU,3,Mustard,Mustard
6350,A3_S1_S2_sequence,GRU,3,Mustard,Mustard
6362,A3_S1_S2_sequence,GRU,3,Wheat,Wheat
6363,A3_S1_S2_sequence,GRU,3,Wheat,Wheat
6364,A3_S1_S2_sequence,GRU,3,Potato,Potato
6365,A3_S1_S2_sequence,GRU,3,Potato,Potato
6380,A3_S1_S2_sequence,GRU,3,Maize,Potato
6385,A3_S1_S2_sequence,GRU,3,Wheat,Wheat
6386,A3_S1_S2_sequence,GRU,3,Wheat,Wheat
6396,A3_S1_S2_sequence,GRU,3,No crop/Fallow,No crop/Fallow
6397,A3_S1_S2_sequence,GRU,3,Mustard,No crop/Fallow
6405,A3_S1_S2_sequence,GRU,3,Wheat,No crop/Fallow
6406,A3_S1_S2_sequence,GRU,3,Wheat,Wheat
6413,A3_S1_S2_sequence,GRU,3,Mustard,Potato
6426,A3_S1_S2_sequence,GRU,3,Mustard,Rice
6428,A3_S1_S2_sequence,GRU,3,Wheat,Mustard
6429,A3_S1_S2_sequence,GRU,3,Wheat,Mustard
6436,A3_S1_S2_sequence,GRU,3,Maize,Maize
6440,A3_S1_S2_sequence,GRU,3,Mustard,Potato
6441,A3_S1_S2_sequence,GRU,3,Mustard,Mustard
6455,A3_S1_S2_sequence,GRU,3,Maize,Rice
6456,A3_S1_S2_sequence,GRU,3,Maize,Maize
6472,A3_S1_S2_sequence,GRU,3,Wheat,Maize
6473,A3_S1_S2_sequence,GRU,3,Maize,Potato
6474,A3_S1_S2_sequence,GRU,3,Maize,Potato
6475,A3_S1_S2_sequence,GRU,3,Potato,Potato
6476,A3_S1_S2_sequence,GRU,3,Wheat,Maize
6480,A3_S1_S2_sequence,GRU,3,Wheat,Wheat
6481,A3_S1_S2_sequence,GRU,3,Wheat,Rice
6487,A3_S1_S2_sequence,GRU,3,Maize,Maize
6517,A3_S1_S2_sequence,GRU,3,Maize,Maize
6564,A3_S1_S2_sequence,GRU,3,Maize,Maize
6565,A3_S1_S2_sequence,GRU,3,Mustard,Maize
6599,A3_S1_S2_sequence,GRU,3,Potato,Maize
6604,A3_S1_S2_sequence,GRU,3,Maize,Maize
6606,A3_S1_S2_sequence,GRU,3,Mustard,Maize
6607,A3_S1_S2_sequence,GRU,3,Mustard,Potato
6609,A3_S1_S2_sequence,GRU,3,Maize,Maize
6627,A3_S1_S2_sequence,GRU,3,Maize,Maize
6628,A3_S1_S2_sequence,GRU,3,No crop/Fallow,Rice
6630,A3_S1_S2_sequence,GRU,3,Mustard,Rice
6631,A3_S1_S2_sequence,GRU,3,No crop/Fallow,Rice
6633,A3_S1_S2_sequence,GRU,3,No crop/Fallow,Rice
6635,A3_S1_S2_sequence,GRU,3,Maize,Maize
6650,A3_S1_S2_sequence,GRU,3,Maize,Maize
6661,A3_S1_S2_sequence,GRU,3,No crop/Fallow,Potato
6674,A3_S1_S2_sequence,GRU,3,No crop/Fallow,Rice
6716,A3_S1_S2_sequence,GRU,3,Maize,Maize
6717,A3_S1_S2_sequence,GRU,3,Mustard,Potato
6730,A3_S1_S2_sequence,GRU,3,Maize,Rice
6731,A3_S1_S2_sequence,GRU,3,No crop/Fallow,Rice
6741,A3_S1_S2_sequence,GRU,3,Wheat,Rice
6743,A3_S1_S2_sequence,GRU,3,Green pea,Potato
6750,A3_S1_S2_sequence,GRU,3,Maize,Maize
6757,A3_S1_S2_sequence,GRU,3,Maize,Potato
6758,A3_S1_S2_sequence,GRU,3,Mustard,Potato
6759,A3_S1_S2_sequence,GRU,3,Maize,Potato
6772,A3_S1_S2_sequence,GRU,3,Maize,Maize
6773,A3_S1_S2_sequence,GRU,3,Maize,Maize
6774,A3_S1_S2_sequence,GRU,3,Maize,Maize
6775,A3_S1_S2_sequence,GRU,3,No crop/Fallow,Maize
6777,A3_S1_S2_sequence,GRU,3,Maize,Potato
6782,A3_S1_S2_sequence,GRU,3,No crop/Fallow,Potato
6802,A3_S1_S2_sequence,GRU,3,Rice,No crop/Fallow
6822,A3_S1_S2_sequence,GRU,3,Mustard,Potato
6823,A3_S1_S2_sequence,GRU,3,Mustard,Maize
6824,A3_S1_S2_sequence,GRU,3,Mustard,Potato
6844,A3_S1_S2_sequence,GRU,3,No crop/Fallow,Mustard
6849,A3_S1_S2_sequence,GRU,3,No crop/Fallow,Rice
6862,A3_S1_S2_sequence,GRU,3,No crop/Fallow,No crop/Fallow
6865,A3_S1_S2_sequence,GRU,3,Mustard,Maize
6867,A3_S1_S2_sequence,GRU,3,Maize,Maize
6868,A3_S1_S2_sequence,GRU,3,Mustard,Rice
6869,A3_S1_S2_sequence,GRU,3,Maize,Maize
6870,A3_S1_S2_sequence,GRU,3,Mustard,Maize
6893,A3_S1_S2_sequence,GRU,3,Wheat,Maize
6894,A3_S1_S2_sequence,GRU,3,Maize,Maize
6895,A3_S1_S2_sequence,GRU,3,Maize,Maize
6896,A3_S1_S2_sequence,GRU,3,Maize,Maize
6897,A3_S1_S2_sequence,GRU,3,Maize,Potato
6916,A3_S1_S2_sequence,GRU,3,Mustard,Maize
6917,A3_S1_S2_sequence,GRU,3,Maize,Maize
6919,A3_S1_S2_sequence,GRU,3,Maize,Mustard
6920,A3_S1_S2_sequence,GRU,3,Maize,Maize
6921,A3_S1_S2_sequence,GRU,3,Maize,Maize
6931,A3_S1_S2_sequence,GRU,3,Wheat,Maize
6944,A3_S1_S2_sequence,GRU,3,Maize,Maize
6945,A3_S1_S2_sequence,GRU,3,Potato,Maize
6946,A3_S1_S2_sequence,GRU,3,Maize,Maize
6960,A3_S1_S2_sequence,GRU,3,Maize,Maize
6961,A3_S1_S2_sequence,GRU,3,Maize,Maize
6966,A3_S1_S2_sequence,GRU,3,Wheat,Maize
6967,A3_S1_S2_sequence,GRU,3,Wheat,Rice
6968,A3_S1_S2_sequence,GRU,3,Mustard,Maize
6976,A3_S1_S2_sequence,GRU,3,Mustard,Mustard
6977,A3_S1_S2_sequence,GRU,3,Maize,Rice
6978,A3_S1_S2_sequence,GRU,3,Wheat,Maize
6980,A3_S1_S2_sequence,GRU,3,No crop/Fallow,Rice
6981,A3_S1_S2_sequence,GRU,3,Wheat,Wheat
6988,A3_S1_S2_sequence,GRU,3,Maize,Maize
6991,A3_S1_S2_sequence,GRU,3,Maize,Maize
6994,A3_S1_S2_sequence,GRU,3,Maize,Maize
6995,A3_S1_S2_sequence,GRU,3,Maize,Maize
7010,A3_S1_S2_sequence,GRU,3,Mustard,Potato
7022,A3_S1_S2_sequence,GRU,3,Maize,Maize
7023,A3_S1_S2_sequence,GRU,3,Maize,Maize
7024,A3_S1_S2_sequence,GRU,3,Maize,Maize
7033,A3_S1_S2_sequence,GRU,3,Wheat,Maize
7035,A3_S1_S2_sequence,GRU,3,Mustard,Rice
7036,A3_S1_S2_sequence,GRU,3,No crop/Fallow,Rice
7062,A3_S1_S2_sequence,GRU,3,No crop/Fallow,Rice
7063,A3_S1_S2_sequence,GRU,3,No crop/Fallow,Rice
7082,A3_S1_S2_sequence,GRU,3,Maize,Maize
7084,A3_S1_S2_sequence,GRU,3,No crop/Fallow,Maize
7085,A3_S1_S2_sequence,GRU,3,Maize,Potato
7086,A3_S1_S2_sequence,GRU,3,No crop/Fallow,Potato
7093,A3_S1_S2_sequence,GRU,3,Wheat,Wheat
7108,A3_S1_S2_sequence,GRU,3,Wheat,Wheat
7116,A3_S1_S2_sequence,GRU,3,Maize,Potato
7143,A3_S1_S2_sequence,GRU,3,Maize,Maize
7145,A3_S1_S2_sequence,GRU,3,Maize,Maize
7150,A3_S1_S2_sequence,GRU,3,Wheat,No crop/Fallow
7151,A3_S1_S2_sequence,GRU,3,Lentil,Rice
7153,A3_S1_S2_sequence,GRU,3,Wheat,No crop/Fallow
7161,A3_S1_S2_sequence,GRU,3,Maize,Maize
7162,A3_S1_S2_sequence,GRU,3,Maize,Maize
7167,A3_S1_S2_sequence,GRU,3,Wheat,Maize
7196,A3_S1_S2_sequence,GRU,3,Mustard,Mustard
7198,A3_S1_S2_sequence,GRU,3,Wheat,Wheat
7212,A3_S1_S2_sequence,GRU,3,Maize,Maize
7214,A3_S1_S2_sequence,GRU,3,Maize,Maize
7227,A3_S1_S2_sequence,GRU,3,Wheat,Mustard
7228,A3_S1_S2_sequence,GRU,3,Maize,Wheat
7238,A3_S1_S2_sequence,GRU,3,No crop/Fallow,Rice
7239,A3_S1_S2_sequence,GRU,3,Mustard,Rice
7240,A3_S1_S2_sequence,GRU,3,Mustard,Rice
7241,A3_S1_S2_sequence,GRU,3,Wheat,Maize
7242,A3_S1_S2_sequence,GRU,3,Maize,Maize
7243,A3_S1_S2_sequence,GRU,3,No crop/Fallow,Sugarcane
7244,A3_S1_S2_sequence,GRU,3,Maize,Green pea
7248,A3_S1_S2_sequence,GRU,3,Maize,Maize
7249,A3_S1_S2_sequence,GRU,3,Maize,Maize
7250,A3_S1_S2_sequence,GRU,3,Maize,Maize
7256,A3_S1_S2_sequence,GRU,3,Maize,Maize
7266,A3_S1_S2_sequence,GRU,3,Wheat,Wheat
7269,A3_S1_S2_sequence,GRU,3,Maize,Maize
7270,A3_S1_S2_sequence,GRU,3,Maize,Maize
7272,A3_S1_S2_sequence,GRU,3,Maize,Maize
7277,A3_S1_S2_sequence,GRU,3,Wheat,Wheat
7278,A3_S1_S2_sequence,GRU,3,Maize,Maize
7294,A3_S1_S2_sequence,GRU,3,No crop/Fallow,Potato
7303,A3_S1_S2_sequence,GRU,3,Mustard,Mustard
7304,A3_S1_S2_sequence,GRU,3,Mustard,Potato
7305,A3_S1_S2_sequence,GRU,3,Mustard,Mustard
7306,A3_S1_S2_sequence,GRU,3,Mustard,Maize
10,A3_S1_S2_sequence,LSTM,0,Wheat,Sugarcane
12,A3_S1_S2_sequence,LSTM,0,Lentil,Sugarcane
14,A3_S1_S2_sequence,LSTM,0,Wheat,Green pea
18,A3_S1_S2_sequence,LSTM,0,Wheat,Coriander
20,A3_S1_S2_sequence,LSTM,0,No crop/Fallow,No crop/Fallow
22,A3_S1_S2_sequence,LSTM,0,Wheat,Lentil
31,A3_S1_S2_sequence,LSTM,0,Wheat,Wheat
32,A3_S1_S2_sequence,LSTM,0,No crop/Fallow,Lentil
45,A3_S1_S2_sequence,LSTM,0,Wheat,Lentil
46,A3_S1_S2_sequence,LSTM,0,Wheat,Green pea
49,A3_S1_S2_sequence,LSTM,0,Wheat,Green pea
56,A3_S1_S2_sequence,LSTM,0,Wheat,Green pea
57,A3_S1_S2_sequence,LSTM,0,Wheat,Lentil
60,A3_S1_S2_sequence,LSTM,0,Wheat,Lentil
61,A3_S1_S2_sequence,LSTM,0,No crop/Fallow,Green pea
80,A3_S1_S2_sequence,LSTM,0,Sugarcane,Sugarcane
81,A3_S1_S2_sequence,LSTM,0,Wheat,Lentil
93,A3_S1_S2_sequence,LSTM,0,Garlic,Potato
96,A3_S1_S2_sequence,LSTM,0,Wheat,Wheat
107,A3_S1_S2_sequence,LSTM,0,Wheat,Sugarcane
108,A3_S1_S2_sequence,LSTM,0,Wheat,Sugarcane
110,A3_S1_S2_sequence,LSTM,0,Sugarcane,Green pea
117,A3_S1_S2_sequence,LSTM,0,Sugarcane,Sugarcane
118,A3_S1_S2_sequence,LSTM,0,Sugarcane,Sugarcane
123,A3_S1_S2_sequence,LSTM,0,No crop/Fallow,Sugarcane
124,A3_S1_S2_sequence,LSTM,0,No crop/Fallow,Sugarcane
125,A3_S1_S2_sequence,LSTM,0,Mustard,Coriander
131,A3_S1_S2_sequence,LSTM,0,Mustard,Green pea
132,A3_S1_S2_sequence,LSTM,0,Sugarcane,Sugarcane
133,A3_S1_S2_sequence,LSTM,0,No crop/Fallow,Green pea
139,A3_S1_S2_sequence,LSTM,0,No crop/Fallow,Sugarcane
140,A3_S1_S2_sequence,LSTM,0,Mustard,Green pea
141,A3_S1_S2_sequence,LSTM,0,Wheat,Wheat
143,A3_S1_S2_sequence,LSTM,0,Wheat,Bersem
149,A3_S1_S2_sequence,LSTM,0,Mustard,Lentil
161,A3_S1_S2_sequence,LSTM,0,Wheat,Wheat
163,A3_S1_S2_sequence,LSTM,0,Wheat,Wheat
170,A3_S1_S2_sequence,LSTM,0,Wheat,Sugarcane
171,A3_S1_S2_sequence,LSTM,0,Wheat,Lentil
172,A3_S1_S2_sequence,LSTM,0,Wheat,Wheat
173,A3_S1_S2_sequence,LSTM,0,Mustard,Sugarcane
174,A3_S1_S2_sequence,LSTM,0,Wheat,Sugarcane
175,A3_S1_S2_sequence,LSTM,0,Wheat,Wheat
186,A3_S1_S2_sequence,LSTM,0,Sugarcane,Sugarcane
188,A3_S1_S2_sequence,LSTM,0,Wheat,Coriander
190,A3_S1_S2_sequence,LSTM,0,Wheat,Green pea
192,A3_S1_S2_sequence,LSTM,0,Wheat,Wheat
199,A3_S1_S2_sequence,LSTM,0,Wheat,Wheat
200,A3_S1_S2_sequence,LSTM,0,Wheat,Wheat
214,A3_S1_S2_sequence,LSTM,0,Wheat,Wheat
215,A3_S1_S2_sequence,LSTM,0,Mustard,Lentil
231,A3_S1_S2_sequence,LSTM,0,Wheat,Wheat
232,A3_S1_S2_sequence,LSTM,0,Wheat,Sugarcane
233,A3_S1_S2_sequence,LSTM,0,Wheat,Mustard
234,A3_S1_S2_sequence,LSTM,0,Wheat,Wheat
235,A3_S1_S2_sequence,LSTM,0,Wheat,Sugarcane
256,A3_S1_S2_sequence,LSTM,0,Mustard,Lentil
265,A3_S1_S2_sequence,LSTM,0,Wheat,Green pea
266,A3_S1_S2_sequence,LSTM,0,Mustard,Wheat
268,A3_S1_S2_sequence,LSTM,0,No crop/Fallow,Sugarcane
269,A3_S1_S2_sequence,LSTM,0,No crop/Fallow,Sugarcane
270,A3_S1_S2_sequence,LSTM,0,Mustard,Lentil
271,A3_S1_S2_sequence,LSTM,0,No crop/Fallow,Lentil
275,A3_S1_S2_sequence,LSTM,0,No crop/Fallow,Lentil
276,A3_S1_S2_sequence,LSTM,0,Wheat,Lentil
278,A3_S1_S2_sequence,LSTM,0,Wheat,Mustard
279,A3_S1_S2_sequence,LSTM,0,Wheat,Bersem
281,A3_S1_S2_sequence,LSTM,0,Wheat,Wheat
290,A3_S1_S2_sequence,LSTM,0,Wheat,Bersem
297,A3_S1_S2_sequence,LSTM,0,Wheat,Wheat
317,A3_S1_S2_sequence,LSTM,0,Wheat,Lentil
318,A3_S1_S2_sequence,LSTM,0,Lentil,Lentil
337,A3_S1_S2_sequence,LSTM,0,Wheat,Mustard
338,A3_S1_S2_sequence,LSTM,0,Sugarcane,Potato
339,A3_S1_S2_sequence,LSTM,0,Mustard,Lentil
353,A3_S1_S2_sequence,LSTM,0,Sugarcane,Sugarcane
354,A3_S1_S2_sequence,LSTM,0,Mustard,Lentil
356,A3_S1_S2_sequence,LSTM,0,No crop/Fallow,Mustard
357,A3_S1_S2_sequence,LSTM,0,No crop/Fallow,Lentil
374,A3_S1_S2_sequence,LSTM,0,Mustard,Sugarcane
375,A3_S1_S2_sequence,LSTM,0,Mustard,Lentil
376,A3_S1_S2_sequence,LSTM,0,Wheat,Lentil
379,A3_S1_S2_sequence,LSTM,0,No crop/Fallow,Sugarcane
380,A3_S1_S2_sequence,LSTM,0,No crop/Fallow,Sugarcane
382,A3_S1_S2_sequence,LSTM,0,Wheat,Coriander
386,A3_S1_S2_sequence,LSTM,0,Wheat,Coriander
392,A3_S1_S2_sequence,LSTM,0,Mustard,Green pea
393,A3_S1_S2_sequence,LSTM,0,No crop/Fallow,Sugarcane
394,A3_S1_S2_sequence,LSTM,0,Mustard,Coriander
396,A3_S1_S2_sequence,LSTM,0,No crop/Fallow,Bersem
397,A3_S1_S2_sequence,LSTM,0,Wheat,Lentil
398,A3_S1_S2_sequence,LSTM,0,No crop/Fallow,Sugarcane
399,A3_S1_S2_sequence,LSTM,0,Wheat,Sugarcane
410,A3_S1_S2_sequence,LSTM,0,Wheat,Sugarcane
411,A3_S1_S2_sequence,LSTM,0,Mustard,Coriander
412,A3_S1_S2_sequence,LSTM,0,Wheat,Wheat
413,A3_S1_S2_sequence,LSTM,0,Mustard,Sugarcane
415,A3_S1_S2_sequence,LSTM,0,Wheat,Wheat
429,A3_S1_S2_sequence,LSTM,0,Wheat,Bersem
430,A3_S1_S2_sequence,LSTM,0,Wheat,Wheat
443,A3_S1_S2_sequence,LSTM,0,Wheat,Green pea
444,A3_S1_S2_sequence,LSTM,0,Mustard,Sugarcane
445,A3_S1_S2_sequence,LSTM,0,No crop/Fallow,Green pea
446,A3_S1_S2_sequence,LSTM,0,No crop/Fallow,Lentil
447,A3_S1_S2_sequence,LSTM,0,Mustard,Lentil
449,A3_S1_S2_sequence,LSTM,0,Mustard,Bersem
450,A3_S1_S2_sequence,LSTM,0,Sugarcane,Green pea
452,A3_S1_S2_sequence,LSTM,0,Mustard,Green pea
453,A3_S1_S2_sequence,LSTM,0,Wheat,Wheat
462,A3_S1_S2_sequence,LSTM,0,Mustard,Lentil
464,A3_S1_S2_sequence,LSTM,0,Mustard,Sugarcane
465,A3_S1_S2_sequence,LSTM,0,No crop/Fallow,Lentil
466,A3_S1_S2_sequence,LSTM,0,Mustard,Bersem
467,A3_S1_S2_sequence,LSTM,0,Lentil,Mustard
468,A3_S1_S2_sequence,LSTM,0,Mustard,Coriander
474,A3_S1_S2_sequence,LSTM,0,Mustard,Sugarcane
476,A3_S1_S2_sequence,LSTM,0,Wheat,Green pea
478,A3_S1_S2_sequence,LSTM,0,Wheat,Wheat
480,A3_S1_S2_sequence,LSTM,0,Wheat,Wheat
494,A3_S1_S2_sequence,LSTM,0,Wheat,Lentil
496,A3_S1_S2_sequence,LSTM,0,No crop/Fallow,Sugarcane
497,A3_S1_S2_sequence,LSTM,0,Wheat,Sugarcane
498,A3_S1_S2_sequence,LSTM,0,Wheat,Sugarcane
499,A3_S1_S2_sequence,LSTM,0,Wheat,Sugarcane
511,A3_S1_S2_sequence,LSTM,0,Wheat,Green pea
512,A3_S1_S2_sequence,LSTM,0,Wheat,Sugarcane
513,A3_S1_S2_sequence,LSTM,0,No crop/Fallow,Green pea
514,A3_S1_S2_sequence,LSTM,0,No crop/Fallow,Bersem
515,A3_S1_S2_sequence,LSTM,0,No crop/Fallow,Wheat
516,A3_S1_S2_sequence,LSTM,0,Wheat,Sugarcane
517,A3_S1_S2_sequence,LSTM,0,No crop/Fallow,Green pea
519,A3_S1_S2_sequence,LSTM,0,Wheat,Lentil
527,A3_S1_S2_sequence,LSTM,0,Wheat,Wheat
528,A3_S1_S2_sequence,LSTM,0,Lentil,Coriander
529,A3_S1_S2_sequence,LSTM,0,Mustard,Sugarcane
535,A3_S1_S2_sequence,LSTM,0,Mustard,Sugarcane
536,A3_S1_S2_sequence,LSTM,0,Mustard,Green pea
538,A3_S1_S2_sequence,LSTM,0,No crop/Fallow,Bersem
539,A3_S1_S2_sequence,LSTM,0,Green pea,Mustard
540,A3_S1_S2_sequence,LSTM,0,Mustard,Sugarcane
542,A3_S1_S2_sequence,LSTM,0,Wheat,Lentil
543,A3_S1_S2_sequence,LSTM,0,Wheat,Lentil
544,A3_S1_S2_sequence,LSTM,0,Wheat,Wheat
545,A3_S1_S2_sequence,LSTM,0,Wheat,Wheat
548,A3_S1_S2_sequence,LSTM,0,No crop/Fallow,Sugarcane
549,A3_S1_S2_sequence,LSTM,0,No crop/Fallow,Sugarcane
550,A3_S1_S2_sequence,LSTM,0,No crop/Fallow,Sugarcane
551,A3_S1_S2_sequence,LSTM,0,No crop/Fallow,Sugarcane
552,A3_S1_S2_sequence,LSTM,0,Bersem,Coriander
554,A3_S1_S2_sequence,LSTM,0,Wheat,Wheat
555,A3_S1_S2_sequence,LSTM,0,Wheat,Wheat
556,A3_S1_S2_sequence,LSTM,0,Wheat,Wheat
567,A3_S1_S2_sequence,LSTM,0,Mustard,Mustard
568,A3_S1_S2_sequence,LSTM,0,Wheat,Lentil
569,A3_S1_S2_sequence,LSTM,0,Sugarcane,Sugarcane
570,A3_S1_S2_sequence,LSTM,0,Mustard,Coriander
571,A3_S1_S2_sequence,LSTM,0,No crop/Fallow,Wheat
605,A3_S1_S2_sequence,LSTM,0,Mustard,Green pea
608,A3_S1_S2_sequence,LSTM,0,Sugarcane,Sugarcane
609,A3_S1_S2_sequence,LSTM,0,Wheat,Wheat
610,A3_S1_S2_sequence,LSTM,0,Wheat,Wheat
611,A3_S1_S2_sequence,LSTM,0,No crop/Fallow,Sugarcane
612,A3_S1_S2_sequence,LSTM,0,Wheat,Wheat
613,A3_S1_S2_sequence,LSTM,0,Mustard,Bersem
614,A3_S1_S2_sequence,LSTM,0,Potato,Green pea
615,A3_S1_S2_sequence,LSTM,0,Mustard,Mustard
646,A3_S1_S2_sequence,LSTM,0,No crop/Fallow,Sugarcane
647,A3_S1_S2_sequence,LSTM,0,Lentil,Lentil
662,A3_S1_S2_sequence,LSTM,0,Wheat,Wheat
677,A3_S1_S2_sequence,LSTM,0,No crop/Fallow,Green pea
679,A3_S1_S2_sequence,LSTM,0,No crop/Fallow,Lentil
695,A3_S1_S2_sequence,LSTM,0,Wheat,Wheat
696,A3_S1_S2_sequence,LSTM,0,Wheat,Wheat
701,A3_S1_S2_sequence,LSTM,0,Wheat,Coriander
710,A3_S1_S2_sequence,LSTM,0,Mustard,Mustard
711,A3_S1_S2_sequence,LSTM,0,Wheat,Bersem
712,A3_S1_S2_sequence,LSTM,0,Wheat,Bersem
713,A3_S1_S2_sequence,LSTM,0,Wheat,Bersem
730,A3_S1_S2_sequence,LSTM,0,Wheat,Lentil
752,A3_S1_S2_sequence,LSTM,0,Wheat,Green pea
753,A3_S1_S2_sequence,LSTM,0,Wheat,Bersem
755,A3_S1_S2_sequence,LSTM,0,Wheat,Wheat
768,A3_S1_S2_sequence,LSTM,0,Wheat,Wheat
771,A3_S1_S2_sequence,LSTM,0,Sugarcane,Sugarcane
772,A3_S1_S2_sequence,LSTM,0,Sugarcane,Sugarcane
785,A3_S1_S2_sequence,LSTM,0,Sugarcane,Sugarcane
788,A3_S1_S2_sequence,LSTM,0,Wheat,Bersem
789,A3_S1_S2_sequence,LSTM,0,Mustard,Green pea
790,A3_S1_S2_sequence,LSTM,0,Green pea,Wheat
791,A3_S1_S2_sequence,LSTM,0,Wheat,Wheat
792,A3_S1_S2_sequence,LSTM,0,Mustard,Lentil
793,A3_S1_S2_sequence,LSTM,0,Mustard,Lentil
805,A3_S1_S2_sequence,LSTM,0,Wheat,Lentil
807,A3_S1_S2_sequence,LSTM,0,Mustard,Green pea
808,A3_S1_S2_sequence,LSTM,0,Wheat,Wheat
815,A3_S1_S2_sequence,LSTM,0,No crop/Fallow,Green pea
817,A3_S1_S2_sequence,LSTM,0,Wheat,Lentil
830,A3_S1_S2_sequence,LSTM,0,Sugarcane,Sugarcane
831,A3_S1_S2_sequence,LSTM,0,Mustard,Sugarcane
833,A3_S1_S2_sequence,LSTM,0,Sugarcane,Sugarcane
834,A3_S1_S2_sequence,LSTM,0,Wheat,Wheat
846,A3_S1_S2_sequence,LSTM,0,Wheat,Lentil
862,A3_S1_S2_sequence,LSTM,0,No crop/Fallow,Maize
863,A3_S1_S2_sequence,LSTM,0,Wheat,Wheat
864,A3_S1_S2_sequence,LSTM,0,Wheat,Wheat
865,A3_S1_S2_sequence,LSTM,0,Lentil,Mustard
867,A3_S1_S2_sequence,LSTM,0,Wheat,Wheat
901,A3_S1_S2_sequence,LSTM,0,Wheat,Wheat
902,A3_S1_S2_sequence,LSTM,0,Wheat,Wheat
903,A3_S1_S2_sequence,LSTM,0,Wheat,Wheat
905,A3_S1_S2_sequence,LSTM,0,Wheat,Wheat
906,A3_S1_S2_sequence,LSTM,0,Wheat,Wheat
923,A3_S1_S2_sequence,LSTM,0,Green pea,Green pea
924,A3_S1_S2_sequence,LSTM,0,Wheat,Wheat
926,A3_S1_S2_sequence,LSTM,0,Wheat,Wheat
950,A3_S1_S2_sequence,LSTM,0,Wheat,Wheat
951,A3_S1_S2_sequence,LSTM,0,Wheat,Wheat
956,A3_S1_S2_sequence,LSTM,0,No crop/Fallow,Sugarcane
957,A3_S1_S2_sequence,LSTM,0,Wheat,Lentil
964,A3_S1_S2_sequence,LSTM,0,Lentil,Wheat
979,A3_S1_S2_sequence,LSTM,0,Wheat,Sugarcane
980,A3_S1_S2_sequence,LSTM,0,Wheat,Wheat
983,A3_S1_S2_sequence,LSTM,0,Wheat,Wheat
984,A3_S1_S2_sequence,LSTM,0,No crop/Fallow,Sugarcane
986,A3_S1_S2_sequence,LSTM,0,Wheat,Sugarcane
1001,A3_S1_S2_sequence,LSTM,0,Mustard,Lentil
1002,A3_S1_S2_sequence,LSTM,0,Wheat,Green pea
1003,A3_S1_S2_sequence,LSTM,0,Mustard,Lentil
1008,A3_S1_S2_sequence,LSTM,0,Wheat,Sugarcane
1009,A3_S1_S2_sequence,LSTM,0,No crop/Fallow,Wheat
1027,A3_S1_S2_sequence,LSTM,0,Mustard,Lentil
1033,A3_S1_S2_sequence,LSTM,0,No crop/Fallow,Sugarcane
1034,A3_S1_S2_sequence,LSTM,0,Mustard,Wheat
1035,A3_S1_S2_sequence,LSTM,0,Wheat,Green pea
1049,A3_S1_S2_sequence,LSTM,0,No crop/Fallow,Lentil
1050,A3_S1_S2_sequence,LSTM,0,No crop/Fallow,Wheat
1052,A3_S1_S2_sequence,LSTM,0,Lentil,Lentil
1053,A3_S1_S2_sequence,LSTM,0,Mustard,Sugarcane
1054,A3_S1_S2_sequence,LSTM,0,Mustard,Sugarcane
1057,A3_S1_S2_sequence,LSTM,0,Wheat,Wheat
1058,A3_S1_S2_sequence,LSTM,0,Wheat,Green pea
1066,A3_S1_S2_sequence,LSTM,0,Mustard,Wheat
1067,A3_S1_S2_sequence,LSTM,0,Wheat,Green pea
1068,A3_S1_S2_sequence,LSTM,0,Wheat,Wheat
1069,A3_S1_S2_sequence,LSTM,0,Wheat,Lentil
1070,A3_S1_S2_sequence,LSTM,0,Wheat,Sugarcane
1071,A3_S1_S2_sequence,LSTM,0,No crop/Fallow,Wheat
1087,A3_S1_S2_sequence,LSTM,0,Wheat,Wheat
1088,A3_S1_S2_sequence,LSTM,0,Mustard,Lentil
1097,A3_S1_S2_sequence,LSTM,0,Mustard,Lentil
1099,A3_S1_S2_sequence,LSTM,0,Mustard,Bersem
1106,A3_S1_S2_sequence,LSTM,0,Wheat,Sugarcane
1107,A3_S1_S2_sequence,LSTM,0,Wheat,Green pea
1108,A3_S1_S2_sequence,LSTM,0,Sugarcane,Lentil
1110,A3_S1_S2_sequence,LSTM,0,Mustard,Lentil
1114,A3_S1_S2_sequence,LSTM,0,Sugarcane,Lentil
1115,A3_S1_S2_sequence,LSTM,0,Sugarcane,Sugarcane
1116,A3_S1_S2_sequence,LSTM,0,Mustard,Sugarcane
1122,A3_S1_S2_sequence,LSTM,0,Mustard,Coriander
1123,A3_S1_S2_sequence,LSTM,0,Mustard,Lentil
1127,A3_S1_S2_sequence,LSTM,0,Mustard,Lentil
1128,A3_S1_S2_sequence,LSTM,0,Mustard,Lentil
1143,A3_S1_S2_sequence,LSTM,0,Mustard,Wheat
1144,A3_S1_S2_sequence,LSTM,0,Garlic,Mustard
1145,A3_S1_S2_sequence,LSTM,0,Wheat,Garlic
1146,A3_S1_S2_sequence,LSTM,0,Wheat,Wheat
1148,A3_S1_S2_sequence,LSTM,0,Mustard,Sugarcane
1150,A3_S1_S2_sequence,LSTM,0,Mustard,Sugarcane
1151,A3_S1_S2_sequence,LSTM,0,Lentil,Sugarcane
1175,A3_S1_S2_sequence,LSTM,0,Wheat,Wheat
1176,A3_S1_S2_sequence,LSTM,0,Mustard,Sugarcane
1183,A3_S1_S2_sequence,LSTM,0,Sugarcane,Sugarcane
1184,A3_S1_S2_sequence,LSTM,0,Wheat,Wheat
1193,A3_S1_S2_sequence,LSTM,0,No crop/Fallow,Wheat
1195,A3_S1_S2_sequence,LSTM,0,No crop/Fallow,Lentil
1196,A3_S1_S2_sequence,LSTM,0,Wheat,Wheat
1198,A3_S1_S2_sequence,LSTM,0,No crop/Fallow,Lentil
1199,A3_S1_S2_sequence,LSTM,0,Wheat,Wheat
1208,A3_S1_S2_sequence,LSTM,0,Sugarcane,Lentil
1209,A3_S1_S2_sequence,LSTM,0,Mustard,Sugarcane
1210,A3_S1_S2_sequence,LSTM,0,Wheat,Green pea
1215,A3_S1_S2_sequence,LSTM,0,No crop/Fallow,Green pea
1216,A3_S1_S2_sequence,LSTM,0,Lentil,Lentil
1217,A3_S1_S2_sequence,LSTM,0,Mustard,Lentil
1218,A3_S1_S2_sequence,LSTM,0,Lentil,Sugarcane
1219,A3_S1_S2_sequence,LSTM,0,Mustard,Sugarcane
1228,A3_S1_S2_sequence,LSTM,0,Wheat,Green pea
1229,A3_S1_S2_sequence,LSTM,0,Wheat,Green pea
1278,A3_S1_S2_sequence,LSTM,0,Wheat,Coriander
1288,A3_S1_S2_sequence,LSTM,0,Sugarcane,Bersem
1289,A3_S1_S2_sequence,LSTM,0,No crop/Fallow,Bersem
1304,A3_S1_S2_sequence,LSTM,0,Potato,Sugarcane
1305,A3_S1_S2_sequence,LSTM,0,Wheat,Green pea
1316,A3_S1_S2_sequence,LSTM,0,Sugarcane,Sugarcane
1317,A3_S1_S2_sequence,LSTM,0,No crop/Fallow,Green pea
1342,A3_S1_S2_sequence,LSTM,0,Wheat,Green pea
1343,A3_S1_S2_sequence,LSTM,0,No crop/Fallow,Sugarcane
1344,A3_S1_S2_sequence,LSTM,0,No crop/Fallow,Lentil
1362,A3_S1_S2_sequence,LSTM,0,Wheat,Coriander
1375,A3_S1_S2_sequence,LSTM,0,Wheat,Green pea
1376,A3_S1_S2_sequence,LSTM,0,Wheat,Wheat
1382,A3_S1_S2_sequence,LSTM,0,Sugarcane,Sugarcane
1383,A3_S1_S2_sequence,LSTM,0,Mustard,Mustard
1384,A3_S1_S2_sequence,LSTM,0,Mustard,Wheat
1385,A3_S1_S2_sequence,LSTM,0,Mustard,Lentil
1386,A3_S1_S2_sequence,LSTM,0,Wheat,Green pea
1387,A3_S1_S2_sequence,LSTM,0,Wheat,Green pea
1405,A3_S1_S2_sequence,LSTM,0,Mustard,Green pea
1406,A3_S1_S2_sequence,LSTM,0,Wheat,Wheat
1407,A3_S1_S2_sequence,LSTM,0,No crop/Fallow,Sugarcane
1423,A3_S1_S2_sequence,LSTM,0,Mustard,Wheat
1424,A3_S1_S2_sequence,LSTM,0,Wheat,Wheat
1425,A3_S1_S2_sequence,LSTM,0,Wheat,Wheat
1432,A3_S1_S2_sequence,LSTM,0,Wheat,Wheat
1433,A3_S1_S2_sequence,LSTM,0,Mustard,Wheat
1435,A3_S1_S2_sequence,LSTM,0,Sugarcane,Sugarcane
1436,A3_S1_S2_sequence,LSTM,0,Mustard,Coriander
1437,A3_S1_S2_sequence,LSTM,0,Mustard,Coriander
1471,A3_S1_S2_sequence,LSTM,0,Wheat,Green pea
1472,A3_S1_S2_sequence,LSTM,0,Mustard,Green pea
1473,A3_S1_S2_sequence,LSTM,0,Mustard,Green pea
1481,A3_S1_S2_sequence,LSTM,0,Mustard,Sugarcane
1482,A3_S1_S2_sequence,LSTM,0,No crop/Fallow,Sugarcane
1493,A3_S1_S2_sequence,LSTM,0,Mustard,Lentil
1494,A3_S1_S2_sequence,LSTM,0,Mustard,Lentil
1524,A3_S1_S2_sequence,LSTM,0,Wheat,Wheat
1528,A3_S1_S2_sequence,LSTM,0,Wheat,Wheat
1529,A3_S1_S2_sequence,LSTM,0,No crop/Fallow,Sugarcane
1530,A3_S1_S2_sequence,LSTM,0,No crop/Fallow,Sugarcane
1531,A3_S1_S2_sequence,LSTM,0,No crop/Fallow,Lentil
1532,A3_S1_S2_sequence,LSTM,0,Wheat,Wheat
1544,A3_S1_S2_sequence,LSTM,0,No crop/Fallow,Green pea
1545,A3_S1_S2_sequence,LSTM,0,Wheat,Wheat
1546,A3_S1_S2_sequence,LSTM,0,Wheat,Wheat
1568,A3_S1_S2_sequence,LSTM,0,Wheat,Wheat
1607,A3_S1_S2_sequence,LSTM,0,Wheat,Lentil
1608,A3_S1_S2_sequence,LSTM,0,Mustard,Wheat
1615,A3_S1_S2_sequence,LSTM,0,Wheat,Wheat
1616,A3_S1_S2_sequence,LSTM,0,Lentil,Lentil
1618,A3_S1_S2_sequence,LSTM,0,Mustard,Bersem
1620,A3_S1_S2_sequence,LSTM,0,Wheat,Bersem
1621,A3_S1_S2_sequence,LSTM,0,Mustard,Mustard
1622,A3_S1_S2_sequence,LSTM,0,Mustard,Green pea
1624,A3_S1_S2_sequence,LSTM,0,Wheat,Wheat
1625,A3_S1_S2_sequence,LSTM,0,Sugarcane,Sugarcane
1633,A3_S1_S2_sequence,LSTM,0,Mustard,Sugarcane
1634,A3_S1_S2_sequence,LSTM,0,Mustard,Lentil
1635,A3_S1_S2_sequence,LSTM,0,Wheat,Lentil
1649,A3_S1_S2_sequence,LSTM,0,Wheat,Green pea
1650,A3_S1_S2_sequence,LSTM,0,Wheat,Wheat
1651,A3_S1_S2_sequence,LSTM,0,Wheat,Green pea
1652,A3_S1_S2_sequence,LSTM,0,Wheat,Bersem
1653,A3_S1_S2_sequence,LSTM,0,Wheat,Green pea
1654,A3_S1_S2_sequence,LSTM,0,Wheat,Green pea
1655,A3_S1_S2_sequence,LSTM,0,Wheat,Green pea
1667,A3_S1_S2_sequence,LSTM,0,Mustard,Green pea
1668,A3_S1_S2_sequence,LSTM,0,Sugarcane,Lentil
1669,A3_S1_S2_sequence,LSTM,0,Mustard,Lentil
1670,A3_S1_S2_sequence,LSTM,0,No crop/Fallow,Lentil
1671,A3_S1_S2_sequence,LSTM,0,Mustard,Sugarcane
1672,A3_S1_S2_sequence,LSTM,0,No crop/Fallow,Green pea
1681,A3_S1_S2_sequence,LSTM,0,Wheat,Coriander
1682,A3_S1_S2_sequence,LSTM,0,Green pea,Coriander
1683,A3_S1_S2_sequence,LSTM,0,Wheat,Coriander
1685,A3_S1_S2_sequence,LSTM,0,Mustard,Sugarcane
1686,A3_S1_S2_sequence,LSTM,0,Sugarcane,Sugarcane
1687,A3_S1_S2_sequence,LSTM,0,Mustard,Lentil
1688,A3_S1_S2_sequence,LSTM,0,Wheat,Garlic
1689,A3_S1_S2_sequence,LSTM,0,Mustard,Sugarcane
1705,A3_S1_S2_sequence,LSTM,0,No crop/Fallow,Wheat
1706,A3_S1_S2_sequence,LSTM,0,Wheat,Wheat
1708,A3_S1_S2_sequence,LSTM,0,Wheat,Wheat
1709,A3_S1_S2_sequence,LSTM,0,Wheat,Wheat
1711,A3_S1_S2_sequence,LSTM,0,Wheat,Wheat
1712,A3_S1_S2_sequence,LSTM,0,Bersem,Bersem
1713,A3_S1_S2_sequence,LSTM,0,Wheat,Wheat
1714,A3_S1_S2_sequence,LSTM,0,Wheat,Sugarcane
1729,A3_S1_S2_sequence,LSTM,0,Mustard,Green pea
1730,A3_S1_S2_sequence,LSTM,0,Wheat,Wheat
1731,A3_S1_S2_sequence,LSTM,0,Wheat,Wheat
1732,A3_S1_S2_sequence,LSTM,0,No crop/Fallow,Sugarcane
1737,A3_S1_S2_sequence,LSTM,0,Wheat,Wheat
1738,A3_S1_S2_sequence,LSTM,0,Wheat,Wheat
1739,A3_S1_S2_sequence,LSTM,0,Wheat,Wheat
1776,A3_S1_S2_sequence,LSTM,0,Wheat,Wheat
1780,A3_S1_S2_sequence,LSTM,0,Sugarcane,No crop/Fallow
1781,A3_S1_S2_sequence,LSTM,0,Mustard,Green pea
1782,A3_S1_S2_sequence,LSTM,0,Sugarcane,Sugarcane
1783,A3_S1_S2_sequence,LSTM,0,Sugarcane,No crop/Fallow
1796,A3_S1_S2_sequence,LSTM,0,Wheat,Wheat
1801,A3_S1_S2_sequence,LSTM,0,Wheat,Lentil
1804,A3_S1_S2_sequence,LSTM,0,Wheat,Wheat
1809,A3_S1_S2_sequence,LSTM,0,Lentil,Potato
1810,A3_S1_S2_sequence,LSTM,0,Lentil,Coriander
1817,A3_S1_S2_sequence,LSTM,0,Mustard,Bersem
1818,A3_S1_S2_sequence,LSTM,0,Mustard,Coriander
1819,A3_S1_S2_sequence,LSTM,0,Mustard,Coriander
1820,A3_S1_S2_sequence,LSTM,0,Wheat,Wheat
1822,A3_S1_S2_sequence,LSTM,0,Wheat,Lentil
1823,A3_S1_S2_sequence,LSTM,0,Wheat,Wheat
1824,A3_S1_S2_sequence,LSTM,0,Wheat,Lentil
1838,A3_S1_S2_sequence,LSTM,0,Green pea,Potato
1839,A3_S1_S2_sequence,LSTM,0,No crop/Fallow,Coriander
1840,A3_S1_S2_sequence,LSTM,0,Wheat,Wheat
1842,A3_S1_S2_sequence,LSTM,0,Maize,Wheat
1843,A3_S1_S2_sequence,LSTM,0,Maize,Maize
1844,A3_S1_S2_sequence,LSTM,0,Wheat,Wheat
1845,A3_S1_S2_sequence,LSTM,0,Lentil,Lentil
1846,A3_S1_S2_sequence,LSTM,0,Wheat,Wheat
1847,A3_S1_S2_sequence,LSTM,0,Wheat,Wheat
1855,A3_S1_S2_sequence,LSTM,0,Wheat,Wheat
1886,A3_S1_S2_sequence,LSTM,0,Wheat,Wheat
1887,A3_S1_S2_sequence,LSTM,0,Sugarcane,Sugarcane
1888,A3_S1_S2_sequence,LSTM,0,Wheat,Wheat
1889,A3_S1_S2_sequence,LSTM,0,Wheat,Wheat
1890,A3_S1_S2_sequence,LSTM,0,Mustard,Sugarcane
1891,A3_S1_S2_sequence,LSTM,0,Wheat,Wheat
1911,A3_S1_S2_sequence,LSTM,0,Wheat,Wheat
1912,A3_S1_S2_sequence,LSTM,0,Mustard,Lentil
1913,A3_S1_S2_sequence,LSTM,0,Wheat,Lentil
1954,A3_S1_S2_sequence,LSTM,0,No crop/Fallow,Lentil
1955,A3_S1_S2_sequence,LSTM,0,Wheat,Wheat
1993,A3_S1_S2_sequence,LSTM,0,Potato,Coriander
1994,A3_S1_S2_sequence,LSTM,0,Wheat,Wheat
1996,A3_S1_S2_sequence,LSTM,0,Wheat,Wheat
1997,A3_S1_S2_sequence,LSTM,0,Lentil,Wheat
1998,A3_S1_S2_sequence,LSTM,0,Wheat,Wheat
2010,A3_S1_S2_sequence,LSTM,0,Wheat,Wheat
2011,A3_S1_S2_sequence,LSTM,0,Wheat,Wheat
2012,A3_S1_S2_sequence,LSTM,0,Wheat,Wheat
2026,A3_S1_S2_sequence,LSTM,0,Wheat,Wheat
2027,A3_S1_S2_sequence,LSTM,0,Wheat,Wheat
2034,A3_S1_S2_sequence,LSTM,0,Wheat,Wheat
2047,A3_S1_S2_sequence,LSTM,0,Mustard,Lentil
2048,A3_S1_S2_sequence,LSTM,0,Wheat,Wheat
2049,A3_S1_S2_sequence,LSTM,0,Wheat,Wheat
2058,A3_S1_S2_sequence,LSTM,0,Mustard,Lentil
2059,A3_S1_S2_sequence,LSTM,0,Wheat,Wheat
2072,A3_S1_S2_sequence,LSTM,0,Wheat,Bersem
2073,A3_S1_S2_sequence,LSTM,0,Wheat,Wheat
2075,A3_S1_S2_sequence,LSTM,0,Wheat,Wheat
2076,A3_S1_S2_sequence,LSTM,0,Wheat,Wheat
2077,A3_S1_S2_sequence,LSTM,0,Wheat,Wheat
2088,A3_S1_S2_sequence,LSTM,0,Wheat,Wheat
2096,A3_S1_S2_sequence,LSTM,0,Wheat,Wheat
2098,A3_S1_S2_sequence,LSTM,0,Wheat,Wheat
2101,A3_S1_S2_sequence,LSTM,0,Wheat,Wheat
2102,A3_S1_S2_sequence,LSTM,0,Wheat,Wheat
2103,A3_S1_S2_sequence,LSTM,0,Wheat,Wheat
2104,A3_S1_S2_sequence,LSTM,0,Wheat,Wheat
2105,A3_S1_S2_sequence,LSTM,0,Wheat,Lentil
2106,A3_S1_S2_sequence,LSTM,0,Mustard,Lentil
2107,A3_S1_S2_sequence,LSTM,0,Potato,Sugarcane
2108,A3_S1_S2_sequence,LSTM,0,Wheat,Wheat
2109,A3_S1_S2_sequence,LSTM,0,Lentil,Coriander
2111,A3_S1_S2_sequence,LSTM,0,Wheat,Wheat
2112,A3_S1_S2_sequence,LSTM,0,Wheat,Wheat
2113,A3_S1_S2_sequence,LSTM,0,Wheat,Wheat
2114,A3_S1_S2_sequence,LSTM,0,Wheat,Wheat
2115,A3_S1_S2_sequence,LSTM,0,Wheat,Wheat
2122,A3_S1_S2_sequence,LSTM,0,Wheat,Wheat
2123,A3_S1_S2_sequence,LSTM,0,Wheat,Wheat
2144,A3_S1_S2_sequence,LSTM,0,Wheat,Wheat
2146,A3_S1_S2_sequence,LSTM,0,Coriander,Lentil
2147,A3_S1_S2_sequence,LSTM,0,Wheat,Lentil
2153,A3_S1_S2_sequence,LSTM,0,Wheat,Wheat
2154,A3_S1_S2_sequence,LSTM,0,Wheat,Wheat
2155,A3_S1_S2_sequence,LSTM,0,Wheat,Wheat
2156,A3_S1_S2_sequence,LSTM,0,Wheat,Wheat
2157,A3_S1_S2_sequence,LSTM,0,Wheat,Wheat
2170,A3_S1_S2_sequence,LSTM,0,No crop/Fallow,No crop/Fallow
2171,A3_S1_S2_sequence,LSTM,0,Wheat,Wheat
2192,A3_S1_S2_sequence,LSTM,0,Mustard,Coriander
2193,A3_S1_S2_sequence,LSTM,0,Wheat,Lentil
2194,A3_S1_S2_sequence,LSTM,0,Mustard,Wheat
2195,A3_S1_S2_sequence,LSTM,0,Wheat,Wheat
2199,A3_S1_S2_sequence,LSTM,0,Wheat,Wheat
2200,A3_S1_S2_sequence,LSTM,0,Wheat,Wheat
2201,A3_S1_S2_sequence,LSTM,0,Wheat,Wheat
2202,A3_S1_S2_sequence,LSTM,0,Wheat,Wheat
2203,A3_S1_S2_sequence,LSTM,0,Lentil,Wheat
2204,A3_S1_S2_sequence,LSTM,0,Wheat,Wheat
2205,A3_S1_S2_sequence,LSTM,0,Wheat,Wheat
2206,A3_S1_S2_sequence,LSTM,0,Wheat,Wheat
2214,A3_S1_S2_sequence,LSTM,0,Wheat,Green pea
2216,A3_S1_S2_sequence,LSTM,0,Mustard,Wheat
2226,A3_S1_S2_sequence,LSTM,0,Mustard,Potato
2227,A3_S1_S2_sequence,LSTM,0,Wheat,Mustard
2237,A3_S1_S2_sequence,LSTM,0,Wheat,Wheat
2238,A3_S1_S2_sequence,LSTM,0,Mustard,Lentil
2254,A3_S1_S2_sequence,LSTM,0,Wheat,Wheat
2260,A3_S1_S2_sequence,LSTM,0,Sugarcane,No crop/Fallow
2269,A3_S1_S2_sequence,LSTM,0,Wheat,Wheat
2270,A3_S1_S2_sequence,LSTM,0,Wheat,Wheat
2271,A3_S1_S2_sequence,LSTM,0,No crop/Fallow,Wheat
2323,A3_S1_S2_sequence,LSTM,0,Mustard,Bersem
2325,A3_S1_S2_sequence,LSTM,0,Wheat,Coriander
2326,A3_S1_S2_sequence,LSTM,0,Mustard,Green pea
2327,A3_S1_S2_sequence,LSTM,0,Wheat,Coriander
2329,A3_S1_S2_sequence,LSTM,0,Mustard,Coriander
2348,A3_S1_S2_sequence,LSTM,0,Wheat,Wheat
2350,A3_S1_S2_sequence,LSTM,0,Bersem,Bersem
2383,A3_S1_S2_sequence,LSTM,0,Wheat,Wheat
2384,A3_S1_S2_sequence,LSTM,0,Lentil,Wheat
2421,A3_S1_S2_sequence,LSTM,0,Wheat,Lentil
2422,A3_S1_S2_sequence,LSTM,0,Wheat,Wheat
2423,A3_S1_S2_sequence,LSTM,0,Wheat,Wheat
2425,A3_S1_S2_sequence,LSTM,0,Coriander,Potato
2427,A3_S1_S2_sequence,LSTM,0,Mustard,Garlic
2435,A3_S1_S2_sequence,LSTM,0,Wheat,Lentil
2436,A3_S1_S2_sequence,LSTM,0,Wheat,Wheat
2437,A3_S1_S2_sequence,LSTM,0,Wheat,Wheat
2438,A3_S1_S2_sequence,LSTM,0,Wheat,Wheat
2461,A3_S1_S2_sequence,LSTM,0,Lentil,Wheat
2462,A3_S1_S2_sequence,LSTM,0,Wheat,Wheat
2463,A3_S1_S2_sequence,LSTM,0,Wheat,Wheat
2470,A3_S1_S2_sequence,LSTM,0,Wheat,Coriander
2471,A3_S1_S2_sequence,LSTM,0,Wheat,Wheat
2472,A3_S1_S2_sequence,LSTM,0,Wheat,Lentil
2473,A3_S1_S2_sequence,LSTM,0,Wheat,Lentil
2486,A3_S1_S2_sequence,LSTM,0,Mustard,Sugarcane
2502,A3_S1_S2_sequence,LSTM,0,Wheat,Wheat
2503,A3_S1_S2_sequence,LSTM,0,Wheat,Wheat
2505,A3_S1_S2_sequence,LSTM,0,Wheat,Wheat
2548,A3_S1_S2_sequence,LSTM,0,Wheat,Coriander
2550,A3_S1_S2_sequence,LSTM,0,Wheat,Wheat
2552,A3_S1_S2_sequence,LSTM,0,Mustard,Lentil
2565,A3_S1_S2_sequence,LSTM,0,Wheat,Wheat
2575,A3_S1_S2_sequence,LSTM,0,Wheat,Wheat
2576,A3_S1_S2_sequence,LSTM,0,Wheat,Wheat
2599,A3_S1_S2_sequence,LSTM,0,Wheat,Lentil
2627,A3_S1_S2_sequence,LSTM,0,Wheat,Wheat
2628,A3_S1_S2_sequence,LSTM,0,Wheat,Wheat
2649,A3_S1_S2_sequence,LSTM,0,Wheat,Wheat
2664,A3_S1_S2_sequence,LSTM,0,No crop/Fallow,Sugarcane
2665,A3_S1_S2_sequence,LSTM,0,Wheat,Wheat
2666,A3_S1_S2_sequence,LSTM,0,Mustard,Lentil
2667,A3_S1_S2_sequence,LSTM,0,Lentil,Lentil
2668,A3_S1_S2_sequence,LSTM,0,Wheat,Wheat
2669,A3_S1_S2_sequence,LSTM,0,Wheat,Wheat
2672,A3_S1_S2_sequence,LSTM,0,Wheat,Wheat
2677,A3_S1_S2_sequence,LSTM,0,Wheat,Wheat
2685,A3_S1_S2_sequence,LSTM,0,Wheat,Wheat
2686,A3_S1_S2_sequence,LSTM,0,Wheat,Wheat
2700,A3_S1_S2_sequence,LSTM,0,Wheat,Wheat
2701,A3_S1_S2_sequence,LSTM,0,Sugarcane,Sugarcane
2702,A3_S1_S2_sequence,LSTM,0,Wheat,Wheat
2703,A3_S1_S2_sequence,LSTM,0,Mustard,Coriander
2705,A3_S1_S2_sequence,LSTM,0,Wheat,Coriander
2707,A3_S1_S2_sequence,LSTM,0,Wheat,Wheat
2713,A3_S1_S2_sequence,LSTM,0,Wheat,Wheat
2714,A3_S1_S2_sequence,LSTM,0,Wheat,Wheat
2715,A3_S1_S2_sequence,LSTM,0,Wheat,Wheat
2755,A3_S1_S2_sequence,LSTM,0,Mustard,Lentil
2756,A3_S1_S2_sequence,LSTM,0,Wheat,Coriander
2758,A3_S1_S2_sequence,LSTM,0,Mustard,Lentil
2759,A3_S1_S2_sequence,LSTM,0,Mustard,Mustard
2760,A3_S1_S2_sequence,LSTM,0,Mustard,Lentil
2761,A3_S1_S2_sequence,LSTM,0,Wheat,Wheat
2794,A3_S1_S2_sequence,LSTM,0,Mustard,Sugarcane
2795,A3_S1_S2_sequence,LSTM,0,Mustard,Sugarcane
2797,A3_S1_S2_sequence,LSTM,0,Mustard,Green pea
2800,A3_S1_S2_sequence,LSTM,0,Wheat,Wheat
2841,A3_S1_S2_sequence,LSTM,0,Wheat,Sugarcane
2848,A3_S1_S2_sequence,LSTM,0,Wheat,Lentil
2849,A3_S1_S2_sequence,LSTM,0,Sugarcane,Sugarcane
2858,A3_S1_S2_sequence,LSTM,0,Wheat,Wheat
2859,A3_S1_S2_sequence,LSTM,0,Wheat,Wheat
2864,A3_S1_S2_sequence,LSTM,0,Wheat,Coriander
2866,A3_S1_S2_sequence,LSTM,0,Wheat,Wheat
2874,A3_S1_S2_sequence,LSTM,0,Wheat,Wheat
2875,A3_S1_S2_sequence,LSTM,0,Mustard,Lentil
2876,A3_S1_S2_sequence,LSTM,0,Mustard,Coriander
2877,A3_S1_S2_sequence,LSTM,0,Wheat,Wheat
2888,A3_S1_S2_sequence,LSTM,0,Wheat,Wheat
2889,A3_S1_S2_sequence,LSTM,0,Wheat,Wheat
2890,A3_S1_S2_sequence,LSTM,0,Mustard,Lentil
2891,A3_S1_S2_sequence,LSTM,0,Wheat,Wheat
2927,A3_S1_S2_sequence,LSTM,0,Sugarcane,Lentil
2963,A3_S1_S2_sequence,LSTM,0,Wheat,Bersem
2964,A3_S1_S2_sequence,LSTM,0,No crop/Fallow,No crop/Fallow
2975,A3_S1_S2_sequence,LSTM,0,Wheat,Wheat
2976,A3_S1_S2_sequence,LSTM,0,Wheat,Wheat
2977,A3_S1_S2_sequence,LSTM,0,Wheat,Wheat
2981,A3_S1_S2_sequence,LSTM,0,Wheat,Wheat
2984,A3_S1_S2_sequence,LSTM,0,Wheat,Wheat
2985,A3_S1_S2_sequence,LSTM,0,Wheat,Lentil
2988,A3_S1_S2_sequence,LSTM,0,Mustard,Lentil
2989,A3_S1_S2_sequence,LSTM,0,Wheat,Wheat
2990,A3_S1_S2_sequence,LSTM,0,Mustard,Lentil
2997,A3_S1_S2_sequence,LSTM,0,Wheat,Wheat
3000,A3_S1_S2_sequence,LSTM,0,Wheat,Wheat
3006,A3_S1_S2_sequence,LSTM,0,Mustard,Lentil
3007,A3_S1_S2_sequence,LSTM,0,Wheat,Lentil
3008,A3_S1_S2_sequence,LSTM,0,Sugarcane,Sugarcane
3009,A3_S1_S2_sequence,LSTM,0,Sugarcane,Lentil
3015,A3_S1_S2_sequence,LSTM,0,Wheat,Wheat
3031,A3_S1_S2_sequence,LSTM,0,Wheat,Wheat
3032,A3_S1_S2_sequence,LSTM,0,Wheat,Lentil
3033,A3_S1_S2_sequence,LSTM,0,Wheat,Lentil
3034,A3_S1_S2_sequence,LSTM,0,Wheat,Wheat
3035,A3_S1_S2_sequence,LSTM,0,Wheat,Wheat
3036,A3_S1_S2_sequence,LSTM,0,Wheat,Wheat
3048,A3_S1_S2_sequence,LSTM,0,Wheat,Lentil
3057,A3_S1_S2_sequence,LSTM,0,Lentil,Coriander
3059,A3_S1_S2_sequence,LSTM,0,Mustard,Coriander
3060,A3_S1_S2_sequence,LSTM,0,Wheat,Wheat
3064,A3_S1_S2_sequence,LSTM,0,Wheat,Wheat
3065,A3_S1_S2_sequence,LSTM,0,Wheat,Wheat
3116,A3_S1_S2_sequence,LSTM,0,Wheat,Wheat
3117,A3_S1_S2_sequence,LSTM,0,Green pea,Coriander
3120,A3_S1_S2_sequence,LSTM,0,Mustard,Lentil
3126,A3_S1_S2_sequence,LSTM,0,Wheat,Wheat
3127,A3_S1_S2_sequence,LSTM,0,Potato,Sugarcane
3128,A3_S1_S2_sequence,LSTM,0,Wheat,Wheat
3129,A3_S1_S2_sequence,LSTM,0,Mustard,Lentil
3158,A3_S1_S2_sequence,LSTM,0,Mustard,Sugarcane
3159,A3_S1_S2_sequence,LSTM,0,No crop/Fallow,Sugarcane
3162,A3_S1_S2_sequence,LSTM,0,Wheat,Lentil
3163,A3_S1_S2_sequence,LSTM,0,Wheat,Lentil
3172,A3_S1_S2_sequence,LSTM,0,Wheat,Wheat
3184,A3_S1_S2_sequence,LSTM,0,No crop/Fallow,Mustard
3204,A3_S1_S2_sequence,LSTM,0,Wheat,Wheat
3205,A3_S1_S2_sequence,LSTM,0,Wheat,Bersem
3211,A3_S1_S2_sequence,LSTM,0,Wheat,Wheat
3212,A3_S1_S2_sequence,LSTM,0,Mustard,Wheat
3213,A3_S1_S2_sequence,LSTM,0,No crop/Fallow,Lentil
3214,A3_S1_S2_sequence,LSTM,0,Wheat,Wheat
3215,A3_S1_S2_sequence,LSTM,0,Wheat,Green pea
3218,A3_S1_S2_sequence,LSTM,0,Wheat,Wheat
3220,A3_S1_S2_sequence,LSTM,0,Wheat,Wheat
3226,A3_S1_S2_sequence,LSTM,0,Wheat,Wheat
3227,A3_S1_S2_sequence,LSTM,0,Wheat,Wheat
3228,A3_S1_S2_sequence,LSTM,0,Wheat,Wheat
3239,A3_S1_S2_sequence,LSTM,0,Wheat,Wheat
3240,A3_S1_S2_sequence,LSTM,0,Wheat,Sugarcane
3241,A3_S1_S2_sequence,LSTM,0,Wheat,Wheat
3242,A3_S1_S2_sequence,LSTM,0,Wheat,Wheat
3243,A3_S1_S2_sequence,LSTM,0,Wheat,Wheat
3271,A3_S1_S2_sequence,LSTM,0,Wheat,Wheat
3274,A3_S1_S2_sequence,LSTM,0,Wheat,Wheat
3275,A3_S1_S2_sequence,LSTM,0,Wheat,Coriander
3277,A3_S1_S2_sequence,LSTM,0,Wheat,Wheat
3294,A3_S1_S2_sequence,LSTM,0,Wheat,Wheat
3296,A3_S1_S2_sequence,LSTM,0,Mustard,Lentil
3303,A3_S1_S2_sequence,LSTM,0,Wheat,Wheat
3304,A3_S1_S2_sequence,LSTM,0,Wheat,Wheat
3305,A3_S1_S2_sequence,LSTM,0,Wheat,Wheat
3306,A3_S1_S2_sequence,LSTM,0,Wheat,Wheat
3307,A3_S1_S2_sequence,LSTM,0,Wheat,Wheat
3327,A3_S1_S2_sequence,LSTM,0,Wheat,Lentil
3328,A3_S1_S2_sequence,LSTM,0,Mustard,Coriander
3335,A3_S1_S2_sequence,LSTM,0,Wheat,Wheat
3336,A3_S1_S2_sequence,LSTM,0,Wheat,Wheat
3337,A3_S1_S2_sequence,LSTM,0,Sugarcane,Sugarcane
3387,A3_S1_S2_sequence,LSTM,0,Wheat,Wheat
3388,A3_S1_S2_sequence,LSTM,0,Wheat,Coriander
3391,A3_S1_S2_sequence,LSTM,0,Wheat,Wheat
3401,A3_S1_S2_sequence,LSTM,0,Wheat,Lentil
3402,A3_S1_S2_sequence,LSTM,0,No crop/Fallow,Mustard
3403,A3_S1_S2_sequence,LSTM,0,Wheat,Wheat
3404,A3_S1_S2_sequence,LSTM,0,Wheat,Lentil
3406,A3_S1_S2_sequence,LSTM,0,Lentil,Lentil
3407,A3_S1_S2_sequence,LSTM,0,Wheat,Wheat
3408,A3_S1_S2_sequence,LSTM,0,Wheat,Garlic
3409,A3_S1_S2_sequence,LSTM,0,Wheat,Wheat
3410,A3_S1_S2_sequence,LSTM,0,Wheat,Wheat
3411,A3_S1_S2_sequence,LSTM,0,Wheat,Wheat
3416,A3_S1_S2_sequence,LSTM,0,Sugarcane,Sugarcane
3418,A3_S1_S2_sequence,LSTM,0,Wheat,Wheat
3419,A3_S1_S2_sequence,LSTM,0,Wheat,Wheat
3440,A3_S1_S2_sequence,LSTM,0,Wheat,Wheat
3441,A3_S1_S2_sequence,LSTM,0,Wheat,Lentil
3442,A3_S1_S2_sequence,LSTM,0,Wheat,Wheat
3444,A3_S1_S2_sequence,LSTM,0,Mustard,Lentil
3445,A3_S1_S2_sequence,LSTM,0,Wheat,Wheat
3448,A3_S1_S2_sequence,LSTM,0,Wheat,Wheat
3452,A3_S1_S2_sequence,LSTM,0,Bersem,Bersem
3454,A3_S1_S2_sequence,LSTM,0,Wheat,Wheat
3457,A3_S1_S2_sequence,LSTM,0,Lentil,Wheat
3458,A3_S1_S2_sequence,LSTM,0,Wheat,Wheat
3465,A3_S1_S2_sequence,LSTM,0,Wheat,Sugarcane
3466,A3_S1_S2_sequence,LSTM,0,Wheat,Wheat
3467,A3_S1_S2_sequence,LSTM,0,Wheat,Wheat
3468,A3_S1_S2_sequence,LSTM,0,Wheat,Wheat
3469,A3_S1_S2_sequence,LSTM,0,Sugarcane,Sugarcane
3470,A3_S1_S2_sequence,LSTM,0,Wheat,Wheat
3473,A3_S1_S2_sequence,LSTM,0,Wheat,Wheat
3474,A3_S1_S2_sequence,LSTM,0,Wheat,Wheat
3478,A3_S1_S2_sequence,LSTM,0,Mustard,Green pea
3479,A3_S1_S2_sequence,LSTM,0,Wheat,Wheat
3481,A3_S1_S2_sequence,LSTM,0,Wheat,Wheat
3490,A3_S1_S2_sequence,LSTM,0,Wheat,Wheat
3505,A3_S1_S2_sequence,LSTM,0,Mustard,Sugarcane
3507,A3_S1_S2_sequence,LSTM,0,Mustard,Sugarcane
3528,A3_S1_S2_sequence,LSTM,0,Mustard,Coriander
3531,A3_S1_S2_sequence,LSTM,0,Wheat,Wheat
3532,A3_S1_S2_sequence,LSTM,0,Wheat,Wheat
3535,A3_S1_S2_sequence,LSTM,0,Wheat,Wheat
3536,A3_S1_S2_sequence,LSTM,0,Mustard,Potato
3543,A3_S1_S2_sequence,LSTM,0,Wheat,Wheat
3544,A3_S1_S2_sequence,LSTM,0,Wheat,Lentil
3545,A3_S1_S2_sequence,LSTM,0,Lentil,Coriander
3546,A3_S1_S2_sequence,LSTM,0,Wheat,Wheat
3547,A3_S1_S2_sequence,LSTM,0,No crop/Fallow,Lentil
3548,A3_S1_S2_sequence,LSTM,0,Wheat,Wheat
3549,A3_S1_S2_sequence,LSTM,0,Wheat,Wheat
3556,A3_S1_S2_sequence,LSTM,0,Wheat,Wheat
3557,A3_S1_S2_sequence,LSTM,0,Wheat,Wheat
3558,A3_S1_S2_sequence,LSTM,0,Wheat,Wheat
3559,A3_S1_S2_sequence,LSTM,0,Mustard,Wheat
3560,A3_S1_S2_sequence,LSTM,0,Wheat,Wheat
3582,A3_S1_S2_sequence,LSTM,0,No crop/Fallow,Coriander
3583,A3_S1_S2_sequence,LSTM,0,Wheat,Wheat
3585,A3_S1_S2_sequence,LSTM,0,Mustard,Wheat
3586,A3_S1_S2_sequence,LSTM,0,Wheat,Lentil
3596,A3_S1_S2_sequence,LSTM,0,Wheat,Wheat
3601,A3_S1_S2_sequence,LSTM,0,Wheat,Wheat
3617,A3_S1_S2_sequence,LSTM,0,Wheat,Wheat
3636,A3_S1_S2_sequence,LSTM,0,No crop/Fallow,Rice
3637,A3_S1_S2_sequence,LSTM,0,No crop/Fallow,Rice
3638,A3_S1_S2_sequence,LSTM,0,No crop/Fallow,Rice
3639,A3_S1_S2_sequence,LSTM,0,No crop/Fallow,Rice
3643,A3_S1_S2_sequence,LSTM,0,Rice,No crop/Fallow
3644,A3_S1_S2_sequence,LSTM,0,Rice,No crop/Fallow
3659,A3_S1_S2_sequence,LSTM,0,Maize,Green pea
3664,A3_S1_S2_sequence,LSTM,0,No crop/Fallow,No crop/Fallow
3666,A3_S1_S2_sequence,LSTM,0,No crop/Fallow,No crop/Fallow
3667,A3_S1_S2_sequence,LSTM,0,No crop/Fallow,Rice
3668,A3_S1_S2_sequence,LSTM,0,No crop/Fallow,Rice
3675,A3_S1_S2_sequence,LSTM,0,No crop/Fallow,No crop/Fallow
3676,A3_S1_S2_sequence,LSTM,0,Rice,No crop/Fallow
3680,A3_S1_S2_sequence,LSTM,0,No crop/Fallow,No crop/Fallow
3681,A3_S1_S2_sequence,LSTM,0,No crop/Fallow,No crop/Fallow
3682,A3_S1_S2_sequence,LSTM,0,No crop/Fallow,No crop/Fallow
3683,A3_S1_S2_sequence,LSTM,0,No crop/Fallow,No crop/Fallow
3685,A3_S1_S2_sequence,LSTM,0,No crop/Fallow,No crop/Fallow
3698,A3_S1_S2_sequence,LSTM,0,No crop/Fallow,No crop/Fallow
3699,A3_S1_S2_sequence,LSTM,0,No crop/Fallow,No crop/Fallow
3706,A3_S1_S2_sequence,LSTM,0,No crop/Fallow,No crop/Fallow
3713,A3_S1_S2_sequence,LSTM,0,Rice,No crop/Fallow
3714,A3_S1_S2_sequence,LSTM,0,No crop/Fallow,No crop/Fallow
3715,A3_S1_S2_sequence,LSTM,0,No crop/Fallow,No crop/Fallow
3716,A3_S1_S2_sequence,LSTM,0,No crop/Fallow,No crop/Fallow
3723,A3_S1_S2_sequence,LSTM,0,No crop/Fallow,Rice
3724,A3_S1_S2_sequence,LSTM,0,No crop/Fallow,No crop/Fallow
3725,A3_S1_S2_sequence,LSTM,0,No crop/Fallow,Rice
3731,A3_S1_S2_sequence,LSTM,0,No crop/Fallow,No crop/Fallow
3732,A3_S1_S2_sequence,LSTM,0,No crop/Fallow,No crop/Fallow
3733,A3_S1_S2_sequence,LSTM,0,No crop/Fallow,No crop/Fallow
3734,A3_S1_S2_sequence,LSTM,0,No crop/Fallow,No crop/Fallow
3735,A3_S1_S2_sequence,LSTM,0,No crop/Fallow,No crop/Fallow
3736,A3_S1_S2_sequence,LSTM,0,No crop/Fallow,No crop/Fallow
3745,A3_S1_S2_sequence,LSTM,0,No crop/Fallow,No crop/Fallow
3746,A3_S1_S2_sequence,LSTM,0,No crop/Fallow,No crop/Fallow
3749,A3_S1_S2_sequence,LSTM,0,No crop/Fallow,No crop/Fallow
3750,A3_S1_S2_sequence,LSTM,0,No crop/Fallow,No crop/Fallow
3751,A3_S1_S2_sequence,LSTM,0,No crop/Fallow,No crop/Fallow
3761,A3_S1_S2_sequence,LSTM,0,No crop/Fallow,No crop/Fallow
3763,A3_S1_S2_sequence,LSTM,0,No crop/Fallow,No crop/Fallow
3764,A3_S1_S2_sequence,LSTM,0,No crop/Fallow,No crop/Fallow
3768,A3_S1_S2_sequence,LSTM,0,No crop/Fallow,Rice
3769,A3_S1_S2_sequence,LSTM,0,No crop/Fallow,No crop/Fallow
3770,A3_S1_S2_sequence,LSTM,0,No crop/Fallow,No crop/Fallow
3781,A3_S1_S2_sequence,LSTM,0,No crop/Fallow,Rice
3782,A3_S1_S2_sequence,LSTM,0,No crop/Fallow,No crop/Fallow
3783,A3_S1_S2_sequence,LSTM,0,No crop/Fallow,No crop/Fallow
3795,A3_S1_S2_sequence,LSTM,0,No crop/Fallow,No crop/Fallow
3796,A3_S1_S2_sequence,LSTM,0,No crop/Fallow,No crop/Fallow
3797,A3_S1_S2_sequence,LSTM,0,No crop/Fallow,No crop/Fallow
3798,A3_S1_S2_sequence,LSTM,0,No crop/Fallow,No crop/Fallow
3799,A3_S1_S2_sequence,LSTM,0,No crop/Fallow,No crop/Fallow
3800,A3_S1_S2_sequence,LSTM,0,No crop/Fallow,No crop/Fallow
3805,A3_S1_S2_sequence,LSTM,0,No crop/Fallow,Rice
3806,A3_S1_S2_sequence,LSTM,0,No crop/Fallow,Rice
3807,A3_S1_S2_sequence,LSTM,0,No crop/Fallow,Rice
3813,A3_S1_S2_sequence,LSTM,0,No crop/Fallow,No crop/Fallow
3814,A3_S1_S2_sequence,LSTM,0,No crop/Fallow,No crop/Fallow
3815,A3_S1_S2_sequence,LSTM,0,No crop/Fallow,Rice
3816,A3_S1_S2_sequence,LSTM,0,No crop/Fallow,No crop/Fallow
3818,A3_S1_S2_sequence,LSTM,0,No crop/Fallow,No crop/Fallow
3823,A3_S1_S2_sequence,LSTM,0,No crop/Fallow,No crop/Fallow
3824,A3_S1_S2_sequence,LSTM,0,No crop/Fallow,No crop/Fallow
3825,A3_S1_S2_sequence,LSTM,0,No crop/Fallow,Rice
3826,A3_S1_S2_sequence,LSTM,0,No crop/Fallow,No crop/Fallow
3873,A3_S1_S2_sequence,LSTM,0,Rice,Rice
3874,A3_S1_S2_sequence,LSTM,0,Rice,Rice
3878,A3_S1_S2_sequence,LSTM,0,No crop/Fallow,No crop/Fallow
3879,A3_S1_S2_sequence,LSTM,0,No crop/Fallow,No crop/Fallow
3884,A3_S1_S2_sequence,LSTM,0,No crop/Fallow,No crop/Fallow
3885,A3_S1_S2_sequence,LSTM,0,No crop/Fallow,Rice
3886,A3_S1_S2_sequence,LSTM,0,No crop/Fallow,Rice
3887,A3_S1_S2_sequence,LSTM,0,No crop/Fallow,Rice
3888,A3_S1_S2_sequence,LSTM,0,No crop/Fallow,Rice
3896,A3_S1_S2_sequence,LSTM,0,No crop/Fallow,No crop/Fallow
3897,A3_S1_S2_sequence,LSTM,0,No crop/Fallow,No crop/Fallow
3898,A3_S1_S2_sequence,LSTM,0,No crop/Fallow,No crop/Fallow
3899,A3_S1_S2_sequence,LSTM,0,No crop/Fallow,No crop/Fallow
3901,A3_S1_S2_sequence,LSTM,0,No crop/Fallow,Potato
3902,A3_S1_S2_sequence,LSTM,0,No crop/Fallow,Potato
3903,A3_S1_S2_sequence,LSTM,0,No crop/Fallow,No crop/Fallow
3904,A3_S1_S2_sequence,LSTM,0,No crop/Fallow,No crop/Fallow
3905,A3_S1_S2_sequence,LSTM,0,No crop/Fallow,Rice
3906,A3_S1_S2_sequence,LSTM,0,No crop/Fallow,No crop/Fallow
3907,A3_S1_S2_sequence,LSTM,0,No crop/Fallow,No crop/Fallow
3908,A3_S1_S2_sequence,LSTM,0,No crop/Fallow,No crop/Fallow
3910,A3_S1_S2_sequence,LSTM,0,No crop/Fallow,No crop/Fallow
3911,A3_S1_S2_sequence,LSTM,0,No crop/Fallow,No crop/Fallow
3912,A3_S1_S2_sequence,LSTM,0,No crop/Fallow,Rice
3913,A3_S1_S2_sequence,LSTM,0,No crop/Fallow,Rice
3915,A3_S1_S2_sequence,LSTM,0,No crop/Fallow,Rice
3939,A3_S1_S2_sequence,LSTM,0,No crop/Fallow,No crop/Fallow
3942,A3_S1_S2_sequence,LSTM,0,No crop/Fallow,No crop/Fallow
3943,A3_S1_S2_sequence,LSTM,0,No crop/Fallow,No crop/Fallow
3952,A3_S1_S2_sequence,LSTM,0,No crop/Fallow,Rice
3953,A3_S1_S2_sequence,LSTM,0,No crop/Fallow,Rice
3954,A3_S1_S2_sequence,LSTM,0,No crop/Fallow,Rice
3978,A3_S1_S2_sequence,LSTM,0,No crop/Fallow,No crop/Fallow
3981,A3_S1_S2_sequence,LSTM,0,No crop/Fallow,No crop/Fallow
3994,A3_S1_S2_sequence,LSTM,0,No crop/Fallow,No crop/Fallow
4024,A3_S1_S2_sequence,LSTM,0,No crop/Fallow,No crop/Fallow
4030,A3_S1_S2_sequence,LSTM,0,No crop/Fallow,Rice
4031,A3_S1_S2_sequence,LSTM,0,No crop/Fallow,Rice
4032,A3_S1_S2_sequence,LSTM,0,No crop/Fallow,Rice
4062,A3_S1_S2_sequence,LSTM,0,No crop/Fallow,Rice
4063,A3_S1_S2_sequence,LSTM,0,No crop/Fallow,No crop/Fallow
4064,A3_S1_S2_sequence,LSTM,0,No crop/Fallow,No crop/Fallow
4065,A3_S1_S2_sequence,LSTM,0,No crop/Fallow,No crop/Fallow
4066,A3_S1_S2_sequence,LSTM,0,No crop/Fallow,No crop/Fallow
4067,A3_S1_S2_sequence,LSTM,0,No crop/Fallow,No crop/Fallow
4074,A3_S1_S2_sequence,LSTM,0,No crop/Fallow,No crop/Fallow
4075,A3_S1_S2_sequence,LSTM,0,No crop/Fallow,No crop/Fallow
4076,A3_S1_S2_sequence,LSTM,0,No crop/Fallow,No crop/Fallow
4079,A3_S1_S2_sequence,LSTM,0,No crop/Fallow,No crop/Fallow
4080,A3_S1_S2_sequence,LSTM,0,No crop/Fallow,Potato
4081,A3_S1_S2_sequence,LSTM,0,No crop/Fallow,No crop/Fallow
4082,A3_S1_S2_sequence,LSTM,0,Rice,Rice
4083,A3_S1_S2_sequence,LSTM,0,Rice,Rice
4084,A3_S1_S2_sequence,LSTM,0,Rice,Rice
4085,A3_S1_S2_sequence,LSTM,0,Rice,Rice
4090,A3_S1_S2_sequence,LSTM,0,No crop/Fallow,No crop/Fallow
4094,A3_S1_S2_sequence,LSTM,0,No crop/Fallow,No crop/Fallow
4095,A3_S1_S2_sequence,LSTM,0,No crop/Fallow,No crop/Fallow
4113,A3_S1_S2_sequence,LSTM,0,No crop/Fallow,No crop/Fallow
4114,A3_S1_S2_sequence,LSTM,0,No crop/Fallow,No crop/Fallow
4162,A3_S1_S2_sequence,LSTM,0,No crop/Fallow,Rice
4163,A3_S1_S2_sequence,LSTM,0,No crop/Fallow,Rice
4164,A3_S1_S2_sequence,LSTM,0,No crop/Fallow,Rice
4166,A3_S1_S2_sequence,LSTM,0,No crop/Fallow,Rice
4174,A3_S1_S2_sequence,LSTM,0,Rice,Rice
4181,A3_S1_S2_sequence,LSTM,0,No crop/Fallow,No crop/Fallow
4185,A3_S1_S2_sequence,LSTM,0,No crop/Fallow,No crop/Fallow
4186,A3_S1_S2_sequence,LSTM,0,No crop/Fallow,No crop/Fallow
4204,A3_S1_S2_sequence,LSTM,0,No crop/Fallow,Rice
4205,A3_S1_S2_sequence,LSTM,0,No crop/Fallow,No crop/Fallow
4206,A3_S1_S2_sequence,LSTM,0,No crop/Fallow,Rice
4207,A3_S1_S2_sequence,LSTM,0,No crop/Fallow,Rice
4208,A3_S1_S2_sequence,LSTM,0,No crop/Fallow,Rice
4228,A3_S1_S2_sequence,LSTM,0,Rice,No crop/Fallow
4231,A3_S1_S2_sequence,LSTM,0,No crop/Fallow,No crop/Fallow
4232,A3_S1_S2_sequence,LSTM,0,No crop/Fallow,Rice
4233,A3_S1_S2_sequence,LSTM,0,No crop/Fallow,No crop/Fallow
4234,A3_S1_S2_sequence,LSTM,0,No crop/Fallow,No crop/Fallow
4237,A3_S1_S2_sequence,LSTM,0,No crop/Fallow,No crop/Fallow
4238,A3_S1_S2_sequence,LSTM,0,No crop/Fallow,No crop/Fallow
4239,A3_S1_S2_sequence,LSTM,0,No crop/Fallow,No crop/Fallow
4241,A3_S1_S2_sequence,LSTM,0,No crop/Fallow,No crop/Fallow
4242,A3_S1_S2_sequence,LSTM,0,No crop/Fallow,Rice
4243,A3_S1_S2_sequence,LSTM,0,No crop/Fallow,Rice
4244,A3_S1_S2_sequence,LSTM,0,No crop/Fallow,No crop/Fallow
4245,A3_S1_S2_sequence,LSTM,0,No crop/Fallow,No crop/Fallow
4254,A3_S1_S2_sequence,LSTM,0,No crop/Fallow,Rice
4265,A3_S1_S2_sequence,LSTM,0,Rice,No crop/Fallow
4269,A3_S1_S2_sequence,LSTM,0,Rice,No crop/Fallow
4278,A3_S1_S2_sequence,LSTM,0,No crop/Fallow,Rice
4279,A3_S1_S2_sequence,LSTM,0,No crop/Fallow,Rice
4281,A3_S1_S2_sequence,LSTM,0,No crop/Fallow,Rice
4282,A3_S1_S2_sequence,LSTM,0,No crop/Fallow,No crop/Fallow
4285,A3_S1_S2_sequence,LSTM,0,No crop/Fallow,No crop/Fallow
4286,A3_S1_S2_sequence,LSTM,0,No crop/Fallow,No crop/Fallow
4312,A3_S1_S2_sequence,LSTM,0,No crop/Fallow,No crop/Fallow
4314,A3_S1_S2_sequence,LSTM,0,No crop/Fallow,Rice
4315,A3_S1_S2_sequence,LSTM,0,No crop/Fallow,Rice
4316,A3_S1_S2_sequence,LSTM,0,No crop/Fallow,Rice
4317,A3_S1_S2_sequence,LSTM,0,No crop/Fallow,Rice
4318,A3_S1_S2_sequence,LSTM,0,No crop/Fallow,No crop/Fallow
4319,A3_S1_S2_sequence,LSTM,0,No crop/Fallow,Rice
4320,A3_S1_S2_sequence,LSTM,0,No crop/Fallow,No crop/Fallow
4402,A3_S1_S2_sequence,LSTM,0,No crop/Fallow,No crop/Fallow
4413,A3_S1_S2_sequence,LSTM,0,No crop/Fallow,Rice
4414,A3_S1_S2_sequence,LSTM,0,No crop/Fallow,Rice
4445,A3_S1_S2_sequence,LSTM,0,Rice,Rice
4446,A3_S1_S2_sequence,LSTM,0,Rice,Rice
4453,A3_S1_S2_sequence,LSTM,0,No crop/Fallow,Rice
4455,A3_S1_S2_sequence,LSTM,0,No crop/Fallow,No crop/Fallow
4456,A3_S1_S2_sequence,LSTM,0,No crop/Fallow,Rice
4463,A3_S1_S2_sequence,LSTM,0,No crop/Fallow,Rice
4470,A3_S1_S2_sequence,LSTM,0,No crop/Fallow,Rice
4471,A3_S1_S2_sequence,LSTM,0,No crop/Fallow,No crop/Fallow
4476,A3_S1_S2_sequence,LSTM,0,No crop/Fallow,No crop/Fallow
4477,A3_S1_S2_sequence,LSTM,0,No crop/Fallow,Rice
4479,A3_S1_S2_sequence,LSTM,0,No crop/Fallow,Rice
4480,A3_S1_S2_sequence,LSTM,0,No crop/Fallow,Rice
4514,A3_S1_S2_sequence,LSTM,0,No crop/Fallow,Rice
4515,A3_S1_S2_sequence,LSTM,0,No crop/Fallow,No crop/Fallow
4516,A3_S1_S2_sequence,LSTM,0,No crop/Fallow,Rice
4530,A3_S1_S2_sequence,LSTM,0,Rice,Rice
4537,A3_S1_S2_sequence,LSTM,0,Rice,Rice
4543,A3_S1_S2_sequence,LSTM,0,No crop/Fallow,Rice
4545,A3_S1_S2_sequence,LSTM,0,No crop/Fallow,Rice
4546,A3_S1_S2_sequence,LSTM,0,No crop/Fallow,Rice
4555,A3_S1_S2_sequence,LSTM,0,No crop/Fallow,Rice
4556,A3_S1_S2_sequence,LSTM,0,No crop/Fallow,Rice
4557,A3_S1_S2_sequence,LSTM,0,No crop/Fallow,Rice
4558,A3_S1_S2_sequence,LSTM,0,No crop/Fallow,Rice
4559,A3_S1_S2_sequence,LSTM,0,No crop/Fallow,Rice
4560,A3_S1_S2_sequence,LSTM,0,No crop/Fallow,Rice
4561,A3_S1_S2_sequence,LSTM,0,No crop/Fallow,Rice
4562,A3_S1_S2_sequence,LSTM,0,No crop/Fallow,No crop/Fallow
4563,A3_S1_S2_sequence,LSTM,0,No crop/Fallow,Rice
4573,A3_S1_S2_sequence,LSTM,0,No crop/Fallow,No crop/Fallow
4604,A3_S1_S2_sequence,LSTM,0,No crop/Fallow,No crop/Fallow
4607,A3_S1_S2_sequence,LSTM,0,Rice,Rice
4618,A3_S1_S2_sequence,LSTM,0,No crop/Fallow,No crop/Fallow
4626,A3_S1_S2_sequence,LSTM,0,No crop/Fallow,No crop/Fallow
4630,A3_S1_S2_sequence,LSTM,0,No crop/Fallow,Rice
4631,A3_S1_S2_sequence,LSTM,0,No crop/Fallow,Rice
4632,A3_S1_S2_sequence,LSTM,0,No crop/Fallow,Rice
4634,A3_S1_S2_sequence,LSTM,0,No crop/Fallow,No crop/Fallow
4635,A3_S1_S2_sequence,LSTM,0,No crop/Fallow,No crop/Fallow
4637,A3_S1_S2_sequence,LSTM,0,No crop/Fallow,Rice
4638,A3_S1_S2_sequence,LSTM,0,No crop/Fallow,Rice
4639,A3_S1_S2_sequence,LSTM,0,No crop/Fallow,Rice
4665,A3_S1_S2_sequence,LSTM,0,No crop/Fallow,No crop/Fallow
4667,A3_S1_S2_sequence,LSTM,0,No crop/Fallow,Rice
4716,A3_S1_S2_sequence,LSTM,0,No crop/Fallow,Rice
4729,A3_S1_S2_sequence,LSTM,0,No crop/Fallow,No crop/Fallow
4730,A3_S1_S2_sequence,LSTM,0,No crop/Fallow,Rice
4731,A3_S1_S2_sequence,LSTM,0,No crop/Fallow,No crop/Fallow
4742,A3_S1_S2_sequence,LSTM,0,No crop/Fallow,Rice
4756,A3_S1_S2_sequence,LSTM,0,No crop/Fallow,Rice
4771,A3_S1_S2_sequence,LSTM,0,Maize,Potato
4773,A3_S1_S2_sequence,LSTM,0,Maize,Potato
4775,A3_S1_S2_sequence,LSTM,0,No crop/Fallow,No crop/Fallow
4776,A3_S1_S2_sequence,LSTM,0,No crop/Fallow,No crop/Fallow
4798,A3_S1_S2_sequence,LSTM,0,No crop/Fallow,Rice
4800,A3_S1_S2_sequence,LSTM,0,No crop/Fallow,Rice
4801,A3_S1_S2_sequence,LSTM,0,No crop/Fallow,No crop/Fallow
4802,A3_S1_S2_sequence,LSTM,0,Rice,Rice
4804,A3_S1_S2_sequence,LSTM,0,No crop/Fallow,Potato
4808,A3_S1_S2_sequence,LSTM,0,No crop/Fallow,No crop/Fallow
4809,A3_S1_S2_sequence,LSTM,0,No crop/Fallow,No crop/Fallow
4810,A3_S1_S2_sequence,LSTM,0,No crop/Fallow,Rice
4812,A3_S1_S2_sequence,LSTM,0,No crop/Fallow,Rice
4813,A3_S1_S2_sequence,LSTM,0,No crop/Fallow,No crop/Fallow
4838,A3_S1_S2_sequence,LSTM,0,No crop/Fallow,No crop/Fallow
4839,A3_S1_S2_sequence,LSTM,0,No crop/Fallow,No crop/Fallow
4843,A3_S1_S2_sequence,LSTM,0,No crop/Fallow,No crop/Fallow
4844,A3_S1_S2_sequence,LSTM,0,No crop/Fallow,No crop/Fallow
4857,A3_S1_S2_sequence,LSTM,0,No crop/Fallow,No crop/Fallow
4858,A3_S1_S2_sequence,LSTM,0,No crop/Fallow,No crop/Fallow
4859,A3_S1_S2_sequence,LSTM,0,No crop/Fallow,Rice
4860,A3_S1_S2_sequence,LSTM,0,No crop/Fallow,No crop/Fallow
4861,A3_S1_S2_sequence,LSTM,0,No crop/Fallow,No crop/Fallow
4867,A3_S1_S2_sequence,LSTM,0,No crop/Fallow,No crop/Fallow
4879,A3_S1_S2_sequence,LSTM,0,No crop/Fallow,No crop/Fallow
4880,A3_S1_S2_sequence,LSTM,0,No crop/Fallow,No crop/Fallow
4884,A3_S1_S2_sequence,LSTM,0,No crop/Fallow,No crop/Fallow
4885,A3_S1_S2_sequence,LSTM,0,No crop/Fallow,Rice
4914,A3_S1_S2_sequence,LSTM,0,Rice,No crop/Fallow
4916,A3_S1_S2_sequence,LSTM,0,Rice,Rice
4938,A3_S1_S2_sequence,LSTM,0,No crop/Fallow,No crop/Fallow
4965,A3_S1_S2_sequence,LSTM,0,No crop/Fallow,No crop/Fallow
4967,A3_S1_S2_sequence,LSTM,0,No crop/Fallow,Rice
4974,A3_S1_S2_sequence,LSTM,0,No crop/Fallow,Rice
4975,A3_S1_S2_sequence,LSTM,0,No crop/Fallow,No crop/Fallow
4976,A3_S1_S2_sequence,LSTM,0,No crop/Fallow,No crop/Fallow
4977,A3_S1_S2_sequence,LSTM,0,No crop/Fallow,Rice
4990,A3_S1_S2_sequence,LSTM,0,No crop/Fallow,No crop/Fallow
4991,A3_S1_S2_sequence,LSTM,0,No crop/Fallow,No crop/Fallow
4992,A3_S1_S2_sequence,LSTM,0,No crop/Fallow,No crop/Fallow
4999,A3_S1_S2_sequence,LSTM,0,No crop/Fallow,No crop/Fallow
5000,A3_S1_S2_sequence,LSTM,0,No crop/Fallow,Green pea
5002,A3_S1_S2_sequence,LSTM,0,No crop/Fallow,No crop/Fallow
5003,A3_S1_S2_sequence,LSTM,0,No crop/Fallow,Rice
5004,A3_S1_S2_sequence,LSTM,0,No crop/Fallow,No crop/Fallow
5014,A3_S1_S2_sequence,LSTM,0,No crop/Fallow,No crop/Fallow
5015,A3_S1_S2_sequence,LSTM,0,No crop/Fallow,Rice
5016,A3_S1_S2_sequence,LSTM,0,No crop/Fallow,Rice
5017,A3_S1_S2_sequence,LSTM,0,No crop/Fallow,No crop/Fallow
5031,A3_S1_S2_sequence,LSTM,0,No crop/Fallow,No crop/Fallow
5032,A3_S1_S2_sequence,LSTM,0,No crop/Fallow,No crop/Fallow
5033,A3_S1_S2_sequence,LSTM,0,No crop/Fallow,Rice
5034,A3_S1_S2_sequence,LSTM,0,No crop/Fallow,Rice
5035,A3_S1_S2_sequence,LSTM,0,No crop/Fallow,No crop/Fallow
5036,A3_S1_S2_sequence,LSTM,0,No crop/Fallow,Rice
5042,A3_S1_S2_sequence,LSTM,0,No crop/Fallow,No crop/Fallow
5043,A3_S1_S2_sequence,LSTM,0,No crop/Fallow,No crop/Fallow
5079,A3_S1_S2_sequence,LSTM,0,Rice,Rice
5080,A3_S1_S2_sequence,LSTM,0,Rice,Rice
5082,A3_S1_S2_sequence,LSTM,0,Rice,Rice
5083,A3_S1_S2_sequence,LSTM,0,Rice,No crop/Fallow
5100,A3_S1_S2_sequence,LSTM,0,Rice,Rice
5101,A3_S1_S2_sequence,LSTM,0,Rice,Rice
5123,A3_S1_S2_sequence,LSTM,0,No crop/Fallow,No crop/Fallow
5135,A3_S1_S2_sequence,LSTM,0,Rice,No crop/Fallow
5136,A3_S1_S2_sequence,LSTM,0,No crop/Fallow,Rice
5137,A3_S1_S2_sequence,LSTM,0,No crop/Fallow,Rice
5138,A3_S1_S2_sequence,LSTM,0,No crop/Fallow,No crop/Fallow
5139,A3_S1_S2_sequence,LSTM,0,No crop/Fallow,No crop/Fallow
5140,A3_S1_S2_sequence,LSTM,0,No crop/Fallow,No crop/Fallow
5141,A3_S1_S2_sequence,LSTM,0,No crop/Fallow,No crop/Fallow
5153,A3_S1_S2_sequence,LSTM,0,No crop/Fallow,No crop/Fallow
5154,A3_S1_S2_sequence,LSTM,0,No crop/Fallow,Rice
5155,A3_S1_S2_sequence,LSTM,0,No crop/Fallow,Rice
5156,A3_S1_S2_sequence,LSTM,0,No crop/Fallow,Rice
5157,A3_S1_S2_sequence,LSTM,0,No crop/Fallow,No crop/Fallow
5158,A3_S1_S2_sequence,LSTM,0,No crop/Fallow,No crop/Fallow
5166,A3_S1_S2_sequence,LSTM,0,No crop/Fallow,No crop/Fallow
5167,A3_S1_S2_sequence,LSTM,0,No crop/Fallow,No crop/Fallow
5181,A3_S1_S2_sequence,LSTM,0,No crop/Fallow,No crop/Fallow
5183,A3_S1_S2_sequence,LSTM,0,No crop/Fallow,No crop/Fallow
5187,A3_S1_S2_sequence,LSTM,0,No crop/Fallow,No crop/Fallow
5188,A3_S1_S2_sequence,LSTM,0,No crop/Fallow,No crop/Fallow
5193,A3_S1_S2_sequence,LSTM,0,No crop/Fallow,Potato
5194,A3_S1_S2_sequence,LSTM,0,No crop/Fallow,Potato
5195,A3_S1_S2_sequence,LSTM,0,No crop/Fallow,No crop/Fallow
5203,A3_S1_S2_sequence,LSTM,0,No crop/Fallow,Rice
5204,A3_S1_S2_sequence,LSTM,0,No crop/Fallow,No crop/Fallow
5205,A3_S1_S2_sequence,LSTM,0,No crop/Fallow,No crop/Fallow
5220,A3_S1_S2_sequence,LSTM,0,No crop/Fallow,No crop/Fallow
5226,A3_S1_S2_sequence,LSTM,0,No crop/Fallow,No crop/Fallow
5265,A3_S1_S2_sequence,LSTM,0,Mustard,Mustard
5266,A3_S1_S2_sequence,LSTM,0,Mustard,Mustard
5280,A3_S1_S2_sequence,LSTM,0,Wheat,Wheat
5281,A3_S1_S2_sequence,LSTM,0,Wheat,Wheat
5282,A3_S1_S2_sequence,LSTM,0,Wheat,Wheat
5287,A3_S1_S2_sequence,LSTM,0,Wheat,Wheat
5299,A3_S1_S2_sequence,LSTM,0,Mustard,Mustard
5300,A3_S1_S2_sequence,LSTM,0,Garlic,Garlic
5302,A3_S1_S2_sequence,LSTM,0,Garlic,Garlic
5323,A3_S1_S2_sequence,LSTM,0,Wheat,Gram
5324,A3_S1_S2_sequence,LSTM,0,Wheat,Gram
5325,A3_S1_S2_sequence,LSTM,0,Wheat,Gram
5326,A3_S1_S2_sequence,LSTM,0,Wheat,Gram
5334,A3_S1_S2_sequence,LSTM,0,Mustard,Mustard
5349,A3_S1_S2_sequence,LSTM,0,No crop/Fallow,Gram
5350,A3_S1_S2_sequence,LSTM,0,Wheat,Gram
5351,A3_S1_S2_sequence,LSTM,0,Wheat,Gram
5387,A3_S1_S2_sequence,LSTM,0,Wheat,Wheat
5388,A3_S1_S2_sequence,LSTM,0,Wheat,Wheat
5413,A3_S1_S2_sequence,LSTM,0,Wheat,Garlic
5414,A3_S1_S2_sequence,LSTM,0,Wheat,Gram
5415,A3_S1_S2_sequence,LSTM,0,Wheat,Gram
5424,A3_S1_S2_sequence,LSTM,0,Mustard,Mustard
5425,A3_S1_S2_sequence,LSTM,0,Wheat,Garlic
5426,A3_S1_S2_sequence,LSTM,0,Garlic,Garlic
5427,A3_S1_S2_sequence,LSTM,0,Mustard,Mustard
5443,A3_S1_S2_sequence,LSTM,0,Mustard,Mustard
5444,A3_S1_S2_sequence,LSTM,0,Wheat,Mustard
5445,A3_S1_S2_sequence,LSTM,0,Mustard,Mustard
5466,A3_S1_S2_sequence,LSTM,0,Wheat,Gram
5477,A3_S1_S2_sequence,LSTM,0,Gram,Gram
5478,A3_S1_S2_sequence,LSTM,0,Wheat,Gram
5480,A3_S1_S2_sequence,LSTM,0,Wheat,Garlic
5481,A3_S1_S2_sequence,LSTM,0,Wheat,Wheat
5501,A3_S1_S2_sequence,LSTM,0,Mustard,Mustard
5502,A3_S1_S2_sequence,LSTM,0,Mustard,Mustard
5506,A3_S1_S2_sequence,LSTM,0,Wheat,Wheat
5507,A3_S1_S2_sequence,LSTM,0,Wheat,Wheat
5510,A3_S1_S2_sequence,LSTM,0,Wheat,Gram
5511,A3_S1_S2_sequence,LSTM,0,Gram,Gram
5513,A3_S1_S2_sequence,LSTM,0,Mustard,Mustard
5514,A3_S1_S2_sequence,LSTM,0,Mustard,Mustard
5515,A3_S1_S2_sequence,LSTM,0,Wheat,Wheat
5516,A3_S1_S2_sequence,LSTM,0,Wheat,Garlic
5517,A3_S1_S2_sequence,LSTM,0,Garlic,Garlic
5518,A3_S1_S2_sequence,LSTM,0,Mustard,Mustard
5519,A3_S1_S2_sequence,LSTM,0,Mustard,Mustard
5566,A3_S1_S2_sequence,LSTM,0,Wheat,Gram
5567,A3_S1_S2_sequence,LSTM,0,Wheat,Garlic
5606,A3_S1_S2_sequence,LSTM,0,Wheat,Wheat
5607,A3_S1_S2_sequence,LSTM,0,Wheat,Gram
5608,A3_S1_S2_sequence,LSTM,0,Mustard,Gram
5643,A3_S1_S2_sequence,LSTM,0,Mustard,Mustard
5657,A3_S1_S2_sequence,LSTM,0,Gram,Mustard
5658,A3_S1_S2_sequence,LSTM,0,Mustard,Mustard
5659,A3_S1_S2_sequence,LSTM,0,No crop/Fallow,Bersem
5663,A3_S1_S2_sequence,LSTM,0,Mustard,Mustard
5664,A3_S1_S2_sequence,LSTM,0,Mustard,Mustard
5668,A3_S1_S2_sequence,LSTM,0,Wheat,Garlic
5669,A3_S1_S2_sequence,LSTM,0,No crop/Fallow,Mustard
5685,A3_S1_S2_sequence,LSTM,0,Garlic,Gram
5687,A3_S1_S2_sequence,LSTM,0,Wheat,Gram
5695,A3_S1_S2_sequence,LSTM,0,Mustard,Mustard
5698,A3_S1_S2_sequence,LSTM,0,Wheat,Wheat
5699,A3_S1_S2_sequence,LSTM,0,Mustard,Mustard
5700,A3_S1_S2_sequence,LSTM,0,Gram,Gram
5701,A3_S1_S2_sequence,LSTM,0,Gram,Gram
5702,A3_S1_S2_sequence,LSTM,0,Gram,Gram
5704,A3_S1_S2_sequence,LSTM,0,Mustard,Mustard
5706,A3_S1_S2_sequence,LSTM,0,Mustard,Mustard
5713,A3_S1_S2_sequence,LSTM,0,No crop/Fallow,Gram
5725,A3_S1_S2_sequence,LSTM,0,Wheat,Gram
5726,A3_S1_S2_sequence,LSTM,0,Wheat,Gram
5727,A3_S1_S2_sequence,LSTM,0,Wheat,Gram
5728,A3_S1_S2_sequence,LSTM,0,Wheat,Gram
5730,A3_S1_S2_sequence,LSTM,0,Mustard,Mustard
5731,A3_S1_S2_sequence,LSTM,0,Mustard,Wheat
5769,A3_S1_S2_sequence,LSTM,0,Mustard,Mustard
5770,A3_S1_S2_sequence,LSTM,0,Mustard,Mustard
5771,A3_S1_S2_sequence,LSTM,0,Gram,Mustard
5772,A3_S1_S2_sequence,LSTM,0,Mustard,Mustard
5773,A3_S1_S2_sequence,LSTM,0,Wheat,Wheat
5787,A3_S1_S2_sequence,LSTM,0,Mustard,Mustard
5788,A3_S1_S2_sequence,LSTM,0,No crop/Fallow,No crop/Fallow
5789,A3_S1_S2_sequence,LSTM,0,Mustard,Mustard
5806,A3_S1_S2_sequence,LSTM,0,Wheat,Garlic
5826,A3_S1_S2_sequence,LSTM,0,No crop/Fallow,Lentil
5841,A3_S1_S2_sequence,LSTM,0,Wheat,Mustard
5864,A3_S1_S2_sequence,LSTM,0,Wheat,Wheat
5893,A3_S1_S2_sequence,LSTM,0,Mustard,Gram
5894,A3_S1_S2_sequence,LSTM,0,Wheat,Wheat
5895,A3_S1_S2_sequence,LSTM,0,Mustard,Gram
5896,A3_S1_S2_sequence,LSTM,0,Wheat,Wheat
5897,A3_S1_S2_sequence,LSTM,0,Gram,Gram
5912,A3_S1_S2_sequence,LSTM,0,Mustard,Mustard
5913,A3_S1_S2_sequence,LSTM,0,Mustard,Mustard
5914,A3_S1_S2_sequence,LSTM,0,Wheat,Wheat
5915,A3_S1_S2_sequence,LSTM,0,Mustard,Mustard
5916,A3_S1_S2_sequence,LSTM,0,Mustard,Mustard
5917,A3_S1_S2_sequence,LSTM,0,Garlic,Garlic
5939,A3_S1_S2_sequence,LSTM,0,Wheat,Garlic
5949,A3_S1_S2_sequence,LSTM,0,Mustard,Mustard
5993,A3_S1_S2_sequence,LSTM,0,Wheat,Wheat
5994,A3_S1_S2_sequence,LSTM,0,Wheat,Wheat
5996,A3_S1_S2_sequence,LSTM,0,Wheat,Gram
5997,A3_S1_S2_sequence,LSTM,0,Gram,Gram
5998,A3_S1_S2_sequence,LSTM,0,Wheat,Wheat
6003,A3_S1_S2_sequence,LSTM,0,Mustard,Mustard
6004,A3_S1_S2_sequence,LSTM,0,Mustard,Mustard
6005,A3_S1_S2_sequence,LSTM,0,Mustard,Mustard
6020,A3_S1_S2_sequence,LSTM,0,Mustard,Mustard
6021,A3_S1_S2_sequence,LSTM,0,Wheat,Gram
6048,A3_S1_S2_sequence,LSTM,0,Garlic,Garlic
6065,A3_S1_S2_sequence,LSTM,0,Mustard,Mustard
6066,A3_S1_S2_sequence,LSTM,0,Wheat,Wheat
6070,A3_S1_S2_sequence,LSTM,0,Wheat,Wheat
6071,A3_S1_S2_sequence,LSTM,0,Wheat,Garlic
6075,A3_S1_S2_sequence,LSTM,0,Gram,Gram
6079,A3_S1_S2_sequence,LSTM,0,Wheat,Wheat
6080,A3_S1_S2_sequence,LSTM,0,Mustard,Gram
6081,A3_S1_S2_sequence,LSTM,0,No crop/Fallow,Mustard
6082,A3_S1_S2_sequence,LSTM,0,Mustard,Mustard
6083,A3_S1_S2_sequence,LSTM,0,Mustard,Mustard
6084,A3_S1_S2_sequence,LSTM,0,Mustard,Garlic
6086,A3_S1_S2_sequence,LSTM,0,Gram,Mustard
6089,A3_S1_S2_sequence,LSTM,0,Wheat,No crop/Fallow
6092,A3_S1_S2_sequence,LSTM,0,Wheat,Garlic
6093,A3_S1_S2_sequence,LSTM,0,Mustard,Mustard
6107,A3_S1_S2_sequence,LSTM,0,Wheat,Wheat
6108,A3_S1_S2_sequence,LSTM,0,Wheat,Garlic
6149,A3_S1_S2_sequence,LSTM,0,Wheat,Wheat
6150,A3_S1_S2_sequence,LSTM,0,Wheat,Wheat
6151,A3_S1_S2_sequence,LSTM,0,Wheat,Wheat
6157,A3_S1_S2_sequence,LSTM,0,Mustard,Mustard
6158,A3_S1_S2_sequence,LSTM,0,Mustard,Mustard
6159,A3_S1_S2_sequence,LSTM,0,Garlic,Mustard
6160,A3_S1_S2_sequence,LSTM,0,No crop/Fallow,Mustard
6161,A3_S1_S2_sequence,LSTM,0,Mustard,Mustard
6171,A3_S1_S2_sequence,LSTM,0,Wheat,Wheat
6172,A3_S1_S2_sequence,LSTM,0,Mustard,Mustard
6173,A3_S1_S2_sequence,LSTM,0,Mustard,Mustard
6178,A3_S1_S2_sequence,LSTM,0,Mustard,Mustard
6183,A3_S1_S2_sequence,LSTM,0,Gram,Gram
6184,A3_S1_S2_sequence,LSTM,0,Wheat,Wheat
6193,A3_S1_S2_sequence,LSTM,0,Wheat,Mustard
6202,A3_S1_S2_sequence,LSTM,0,Wheat,Wheat
6208,A3_S1_S2_sequence,LSTM,0,Mustard,Mustard
6220,A3_S1_S2_sequence,LSTM,0,Mustard,Gram
6221,A3_S1_S2_sequence,LSTM,0,Mustard,Gram
6222,A3_S1_S2_sequence,LSTM,0,Mustard,Gram
6223,A3_S1_S2_sequence,LSTM,0,Mustard,Gram
6225,A3_S1_S2_sequence,LSTM,0,Mustard,Mustard
6227,A3_S1_S2_sequence,LSTM,0,Wheat,Maize
6228,A3_S1_S2_sequence,LSTM,0,Mustard,Wheat
6229,A3_S1_S2_sequence,LSTM,0,Wheat,Garlic
6230,A3_S1_S2_sequence,LSTM,0,Wheat,Wheat
6231,A3_S1_S2_sequence,LSTM,0,Wheat,Gram
6234,A3_S1_S2_sequence,LSTM,0,Mustard,Mustard
6235,A3_S1_S2_sequence,LSTM,0,Mustard,Mustard
6236,A3_S1_S2_sequence,LSTM,0,Mustard,Mustard
6237,A3_S1_S2_sequence,LSTM,0,Garlic,Mustard
6245,A3_S1_S2_sequence,LSTM,0,Mustard,Mustard
6251,A3_S1_S2_sequence,LSTM,0,Mustard,Garlic
6252,A3_S1_S2_sequence,LSTM,0,Wheat,Gram
6253,A3_S1_S2_sequence,LSTM,0,Mustard,Mustard
6254,A3_S1_S2_sequence,LSTM,0,Wheat,Wheat
6255,A3_S1_S2_sequence,LSTM,0,Wheat,Garlic
6257,A3_S1_S2_sequence,LSTM,0,Wheat,Gram
6258,A3_S1_S2_sequence,LSTM,0,Wheat,Wheat
6260,A3_S1_S2_sequence,LSTM,0,Gram,Gram
6261,A3_S1_S2_sequence,LSTM,0,Gram,Gram
6262,A3_S1_S2_sequence,LSTM,0,Wheat,Wheat
6263,A3_S1_S2_sequence,LSTM,0,Mustard,Mustard
6274,A3_S1_S2_sequence,LSTM,0,Wheat,Gram
6299,A3_S1_S2_sequence,LSTM,0,Coriander,Mustard
6300,A3_S1_S2_sequence,LSTM,0,Garlic,Garlic
6301,A3_S1_S2_sequence,LSTM,0,Wheat,Garlic
6302,A3_S1_S2_sequence,LSTM,0,Wheat,Garlic
6304,A3_S1_S2_sequence,LSTM,0,Wheat,Gram
6319,A3_S1_S2_sequence,LSTM,0,Maize,Maize
6320,A3_S1_S2_sequence,LSTM,0,Rice,Maize
6329,A3_S1_S2_sequence,LSTM,0,No crop/Fallow,Rice
6331,A3_S1_S2_sequence,LSTM,0,Maize,Maize
6332,A3_S1_S2_sequence,LSTM,0,Maize,Maize
6333,A3_S1_S2_sequence,LSTM,0,Maize,Maize
6334,A3_S1_S2_sequence,LSTM,0,Maize,Maize
6339,A3_S1_S2_sequence,LSTM,0,Maize,Maize
6351,A3_S1_S2_sequence,LSTM,0,Mustard,Wheat
6353,A3_S1_S2_sequence,LSTM,0,Mustard,Wheat
6367,A3_S1_S2_sequence,LSTM,0,Maize,Rice
6368,A3_S1_S2_sequence,LSTM,0,Maize,Maize
6382,A3_S1_S2_sequence,LSTM,0,Mustard,Potato
6383,A3_S1_S2_sequence,LSTM,0,Mustard,Mustard
6393,A3_S1_S2_sequence,LSTM,0,No crop/Fallow,Maize
6395,A3_S1_S2_sequence,LSTM,0,Maize,Maize
6398,A3_S1_S2_sequence,LSTM,0,Mustard,Maize
6400,A3_S1_S2_sequence,LSTM,0,Mustard,Maize
6403,A3_S1_S2_sequence,LSTM,0,Maize,Maize
6407,A3_S1_S2_sequence,LSTM,0,No crop/Fallow,Wheat
6408,A3_S1_S2_sequence,LSTM,0,Mustard,Maize
6409,A3_S1_S2_sequence,LSTM,0,No crop/Fallow,Wheat
6410,A3_S1_S2_sequence,LSTM,0,Maize,Maize
6412,A3_S1_S2_sequence,LSTM,0,Maize,Maize
6416,A3_S1_S2_sequence,LSTM,0,No crop/Fallow,Rice
6417,A3_S1_S2_sequence,LSTM,0,No crop/Fallow,Maize
6437,A3_S1_S2_sequence,LSTM,0,Wheat,Wheat
6443,A3_S1_S2_sequence,LSTM,0,Maize,Maize
6444,A3_S1_S2_sequence,LSTM,0,No crop/Fallow,Maize
6445,A3_S1_S2_sequence,LSTM,0,Maize,Maize
6446,A3_S1_S2_sequence,LSTM,0,No crop/Fallow,Rice
6447,A3_S1_S2_sequence,LSTM,0,Maize,Maize
6448,A3_S1_S2_sequence,LSTM,0,Maize,Maize
6450,A3_S1_S2_sequence,LSTM,0,No crop/Fallow,No crop/Fallow
6451,A3_S1_S2_sequence,LSTM,0,Potato,Maize
6468,A3_S1_S2_sequence,LSTM,0,Maize,Maize
6469,A3_S1_S2_sequence,LSTM,0,Mustard,Potato
6482,A3_S1_S2_sequence,LSTM,0,No crop/Fallow,Maize
6489,A3_S1_S2_sequence,LSTM,0,Potato,Maize
6494,A3_S1_S2_sequence,LSTM,0,Maize,Maize
6495,A3_S1_S2_sequence,LSTM,0,No crop/Fallow,Maize
6496,A3_S1_S2_sequence,LSTM,0,No crop/Fallow,Wheat
6497,A3_S1_S2_sequence,LSTM,0,No crop/Fallow,Rice
6526,A3_S1_S2_sequence,LSTM,0,No crop/Fallow,Maize
6528,A3_S1_S2_sequence,LSTM,0,Mustard,Maize
6529,A3_S1_S2_sequence,LSTM,0,No crop/Fallow,Rice
6530,A3_S1_S2_sequence,LSTM,0,No crop/Fallow,Maize
6531,A3_S1_S2_sequence,LSTM,0,No crop/Fallow,Maize
6543,A3_S1_S2_sequence,LSTM,0,Maize,Maize
6544,A3_S1_S2_sequence,LSTM,0,Mustard,Potato
6545,A3_S1_S2_sequence,LSTM,0,Mustard,Maize
6546,A3_S1_S2_sequence,LSTM,0,Maize,Maize
6575,A3_S1_S2_sequence,LSTM,0,Maize,Maize
6576,A3_S1_S2_sequence,LSTM,0,No crop/Fallow,Rice
6578,A3_S1_S2_sequence,LSTM,0,Wheat,Wheat
6579,A3_S1_S2_sequence,LSTM,0,Wheat,Maize
6580,A3_S1_S2_sequence,LSTM,0,Wheat,Maize
6595,A3_S1_S2_sequence,LSTM,0,Maize,Maize
6598,A3_S1_S2_sequence,LSTM,0,Maize,Maize
6645,A3_S1_S2_sequence,LSTM,0,Wheat,Maize
6647,A3_S1_S2_sequence,LSTM,0,Maize,Maize
6667,A3_S1_S2_sequence,LSTM,0,No crop/Fallow,Potato
6668,A3_S1_S2_sequence,LSTM,0,Mustard,Rice
6670,A3_S1_S2_sequence,LSTM,0,Maize,Maize
6672,A3_S1_S2_sequence,LSTM,0,Maize,Potato
6676,A3_S1_S2_sequence,LSTM,0,No crop/Fallow,Rice
6677,A3_S1_S2_sequence,LSTM,0,No crop/Fallow,Rice
6694,A3_S1_S2_sequence,LSTM,0,Mustard,Potato
6696,A3_S1_S2_sequence,LSTM,0,Maize,Maize
6714,A3_S1_S2_sequence,LSTM,0,No crop/Fallow,Maize
6715,A3_S1_S2_sequence,LSTM,0,Wheat,Maize
6719,A3_S1_S2_sequence,LSTM,0,Mustard,Maize
6720,A3_S1_S2_sequence,LSTM,0,Potato,Lentil
6722,A3_S1_S2_sequence,LSTM,0,Mustard,Rice
6771,A3_S1_S2_sequence,LSTM,0,Maize,Maize
6779,A3_S1_S2_sequence,LSTM,0,Maize,Maize
6780,A3_S1_S2_sequence,LSTM,0,No crop/Fallow,No crop/Fallow
6781,A3_S1_S2_sequence,LSTM,0,Mustard,Potato
6790,A3_S1_S2_sequence,LSTM,0,Mustard,Sugarcane
6791,A3_S1_S2_sequence,LSTM,0,Mustard,Potato
6792,A3_S1_S2_sequence,LSTM,0,Mustard,Maize
6794,A3_S1_S2_sequence,LSTM,0,Potato,Maize
6795,A3_S1_S2_sequence,LSTM,0,Maize,Maize
6806,A3_S1_S2_sequence,LSTM,0,Mustard,Rice
6807,A3_S1_S2_sequence,LSTM,0,Mustard,Rice
6814,A3_S1_S2_sequence,LSTM,0,Mustard,Maize
6815,A3_S1_S2_sequence,LSTM,0,Potato,Potato
6821,A3_S1_S2_sequence,LSTM,0,Maize,Maize
6826,A3_S1_S2_sequence,LSTM,0,Mustard,Potato
6834,A3_S1_S2_sequence,LSTM,0,Maize,Maize
6835,A3_S1_S2_sequence,LSTM,0,Maize,Maize
6837,A3_S1_S2_sequence,LSTM,0,Maize,Maize
6843,A3_S1_S2_sequence,LSTM,0,Mustard,Rice
6846,A3_S1_S2_sequence,LSTM,0,Mustard,Potato
6847,A3_S1_S2_sequence,LSTM,0,Mustard,Maize
6851,A3_S1_S2_sequence,LSTM,0,Wheat,Maize
6855,A3_S1_S2_sequence,LSTM,0,No crop/Fallow,Maize
6856,A3_S1_S2_sequence,LSTM,0,No crop/Fallow,Potato
6948,A3_S1_S2_sequence,LSTM,0,Maize,Maize
6951,A3_S1_S2_sequence,LSTM,0,Mustard,Rice
6952,A3_S1_S2_sequence,LSTM,0,No crop/Fallow,Rice
6964,A3_S1_S2_sequence,LSTM,0,Maize,Maize
6965,A3_S1_S2_sequence,LSTM,0,Maize,Maize
6972,A3_S1_S2_sequence,LSTM,0,Maize,Maize
6973,A3_S1_S2_sequence,LSTM,0,Maize,Maize
6974,A3_S1_S2_sequence,LSTM,0,Maize,Maize
6975,A3_S1_S2_sequence,LSTM,0,Mustard,Maize
7001,A3_S1_S2_sequence,LSTM,0,Wheat,Wheat
7002,A3_S1_S2_sequence,LSTM,0,Wheat,Wheat
7006,A3_S1_S2_sequence,LSTM,0,Maize,Maize
7012,A3_S1_S2_sequence,LSTM,0,Maize,Maize
7014,A3_S1_S2_sequence,LSTM,0,No crop/Fallow,Maize
7025,A3_S1_S2_sequence,LSTM,0,Wheat,Wheat
7026,A3_S1_S2_sequence,LSTM,0,Wheat,Mustard
7027,A3_S1_S2_sequence,LSTM,0,Wheat,Wheat
7037,A3_S1_S2_sequence,LSTM,0,No crop/Fallow,Rice
7048,A3_S1_S2_sequence,LSTM,0,Mustard,Maize
7050,A3_S1_S2_sequence,LSTM,0,Mustard,Maize
7053,A3_S1_S2_sequence,LSTM,0,Maize,Maize
7056,A3_S1_S2_sequence,LSTM,0,Maize,Maize
7058,A3_S1_S2_sequence,LSTM,0,No crop/Fallow,Maize
7060,A3_S1_S2_sequence,LSTM,0,Maize,Maize
7064,A3_S1_S2_sequence,LSTM,0,Maize,Maize
7081,A3_S1_S2_sequence,LSTM,0,No crop/Fallow,Potato
7088,A3_S1_S2_sequence,LSTM,0,No crop/Fallow,Maize
7089,A3_S1_S2_sequence,LSTM,0,Maize,Maize
7090,A3_S1_S2_sequence,LSTM,0,No crop/Fallow,Rice
7098,A3_S1_S2_sequence,LSTM,0,Mustard,Potato
7099,A3_S1_S2_sequence,LSTM,0,Mustard,Potato
7101,A3_S1_S2_sequence,LSTM,0,No crop/Fallow,Mustard
7103,A3_S1_S2_sequence,LSTM,0,Mustard,Rice
7117,A3_S1_S2_sequence,LSTM,0,Maize,Maize
7119,A3_S1_S2_sequence,LSTM,0,Maize,Maize
7124,A3_S1_S2_sequence,LSTM,0,No crop/Fallow,Maize
7125,A3_S1_S2_sequence,LSTM,0,No crop/Fallow,Rice
7127,A3_S1_S2_sequence,LSTM,0,Mustard,No crop/Fallow
7128,A3_S1_S2_sequence,LSTM,0,Maize,Maize
7129,A3_S1_S2_sequence,LSTM,0,Maize,Maize
7130,A3_S1_S2_sequence,LSTM,0,Mustard,Mustard
7136,A3_S1_S2_sequence,LSTM,0,No crop/Fallow,Maize
7137,A3_S1_S2_sequence,LSTM,0,Maize,Maize
7139,A3_S1_S2_sequence,LSTM,0,Maize,Maize
7148,A3_S1_S2_sequence,LSTM,0,Mustard,Mustard
7154,A3_S1_S2_sequence,LSTM,0,Rice,Mustard
7155,A3_S1_S2_sequence,LSTM,0,Mustard,Maize
7156,A3_S1_S2_sequence,LSTM,0,Rice,Maize
7164,A3_S1_S2_sequence,LSTM,0,Potato,Maize
7165,A3_S1_S2_sequence,LSTM,0,Maize,Maize
7169,A3_S1_S2_sequence,LSTM,0,No crop/Fallow,Maize
7170,A3_S1_S2_sequence,LSTM,0,No crop/Fallow,Maize
7177,A3_S1_S2_sequence,LSTM,0,Mustard,Maize
7178,A3_S1_S2_sequence,LSTM,0,Maize,Maize
7179,A3_S1_S2_sequence,LSTM,0,Maize,Maize
7180,A3_S1_S2_sequence,LSTM,0,No crop/Fallow,Mustard
7189,A3_S1_S2_sequence,LSTM,0,Maize,Maize
7192,A3_S1_S2_sequence,LSTM,0,Mustard,Potato
7194,A3_S1_S2_sequence,LSTM,0,Maize,Maize
7195,A3_S1_S2_sequence,LSTM,0,Maize,Maize
7216,A3_S1_S2_sequence,LSTM,0,Maize,Maize
7217,A3_S1_S2_sequence,LSTM,0,Maize,Maize
7222,A3_S1_S2_sequence,LSTM,0,Mustard,Mustard
7223,A3_S1_S2_sequence,LSTM,0,No crop/Fallow,Wheat
7230,A3_S1_S2_sequence,LSTM,0,Maize,Maize
7265,A3_S1_S2_sequence,LSTM,0,Maize,Potato
7273,A3_S1_S2_sequence,LSTM,0,No crop/Fallow,Potato
7280,A3_S1_S2_sequence,LSTM,0,No crop/Fallow,Maize
7281,A3_S1_S2_sequence,LSTM,0,No crop/Fallow,Rice
7282,A3_S1_S2_sequence,LSTM,0,No crop/Fallow,Maize
7283,A3_S1_S2_sequence,LSTM,0,No crop/Fallow,Rice
7298,A3_S1_S2_sequence,LSTM,0,Maize,Maize
7318,A3_S1_S2_sequence,LSTM,0,Maize,Maize
7326,A3_S1_S2_sequence,LSTM,0,Maize,Maize
7327,A3_S1_S2_sequence,LSTM,0,Maize,Maize
7328,A3_S1_S2_sequence,LSTM,0,Maize,Maize
7331,A3_S1_S2_sequence,LSTM,0,Maize,Maize
4,A3_S1_S2_sequence,LSTM,1,Mustard,Lentil
5,A3_S1_S2_sequence,LSTM,1,Mustard,Lentil
6,A3_S1_S2_sequence,LSTM,1,Mustard,Lentil
7,A3_S1_S2_sequence,LSTM,1,Mustard,Lentil
8,A3_S1_S2_sequence,LSTM,1,Mustard,Lentil
9,A3_S1_S2_sequence,LSTM,1,Mustard,Lentil
27,A3_S1_S2_sequence,LSTM,1,Mustard,Green pea
28,A3_S1_S2_sequence,LSTM,1,Lentil,Lentil
30,A3_S1_S2_sequence,LSTM,1,Wheat,Lentil
36,A3_S1_S2_sequence,LSTM,1,Mustard,Lentil
37,A3_S1_S2_sequence,LSTM,1,Mustard,Sugarcane
38,A3_S1_S2_sequence,LSTM,1,Mustard,Sugarcane
40,A3_S1_S2_sequence,LSTM,1,Mustard,Sugarcane
41,A3_S1_S2_sequence,LSTM,1,Wheat,Lentil
42,A3_S1_S2_sequence,LSTM,1,Sugarcane,Sugarcane
43,A3_S1_S2_sequence,LSTM,1,Wheat,Wheat
47,A3_S1_S2_sequence,LSTM,1,Wheat,Wheat
50,A3_S1_S2_sequence,LSTM,1,No crop/Fallow,Wheat
51,A3_S1_S2_sequence,LSTM,1,No crop/Fallow,Wheat
53,A3_S1_S2_sequence,LSTM,1,Wheat,Wheat
54,A3_S1_S2_sequence,LSTM,1,No crop/Fallow,Sugarcane
55,A3_S1_S2_sequence,LSTM,1,No crop/Fallow,Sugarcane
58,A3_S1_S2_sequence,LSTM,1,Wheat,Sugarcane
59,A3_S1_S2_sequence,LSTM,1,Mustard,Sugarcane
66,A3_S1_S2_sequence,LSTM,1,Mustard,Lentil
73,A3_S1_S2_sequence,LSTM,1,No crop/Fallow,Sugarcane
74,A3_S1_S2_sequence,LSTM,1,No crop/Fallow,Sugarcane
75,A3_S1_S2_sequence,LSTM,1,No crop/Fallow,Sugarcane
76,A3_S1_S2_sequence,LSTM,1,No crop/Fallow,Coriander
77,A3_S1_S2_sequence,LSTM,1,No crop/Fallow,Lentil
78,A3_S1_S2_sequence,LSTM,1,No crop/Fallow,Sugarcane
111,A3_S1_S2_sequence,LSTM,1,Mustard,Sugarcane
112,A3_S1_S2_sequence,LSTM,1,No crop/Fallow,Mustard
113,A3_S1_S2_sequence,LSTM,1,No crop/Fallow,Mustard
114,A3_S1_S2_sequence,LSTM,1,Wheat,Wheat
115,A3_S1_S2_sequence,LSTM,1,Wheat,Mustard
116,A3_S1_S2_sequence,LSTM,1,Wheat,Wheat
150,A3_S1_S2_sequence,LSTM,1,Wheat,Wheat
152,A3_S1_S2_sequence,LSTM,1,Wheat,Wheat
153,A3_S1_S2_sequence,LSTM,1,Mustard,Lentil
154,A3_S1_S2_sequence,LSTM,1,Mustard,Mustard
178,A3_S1_S2_sequence,LSTM,1,Wheat,Green pea
205,A3_S1_S2_sequence,LSTM,1,Wheat,Lentil
216,A3_S1_S2_sequence,LSTM,1,Wheat,Wheat
237,A3_S1_S2_sequence,LSTM,1,Mustard,Mustard
240,A3_S1_S2_sequence,LSTM,1,Mustard,Lentil
241,A3_S1_S2_sequence,LSTM,1,No crop/Fallow,No crop/Fallow
242,A3_S1_S2_sequence,LSTM,1,Mustard,Lentil
243,A3_S1_S2_sequence,LSTM,1,Sugarcane,Lentil
244,A3_S1_S2_sequence,LSTM,1,Wheat,Sugarcane
288,A3_S1_S2_sequence,LSTM,1,Wheat,Sugarcane
310,A3_S1_S2_sequence,LSTM,1,Sugarcane,Lentil
312,A3_S1_S2_sequence,LSTM,1,Sugarcane,Sugarcane
313,A3_S1_S2_sequence,LSTM,1,Mustard,Sugarcane
314,A3_S1_S2_sequence,LSTM,1,Wheat,Wheat
315,A3_S1_S2_sequence,LSTM,1,Mustard,Sugarcane
316,A3_S1_S2_sequence,LSTM,1,Potato,Sugarcane
319,A3_S1_S2_sequence,LSTM,1,Wheat,Wheat
320,A3_S1_S2_sequence,LSTM,1,Wheat,Wheat
324,A3_S1_S2_sequence,LSTM,1,Wheat,Lentil
325,A3_S1_S2_sequence,LSTM,1,Sugarcane,Wheat
333,A3_S1_S2_sequence,LSTM,1,Wheat,Wheat
334,A3_S1_S2_sequence,LSTM,1,Mustard,Green pea
336,A3_S1_S2_sequence,LSTM,1,Mustard,Sugarcane
343,A3_S1_S2_sequence,LSTM,1,Wheat,Wheat
344,A3_S1_S2_sequence,LSTM,1,Wheat,Wheat
346,A3_S1_S2_sequence,LSTM,1,Wheat,Wheat
347,A3_S1_S2_sequence,LSTM,1,Wheat,Wheat
348,A3_S1_S2_sequence,LSTM,1,Wheat,Wheat
416,A3_S1_S2_sequence,LSTM,1,No crop/Fallow,Lentil
417,A3_S1_S2_sequence,LSTM,1,No crop/Fallow,Wheat
418,A3_S1_S2_sequence,LSTM,1,Wheat,Wheat
419,A3_S1_S2_sequence,LSTM,1,Wheat,Wheat
420,A3_S1_S2_sequence,LSTM,1,Wheat,Lentil
455,A3_S1_S2_sequence,LSTM,1,Wheat,Wheat
500,A3_S1_S2_sequence,LSTM,1,Wheat,Wheat
530,A3_S1_S2_sequence,LSTM,1,Wheat,Wheat
531,A3_S1_S2_sequence,LSTM,1,No crop/Fallow,Lentil
553,A3_S1_S2_sequence,LSTM,1,Wheat,Wheat
558,A3_S1_S2_sequence,LSTM,1,Wheat,Wheat
559,A3_S1_S2_sequence,LSTM,1,No crop/Fallow,Maize
560,A3_S1_S2_sequence,LSTM,1,No crop/Fallow,Wheat
561,A3_S1_S2_sequence,LSTM,1,Wheat,Wheat
562,A3_S1_S2_sequence,LSTM,1,Wheat,Bersem
578,A3_S1_S2_sequence,LSTM,1,Wheat,Wheat
579,A3_S1_S2_sequence,LSTM,1,Mustard,Sugarcane
580,A3_S1_S2_sequence,LSTM,1,Sugarcane,Sugarcane
595,A3_S1_S2_sequence,LSTM,1,Sugarcane,Sugarcane
596,A3_S1_S2_sequence,LSTM,1,Sugarcane,Sugarcane
598,A3_S1_S2_sequence,LSTM,1,Sugarcane,Sugarcane
600,A3_S1_S2_sequence,LSTM,1,Wheat,Wheat
619,A3_S1_S2_sequence,LSTM,1,No crop/Fallow,Sugarcane
621,A3_S1_S2_sequence,LSTM,1,Wheat,Sugarcane
623,A3_S1_S2_sequence,LSTM,1,Wheat,Green pea
630,A3_S1_S2_sequence,LSTM,1,Sugarcane,Sugarcane
640,A3_S1_S2_sequence,LSTM,1,Mustard,Sugarcane
641,A3_S1_S2_sequence,LSTM,1,Lentil,Wheat
642,A3_S1_S2_sequence,LSTM,1,No crop/Fallow,No crop/Fallow
656,A3_S1_S2_sequence,LSTM,1,Mustard,Sugarcane
657,A3_S1_S2_sequence,LSTM,1,Mustard,Sugarcane
661,A3_S1_S2_sequence,LSTM,1,Wheat,Wheat
663,A3_S1_S2_sequence,LSTM,1,Sugarcane,Sugarcane
664,A3_S1_S2_sequence,LSTM,1,Sugarcane,Sugarcane
665,A3_S1_S2_sequence,LSTM,1,Lentil,Lentil
666,A3_S1_S2_sequence,LSTM,1,Lentil,Sugarcane
667,A3_S1_S2_sequence,LSTM,1,Lentil,Lentil
668,A3_S1_S2_sequence,LSTM,1,Sugarcane,Sugarcane
669,A3_S1_S2_sequence,LSTM,1,Wheat,Wheat
670,A3_S1_S2_sequence,LSTM,1,No crop/Fallow,Wheat
671,A3_S1_S2_sequence,LSTM,1,Wheat,Wheat
672,A3_S1_S2_sequence,LSTM,1,Mustard,Sugarcane
673,A3_S1_S2_sequence,LSTM,1,Mustard,Lentil
708,A3_S1_S2_sequence,LSTM,1,Mustard,Bersem
709,A3_S1_S2_sequence,LSTM,1,Mustard,Lentil
722,A3_S1_S2_sequence,LSTM,1,Wheat,Wheat
723,A3_S1_S2_sequence,LSTM,1,Wheat,Wheat
760,A3_S1_S2_sequence,LSTM,1,Wheat,Lentil
761,A3_S1_S2_sequence,LSTM,1,Wheat,Wheat
773,A3_S1_S2_sequence,LSTM,1,Sugarcane,Sugarcane
851,A3_S1_S2_sequence,LSTM,1,Wheat,Wheat
852,A3_S1_S2_sequence,LSTM,1,Wheat,Wheat
853,A3_S1_S2_sequence,LSTM,1,Wheat,Wheat
854,A3_S1_S2_sequence,LSTM,1,Wheat,Wheat
855,A3_S1_S2_sequence,LSTM,1,Wheat,Green pea
856,A3_S1_S2_sequence,LSTM,1,Wheat,Wheat
858,A3_S1_S2_sequence,LSTM,1,Mustard,Sugarcane
859,A3_S1_S2_sequence,LSTM,1,No crop/Fallow,Sugarcane
860,A3_S1_S2_sequence,LSTM,1,Mustard,Lentil
861,A3_S1_S2_sequence,LSTM,1,Wheat,Lentil
874,A3_S1_S2_sequence,LSTM,1,Wheat,Sugarcane
875,A3_S1_S2_sequence,LSTM,1,No crop/Fallow,Sugarcane
876,A3_S1_S2_sequence,LSTM,1,Mustard,Lentil
877,A3_S1_S2_sequence,LSTM,1,No crop/Fallow,Mustard
878,A3_S1_S2_sequence,LSTM,1,Mustard,Sugarcane
889,A3_S1_S2_sequence,LSTM,1,Wheat,Wheat
890,A3_S1_S2_sequence,LSTM,1,Mustard,Sugarcane
893,A3_S1_S2_sequence,LSTM,1,No crop/Fallow,Wheat
894,A3_S1_S2_sequence,LSTM,1,No crop/Fallow,Lentil
896,A3_S1_S2_sequence,LSTM,1,Wheat,Green pea
898,A3_S1_S2_sequence,LSTM,1,No crop/Fallow,Green pea
899,A3_S1_S2_sequence,LSTM,1,No crop/Fallow,Sugarcane
910,A3_S1_S2_sequence,LSTM,1,Gram,Potato
912,A3_S1_S2_sequence,LSTM,1,No crop/Fallow,Sugarcane
913,A3_S1_S2_sequence,LSTM,1,Sugarcane,Lentil
914,A3_S1_S2_sequence,LSTM,1,Sugarcane,Lentil
915,A3_S1_S2_sequence,LSTM,1,Wheat,Wheat
917,A3_S1_S2_sequence,LSTM,1,Maize,Sugarcane
918,A3_S1_S2_sequence,LSTM,1,Wheat,Wheat
940,A3_S1_S2_sequence,LSTM,1,Wheat,Sugarcane
941,A3_S1_S2_sequence,LSTM,1,Wheat,Mustard
981,A3_S1_S2_sequence,LSTM,1,Wheat,Sugarcane
982,A3_S1_S2_sequence,LSTM,1,Wheat,Lentil
1000,A3_S1_S2_sequence,LSTM,1,Wheat,Mustard
1005,A3_S1_S2_sequence,LSTM,1,Wheat,Green pea
1006,A3_S1_S2_sequence,LSTM,1,Mustard,Green pea
1007,A3_S1_S2_sequence,LSTM,1,Wheat,Wheat
1012,A3_S1_S2_sequence,LSTM,1,Mustard,Green pea
1013,A3_S1_S2_sequence,LSTM,1,Wheat,Sugarcane
1016,A3_S1_S2_sequence,LSTM,1,Mustard,Sugarcane
1017,A3_S1_S2_sequence,LSTM,1,Wheat,Wheat
1024,A3_S1_S2_sequence,LSTM,1,Mustard,Sugarcane
1085,A3_S1_S2_sequence,LSTM,1,Wheat,Wheat
1086,A3_S1_S2_sequence,LSTM,1,Wheat,Sugarcane
1111,A3_S1_S2_sequence,LSTM,1,Wheat,Wheat
1112,A3_S1_S2_sequence,LSTM,1,Wheat,Wheat
1124,A3_S1_S2_sequence,LSTM,1,Mustard,Lentil
1125,A3_S1_S2_sequence,LSTM,1,Wheat,Green pea
1139,A3_S1_S2_sequence,LSTM,1,Wheat,Wheat
1147,A3_S1_S2_sequence,LSTM,1,No crop/Fallow,Potato
1152,A3_S1_S2_sequence,LSTM,1,No crop/Fallow,Green pea
1153,A3_S1_S2_sequence,LSTM,1,No crop/Fallow,Sugarcane
1154,A3_S1_S2_sequence,LSTM,1,Wheat,Wheat
1169,A3_S1_S2_sequence,LSTM,1,Wheat,Lentil
1182,A3_S1_S2_sequence,LSTM,1,No crop/Fallow,Wheat
1190,A3_S1_S2_sequence,LSTM,1,Mustard,Lentil
1191,A3_S1_S2_sequence,LSTM,1,Wheat,Sugarcane
1204,A3_S1_S2_sequence,LSTM,1,Wheat,Sugarcane
1207,A3_S1_S2_sequence,LSTM,1,Mustard,Sugarcane
1234,A3_S1_S2_sequence,LSTM,1,Mustard,Lentil
1247,A3_S1_S2_sequence,LSTM,1,Wheat,Wheat
1248,A3_S1_S2_sequence,LSTM,1,Wheat,Green pea
1249,A3_S1_S2_sequence,LSTM,1,Wheat,Wheat
1262,A3_S1_S2_sequence,LSTM,1,Wheat,Lentil
1263,A3_S1_S2_sequence,LSTM,1,Sugarcane,Lentil
1264,A3_S1_S2_sequence,LSTM,1,Mustard,Sugarcane
1273,A3_S1_S2_sequence,LSTM,1,Mustard,Lentil
1274,A3_S1_S2_sequence,LSTM,1,Wheat,Wheat
1275,A3_S1_S2_sequence,LSTM,1,Mustard,Sugarcane
1287,A3_S1_S2_sequence,LSTM,1,Wheat,Lentil
1290,A3_S1_S2_sequence,LSTM,1,Wheat,Wheat
1291,A3_S1_S2_sequence,LSTM,1,Wheat,Wheat
1292,A3_S1_S2_sequence,LSTM,1,Wheat,Green pea
1302,A3_S1_S2_sequence,LSTM,1,Wheat,Wheat
1303,A3_S1_S2_sequence,LSTM,1,No crop/Fallow,Sugarcane
1322,A3_S1_S2_sequence,LSTM,1,Wheat,Sugarcane
1353,A3_S1_S2_sequence,LSTM,1,No crop/Fallow,Wheat
1355,A3_S1_S2_sequence,LSTM,1,No crop/Fallow,Lentil
1369,A3_S1_S2_sequence,LSTM,1,Wheat,Lentil
1388,A3_S1_S2_sequence,LSTM,1,Wheat,Sugarcane
1390,A3_S1_S2_sequence,LSTM,1,Lentil,Lentil
1392,A3_S1_S2_sequence,LSTM,1,Wheat,Sugarcane
1394,A3_S1_S2_sequence,LSTM,1,No crop/Fallow,Sugarcane
1414,A3_S1_S2_sequence,LSTM,1,No crop/Fallow,Wheat
1415,A3_S1_S2_sequence,LSTM,1,Wheat,Wheat
1416,A3_S1_S2_sequence,LSTM,1,Wheat,Wheat
1417,A3_S1_S2_sequence,LSTM,1,Wheat,Wheat
1474,A3_S1_S2_sequence,LSTM,1,No crop/Fallow,Wheat
1477,A3_S1_S2_sequence,LSTM,1,No crop/Fallow,Wheat
1478,A3_S1_S2_sequence,LSTM,1,Wheat,Sugarcane
1479,A3_S1_S2_sequence,LSTM,1,No crop/Fallow,Lentil
1480,A3_S1_S2_sequence,LSTM,1,No crop/Fallow,Wheat
1489,A3_S1_S2_sequence,LSTM,1,Mustard,Lentil
1496,A3_S1_S2_sequence,LSTM,1,No crop/Fallow,Green pea
1497,A3_S1_S2_sequence,LSTM,1,No crop/Fallow,Mustard
1498,A3_S1_S2_sequence,LSTM,1,No crop/Fallow,Wheat
1500,A3_S1_S2_sequence,LSTM,1,No crop/Fallow,Sugarcane
1501,A3_S1_S2_sequence,LSTM,1,Wheat,Sugarcane
1508,A3_S1_S2_sequence,LSTM,1,Wheat,Lentil
1526,A3_S1_S2_sequence,LSTM,1,Wheat,Wheat
1527,A3_S1_S2_sequence,LSTM,1,Sugarcane,Sugarcane
1536,A3_S1_S2_sequence,LSTM,1,No crop/Fallow,No crop/Fallow
1537,A3_S1_S2_sequence,LSTM,1,No crop/Fallow,Sugarcane
1538,A3_S1_S2_sequence,LSTM,1,No crop/Fallow,Sugarcane
1559,A3_S1_S2_sequence,LSTM,1,Mustard,Wheat
1560,A3_S1_S2_sequence,LSTM,1,Wheat,Green pea
1563,A3_S1_S2_sequence,LSTM,1,Lentil,Wheat
1567,A3_S1_S2_sequence,LSTM,1,Mustard,Sugarcane
1569,A3_S1_S2_sequence,LSTM,1,Mustard,Sugarcane
1571,A3_S1_S2_sequence,LSTM,1,Lentil,Lentil
1572,A3_S1_S2_sequence,LSTM,1,Sugarcane,Sugarcane
1576,A3_S1_S2_sequence,LSTM,1,Sugarcane,Sugarcane
1577,A3_S1_S2_sequence,LSTM,1,Lentil,Sugarcane
1578,A3_S1_S2_sequence,LSTM,1,Mustard,Lentil
1579,A3_S1_S2_sequence,LSTM,1,Wheat,Green pea
1600,A3_S1_S2_sequence,LSTM,1,Mustard,Sugarcane
1601,A3_S1_S2_sequence,LSTM,1,No crop/Fallow,Sugarcane
1602,A3_S1_S2_sequence,LSTM,1,Wheat,Mustard
1632,A3_S1_S2_sequence,LSTM,1,Wheat,Wheat
1637,A3_S1_S2_sequence,LSTM,1,Wheat,Sugarcane
1641,A3_S1_S2_sequence,LSTM,1,Wheat,Wheat
1642,A3_S1_S2_sequence,LSTM,1,Wheat,Wheat
1643,A3_S1_S2_sequence,LSTM,1,Wheat,Wheat
1644,A3_S1_S2_sequence,LSTM,1,Wheat,Wheat
1645,A3_S1_S2_sequence,LSTM,1,Wheat,Wheat
1646,A3_S1_S2_sequence,LSTM,1,Wheat,Wheat
1647,A3_S1_S2_sequence,LSTM,1,Wheat,Sugarcane
1648,A3_S1_S2_sequence,LSTM,1,Wheat,Wheat
1656,A3_S1_S2_sequence,LSTM,1,No crop/Fallow,Sugarcane
1657,A3_S1_S2_sequence,LSTM,1,Wheat,Wheat
1661,A3_S1_S2_sequence,LSTM,1,Wheat,Wheat
1662,A3_S1_S2_sequence,LSTM,1,Wheat,Wheat
1663,A3_S1_S2_sequence,LSTM,1,Wheat,Wheat
1664,A3_S1_S2_sequence,LSTM,1,Green pea,Mustard
1665,A3_S1_S2_sequence,LSTM,1,Wheat,Wheat
1666,A3_S1_S2_sequence,LSTM,1,Wheat,Wheat
1692,A3_S1_S2_sequence,LSTM,1,Sugarcane,Sugarcane
1715,A3_S1_S2_sequence,LSTM,1,Wheat,Green pea
1716,A3_S1_S2_sequence,LSTM,1,Wheat,Green pea
1717,A3_S1_S2_sequence,LSTM,1,Wheat,Wheat
1718,A3_S1_S2_sequence,LSTM,1,Wheat,Green pea
1733,A3_S1_S2_sequence,LSTM,1,Wheat,Bersem
1734,A3_S1_S2_sequence,LSTM,1,Wheat,Wheat
1740,A3_S1_S2_sequence,LSTM,1,Wheat,Wheat
1741,A3_S1_S2_sequence,LSTM,1,Wheat,Wheat
1742,A3_S1_S2_sequence,LSTM,1,Wheat,Wheat
1754,A3_S1_S2_sequence,LSTM,1,Wheat,Wheat
1756,A3_S1_S2_sequence,LSTM,1,Mustard,Mustard
1757,A3_S1_S2_sequence,LSTM,1,Mustard,Green pea
1758,A3_S1_S2_sequence,LSTM,1,Mustard,Wheat
1759,A3_S1_S2_sequence,LSTM,1,Mustard,Wheat
1760,A3_S1_S2_sequence,LSTM,1,Wheat,Mustard
1769,A3_S1_S2_sequence,LSTM,1,Mustard,Potato
1770,A3_S1_S2_sequence,LSTM,1,Mustard,Coriander
1772,A3_S1_S2_sequence,LSTM,1,Lentil,Coriander
1778,A3_S1_S2_sequence,LSTM,1,Wheat,Bersem
1787,A3_S1_S2_sequence,LSTM,1,Wheat,Wheat
1791,A3_S1_S2_sequence,LSTM,1,Mustard,Bersem
1793,A3_S1_S2_sequence,LSTM,1,Wheat,Lentil
1794,A3_S1_S2_sequence,LSTM,1,Bersem,Wheat
1795,A3_S1_S2_sequence,LSTM,1,Wheat,Mustard
1833,A3_S1_S2_sequence,LSTM,1,Wheat,Wheat
1834,A3_S1_S2_sequence,LSTM,1,Wheat,Wheat
1835,A3_S1_S2_sequence,LSTM,1,Wheat,Wheat
1848,A3_S1_S2_sequence,LSTM,1,Wheat,Wheat
1849,A3_S1_S2_sequence,LSTM,1,Wheat,Garlic
1850,A3_S1_S2_sequence,LSTM,1,Wheat,Wheat
1851,A3_S1_S2_sequence,LSTM,1,Wheat,Wheat
1852,A3_S1_S2_sequence,LSTM,1,Wheat,Wheat
1853,A3_S1_S2_sequence,LSTM,1,Mustard,Lentil
1854,A3_S1_S2_sequence,LSTM,1,Wheat,Wheat
1857,A3_S1_S2_sequence,LSTM,1,Sugarcane,Sugarcane
1859,A3_S1_S2_sequence,LSTM,1,Coriander,Lentil
1861,A3_S1_S2_sequence,LSTM,1,Wheat,Wheat
1862,A3_S1_S2_sequence,LSTM,1,Lentil,Lentil
1868,A3_S1_S2_sequence,LSTM,1,Wheat,Wheat
1869,A3_S1_S2_sequence,LSTM,1,Wheat,Wheat
1870,A3_S1_S2_sequence,LSTM,1,Wheat,Wheat
1871,A3_S1_S2_sequence,LSTM,1,Wheat,Wheat
1872,A3_S1_S2_sequence,LSTM,1,Mustard,Lentil
1877,A3_S1_S2_sequence,LSTM,1,Mustard,Lentil
1878,A3_S1_S2_sequence,LSTM,1,Mustard,Mustard
1879,A3_S1_S2_sequence,LSTM,1,Wheat,Wheat
1880,A3_S1_S2_sequence,LSTM,1,Wheat,Lentil
1881,A3_S1_S2_sequence,LSTM,1,Wheat,Wheat
1893,A3_S1_S2_sequence,LSTM,1,Wheat,Sugarcane
1894,A3_S1_S2_sequence,LSTM,1,Wheat,Wheat
1897,A3_S1_S2_sequence,LSTM,1,Sugarcane,Sugarcane
1910,A3_S1_S2_sequence,LSTM,1,Wheat,Lentil
1926,A3_S1_S2_sequence,LSTM,1,No crop/Fallow,Mustard
1927,A3_S1_S2_sequence,LSTM,1,Wheat,Bersem
1928,A3_S1_S2_sequence,LSTM,1,Mustard,Mustard
1929,A3_S1_S2_sequence,LSTM,1,Mustard,Mustard
1930,A3_S1_S2_sequence,LSTM,1,No crop/Fallow,Lentil
1932,A3_S1_S2_sequence,LSTM,1,Wheat,Green pea
1947,A3_S1_S2_sequence,LSTM,1,Mustard,Potato
1948,A3_S1_S2_sequence,LSTM,1,Mustard,Lentil
1951,A3_S1_S2_sequence,LSTM,1,No crop/Fallow,Sugarcane
1952,A3_S1_S2_sequence,LSTM,1,Mustard,Sugarcane
1953,A3_S1_S2_sequence,LSTM,1,Wheat,Mustard
1961,A3_S1_S2_sequence,LSTM,1,Mustard,Sugarcane
1962,A3_S1_S2_sequence,LSTM,1,Wheat,Lentil
1963,A3_S1_S2_sequence,LSTM,1,Wheat,Wheat
1964,A3_S1_S2_sequence,LSTM,1,Wheat,Wheat
1971,A3_S1_S2_sequence,LSTM,1,Wheat,Lentil
1972,A3_S1_S2_sequence,LSTM,1,Lentil,Lentil
1984,A3_S1_S2_sequence,LSTM,1,Wheat,Wheat
2000,A3_S1_S2_sequence,LSTM,1,Wheat,Wheat
2023,A3_S1_S2_sequence,LSTM,1,Mustard,Sugarcane
2024,A3_S1_S2_sequence,LSTM,1,Wheat,Wheat
2028,A3_S1_S2_sequence,LSTM,1,Wheat,Sugarcane
2029,A3_S1_S2_sequence,LSTM,1,Wheat,Wheat
2030,A3_S1_S2_sequence,LSTM,1,Wheat,Wheat
2031,A3_S1_S2_sequence,LSTM,1,Lentil,Wheat
2033,A3_S1_S2_sequence,LSTM,1,Wheat,Green pea
2035,A3_S1_S2_sequence,LSTM,1,Mustard,Mustard
2036,A3_S1_S2_sequence,LSTM,1,Wheat,Wheat
2037,A3_S1_S2_sequence,LSTM,1,Wheat,Green pea
2038,A3_S1_S2_sequence,LSTM,1,Mustard,Lentil
2039,A3_S1_S2_sequence,LSTM,1,Wheat,Wheat
2040,A3_S1_S2_sequence,LSTM,1,Wheat,Wheat
2045,A3_S1_S2_sequence,LSTM,1,Wheat,Lentil
2046,A3_S1_S2_sequence,LSTM,1,Wheat,Wheat
2064,A3_S1_S2_sequence,LSTM,1,Mustard,Mustard
2065,A3_S1_S2_sequence,LSTM,1,Wheat,Green pea
2066,A3_S1_S2_sequence,LSTM,1,Mustard,Lentil
2068,A3_S1_S2_sequence,LSTM,1,Wheat,Bersem
2069,A3_S1_S2_sequence,LSTM,1,No crop/Fallow,Mustard
2070,A3_S1_S2_sequence,LSTM,1,Wheat,Green pea
2071,A3_S1_S2_sequence,LSTM,1,Sugarcane,Bersem
2080,A3_S1_S2_sequence,LSTM,1,Wheat,Wheat
2082,A3_S1_S2_sequence,LSTM,1,Mustard,Green pea
2083,A3_S1_S2_sequence,LSTM,1,Mustard,Bersem
2086,A3_S1_S2_sequence,LSTM,1,Wheat,Green pea
2089,A3_S1_S2_sequence,LSTM,1,Mustard,Lentil
2090,A3_S1_S2_sequence,LSTM,1,Mustard,Green pea
2091,A3_S1_S2_sequence,LSTM,1,Wheat,Potato
2093,A3_S1_S2_sequence,LSTM,1,Wheat,Wheat
2116,A3_S1_S2_sequence,LSTM,1,Wheat,Wheat
2128,A3_S1_S2_sequence,LSTM,1,Wheat,Sugarcane
2129,A3_S1_S2_sequence,LSTM,1,Wheat,Coriander
2133,A3_S1_S2_sequence,LSTM,1,Wheat,Lentil
2134,A3_S1_S2_sequence,LSTM,1,Wheat,Wheat
2135,A3_S1_S2_sequence,LSTM,1,Mustard,Lentil
2136,A3_S1_S2_sequence,LSTM,1,No crop/Fallow,Potato
2137,A3_S1_S2_sequence,LSTM,1,Wheat,Lentil
2138,A3_S1_S2_sequence,LSTM,1,Wheat,Lentil
2139,A3_S1_S2_sequence,LSTM,1,Wheat,Green pea
2141,A3_S1_S2_sequence,LSTM,1,Green pea,Bersem
2142,A3_S1_S2_sequence,LSTM,1,Wheat,Wheat
2143,A3_S1_S2_sequence,LSTM,1,Wheat,Wheat
2149,A3_S1_S2_sequence,LSTM,1,Wheat,Lentil
2160,A3_S1_S2_sequence,LSTM,1,Mustard,Mustard
2161,A3_S1_S2_sequence,LSTM,1,Lentil,Mustard
2162,A3_S1_S2_sequence,LSTM,1,Wheat,Wheat
2164,A3_S1_S2_sequence,LSTM,1,Wheat,Mustard
2166,A3_S1_S2_sequence,LSTM,1,Mustard,Lentil
2167,A3_S1_S2_sequence,LSTM,1,Mustard,Mustard
2168,A3_S1_S2_sequence,LSTM,1,Wheat,Lentil
2175,A3_S1_S2_sequence,LSTM,1,Wheat,Wheat
2176,A3_S1_S2_sequence,LSTM,1,Wheat,Wheat
2177,A3_S1_S2_sequence,LSTM,1,Wheat,Wheat
2178,A3_S1_S2_sequence,LSTM,1,Mustard,Wheat
2180,A3_S1_S2_sequence,LSTM,1,Mustard,Sugarcane
2181,A3_S1_S2_sequence,LSTM,1,Wheat,Wheat
2191,A3_S1_S2_sequence,LSTM,1,Mustard,Sugarcane
2196,A3_S1_S2_sequence,LSTM,1,Wheat,Maize
2208,A3_S1_S2_sequence,LSTM,1,Mustard,Wheat
2209,A3_S1_S2_sequence,LSTM,1,Sugarcane,Sugarcane
2210,A3_S1_S2_sequence,LSTM,1,Mustard,Lentil
2211,A3_S1_S2_sequence,LSTM,1,Wheat,Bersem
2212,A3_S1_S2_sequence,LSTM,1,Mustard,Sugarcane
2222,A3_S1_S2_sequence,LSTM,1,No crop/Fallow,Bersem
2223,A3_S1_S2_sequence,LSTM,1,Wheat,Wheat
2224,A3_S1_S2_sequence,LSTM,1,Wheat,Wheat
2230,A3_S1_S2_sequence,LSTM,1,Wheat,Potato
2239,A3_S1_S2_sequence,LSTM,1,Wheat,Wheat
2248,A3_S1_S2_sequence,LSTM,1,Wheat,Lentil
2251,A3_S1_S2_sequence,LSTM,1,Wheat,Wheat
2252,A3_S1_S2_sequence,LSTM,1,Mustard,Wheat
2253,A3_S1_S2_sequence,LSTM,1,Wheat,Wheat
2261,A3_S1_S2_sequence,LSTM,1,Sugarcane,Sugarcane
2263,A3_S1_S2_sequence,LSTM,1,Potato,Maize
2264,A3_S1_S2_sequence,LSTM,1,Wheat,Wheat
2265,A3_S1_S2_sequence,LSTM,1,Sugarcane,Sugarcane
2275,A3_S1_S2_sequence,LSTM,1,Wheat,Wheat
2276,A3_S1_S2_sequence,LSTM,1,Wheat,Wheat
2277,A3_S1_S2_sequence,LSTM,1,Mustard,Sugarcane
2279,A3_S1_S2_sequence,LSTM,1,Wheat,Wheat
2288,A3_S1_S2_sequence,LSTM,1,No crop/Fallow,Potato
2291,A3_S1_S2_sequence,LSTM,1,Wheat,Wheat
2292,A3_S1_S2_sequence,LSTM,1,Wheat,Wheat
2293,A3_S1_S2_sequence,LSTM,1,Mustard,Rice
2294,A3_S1_S2_sequence,LSTM,1,No crop/Fallow,Mustard
2295,A3_S1_S2_sequence,LSTM,1,No crop/Fallow,Sugarcane
2296,A3_S1_S2_sequence,LSTM,1,Wheat,Green pea
2302,A3_S1_S2_sequence,LSTM,1,Sugarcane,Wheat
2303,A3_S1_S2_sequence,LSTM,1,Wheat,Sugarcane
2304,A3_S1_S2_sequence,LSTM,1,Sugarcane,Sugarcane
2311,A3_S1_S2_sequence,LSTM,1,Mustard,Potato
2313,A3_S1_S2_sequence,LSTM,1,No crop/Fallow,Wheat
2314,A3_S1_S2_sequence,LSTM,1,Mustard,Potato
2315,A3_S1_S2_sequence,LSTM,1,Mustard,Sugarcane
2316,A3_S1_S2_sequence,LSTM,1,No crop/Fallow,Coriander
2328,A3_S1_S2_sequence,LSTM,1,Wheat,Bersem
2331,A3_S1_S2_sequence,LSTM,1,Mustard,Lentil
2333,A3_S1_S2_sequence,LSTM,1,Mustard,Mustard
2335,A3_S1_S2_sequence,LSTM,1,Wheat,Wheat
2336,A3_S1_S2_sequence,LSTM,1,No crop/Fallow,Sugarcane
2337,A3_S1_S2_sequence,LSTM,1,No crop/Fallow,Sugarcane
2338,A3_S1_S2_sequence,LSTM,1,No crop/Fallow,Mustard
2344,A3_S1_S2_sequence,LSTM,1,Wheat,Wheat
2346,A3_S1_S2_sequence,LSTM,1,Wheat,Wheat
2351,A3_S1_S2_sequence,LSTM,1,Wheat,Lentil
2352,A3_S1_S2_sequence,LSTM,1,Mustard,Sugarcane
2354,A3_S1_S2_sequence,LSTM,1,No crop/Fallow,Potato
2355,A3_S1_S2_sequence,LSTM,1,Wheat,Mustard
2356,A3_S1_S2_sequence,LSTM,1,Mustard,Potato
2358,A3_S1_S2_sequence,LSTM,1,Sugarcane,Sugarcane
2359,A3_S1_S2_sequence,LSTM,1,Wheat,Wheat
2367,A3_S1_S2_sequence,LSTM,1,Mustard,Lentil
2373,A3_S1_S2_sequence,LSTM,1,Mustard,Sugarcane
2374,A3_S1_S2_sequence,LSTM,1,Mustard,Wheat
2375,A3_S1_S2_sequence,LSTM,1,Wheat,Wheat
2385,A3_S1_S2_sequence,LSTM,1,Wheat,Wheat
2386,A3_S1_S2_sequence,LSTM,1,Potato,Bersem
2408,A3_S1_S2_sequence,LSTM,1,Wheat,Wheat
2409,A3_S1_S2_sequence,LSTM,1,Wheat,Wheat
2411,A3_S1_S2_sequence,LSTM,1,Wheat,Green pea
2428,A3_S1_S2_sequence,LSTM,1,Wheat,Wheat
2429,A3_S1_S2_sequence,LSTM,1,Maize,Mustard
2430,A3_S1_S2_sequence,LSTM,1,No crop/Fallow,Mustard
2431,A3_S1_S2_sequence,LSTM,1,Wheat,Wheat
2432,A3_S1_S2_sequence,LSTM,1,Wheat,Wheat
2433,A3_S1_S2_sequence,LSTM,1,Wheat,Wheat
2434,A3_S1_S2_sequence,LSTM,1,Wheat,Wheat
2455,A3_S1_S2_sequence,LSTM,1,Wheat,Wheat
2456,A3_S1_S2_sequence,LSTM,1,Wheat,Wheat
2457,A3_S1_S2_sequence,LSTM,1,Wheat,Wheat
2458,A3_S1_S2_sequence,LSTM,1,Mustard,Lentil
2467,A3_S1_S2_sequence,LSTM,1,Wheat,Lentil
2474,A3_S1_S2_sequence,LSTM,1,Sugarcane,Sugarcane
2475,A3_S1_S2_sequence,LSTM,1,Wheat,Sugarcane
2481,A3_S1_S2_sequence,LSTM,1,Wheat,Wheat
2482,A3_S1_S2_sequence,LSTM,1,Wheat,Wheat
2495,A3_S1_S2_sequence,LSTM,1,Mustard,Mustard
2496,A3_S1_S2_sequence,LSTM,1,Wheat,Sugarcane
2501,A3_S1_S2_sequence,LSTM,1,Wheat,Wheat
2509,A3_S1_S2_sequence,LSTM,1,Mustard,Lentil
2511,A3_S1_S2_sequence,LSTM,1,Mustard,Lentil
2512,A3_S1_S2_sequence,LSTM,1,Wheat,Wheat
2513,A3_S1_S2_sequence,LSTM,1,Wheat,Wheat
2514,A3_S1_S2_sequence,LSTM,1,Wheat,Wheat
2516,A3_S1_S2_sequence,LSTM,1,Wheat,Wheat
2517,A3_S1_S2_sequence,LSTM,1,Wheat,Wheat
2519,A3_S1_S2_sequence,LSTM,1,Wheat,Potato
2521,A3_S1_S2_sequence,LSTM,1,Mustard,Lentil
2524,A3_S1_S2_sequence,LSTM,1,Wheat,Wheat
2525,A3_S1_S2_sequence,LSTM,1,Wheat,Wheat
2526,A3_S1_S2_sequence,LSTM,1,Wheat,Wheat
2527,A3_S1_S2_sequence,LSTM,1,Wheat,Wheat
2528,A3_S1_S2_sequence,LSTM,1,Wheat,Wheat
2529,A3_S1_S2_sequence,LSTM,1,Wheat,Wheat
2530,A3_S1_S2_sequence,LSTM,1,Wheat,Wheat
2531,A3_S1_S2_sequence,LSTM,1,Wheat,Wheat
2532,A3_S1_S2_sequence,LSTM,1,Wheat,Lentil
2534,A3_S1_S2_sequence,LSTM,1,Wheat,Wheat
2535,A3_S1_S2_sequence,LSTM,1,Wheat,Wheat
2536,A3_S1_S2_sequence,LSTM,1,Sugarcane,Sugarcane
2537,A3_S1_S2_sequence,LSTM,1,Wheat,Bersem
2538,A3_S1_S2_sequence,LSTM,1,Wheat,Wheat
2539,A3_S1_S2_sequence,LSTM,1,Wheat,Sugarcane
2540,A3_S1_S2_sequence,LSTM,1,No crop/Fallow,Sugarcane
2578,A3_S1_S2_sequence,LSTM,1,Wheat,Lentil
2579,A3_S1_S2_sequence,LSTM,1,Wheat,Lentil
2582,A3_S1_S2_sequence,LSTM,1,Wheat,Lentil
2583,A3_S1_S2_sequence,LSTM,1,No crop/Fallow,Sugarcane
2584,A3_S1_S2_sequence,LSTM,1,No crop/Fallow,Sugarcane
2585,A3_S1_S2_sequence,LSTM,1,Wheat,Sugarcane
2586,A3_S1_S2_sequence,LSTM,1,Wheat,Wheat
2587,A3_S1_S2_sequence,LSTM,1,Wheat,Sugarcane
2590,A3_S1_S2_sequence,LSTM,1,Wheat,Wheat
2591,A3_S1_S2_sequence,LSTM,1,Mustard,Lentil
2592,A3_S1_S2_sequence,LSTM,1,Wheat,Wheat
2610,A3_S1_S2_sequence,LSTM,1,Wheat,Potato
2612,A3_S1_S2_sequence,LSTM,1,Wheat,Wheat
2613,A3_S1_S2_sequence,LSTM,1,Wheat,Wheat
2618,A3_S1_S2_sequence,LSTM,1,No crop/Fallow,Coriander
2621,A3_S1_S2_sequence,LSTM,1,Lentil,Coriander
2624,A3_S1_S2_sequence,LSTM,1,Wheat,Green pea
2625,A3_S1_S2_sequence,LSTM,1,Mustard,Sugarcane
2632,A3_S1_S2_sequence,LSTM,1,Bersem,Bersem
2633,A3_S1_S2_sequence,LSTM,1,Maize,Bersem
2634,A3_S1_S2_sequence,LSTM,1,Maize,Potato
2635,A3_S1_S2_sequence,LSTM,1,No crop/Fallow,Sugarcane
2641,A3_S1_S2_sequence,LSTM,1,Mustard,Lentil
2642,A3_S1_S2_sequence,LSTM,1,No crop/Fallow,Sugarcane
2643,A3_S1_S2_sequence,LSTM,1,No crop/Fallow,Sugarcane
2644,A3_S1_S2_sequence,LSTM,1,No crop/Fallow,Sugarcane
2645,A3_S1_S2_sequence,LSTM,1,Mustard,Mustard
2650,A3_S1_S2_sequence,LSTM,1,Wheat,Wheat
2657,A3_S1_S2_sequence,LSTM,1,Mustard,Green pea
2658,A3_S1_S2_sequence,LSTM,1,Wheat,Lentil
2659,A3_S1_S2_sequence,LSTM,1,Mustard,Lentil
2660,A3_S1_S2_sequence,LSTM,1,Lentil,Lentil
2662,A3_S1_S2_sequence,LSTM,1,Wheat,Green pea
2663,A3_S1_S2_sequence,LSTM,1,Wheat,Wheat
2670,A3_S1_S2_sequence,LSTM,1,Wheat,Wheat
2671,A3_S1_S2_sequence,LSTM,1,Wheat,Wheat
2687,A3_S1_S2_sequence,LSTM,1,Mustard,Lentil
2688,A3_S1_S2_sequence,LSTM,1,No crop/Fallow,Lentil
2706,A3_S1_S2_sequence,LSTM,1,Wheat,Wheat
2717,A3_S1_S2_sequence,LSTM,1,Wheat,Lentil
2732,A3_S1_S2_sequence,LSTM,1,Mustard,Bersem
2733,A3_S1_S2_sequence,LSTM,1,Wheat,Bersem
2734,A3_S1_S2_sequence,LSTM,1,Mustard,Bersem
2735,A3_S1_S2_sequence,LSTM,1,Wheat,Wheat
2736,A3_S1_S2_sequence,LSTM,1,Wheat,Bersem
2738,A3_S1_S2_sequence,LSTM,1,Wheat,Wheat
2748,A3_S1_S2_sequence,LSTM,1,Wheat,Wheat
2749,A3_S1_S2_sequence,LSTM,1,Wheat,Wheat
2765,A3_S1_S2_sequence,LSTM,1,Wheat,Bersem
2766,A3_S1_S2_sequence,LSTM,1,Wheat,Sugarcane
2767,A3_S1_S2_sequence,LSTM,1,Green pea,Sugarcane
2768,A3_S1_S2_sequence,LSTM,1,Wheat,Wheat
2769,A3_S1_S2_sequence,LSTM,1,Sugarcane,Sugarcane
2771,A3_S1_S2_sequence,LSTM,1,Mustard,Mustard
2774,A3_S1_S2_sequence,LSTM,1,Wheat,Wheat
2775,A3_S1_S2_sequence,LSTM,1,Wheat,Wheat
2776,A3_S1_S2_sequence,LSTM,1,Wheat,Wheat
2777,A3_S1_S2_sequence,LSTM,1,Wheat,Wheat
2778,A3_S1_S2_sequence,LSTM,1,Wheat,Wheat
2779,A3_S1_S2_sequence,LSTM,1,Wheat,Wheat
2793,A3_S1_S2_sequence,LSTM,1,Garlic,Green pea
2798,A3_S1_S2_sequence,LSTM,1,Wheat,Wheat
2801,A3_S1_S2_sequence,LSTM,1,Lentil,Lentil
2802,A3_S1_S2_sequence,LSTM,1,Lentil,Lentil
2803,A3_S1_S2_sequence,LSTM,1,Wheat,Wheat
2804,A3_S1_S2_sequence,LSTM,1,Wheat,Wheat
2805,A3_S1_S2_sequence,LSTM,1,Wheat,Wheat
2807,A3_S1_S2_sequence,LSTM,1,Wheat,Wheat
2817,A3_S1_S2_sequence,LSTM,1,Lentil,Lentil
2818,A3_S1_S2_sequence,LSTM,1,Mustard,Sugarcane
2819,A3_S1_S2_sequence,LSTM,1,Wheat,Wheat
2822,A3_S1_S2_sequence,LSTM,1,Mustard,Sugarcane
2823,A3_S1_S2_sequence,LSTM,1,Wheat,Wheat
2827,A3_S1_S2_sequence,LSTM,1,No crop/Fallow,Sugarcane
2828,A3_S1_S2_sequence,LSTM,1,Wheat,Lentil
2829,A3_S1_S2_sequence,LSTM,1,Sugarcane,Sugarcane
2831,A3_S1_S2_sequence,LSTM,1,Mustard,Lentil
2832,A3_S1_S2_sequence,LSTM,1,Wheat,Coriander
2833,A3_S1_S2_sequence,LSTM,1,Wheat,Wheat
2835,A3_S1_S2_sequence,LSTM,1,Wheat,Lentil
2842,A3_S1_S2_sequence,LSTM,1,Sugarcane,Sugarcane
2843,A3_S1_S2_sequence,LSTM,1,Wheat,Bersem
2845,A3_S1_S2_sequence,LSTM,1,Sugarcane,Sugarcane
2847,A3_S1_S2_sequence,LSTM,1,Wheat,Green pea
2863,A3_S1_S2_sequence,LSTM,1,Wheat,Wheat
2892,A3_S1_S2_sequence,LSTM,1,Coriander,Green pea
2893,A3_S1_S2_sequence,LSTM,1,Mustard,Mustard
2894,A3_S1_S2_sequence,LSTM,1,Wheat,Wheat
2895,A3_S1_S2_sequence,LSTM,1,Wheat,Mustard
2896,A3_S1_S2_sequence,LSTM,1,No crop/Fallow,Sugarcane
2897,A3_S1_S2_sequence,LSTM,1,No crop/Fallow,Sugarcane
2898,A3_S1_S2_sequence,LSTM,1,Wheat,Sugarcane
2899,A3_S1_S2_sequence,LSTM,1,Mustard,Mustard
2903,A3_S1_S2_sequence,LSTM,1,Wheat,Wheat
2909,A3_S1_S2_sequence,LSTM,1,Wheat,Wheat
2910,A3_S1_S2_sequence,LSTM,1,Wheat,Wheat
2911,A3_S1_S2_sequence,LSTM,1,Lentil,Mustard
2916,A3_S1_S2_sequence,LSTM,1,Wheat,Wheat
2917,A3_S1_S2_sequence,LSTM,1,Wheat,Wheat
2918,A3_S1_S2_sequence,LSTM,1,Mustard,Coriander
2919,A3_S1_S2_sequence,LSTM,1,Wheat,Wheat
2943,A3_S1_S2_sequence,LSTM,1,Mustard,Potato
2945,A3_S1_S2_sequence,LSTM,1,Mustard,Lentil
2946,A3_S1_S2_sequence,LSTM,1,Wheat,Wheat
2947,A3_S1_S2_sequence,LSTM,1,Wheat,Wheat
2948,A3_S1_S2_sequence,LSTM,1,Mustard,Mustard
2952,A3_S1_S2_sequence,LSTM,1,Sugarcane,Sugarcane
2959,A3_S1_S2_sequence,LSTM,1,Wheat,Wheat
2968,A3_S1_S2_sequence,LSTM,1,Lentil,Sugarcane
2978,A3_S1_S2_sequence,LSTM,1,Wheat,Wheat
2992,A3_S1_S2_sequence,LSTM,1,Coriander,Green pea
2993,A3_S1_S2_sequence,LSTM,1,Wheat,Wheat
2994,A3_S1_S2_sequence,LSTM,1,Wheat,Wheat
2995,A3_S1_S2_sequence,LSTM,1,Mustard,Lentil
2996,A3_S1_S2_sequence,LSTM,1,Wheat,Wheat
3002,A3_S1_S2_sequence,LSTM,1,Wheat,Wheat
3004,A3_S1_S2_sequence,LSTM,1,Mustard,Wheat
3012,A3_S1_S2_sequence,LSTM,1,Wheat,Wheat
3013,A3_S1_S2_sequence,LSTM,1,Wheat,Wheat
3014,A3_S1_S2_sequence,LSTM,1,Wheat,Lentil
3052,A3_S1_S2_sequence,LSTM,1,Lentil,Lentil
3053,A3_S1_S2_sequence,LSTM,1,Wheat,Wheat
3054,A3_S1_S2_sequence,LSTM,1,Wheat,Wheat
3055,A3_S1_S2_sequence,LSTM,1,Wheat,Wheat
3056,A3_S1_S2_sequence,LSTM,1,Wheat,Wheat
3062,A3_S1_S2_sequence,LSTM,1,Mustard,Mustard
3063,A3_S1_S2_sequence,LSTM,1,Wheat,Wheat
3072,A3_S1_S2_sequence,LSTM,1,Lentil,Green pea
3073,A3_S1_S2_sequence,LSTM,1,Wheat,Green pea
3075,A3_S1_S2_sequence,LSTM,1,Wheat,Green pea
3078,A3_S1_S2_sequence,LSTM,1,Wheat,Bersem
3080,A3_S1_S2_sequence,LSTM,1,Wheat,Wheat
3081,A3_S1_S2_sequence,LSTM,1,Wheat,Bersem
3082,A3_S1_S2_sequence,LSTM,1,Wheat,Wheat
3083,A3_S1_S2_sequence,LSTM,1,Wheat,Wheat
3087,A3_S1_S2_sequence,LSTM,1,Wheat,Wheat
3088,A3_S1_S2_sequence,LSTM,1,Mustard,Wheat
3090,A3_S1_S2_sequence,LSTM,1,Wheat,Potato
3092,A3_S1_S2_sequence,LSTM,1,Wheat,Lentil
3094,A3_S1_S2_sequence,LSTM,1,Wheat,Wheat
3096,A3_S1_S2_sequence,LSTM,1,Wheat,Wheat
3097,A3_S1_S2_sequence,LSTM,1,Mustard,Wheat
3098,A3_S1_S2_sequence,LSTM,1,No crop/Fallow,Wheat
3099,A3_S1_S2_sequence,LSTM,1,Wheat,Wheat
3100,A3_S1_S2_sequence,LSTM,1,Wheat,Green pea
3102,A3_S1_S2_sequence,LSTM,1,Potato,Sugarcane
3104,A3_S1_S2_sequence,LSTM,1,Wheat,Wheat
3130,A3_S1_S2_sequence,LSTM,1,Wheat,Wheat
3131,A3_S1_S2_sequence,LSTM,1,Mustard,Sugarcane
3132,A3_S1_S2_sequence,LSTM,1,Mustard,Mustard
3133,A3_S1_S2_sequence,LSTM,1,Mustard,Bersem
3134,A3_S1_S2_sequence,LSTM,1,Wheat,Wheat
3135,A3_S1_S2_sequence,LSTM,1,Wheat,Wheat
3151,A3_S1_S2_sequence,LSTM,1,Wheat,Wheat
3152,A3_S1_S2_sequence,LSTM,1,Wheat,Wheat
3153,A3_S1_S2_sequence,LSTM,1,Wheat,Wheat
3156,A3_S1_S2_sequence,LSTM,1,Lentil,Lentil
3173,A3_S1_S2_sequence,LSTM,1,Wheat,Wheat
3175,A3_S1_S2_sequence,LSTM,1,Wheat,Wheat
3176,A3_S1_S2_sequence,LSTM,1,Wheat,Lentil
3181,A3_S1_S2_sequence,LSTM,1,No crop/Fallow,Sugarcane
3185,A3_S1_S2_sequence,LSTM,1,Lentil,Lentil
3186,A3_S1_S2_sequence,LSTM,1,Wheat,Wheat
3188,A3_S1_S2_sequence,LSTM,1,Mustard,Lentil
3189,A3_S1_S2_sequence,LSTM,1,No crop/Fallow,Sugarcane
3190,A3_S1_S2_sequence,LSTM,1,No crop/Fallow,Sugarcane
3191,A3_S1_S2_sequence,LSTM,1,Mustard,Sugarcane
3195,A3_S1_S2_sequence,LSTM,1,Wheat,Wheat
3196,A3_S1_S2_sequence,LSTM,1,Wheat,Wheat
3197,A3_S1_S2_sequence,LSTM,1,Mustard,Lentil
3199,A3_S1_S2_sequence,LSTM,1,Wheat,Lentil
3200,A3_S1_S2_sequence,LSTM,1,Mustard,Coriander
3216,A3_S1_S2_sequence,LSTM,1,Mustard,Sugarcane
3217,A3_S1_S2_sequence,LSTM,1,Wheat,Wheat
3222,A3_S1_S2_sequence,LSTM,1,Wheat,Wheat
3229,A3_S1_S2_sequence,LSTM,1,Wheat,Wheat
3230,A3_S1_S2_sequence,LSTM,1,Wheat,Potato
3231,A3_S1_S2_sequence,LSTM,1,Mustard,Mustard
3232,A3_S1_S2_sequence,LSTM,1,Wheat,Mustard
3234,A3_S1_S2_sequence,LSTM,1,Green pea,Lentil
3244,A3_S1_S2_sequence,LSTM,1,Wheat,Wheat
3245,A3_S1_S2_sequence,LSTM,1,Wheat,Wheat
3246,A3_S1_S2_sequence,LSTM,1,Wheat,Wheat
3247,A3_S1_S2_sequence,LSTM,1,Mustard,Lentil
3248,A3_S1_S2_sequence,LSTM,1,Wheat,Wheat
3249,A3_S1_S2_sequence,LSTM,1,Wheat,Wheat
3250,A3_S1_S2_sequence,LSTM,1,Garlic,Bersem
3252,A3_S1_S2_sequence,LSTM,1,Wheat,Wheat
3255,A3_S1_S2_sequence,LSTM,1,Wheat,Lentil
3270,A3_S1_S2_sequence,LSTM,1,Maize,Bersem
3273,A3_S1_S2_sequence,LSTM,1,Wheat,Green pea
3298,A3_S1_S2_sequence,LSTM,1,Wheat,Wheat
3299,A3_S1_S2_sequence,LSTM,1,Wheat,Wheat
3316,A3_S1_S2_sequence,LSTM,1,Mustard,Lentil
3319,A3_S1_S2_sequence,LSTM,1,Mustard,Bersem
3320,A3_S1_S2_sequence,LSTM,1,Wheat,Wheat
3321,A3_S1_S2_sequence,LSTM,1,Wheat,Wheat
3322,A3_S1_S2_sequence,LSTM,1,Wheat,Wheat
3323,A3_S1_S2_sequence,LSTM,1,Mustard,Mustard
3331,A3_S1_S2_sequence,LSTM,1,No crop/Fallow,Sugarcane
3332,A3_S1_S2_sequence,LSTM,1,Sugarcane,Sugarcane
3333,A3_S1_S2_sequence,LSTM,1,Mustard,Sugarcane
3341,A3_S1_S2_sequence,LSTM,1,Mustard,Bersem
3342,A3_S1_S2_sequence,LSTM,1,Wheat,Wheat
3343,A3_S1_S2_sequence,LSTM,1,Wheat,Green pea
3344,A3_S1_S2_sequence,LSTM,1,Sugarcane,Sugarcane
3345,A3_S1_S2_sequence,LSTM,1,Mustard,Potato
3346,A3_S1_S2_sequence,LSTM,1,Wheat,Wheat
3347,A3_S1_S2_sequence,LSTM,1,Wheat,Wheat
3352,A3_S1_S2_sequence,LSTM,1,Mustard,Lentil
3353,A3_S1_S2_sequence,LSTM,1,Mustard,Green pea
3354,A3_S1_S2_sequence,LSTM,1,Wheat,Wheat
3355,A3_S1_S2_sequence,LSTM,1,Wheat,Wheat
3356,A3_S1_S2_sequence,LSTM,1,Wheat,Bersem
3357,A3_S1_S2_sequence,LSTM,1,No crop/Fallow,Wheat
3358,A3_S1_S2_sequence,LSTM,1,Mustard,Bersem
3360,A3_S1_S2_sequence,LSTM,1,Mustard,Wheat
3361,A3_S1_S2_sequence,LSTM,1,Mustard,Sugarcane
3365,A3_S1_S2_sequence,LSTM,1,Wheat,Mustard
3396,A3_S1_S2_sequence,LSTM,1,Wheat,Wheat
3397,A3_S1_S2_sequence,LSTM,1,Wheat,Wheat
3399,A3_S1_S2_sequence,LSTM,1,Wheat,Wheat
3400,A3_S1_S2_sequence,LSTM,1,Sugarcane,Sugarcane
3412,A3_S1_S2_sequence,LSTM,1,Mustard,Lentil
3423,A3_S1_S2_sequence,LSTM,1,No crop/Fallow,Lentil
3424,A3_S1_S2_sequence,LSTM,1,Wheat,Lentil
3425,A3_S1_S2_sequence,LSTM,1,No crop/Fallow,Sugarcane
3426,A3_S1_S2_sequence,LSTM,1,Mustard,Sugarcane
3434,A3_S1_S2_sequence,LSTM,1,Wheat,Bersem
3435,A3_S1_S2_sequence,LSTM,1,No crop/Fallow,Sugarcane
3437,A3_S1_S2_sequence,LSTM,1,Wheat,Wheat
3438,A3_S1_S2_sequence,LSTM,1,Wheat,Wheat
3439,A3_S1_S2_sequence,LSTM,1,Wheat,Wheat
3449,A3_S1_S2_sequence,LSTM,1,Wheat,Wheat
3450,A3_S1_S2_sequence,LSTM,1,Mustard,Lentil
3460,A3_S1_S2_sequence,LSTM,1,Wheat,Bersem
3461,A3_S1_S2_sequence,LSTM,1,Wheat,Bersem
3495,A3_S1_S2_sequence,LSTM,1,Wheat,Lentil
3508,A3_S1_S2_sequence,LSTM,1,Wheat,Wheat
3509,A3_S1_S2_sequence,LSTM,1,Wheat,Wheat
3510,A3_S1_S2_sequence,LSTM,1,Mustard,Lentil
3511,A3_S1_S2_sequence,LSTM,1,Wheat,Wheat
3519,A3_S1_S2_sequence,LSTM,1,Wheat,Lentil
3520,A3_S1_S2_sequence,LSTM,1,Wheat,Lentil
3529,A3_S1_S2_sequence,LSTM,1,Wheat,Wheat
3530,A3_S1_S2_sequence,LSTM,1,Mustard,Bersem
3552,A3_S1_S2_sequence,LSTM,1,No crop/Fallow,Bersem
3553,A3_S1_S2_sequence,LSTM,1,Wheat,Bersem
3554,A3_S1_S2_sequence,LSTM,1,Mustard,Potato
3555,A3_S1_S2_sequence,LSTM,1,Wheat,Wheat
3562,A3_S1_S2_sequence,LSTM,1,Wheat,Wheat
3564,A3_S1_S2_sequence,LSTM,1,Mustard,Potato
3565,A3_S1_S2_sequence,LSTM,1,Wheat,Wheat
3566,A3_S1_S2_sequence,LSTM,1,No crop/Fallow,Mustard
3571,A3_S1_S2_sequence,LSTM,1,Wheat,Wheat
3572,A3_S1_S2_sequence,LSTM,1,Mustard,Wheat
3573,A3_S1_S2_sequence,LSTM,1,Wheat,Wheat
3574,A3_S1_S2_sequence,LSTM,1,Wheat,Wheat
3575,A3_S1_S2_sequence,LSTM,1,Wheat,Wheat
3591,A3_S1_S2_sequence,LSTM,1,Wheat,Wheat
3592,A3_S1_S2_sequence,LSTM,1,Wheat,Wheat
3593,A3_S1_S2_sequence,LSTM,1,Mustard,Wheat
3597,A3_S1_S2_sequence,LSTM,1,Wheat,Wheat
3599,A3_S1_S2_sequence,LSTM,1,Wheat,Wheat
3611,A3_S1_S2_sequence,LSTM,1,Wheat,Wheat
3612,A3_S1_S2_sequence,LSTM,1,Wheat,Wheat
3613,A3_S1_S2_sequence,LSTM,1,Mustard,Mustard
3618,A3_S1_S2_sequence,LSTM,1,Wheat,Wheat
3619,A3_S1_S2_sequence,LSTM,1,Wheat,Wheat
3620,A3_S1_S2_sequence,LSTM,1,Wheat,Lentil
3621,A3_S1_S2_sequence,LSTM,1,Wheat,Wheat
3623,A3_S1_S2_sequence,LSTM,1,Wheat,Lentil
3625,A3_S1_S2_sequence,LSTM,1,Bersem,Wheat
3626,A3_S1_S2_sequence,LSTM,1,Wheat,Sugarcane
3627,A3_S1_S2_sequence,LSTM,1,Sugarcane,Mustard
3628,A3_S1_S2_sequence,LSTM,1,Wheat,Wheat
3629,A3_S1_S2_sequence,LSTM,1,No crop/Fallow,Sugarcane
3646,A3_S1_S2_sequence,LSTM,1,No crop/Fallow,No crop/Fallow
3647,A3_S1_S2_sequence,LSTM,1,No crop/Fallow,No crop/Fallow
3671,A3_S1_S2_sequence,LSTM,1,No crop/Fallow,Rice
3672,A3_S1_S2_sequence,LSTM,1,No crop/Fallow,No crop/Fallow
3673,A3_S1_S2_sequence,LSTM,1,No crop/Fallow,No crop/Fallow
3674,A3_S1_S2_sequence,LSTM,1,No crop/Fallow,Potato
3747,A3_S1_S2_sequence,LSTM,1,No crop/Fallow,Potato
3748,A3_S1_S2_sequence,LSTM,1,No crop/Fallow,No crop/Fallow
3753,A3_S1_S2_sequence,LSTM,1,No crop/Fallow,No crop/Fallow
3754,A3_S1_S2_sequence,LSTM,1,No crop/Fallow,No crop/Fallow
3755,A3_S1_S2_sequence,LSTM,1,No crop/Fallow,No crop/Fallow
3762,A3_S1_S2_sequence,LSTM,1,No crop/Fallow,No crop/Fallow
3765,A3_S1_S2_sequence,LSTM,1,No crop/Fallow,No crop/Fallow
3766,A3_S1_S2_sequence,LSTM,1,No crop/Fallow,Rice
3767,A3_S1_S2_sequence,LSTM,1,No crop/Fallow,Rice
3775,A3_S1_S2_sequence,LSTM,1,No crop/Fallow,No crop/Fallow
3776,A3_S1_S2_sequence,LSTM,1,No crop/Fallow,No crop/Fallow
3777,A3_S1_S2_sequence,LSTM,1,No crop/Fallow,No crop/Fallow
3778,A3_S1_S2_sequence,LSTM,1,No crop/Fallow,Rice
3779,A3_S1_S2_sequence,LSTM,1,No crop/Fallow,Rice
3780,A3_S1_S2_sequence,LSTM,1,No crop/Fallow,No crop/Fallow
3785,A3_S1_S2_sequence,LSTM,1,No crop/Fallow,No crop/Fallow
3786,A3_S1_S2_sequence,LSTM,1,No crop/Fallow,No crop/Fallow
3787,A3_S1_S2_sequence,LSTM,1,No crop/Fallow,No crop/Fallow
3789,A3_S1_S2_sequence,LSTM,1,No crop/Fallow,Potato
3790,A3_S1_S2_sequence,LSTM,1,No crop/Fallow,No crop/Fallow
3791,A3_S1_S2_sequence,LSTM,1,No crop/Fallow,No crop/Fallow
3819,A3_S1_S2_sequence,LSTM,1,No crop/Fallow,No crop/Fallow
3820,A3_S1_S2_sequence,LSTM,1,No crop/Fallow,No crop/Fallow
3821,A3_S1_S2_sequence,LSTM,1,No crop/Fallow,Rice
3822,A3_S1_S2_sequence,LSTM,1,No crop/Fallow,No crop/Fallow
3830,A3_S1_S2_sequence,LSTM,1,No crop/Fallow,Rice
3831,A3_S1_S2_sequence,LSTM,1,No crop/Fallow,Rice
3833,A3_S1_S2_sequence,LSTM,1,No crop/Fallow,No crop/Fallow
3834,A3_S1_S2_sequence,LSTM,1,No crop/Fallow,No crop/Fallow
3845,A3_S1_S2_sequence,LSTM,1,Rice,No crop/Fallow
3856,A3_S1_S2_sequence,LSTM,1,No crop/Fallow,No crop/Fallow
3857,A3_S1_S2_sequence,LSTM,1,No crop/Fallow,Rice
3858,A3_S1_S2_sequence,LSTM,1,No crop/Fallow,Rice
3859,A3_S1_S2_sequence,LSTM,1,No crop/Fallow,Rice
3860,A3_S1_S2_sequence,LSTM,1,No crop/Fallow,Rice
3865,A3_S1_S2_sequence,LSTM,1,No crop/Fallow,No crop/Fallow
3866,A3_S1_S2_sequence,LSTM,1,No crop/Fallow,No crop/Fallow
3867,A3_S1_S2_sequence,LSTM,1,No crop/Fallow,No crop/Fallow
3868,A3_S1_S2_sequence,LSTM,1,No crop/Fallow,No crop/Fallow
3869,A3_S1_S2_sequence,LSTM,1,No crop/Fallow,No crop/Fallow
3870,A3_S1_S2_sequence,LSTM,1,No crop/Fallow,No crop/Fallow
3934,A3_S1_S2_sequence,LSTM,1,Rice,No crop/Fallow
3936,A3_S1_S2_sequence,LSTM,1,Rice,No crop/Fallow
3955,A3_S1_S2_sequence,LSTM,1,No crop/Fallow,No crop/Fallow
3956,A3_S1_S2_sequence,LSTM,1,No crop/Fallow,Rice
3957,A3_S1_S2_sequence,LSTM,1,No crop/Fallow,Rice
3958,A3_S1_S2_sequence,LSTM,1,No crop/Fallow,Rice
3959,A3_S1_S2_sequence,LSTM,1,No crop/Fallow,No crop/Fallow
3960,A3_S1_S2_sequence,LSTM,1,No crop/Fallow,Rice
3971,A3_S1_S2_sequence,LSTM,1,No crop/Fallow,No crop/Fallow
3979,A3_S1_S2_sequence,LSTM,1,No crop/Fallow,No crop/Fallow
3980,A3_S1_S2_sequence,LSTM,1,No crop/Fallow,No crop/Fallow
4007,A3_S1_S2_sequence,LSTM,1,Rice,No crop/Fallow
4008,A3_S1_S2_sequence,LSTM,1,Rice,No crop/Fallow
4015,A3_S1_S2_sequence,LSTM,1,No crop/Fallow,Rice
4016,A3_S1_S2_sequence,LSTM,1,No crop/Fallow,Rice
4017,A3_S1_S2_sequence,LSTM,1,No crop/Fallow,Rice
4027,A3_S1_S2_sequence,LSTM,1,No crop/Fallow,Rice
4028,A3_S1_S2_sequence,LSTM,1,No crop/Fallow,No crop/Fallow
4029,A3_S1_S2_sequence,LSTM,1,No crop/Fallow,Rice
4051,A3_S1_S2_sequence,LSTM,1,No crop/Fallow,No crop/Fallow
4052,A3_S1_S2_sequence,LSTM,1,No crop/Fallow,No crop/Fallow
4053,A3_S1_S2_sequence,LSTM,1,No crop/Fallow,Rice
4054,A3_S1_S2_sequence,LSTM,1,No crop/Fallow,Rice
4055,A3_S1_S2_sequence,LSTM,1,No crop/Fallow,No crop/Fallow
4056,A3_S1_S2_sequence,LSTM,1,No crop/Fallow,Rice
4057,A3_S1_S2_sequence,LSTM,1,No crop/Fallow,No crop/Fallow
4096,A3_S1_S2_sequence,LSTM,1,No crop/Fallow,Rice
4097,A3_S1_S2_sequence,LSTM,1,No crop/Fallow,Rice
4098,A3_S1_S2_sequence,LSTM,1,No crop/Fallow,Rice
4099,A3_S1_S2_sequence,LSTM,1,No crop/Fallow,Rice
4100,A3_S1_S2_sequence,LSTM,1,No crop/Fallow,Rice
4101,A3_S1_S2_sequence,LSTM,1,No crop/Fallow,Rice
4104,A3_S1_S2_sequence,LSTM,1,No crop/Fallow,No crop/Fallow
4106,A3_S1_S2_sequence,LSTM,1,No crop/Fallow,Potato
4107,A3_S1_S2_sequence,LSTM,1,No crop/Fallow,No crop/Fallow
4108,A3_S1_S2_sequence,LSTM,1,No crop/Fallow,No crop/Fallow
4127,A3_S1_S2_sequence,LSTM,1,No crop/Fallow,No crop/Fallow
4129,A3_S1_S2_sequence,LSTM,1,No crop/Fallow,No crop/Fallow
4138,A3_S1_S2_sequence,LSTM,1,Rice,No crop/Fallow
4140,A3_S1_S2_sequence,LSTM,1,Rice,Rice
4144,A3_S1_S2_sequence,LSTM,1,No crop/Fallow,No crop/Fallow
4169,A3_S1_S2_sequence,LSTM,1,No crop/Fallow,No crop/Fallow
4170,A3_S1_S2_sequence,LSTM,1,No crop/Fallow,No crop/Fallow
4175,A3_S1_S2_sequence,LSTM,1,No crop/Fallow,Rice
4176,A3_S1_S2_sequence,LSTM,1,No crop/Fallow,Rice
4177,A3_S1_S2_sequence,LSTM,1,No crop/Fallow,No crop/Fallow
4180,A3_S1_S2_sequence,LSTM,1,Rice,Rice
4195,A3_S1_S2_sequence,LSTM,1,No crop/Fallow,No crop/Fallow
4196,A3_S1_S2_sequence,LSTM,1,No crop/Fallow,No crop/Fallow
4198,A3_S1_S2_sequence,LSTM,1,No crop/Fallow,No crop/Fallow
4201,A3_S1_S2_sequence,LSTM,1,No crop/Fallow,No crop/Fallow
4202,A3_S1_S2_sequence,LSTM,1,No crop/Fallow,No crop/Fallow
4203,A3_S1_S2_sequence,LSTM,1,No crop/Fallow,No crop/Fallow
4213,A3_S1_S2_sequence,LSTM,1,No crop/Fallow,No crop/Fallow
4214,A3_S1_S2_sequence,LSTM,1,No crop/Fallow,No crop/Fallow
4215,A3_S1_S2_sequence,LSTM,1,No crop/Fallow,No crop/Fallow
4216,A3_S1_S2_sequence,LSTM,1,No crop/Fallow,No crop/Fallow
4217,A3_S1_S2_sequence,LSTM,1,No crop/Fallow,Potato
4271,A3_S1_S2_sequence,LSTM,1,No crop/Fallow,No crop/Fallow
4293,A3_S1_S2_sequence,LSTM,1,No crop/Fallow,No crop/Fallow
4296,A3_S1_S2_sequence,LSTM,1,No crop/Fallow,Potato
4297,A3_S1_S2_sequence,LSTM,1,No crop/Fallow,No crop/Fallow
4305,A3_S1_S2_sequence,LSTM,1,No crop/Fallow,No crop/Fallow
4322,A3_S1_S2_sequence,LSTM,1,Rice,No crop/Fallow
4334,A3_S1_S2_sequence,LSTM,1,No crop/Fallow,No crop/Fallow
4335,A3_S1_S2_sequence,LSTM,1,No crop/Fallow,No crop/Fallow
4336,A3_S1_S2_sequence,LSTM,1,No crop/Fallow,No crop/Fallow
4337,A3_S1_S2_sequence,LSTM,1,No crop/Fallow,No crop/Fallow
4338,A3_S1_S2_sequence,LSTM,1,No crop/Fallow,No crop/Fallow
4339,A3_S1_S2_sequence,LSTM,1,No crop/Fallow,No crop/Fallow
4345,A3_S1_S2_sequence,LSTM,1,No crop/Fallow,No crop/Fallow
4347,A3_S1_S2_sequence,LSTM,1,No crop/Fallow,Rice
4348,A3_S1_S2_sequence,LSTM,1,No crop/Fallow,Rice
4352,A3_S1_S2_sequence,LSTM,1,No crop/Fallow,No crop/Fallow
4353,A3_S1_S2_sequence,LSTM,1,No crop/Fallow,No crop/Fallow
4354,A3_S1_S2_sequence,LSTM,1,No crop/Fallow,No crop/Fallow
4355,A3_S1_S2_sequence,LSTM,1,No crop/Fallow,No crop/Fallow
4356,A3_S1_S2_sequence,LSTM,1,No crop/Fallow,No crop/Fallow
4357,A3_S1_S2_sequence,LSTM,1,No crop/Fallow,No crop/Fallow
4358,A3_S1_S2_sequence,LSTM,1,No crop/Fallow,No crop/Fallow
4360,A3_S1_S2_sequence,LSTM,1,Potato,Rice
4361,A3_S1_S2_sequence,LSTM,1,Potato,No crop/Fallow
4362,A3_S1_S2_sequence,LSTM,1,No crop/Fallow,Rice
4363,A3_S1_S2_sequence,LSTM,1,Green pea,Rice
4364,A3_S1_S2_sequence,LSTM,1,Garlic,No crop/Fallow
4373,A3_S1_S2_sequence,LSTM,1,No crop/Fallow,No crop/Fallow
4375,A3_S1_S2_sequence,LSTM,1,No crop/Fallow,No crop/Fallow
4376,A3_S1_S2_sequence,LSTM,1,No crop/Fallow,No crop/Fallow
4377,A3_S1_S2_sequence,LSTM,1,No crop/Fallow,No crop/Fallow
4378,A3_S1_S2_sequence,LSTM,1,No crop/Fallow,No crop/Fallow
4384,A3_S1_S2_sequence,LSTM,1,No crop/Fallow,No crop/Fallow
4385,A3_S1_S2_sequence,LSTM,1,No crop/Fallow,Rice
4399,A3_S1_S2_sequence,LSTM,1,No crop/Fallow,No crop/Fallow
4400,A3_S1_S2_sequence,LSTM,1,No crop/Fallow,No crop/Fallow
4401,A3_S1_S2_sequence,LSTM,1,No crop/Fallow,No crop/Fallow
4410,A3_S1_S2_sequence,LSTM,1,No crop/Fallow,No crop/Fallow
4411,A3_S1_S2_sequence,LSTM,1,No crop/Fallow,No crop/Fallow
4412,A3_S1_S2_sequence,LSTM,1,No crop/Fallow,No crop/Fallow
4420,A3_S1_S2_sequence,LSTM,1,Rice,Rice
4429,A3_S1_S2_sequence,LSTM,1,No crop/Fallow,No crop/Fallow
4431,A3_S1_S2_sequence,LSTM,1,No crop/Fallow,No crop/Fallow
4432,A3_S1_S2_sequence,LSTM,1,No crop/Fallow,Rice
4433,A3_S1_S2_sequence,LSTM,1,No crop/Fallow,No crop/Fallow
4482,A3_S1_S2_sequence,LSTM,1,No crop/Fallow,Potato
4484,A3_S1_S2_sequence,LSTM,1,No crop/Fallow,No crop/Fallow
4485,A3_S1_S2_sequence,LSTM,1,No crop/Fallow,No crop/Fallow
4486,A3_S1_S2_sequence,LSTM,1,No crop/Fallow,No crop/Fallow
4487,A3_S1_S2_sequence,LSTM,1,No crop/Fallow,No crop/Fallow
4507,A3_S1_S2_sequence,LSTM,1,No crop/Fallow,Potato
4510,A3_S1_S2_sequence,LSTM,1,No crop/Fallow,No crop/Fallow
4511,A3_S1_S2_sequence,LSTM,1,No crop/Fallow,No crop/Fallow
4513,A3_S1_S2_sequence,LSTM,1,No crop/Fallow,No crop/Fallow
4517,A3_S1_S2_sequence,LSTM,1,No crop/Fallow,Rice
4518,A3_S1_S2_sequence,LSTM,1,No crop/Fallow,No crop/Fallow
4519,A3_S1_S2_sequence,LSTM,1,No crop/Fallow,No crop/Fallow
4521,A3_S1_S2_sequence,LSTM,1,No crop/Fallow,Potato
4581,A3_S1_S2_sequence,LSTM,1,No crop/Fallow,No crop/Fallow
4582,A3_S1_S2_sequence,LSTM,1,No crop/Fallow,Rice
4583,A3_S1_S2_sequence,LSTM,1,No crop/Fallow,No crop/Fallow
4584,A3_S1_S2_sequence,LSTM,1,No crop/Fallow,No crop/Fallow
4585,A3_S1_S2_sequence,LSTM,1,No crop/Fallow,No crop/Fallow
4592,A3_S1_S2_sequence,LSTM,1,No crop/Fallow,Rice
4593,A3_S1_S2_sequence,LSTM,1,No crop/Fallow,Rice
4594,A3_S1_S2_sequence,LSTM,1,No crop/Fallow,Rice
4595,A3_S1_S2_sequence,LSTM,1,No crop/Fallow,No crop/Fallow
4596,A3_S1_S2_sequence,LSTM,1,No crop/Fallow,No crop/Fallow
4597,A3_S1_S2_sequence,LSTM,1,No crop/Fallow,No crop/Fallow
4598,A3_S1_S2_sequence,LSTM,1,No crop/Fallow,No crop/Fallow
4600,A3_S1_S2_sequence,LSTM,1,No crop/Fallow,No crop/Fallow
4603,A3_S1_S2_sequence,LSTM,1,No crop/Fallow,No crop/Fallow
4605,A3_S1_S2_sequence,LSTM,1,No crop/Fallow,Rice
4616,A3_S1_S2_sequence,LSTM,1,No crop/Fallow,No crop/Fallow
4650,A3_S1_S2_sequence,LSTM,1,No crop/Fallow,No crop/Fallow
4652,A3_S1_S2_sequence,LSTM,1,No crop/Fallow,No crop/Fallow
4655,A3_S1_S2_sequence,LSTM,1,No crop/Fallow,Rice
4656,A3_S1_S2_sequence,LSTM,1,No crop/Fallow,No crop/Fallow
4675,A3_S1_S2_sequence,LSTM,1,No crop/Fallow,No crop/Fallow
4676,A3_S1_S2_sequence,LSTM,1,No crop/Fallow,No crop/Fallow
4698,A3_S1_S2_sequence,LSTM,1,Rice,No crop/Fallow
4699,A3_S1_S2_sequence,LSTM,1,Rice,No crop/Fallow
4709,A3_S1_S2_sequence,LSTM,1,No crop/Fallow,No crop/Fallow
4721,A3_S1_S2_sequence,LSTM,1,No crop/Fallow,No crop/Fallow
4722,A3_S1_S2_sequence,LSTM,1,No crop/Fallow,No crop/Fallow
4723,A3_S1_S2_sequence,LSTM,1,No crop/Fallow,No crop/Fallow
4727,A3_S1_S2_sequence,LSTM,1,No crop/Fallow,No crop/Fallow
4728,A3_S1_S2_sequence,LSTM,1,No crop/Fallow,Potato
4738,A3_S1_S2_sequence,LSTM,1,No crop/Fallow,No crop/Fallow
4739,A3_S1_S2_sequence,LSTM,1,No crop/Fallow,No crop/Fallow
4740,A3_S1_S2_sequence,LSTM,1,No crop/Fallow,Potato
4744,A3_S1_S2_sequence,LSTM,1,No crop/Fallow,No crop/Fallow
4745,A3_S1_S2_sequence,LSTM,1,Rice,No crop/Fallow
4747,A3_S1_S2_sequence,LSTM,1,Rice,Rice
4751,A3_S1_S2_sequence,LSTM,1,No crop/Fallow,No crop/Fallow
4752,A3_S1_S2_sequence,LSTM,1,No crop/Fallow,No crop/Fallow
4757,A3_S1_S2_sequence,LSTM,1,No crop/Fallow,Rice
4758,A3_S1_S2_sequence,LSTM,1,No crop/Fallow,No crop/Fallow
4762,A3_S1_S2_sequence,LSTM,1,Rice,Rice
4783,A3_S1_S2_sequence,LSTM,1,No crop/Fallow,Rice
4784,A3_S1_S2_sequence,LSTM,1,No crop/Fallow,No crop/Fallow
4785,A3_S1_S2_sequence,LSTM,1,No crop/Fallow,No crop/Fallow
4786,A3_S1_S2_sequence,LSTM,1,No crop/Fallow,No crop/Fallow
4787,A3_S1_S2_sequence,LSTM,1,No crop/Fallow,No crop/Fallow
4788,A3_S1_S2_sequence,LSTM,1,No crop/Fallow,No crop/Fallow
4794,A3_S1_S2_sequence,LSTM,1,No crop/Fallow,No crop/Fallow
4796,A3_S1_S2_sequence,LSTM,1,Green pea,No crop/Fallow
4842,A3_S1_S2_sequence,LSTM,1,No crop/Fallow,Rice
4852,A3_S1_S2_sequence,LSTM,1,No crop/Fallow,No crop/Fallow
4853,A3_S1_S2_sequence,LSTM,1,No crop/Fallow,Rice
4854,A3_S1_S2_sequence,LSTM,1,No crop/Fallow,Rice
4856,A3_S1_S2_sequence,LSTM,1,No crop/Fallow,Rice
4864,A3_S1_S2_sequence,LSTM,1,No crop/Fallow,No crop/Fallow
4865,A3_S1_S2_sequence,LSTM,1,No crop/Fallow,No crop/Fallow
4869,A3_S1_S2_sequence,LSTM,1,Rice,Rice
4873,A3_S1_S2_sequence,LSTM,1,Rice,No crop/Fallow
4889,A3_S1_S2_sequence,LSTM,1,No crop/Fallow,Rice
4892,A3_S1_S2_sequence,LSTM,1,No crop/Fallow,No crop/Fallow
4893,A3_S1_S2_sequence,LSTM,1,No crop/Fallow,No crop/Fallow
4922,A3_S1_S2_sequence,LSTM,1,No crop/Fallow,No crop/Fallow
4924,A3_S1_S2_sequence,LSTM,1,No crop/Fallow,No crop/Fallow
4929,A3_S1_S2_sequence,LSTM,1,No crop/Fallow,Potato
4930,A3_S1_S2_sequence,LSTM,1,No crop/Fallow,Rice
4932,A3_S1_S2_sequence,LSTM,1,No crop/Fallow,No crop/Fallow
4933,A3_S1_S2_sequence,LSTM,1,No crop/Fallow,No crop/Fallow
4934,A3_S1_S2_sequence,LSTM,1,No crop/Fallow,Rice
4937,A3_S1_S2_sequence,LSTM,1,No crop/Fallow,No crop/Fallow
4960,A3_S1_S2_sequence,LSTM,1,No crop/Fallow,Rice
5006,A3_S1_S2_sequence,LSTM,1,No crop/Fallow,No crop/Fallow
5007,A3_S1_S2_sequence,LSTM,1,No crop/Fallow,No crop/Fallow
5008,A3_S1_S2_sequence,LSTM,1,No crop/Fallow,Rice
5024,A3_S1_S2_sequence,LSTM,1,No crop/Fallow,Rice
5025,A3_S1_S2_sequence,LSTM,1,No crop/Fallow,Rice
5026,A3_S1_S2_sequence,LSTM,1,No crop/Fallow,No crop/Fallow
5044,A3_S1_S2_sequence,LSTM,1,No crop/Fallow,No crop/Fallow
5045,A3_S1_S2_sequence,LSTM,1,No crop/Fallow,Rice
5046,A3_S1_S2_sequence,LSTM,1,No crop/Fallow,No crop/Fallow
5047,A3_S1_S2_sequence,LSTM,1,No crop/Fallow,No crop/Fallow
5048,A3_S1_S2_sequence,LSTM,1,No crop/Fallow,No crop/Fallow
5049,A3_S1_S2_sequence,LSTM,1,No crop/Fallow,Rice
5052,A3_S1_S2_sequence,LSTM,1,No crop/Fallow,No crop/Fallow
5053,A3_S1_S2_sequence,LSTM,1,No crop/Fallow,No crop/Fallow
5054,A3_S1_S2_sequence,LSTM,1,No crop/Fallow,Rice
5074,A3_S1_S2_sequence,LSTM,1,No crop/Fallow,Rice
5075,A3_S1_S2_sequence,LSTM,1,No crop/Fallow,Rice
5076,A3_S1_S2_sequence,LSTM,1,No crop/Fallow,Rice
5107,A3_S1_S2_sequence,LSTM,1,No crop/Fallow,Rice
5108,A3_S1_S2_sequence,LSTM,1,No crop/Fallow,Rice
5109,A3_S1_S2_sequence,LSTM,1,No crop/Fallow,Rice
5110,A3_S1_S2_sequence,LSTM,1,No crop/Fallow,Rice
5112,A3_S1_S2_sequence,LSTM,1,No crop/Fallow,No crop/Fallow
5113,A3_S1_S2_sequence,LSTM,1,No crop/Fallow,No crop/Fallow
5114,A3_S1_S2_sequence,LSTM,1,No crop/Fallow,No crop/Fallow
5116,A3_S1_S2_sequence,LSTM,1,No crop/Fallow,No crop/Fallow
5117,A3_S1_S2_sequence,LSTM,1,No crop/Fallow,Potato
5118,A3_S1_S2_sequence,LSTM,1,No crop/Fallow,Potato
5119,A3_S1_S2_sequence,LSTM,1,No crop/Fallow,Potato
5120,A3_S1_S2_sequence,LSTM,1,No crop/Fallow,No crop/Fallow
5121,A3_S1_S2_sequence,LSTM,1,No crop/Fallow,No crop/Fallow
5129,A3_S1_S2_sequence,LSTM,1,No crop/Fallow,No crop/Fallow
5130,A3_S1_S2_sequence,LSTM,1,No crop/Fallow,Rice
5132,A3_S1_S2_sequence,LSTM,1,No crop/Fallow,No crop/Fallow
5133,A3_S1_S2_sequence,LSTM,1,No crop/Fallow,No crop/Fallow
5134,A3_S1_S2_sequence,LSTM,1,No crop/Fallow,No crop/Fallow
5142,A3_S1_S2_sequence,LSTM,1,No crop/Fallow,No crop/Fallow
5168,A3_S1_S2_sequence,LSTM,1,No crop/Fallow,No crop/Fallow
5189,A3_S1_S2_sequence,LSTM,1,No crop/Fallow,No crop/Fallow
5190,A3_S1_S2_sequence,LSTM,1,No crop/Fallow,Rice
5191,A3_S1_S2_sequence,LSTM,1,No crop/Fallow,Rice
5192,A3_S1_S2_sequence,LSTM,1,No crop/Fallow,Rice
5199,A3_S1_S2_sequence,LSTM,1,Rice,No crop/Fallow
5200,A3_S1_S2_sequence,LSTM,1,Rice,Rice
5202,A3_S1_S2_sequence,LSTM,1,Rice,No crop/Fallow
5206,A3_S1_S2_sequence,LSTM,1,No crop/Fallow,No crop/Fallow
5207,A3_S1_S2_sequence,LSTM,1,No crop/Fallow,No crop/Fallow
5208,A3_S1_S2_sequence,LSTM,1,No crop/Fallow,No crop/Fallow
5209,A3_S1_S2_sequence,LSTM,1,No crop/Fallow,No crop/Fallow
5216,A3_S1_S2_sequence,LSTM,1,No crop/Fallow,No crop/Fallow
5234,A3_S1_S2_sequence,LSTM,1,No crop/Fallow,No crop/Fallow
5235,A3_S1_S2_sequence,LSTM,1,No crop/Fallow,No crop/Fallow
5251,A3_S1_S2_sequence,LSTM,1,No crop/Fallow,Rice
5252,A3_S1_S2_sequence,LSTM,1,No crop/Fallow,No crop/Fallow
5255,A3_S1_S2_sequence,LSTM,1,No crop/Fallow,No crop/Fallow
5256,A3_S1_S2_sequence,LSTM,1,No crop/Fallow,No crop/Fallow
5259,A3_S1_S2_sequence,LSTM,1,No crop/Fallow,No crop/Fallow
5262,A3_S1_S2_sequence,LSTM,1,No crop/Fallow,Rice
5263,A3_S1_S2_sequence,LSTM,1,No crop/Fallow,Potato
5279,A3_S1_S2_sequence,LSTM,1,Garlic,Garlic
5291,A3_S1_S2_sequence,LSTM,1,Garlic,Garlic
5292,A3_S1_S2_sequence,LSTM,1,Wheat,Garlic
5293,A3_S1_S2_sequence,LSTM,1,Mustard,Mustard
5294,A3_S1_S2_sequence,LSTM,1,Gram,Gram
5295,A3_S1_S2_sequence,LSTM,1,Wheat,Garlic
5320,A3_S1_S2_sequence,LSTM,1,Wheat,Wheat
5322,A3_S1_S2_sequence,LSTM,1,Wheat,Wheat
5348,A3_S1_S2_sequence,LSTM,1,Mustard,Mustard
5352,A3_S1_S2_sequence,LSTM,1,Mustard,Mustard
5353,A3_S1_S2_sequence,LSTM,1,Gram,Gram
5354,A3_S1_S2_sequence,LSTM,1,Wheat,Wheat
5355,A3_S1_S2_sequence,LSTM,1,Mustard,Mustard
5356,A3_S1_S2_sequence,LSTM,1,Wheat,Wheat
5357,A3_S1_S2_sequence,LSTM,1,Gram,Gram
5371,A3_S1_S2_sequence,LSTM,1,Wheat,Mustard
5373,A3_S1_S2_sequence,LSTM,1,Mustard,Mustard
5377,A3_S1_S2_sequence,LSTM,1,Mustard,Mustard
5378,A3_S1_S2_sequence,LSTM,1,Mustard,Mustard
5379,A3_S1_S2_sequence,LSTM,1,Mustard,Mustard
5380,A3_S1_S2_sequence,LSTM,1,Garlic,Garlic
5381,A3_S1_S2_sequence,LSTM,1,Gram,Wheat
5382,A3_S1_S2_sequence,LSTM,1,Wheat,Gram
5383,A3_S1_S2_sequence,LSTM,1,Mustard,Mustard
5400,A3_S1_S2_sequence,LSTM,1,Mustard,Mustard
5402,A3_S1_S2_sequence,LSTM,1,Mustard,Bersem
5403,A3_S1_S2_sequence,LSTM,1,Mustard,Mustard
5404,A3_S1_S2_sequence,LSTM,1,Mustard,Maize
5405,A3_S1_S2_sequence,LSTM,1,Wheat,Wheat
5406,A3_S1_S2_sequence,LSTM,1,Gram,Gram
5409,A3_S1_S2_sequence,LSTM,1,Wheat,Garlic
5410,A3_S1_S2_sequence,LSTM,1,Wheat,Garlic
5417,A3_S1_S2_sequence,LSTM,1,Wheat,Garlic
5419,A3_S1_S2_sequence,LSTM,1,Wheat,Gram
5420,A3_S1_S2_sequence,LSTM,1,No crop/Fallow,Garlic
5421,A3_S1_S2_sequence,LSTM,1,Wheat,Garlic
5422,A3_S1_S2_sequence,LSTM,1,Wheat,Gram
5471,A3_S1_S2_sequence,LSTM,1,Wheat,Wheat
5475,A3_S1_S2_sequence,LSTM,1,Wheat,Wheat
5476,A3_S1_S2_sequence,LSTM,1,Garlic,Garlic
5489,A3_S1_S2_sequence,LSTM,1,Mustard,Mustard
5490,A3_S1_S2_sequence,LSTM,1,Mustard,Garlic
5491,A3_S1_S2_sequence,LSTM,1,Mustard,Mustard
5492,A3_S1_S2_sequence,LSTM,1,Mustard,Garlic
5493,A3_S1_S2_sequence,LSTM,1,Wheat,Garlic
5494,A3_S1_S2_sequence,LSTM,1,Mustard,Mustard
5520,A3_S1_S2_sequence,LSTM,1,Mustard,Mustard
5521,A3_S1_S2_sequence,LSTM,1,Wheat,Wheat
5522,A3_S1_S2_sequence,LSTM,1,Gram,Gram
5523,A3_S1_S2_sequence,LSTM,1,Wheat,Gram
5528,A3_S1_S2_sequence,LSTM,1,Wheat,Wheat
5531,A3_S1_S2_sequence,LSTM,1,Mustard,Mustard
5533,A3_S1_S2_sequence,LSTM,1,Wheat,Gram
5544,A3_S1_S2_sequence,LSTM,1,No crop/Fallow,Mustard
5545,A3_S1_S2_sequence,LSTM,1,Mustard,Mustard
5549,A3_S1_S2_sequence,LSTM,1,Mustard,Mustard
5550,A3_S1_S2_sequence,LSTM,1,Wheat,Wheat
5551,A3_S1_S2_sequence,LSTM,1,Mustard,Mustard
5556,A3_S1_S2_sequence,LSTM,1,Wheat,Wheat
5558,A3_S1_S2_sequence,LSTM,1,Mustard,Mustard
5577,A3_S1_S2_sequence,LSTM,1,Wheat,Wheat
5580,A3_S1_S2_sequence,LSTM,1,No crop/Fallow,Wheat
5581,A3_S1_S2_sequence,LSTM,1,Wheat,Garlic
5582,A3_S1_S2_sequence,LSTM,1,Wheat,Gram
5584,A3_S1_S2_sequence,LSTM,1,No crop/Fallow,Gram
5588,A3_S1_S2_sequence,LSTM,1,Wheat,Garlic
5591,A3_S1_S2_sequence,LSTM,1,Mustard,Mustard
5592,A3_S1_S2_sequence,LSTM,1,Wheat,Garlic
5593,A3_S1_S2_sequence,LSTM,1,Mustard,Wheat
5594,A3_S1_S2_sequence,LSTM,1,Wheat,Garlic
5596,A3_S1_S2_sequence,LSTM,1,Mustard,Mustard
5597,A3_S1_S2_sequence,LSTM,1,Wheat,Garlic
5598,A3_S1_S2_sequence,LSTM,1,Wheat,Wheat
5611,A3_S1_S2_sequence,LSTM,1,Garlic,Garlic
5612,A3_S1_S2_sequence,LSTM,1,Wheat,Wheat
5614,A3_S1_S2_sequence,LSTM,1,Gram,Gram
5650,A3_S1_S2_sequence,LSTM,1,Mustard,Mustard
5651,A3_S1_S2_sequence,LSTM,1,Mustard,Mustard
5697,A3_S1_S2_sequence,LSTM,1,Wheat,Wheat
5711,A3_S1_S2_sequence,LSTM,1,Wheat,Wheat
5712,A3_S1_S2_sequence,LSTM,1,Wheat,Wheat
5717,A3_S1_S2_sequence,LSTM,1,Mustard,Mustard
5719,A3_S1_S2_sequence,LSTM,1,Mustard,Garlic
5722,A3_S1_S2_sequence,LSTM,1,Mustard,Mustard
5723,A3_S1_S2_sequence,LSTM,1,Garlic,Garlic
5733,A3_S1_S2_sequence,LSTM,1,Wheat,Wheat
5734,A3_S1_S2_sequence,LSTM,1,Wheat,Garlic
5756,A3_S1_S2_sequence,LSTM,1,Wheat,Wheat
5757,A3_S1_S2_sequence,LSTM,1,Wheat,Wheat
5758,A3_S1_S2_sequence,LSTM,1,Mustard,No crop/Fallow
5760,A3_S1_S2_sequence,LSTM,1,Wheat,Wheat
5762,A3_S1_S2_sequence,LSTM,1,Mustard,Mustard
5763,A3_S1_S2_sequence,LSTM,1,Mustard,Mustard
5818,A3_S1_S2_sequence,LSTM,1,Wheat,Wheat
5819,A3_S1_S2_sequence,LSTM,1,Mustard,Mustard
5820,A3_S1_S2_sequence,LSTM,1,Mustard,Mustard
5822,A3_S1_S2_sequence,LSTM,1,Gram,Garlic
5823,A3_S1_S2_sequence,LSTM,1,Wheat,Garlic
5824,A3_S1_S2_sequence,LSTM,1,Mustard,Garlic
5825,A3_S1_S2_sequence,LSTM,1,Mustard,Gram
5865,A3_S1_S2_sequence,LSTM,1,Gram,Gram
5866,A3_S1_S2_sequence,LSTM,1,Mustard,Mustard
5867,A3_S1_S2_sequence,LSTM,1,Mustard,Mustard
5868,A3_S1_S2_sequence,LSTM,1,Wheat,Wheat
5869,A3_S1_S2_sequence,LSTM,1,Wheat,Wheat
5870,A3_S1_S2_sequence,LSTM,1,Wheat,Garlic
5871,A3_S1_S2_sequence,LSTM,1,Wheat,Wheat
5872,A3_S1_S2_sequence,LSTM,1,Wheat,Garlic
5873,A3_S1_S2_sequence,LSTM,1,Garlic,Garlic
5911,A3_S1_S2_sequence,LSTM,1,Wheat,Wheat
5942,A3_S1_S2_sequence,LSTM,1,Mustard,Garlic
5945,A3_S1_S2_sequence,LSTM,1,Wheat,Wheat
5979,A3_S1_S2_sequence,LSTM,1,Mustard,Mustard
5983,A3_S1_S2_sequence,LSTM,1,Bersem,Gram
6016,A3_S1_S2_sequence,LSTM,1,Wheat,Gram
6017,A3_S1_S2_sequence,LSTM,1,Mustard,Garlic
6024,A3_S1_S2_sequence,LSTM,1,Mustard,Mustard
6025,A3_S1_S2_sequence,LSTM,1,Mustard,Mustard
6026,A3_S1_S2_sequence,LSTM,1,Mustard,Mustard
6027,A3_S1_S2_sequence,LSTM,1,Mustard,Garlic
6028,A3_S1_S2_sequence,LSTM,1,Mustard,Mustard
6029,A3_S1_S2_sequence,LSTM,1,Mustard,Mustard
6031,A3_S1_S2_sequence,LSTM,1,Gram,Garlic
6034,A3_S1_S2_sequence,LSTM,1,Gram,Garlic
6035,A3_S1_S2_sequence,LSTM,1,Mustard,Mustard
6036,A3_S1_S2_sequence,LSTM,1,Mustard,Mustard
6037,A3_S1_S2_sequence,LSTM,1,Wheat,Wheat
6040,A3_S1_S2_sequence,LSTM,1,Wheat,Gram
6041,A3_S1_S2_sequence,LSTM,1,Wheat,Gram
6042,A3_S1_S2_sequence,LSTM,1,Wheat,Wheat
6043,A3_S1_S2_sequence,LSTM,1,Wheat,Wheat
6044,A3_S1_S2_sequence,LSTM,1,Wheat,Wheat
6045,A3_S1_S2_sequence,LSTM,1,Gram,Gram
6059,A3_S1_S2_sequence,LSTM,1,Wheat,Garlic
6061,A3_S1_S2_sequence,LSTM,1,Wheat,Gram
6062,A3_S1_S2_sequence,LSTM,1,Mustard,Mustard
6063,A3_S1_S2_sequence,LSTM,1,Wheat,Wheat
6067,A3_S1_S2_sequence,LSTM,1,Mustard,Mustard
6068,A3_S1_S2_sequence,LSTM,1,Wheat,Wheat
6088,A3_S1_S2_sequence,LSTM,1,Mustard,No crop/Fallow
6090,A3_S1_S2_sequence,LSTM,1,Wheat,Garlic
6091,A3_S1_S2_sequence,LSTM,1,Garlic,Garlic
6103,A3_S1_S2_sequence,LSTM,1,Wheat,Garlic
6104,A3_S1_S2_sequence,LSTM,1,Wheat,Garlic
6117,A3_S1_S2_sequence,LSTM,1,Mustard,Garlic
6121,A3_S1_S2_sequence,LSTM,1,Mustard,Mustard
6122,A3_S1_S2_sequence,LSTM,1,Mustard,Mustard
6127,A3_S1_S2_sequence,LSTM,1,Mustard,Mustard
6128,A3_S1_S2_sequence,LSTM,1,Mustard,Mustard
6129,A3_S1_S2_sequence,LSTM,1,Mustard,Mustard
6130,A3_S1_S2_sequence,LSTM,1,Wheat,Garlic
6168,A3_S1_S2_sequence,LSTM,1,Wheat,Wheat
6174,A3_S1_S2_sequence,LSTM,1,Mustard,Mustard
6175,A3_S1_S2_sequence,LSTM,1,Mustard,Gram
6185,A3_S1_S2_sequence,LSTM,1,Wheat,Wheat
6218,A3_S1_S2_sequence,LSTM,1,Mustard,Mustard
6246,A3_S1_S2_sequence,LSTM,1,Garlic,Gram
6248,A3_S1_S2_sequence,LSTM,1,Gram,Gram
6249,A3_S1_S2_sequence,LSTM,1,Gram,Gram
6275,A3_S1_S2_sequence,LSTM,1,Mustard,Mustard
6277,A3_S1_S2_sequence,LSTM,1,Mustard,Mustard
6278,A3_S1_S2_sequence,LSTM,1,Mustard,Mustard
6279,A3_S1_S2_sequence,LSTM,1,Mustard,Mustard
6280,A3_S1_S2_sequence,LSTM,1,Mustard,Mustard
6286,A3_S1_S2_sequence,LSTM,1,Wheat,Gram
6287,A3_S1_S2_sequence,LSTM,1,Wheat,Wheat
6288,A3_S1_S2_sequence,LSTM,1,Wheat,Garlic
6322,A3_S1_S2_sequence,LSTM,1,Wheat,Maize
6323,A3_S1_S2_sequence,LSTM,1,Mustard,Maize
6324,A3_S1_S2_sequence,LSTM,1,Maize,Maize
6325,A3_S1_S2_sequence,LSTM,1,Wheat,Potato
6354,A3_S1_S2_sequence,LSTM,1,No crop/Fallow,Potato
6355,A3_S1_S2_sequence,LSTM,1,Maize,Maize
6357,A3_S1_S2_sequence,LSTM,1,Rice,Maize
6361,A3_S1_S2_sequence,LSTM,1,Maize,Maize
6377,A3_S1_S2_sequence,LSTM,1,Maize,Maize
6387,A3_S1_S2_sequence,LSTM,1,Maize,Maize
6394,A3_S1_S2_sequence,LSTM,1,Maize,Maize
6458,A3_S1_S2_sequence,LSTM,1,Maize,Sugarcane
6459,A3_S1_S2_sequence,LSTM,1,Maize,Maize
6460,A3_S1_S2_sequence,LSTM,1,Maize,Maize
6461,A3_S1_S2_sequence,LSTM,1,Maize,Maize
6486,A3_S1_S2_sequence,LSTM,1,Maize,Maize
6488,A3_S1_S2_sequence,LSTM,1,Potato,Green pea
6492,A3_S1_S2_sequence,LSTM,1,Maize,Maize
6493,A3_S1_S2_sequence,LSTM,1,Wheat,Rice
6510,A3_S1_S2_sequence,LSTM,1,No crop/Fallow,Maize
6511,A3_S1_S2_sequence,LSTM,1,Maize,Maize
6512,A3_S1_S2_sequence,LSTM,1,Maize,Maize
6513,A3_S1_S2_sequence,LSTM,1,Maize,Maize
6515,A3_S1_S2_sequence,LSTM,1,Maize,Maize
6516,A3_S1_S2_sequence,LSTM,1,Maize,Maize
6519,A3_S1_S2_sequence,LSTM,1,Maize,Maize
6521,A3_S1_S2_sequence,LSTM,1,Maize,Maize
6523,A3_S1_S2_sequence,LSTM,1,Maize,Rice
6524,A3_S1_S2_sequence,LSTM,1,Maize,Maize
6532,A3_S1_S2_sequence,LSTM,1,Maize,Maize
6535,A3_S1_S2_sequence,LSTM,1,No crop/Fallow,Maize
6536,A3_S1_S2_sequence,LSTM,1,No crop/Fallow,Maize
6537,A3_S1_S2_sequence,LSTM,1,Maize,Rice
6538,A3_S1_S2_sequence,LSTM,1,No crop/Fallow,Maize
6547,A3_S1_S2_sequence,LSTM,1,No crop/Fallow,Maize
6549,A3_S1_S2_sequence,LSTM,1,No crop/Fallow,Maize
6570,A3_S1_S2_sequence,LSTM,1,No crop/Fallow,No crop/Fallow
6582,A3_S1_S2_sequence,LSTM,1,Maize,Sugarcane
6583,A3_S1_S2_sequence,LSTM,1,Mustard,Rice
6589,A3_S1_S2_sequence,LSTM,1,Maize,Maize
6590,A3_S1_S2_sequence,LSTM,1,Maize,Maize
6592,A3_S1_S2_sequence,LSTM,1,Maize,Maize
6593,A3_S1_S2_sequence,LSTM,1,Maize,Maize
6613,A3_S1_S2_sequence,LSTM,1,No crop/Fallow,Maize
6614,A3_S1_S2_sequence,LSTM,1,Wheat,Maize
6615,A3_S1_S2_sequence,LSTM,1,Wheat,Maize
6616,A3_S1_S2_sequence,LSTM,1,Wheat,Rice
6617,A3_S1_S2_sequence,LSTM,1,No crop/Fallow,Maize
6618,A3_S1_S2_sequence,LSTM,1,Rice,Maize
6619,A3_S1_S2_sequence,LSTM,1,Maize,Maize
6623,A3_S1_S2_sequence,LSTM,1,Rice,Maize
6624,A3_S1_S2_sequence,LSTM,1,Maize,Maize
6625,A3_S1_S2_sequence,LSTM,1,Wheat,Maize
6636,A3_S1_S2_sequence,LSTM,1,No crop/Fallow,Maize
6637,A3_S1_S2_sequence,LSTM,1,No crop/Fallow,Maize
6638,A3_S1_S2_sequence,LSTM,1,No crop/Fallow,Potato
6640,A3_S1_S2_sequence,LSTM,1,Maize,Maize
6641,A3_S1_S2_sequence,LSTM,1,Maize,Maize
6642,A3_S1_S2_sequence,LSTM,1,Maize,Maize
6655,A3_S1_S2_sequence,LSTM,1,Maize,Maize
6656,A3_S1_S2_sequence,LSTM,1,Maize,Maize
6658,A3_S1_S2_sequence,LSTM,1,Wheat,Maize
6663,A3_S1_S2_sequence,LSTM,1,No crop/Fallow,Maize
6666,A3_S1_S2_sequence,LSTM,1,Maize,Maize
6671,A3_S1_S2_sequence,LSTM,1,Maize,Potato
6678,A3_S1_S2_sequence,LSTM,1,Maize,No crop/Fallow
6679,A3_S1_S2_sequence,LSTM,1,Maize,Maize
6681,A3_S1_S2_sequence,LSTM,1,Maize,Maize
6683,A3_S1_S2_sequence,LSTM,1,Rice,Rice
6684,A3_S1_S2_sequence,LSTM,1,Rice,Maize
6687,A3_S1_S2_sequence,LSTM,1,Rice,Maize
6689,A3_S1_S2_sequence,LSTM,1,Maize,Maize
6692,A3_S1_S2_sequence,LSTM,1,Mustard,Maize
6700,A3_S1_S2_sequence,LSTM,1,No crop/Fallow,Rice
6702,A3_S1_S2_sequence,LSTM,1,No crop/Fallow,Rice
6729,A3_S1_S2_sequence,LSTM,1,Mustard,No crop/Fallow
6733,A3_S1_S2_sequence,LSTM,1,No crop/Fallow,Rice
6734,A3_S1_S2_sequence,LSTM,1,Rice,Rice
6735,A3_S1_S2_sequence,LSTM,1,No crop/Fallow,Rice
6736,A3_S1_S2_sequence,LSTM,1,No crop/Fallow,Rice
6784,A3_S1_S2_sequence,LSTM,1,Wheat,Wheat
6785,A3_S1_S2_sequence,LSTM,1,Rice,Rice
6786,A3_S1_S2_sequence,LSTM,1,Rice,Rice
6788,A3_S1_S2_sequence,LSTM,1,Mustard,Rice
6818,A3_S1_S2_sequence,LSTM,1,No crop/Fallow,Potato
6819,A3_S1_S2_sequence,LSTM,1,Maize,Maize
6828,A3_S1_S2_sequence,LSTM,1,No crop/Fallow,Maize
6829,A3_S1_S2_sequence,LSTM,1,No crop/Fallow,Maize
6830,A3_S1_S2_sequence,LSTM,1,No crop/Fallow,Maize
6831,A3_S1_S2_sequence,LSTM,1,No crop/Fallow,Maize
6832,A3_S1_S2_sequence,LSTM,1,No crop/Fallow,Maize
6833,A3_S1_S2_sequence,LSTM,1,No crop/Fallow,Maize
6852,A3_S1_S2_sequence,LSTM,1,Maize,Maize
6857,A3_S1_S2_sequence,LSTM,1,Mustard,Rice
6858,A3_S1_S2_sequence,LSTM,1,Mustard,Potato
6859,A3_S1_S2_sequence,LSTM,1,Rice,Rice
6861,A3_S1_S2_sequence,LSTM,1,Mustard,Maize
6877,A3_S1_S2_sequence,LSTM,1,No crop/Fallow,Rice
6879,A3_S1_S2_sequence,LSTM,1,Rice,Rice
6886,A3_S1_S2_sequence,LSTM,1,Potato,Maize
6887,A3_S1_S2_sequence,LSTM,1,Potato,Maize
6900,A3_S1_S2_sequence,LSTM,1,Mustard,Rice
6910,A3_S1_S2_sequence,LSTM,1,Maize,Maize
6911,A3_S1_S2_sequence,LSTM,1,Maize,Maize
6913,A3_S1_S2_sequence,LSTM,1,Maize,Maize
6937,A3_S1_S2_sequence,LSTM,1,No crop/Fallow,Rice
6938,A3_S1_S2_sequence,LSTM,1,No crop/Fallow,Mustard
6941,A3_S1_S2_sequence,LSTM,1,No crop/Fallow,Mustard
6957,A3_S1_S2_sequence,LSTM,1,Maize,Maize
6959,A3_S1_S2_sequence,LSTM,1,Maize,Maize
6969,A3_S1_S2_sequence,LSTM,1,Maize,Maize
6982,A3_S1_S2_sequence,LSTM,1,Maize,Maize
6984,A3_S1_S2_sequence,LSTM,1,Maize,Maize
6990,A3_S1_S2_sequence,LSTM,1,Maize,Maize
6997,A3_S1_S2_sequence,LSTM,1,Rice,Rice
6999,A3_S1_S2_sequence,LSTM,1,No crop/Fallow,Rice
7000,A3_S1_S2_sequence,LSTM,1,No crop/Fallow,Maize
7004,A3_S1_S2_sequence,LSTM,1,Mustard,Maize
7007,A3_S1_S2_sequence,LSTM,1,Maize,Maize
7008,A3_S1_S2_sequence,LSTM,1,No crop/Fallow,Rice
7009,A3_S1_S2_sequence,LSTM,1,No crop/Fallow,Rice
7015,A3_S1_S2_sequence,LSTM,1,Mustard,Maize
7045,A3_S1_S2_sequence,LSTM,1,Maize,Maize
7047,A3_S1_S2_sequence,LSTM,1,Maize,Maize
7071,A3_S1_S2_sequence,LSTM,1,Maize,Sugarcane
7073,A3_S1_S2_sequence,LSTM,1,No crop/Fallow,Maize
7078,A3_S1_S2_sequence,LSTM,1,Maize,Maize
7080,A3_S1_S2_sequence,LSTM,1,Maize,Maize
7094,A3_S1_S2_sequence,LSTM,1,Mustard,Rice
7095,A3_S1_S2_sequence,LSTM,1,Mustard,Rice
7096,A3_S1_S2_sequence,LSTM,1,No crop/Fallow,Rice
7097,A3_S1_S2_sequence,LSTM,1,No crop/Fallow,Rice
7110,A3_S1_S2_sequence,LSTM,1,Maize,Maize
7111,A3_S1_S2_sequence,LSTM,1,No crop/Fallow,Potato
7112,A3_S1_S2_sequence,LSTM,1,No crop/Fallow,Maize
7113,A3_S1_S2_sequence,LSTM,1,No crop/Fallow,Maize
7115,A3_S1_S2_sequence,LSTM,1,No crop/Fallow,Maize
7140,A3_S1_S2_sequence,LSTM,1,Mustard,Sugarcane
7141,A3_S1_S2_sequence,LSTM,1,No crop/Fallow,Mustard
7157,A3_S1_S2_sequence,LSTM,1,Maize,Maize
7171,A3_S1_S2_sequence,LSTM,1,Maize,Maize
7172,A3_S1_S2_sequence,LSTM,1,Maize,Maize
7173,A3_S1_S2_sequence,LSTM,1,No crop/Fallow,Maize
7174,A3_S1_S2_sequence,LSTM,1,Maize,Maize
7175,A3_S1_S2_sequence,LSTM,1,Maize,Maize
7206,A3_S1_S2_sequence,LSTM,1,Rice,Rice
7224,A3_S1_S2_sequence,LSTM,1,Mustard,Maize
7225,A3_S1_S2_sequence,LSTM,1,Mustard,Rice
7268,A3_S1_S2_sequence,LSTM,1,Wheat,No crop/Fallow
7300,A3_S1_S2_sequence,LSTM,1,Maize,Maize
7302,A3_S1_S2_sequence,LSTM,1,Maize,Maize
7320,A3_S1_S2_sequence,LSTM,1,No crop/Fallow,Maize
7321,A3_S1_S2_sequence,LSTM,1,Maize,Maize
7322,A3_S1_S2_sequence,LSTM,1,No crop/Fallow,Maize
7323,A3_S1_S2_sequence,LSTM,1,No crop/Fallow,Maize
7324,A3_S1_S2_sequence,LSTM,1,No crop/Fallow,Maize
1,A3_S1_S2_sequence,LSTM,2,Wheat,Lentil
2,A3_S1_S2_sequence,LSTM,2,Wheat,Mustard
3,A3_S1_S2_sequence,LSTM,2,Wheat,Lentil
33,A3_S1_S2_sequence,LSTM,2,Mustard,Sugarcane
34,A3_S1_S2_sequence,LSTM,2,Lentil,Lentil
35,A3_S1_S2_sequence,LSTM,2,Wheat,Lentil
83,A3_S1_S2_sequence,LSTM,2,Wheat,Green pea
84,A3_S1_S2_sequence,LSTM,2,Mustard,Green pea
85,A3_S1_S2_sequence,LSTM,2,Mustard,Wheat
86,A3_S1_S2_sequence,LSTM,2,Mustard,Mustard
87,A3_S1_S2_sequence,LSTM,2,Wheat,Wheat
88,A3_S1_S2_sequence,LSTM,2,No crop/Fallow,Wheat
89,A3_S1_S2_sequence,LSTM,2,Sugarcane,Green pea
91,A3_S1_S2_sequence,LSTM,2,Mustard,Sugarcane
120,A3_S1_S2_sequence,LSTM,2,No crop/Fallow,Lentil
126,A3_S1_S2_sequence,LSTM,2,Wheat,Wheat
127,A3_S1_S2_sequence,LSTM,2,Mustard,Mustard
128,A3_S1_S2_sequence,LSTM,2,Wheat,Wheat
155,A3_S1_S2_sequence,LSTM,2,Wheat,Wheat
156,A3_S1_S2_sequence,LSTM,2,Wheat,Wheat
157,A3_S1_S2_sequence,LSTM,2,Wheat,Mustard
158,A3_S1_S2_sequence,LSTM,2,Wheat,Wheat
179,A3_S1_S2_sequence,LSTM,2,Wheat,Wheat
181,A3_S1_S2_sequence,LSTM,2,Wheat,Lentil
185,A3_S1_S2_sequence,LSTM,2,Mustard,Sugarcane
206,A3_S1_S2_sequence,LSTM,2,Wheat,Wheat
207,A3_S1_S2_sequence,LSTM,2,Wheat,Sugarcane
211,A3_S1_S2_sequence,LSTM,2,Mustard,Sugarcane
218,A3_S1_S2_sequence,LSTM,2,Wheat,Mustard
228,A3_S1_S2_sequence,LSTM,2,No crop/Fallow,Sugarcane
229,A3_S1_S2_sequence,LSTM,2,Lentil,Mustard
284,A3_S1_S2_sequence,LSTM,2,Mustard,Mustard
292,A3_S1_S2_sequence,LSTM,2,Wheat,Lentil
293,A3_S1_S2_sequence,LSTM,2,Mustard,Sugarcane
294,A3_S1_S2_sequence,LSTM,2,Lentil,Sugarcane
295,A3_S1_S2_sequence,LSTM,2,Sugarcane,Sugarcane
301,A3_S1_S2_sequence,LSTM,2,Mustard,Green pea
302,A3_S1_S2_sequence,LSTM,2,Wheat,Wheat
303,A3_S1_S2_sequence,LSTM,2,Green pea,Wheat
322,A3_S1_S2_sequence,LSTM,2,Green pea,Lentil
323,A3_S1_S2_sequence,LSTM,2,Wheat,Sugarcane
342,A3_S1_S2_sequence,LSTM,2,Lentil,Mustard
349,A3_S1_S2_sequence,LSTM,2,No crop/Fallow,Potato
350,A3_S1_S2_sequence,LSTM,2,Sugarcane,Sugarcane
351,A3_S1_S2_sequence,LSTM,2,Wheat,Lentil
352,A3_S1_S2_sequence,LSTM,2,Sugarcane,Sugarcane
358,A3_S1_S2_sequence,LSTM,2,Wheat,Wheat
359,A3_S1_S2_sequence,LSTM,2,Wheat,Wheat
361,A3_S1_S2_sequence,LSTM,2,Mustard,Lentil
362,A3_S1_S2_sequence,LSTM,2,No crop/Fallow,Sugarcane
368,A3_S1_S2_sequence,LSTM,2,No crop/Fallow,Bersem
369,A3_S1_S2_sequence,LSTM,2,No crop/Fallow,Mustard
370,A3_S1_S2_sequence,LSTM,2,No crop/Fallow,Bersem
371,A3_S1_S2_sequence,LSTM,2,No crop/Fallow,Wheat
372,A3_S1_S2_sequence,LSTM,2,Wheat,Wheat
373,A3_S1_S2_sequence,LSTM,2,No crop/Fallow,Mustard
403,A3_S1_S2_sequence,LSTM,2,Wheat,Wheat
406,A3_S1_S2_sequence,LSTM,2,Wheat,Lentil
422,A3_S1_S2_sequence,LSTM,2,Wheat,Wheat
425,A3_S1_S2_sequence,LSTM,2,Wheat,Wheat
426,A3_S1_S2_sequence,LSTM,2,No crop/Fallow,Sugarcane
427,A3_S1_S2_sequence,LSTM,2,Wheat,Wheat
437,A3_S1_S2_sequence,LSTM,2,Wheat,Wheat
438,A3_S1_S2_sequence,LSTM,2,Sugarcane,Lentil
439,A3_S1_S2_sequence,LSTM,2,Lentil,Lentil
451,A3_S1_S2_sequence,LSTM,2,Wheat,Mustard
454,A3_S1_S2_sequence,LSTM,2,Mustard,Lentil
456,A3_S1_S2_sequence,LSTM,2,Sugarcane,Lentil
458,A3_S1_S2_sequence,LSTM,2,Sugarcane,Sugarcane
459,A3_S1_S2_sequence,LSTM,2,Mustard,Mustard
471,A3_S1_S2_sequence,LSTM,2,Sugarcane,Sugarcane
472,A3_S1_S2_sequence,LSTM,2,No crop/Fallow,Sugarcane
473,A3_S1_S2_sequence,LSTM,2,Mustard,Sugarcane
489,A3_S1_S2_sequence,LSTM,2,No crop/Fallow,No crop/Fallow
490,A3_S1_S2_sequence,LSTM,2,Wheat,Wheat
491,A3_S1_S2_sequence,LSTM,2,Wheat,Wheat
493,A3_S1_S2_sequence,LSTM,2,Mustard,Lentil
502,A3_S1_S2_sequence,LSTM,2,Mustard,Sugarcane
503,A3_S1_S2_sequence,LSTM,2,Wheat,Wheat
504,A3_S1_S2_sequence,LSTM,2,Mustard,Rice
506,A3_S1_S2_sequence,LSTM,2,Wheat,Sugarcane
507,A3_S1_S2_sequence,LSTM,2,Wheat,Lentil
508,A3_S1_S2_sequence,LSTM,2,Wheat,Lentil
509,A3_S1_S2_sequence,LSTM,2,Mustard,Lentil
510,A3_S1_S2_sequence,LSTM,2,Wheat,Wheat
533,A3_S1_S2_sequence,LSTM,2,Wheat,Wheat
563,A3_S1_S2_sequence,LSTM,2,Mustard,Lentil
564,A3_S1_S2_sequence,LSTM,2,Mustard,No crop/Fallow
565,A3_S1_S2_sequence,LSTM,2,No crop/Fallow,Mustard
573,A3_S1_S2_sequence,LSTM,2,Mustard,Lentil
574,A3_S1_S2_sequence,LSTM,2,Wheat,Green pea
576,A3_S1_S2_sequence,LSTM,2,No crop/Fallow,Lentil
577,A3_S1_S2_sequence,LSTM,2,No crop/Fallow,Lentil
583,A3_S1_S2_sequence,LSTM,2,Wheat,Lentil
585,A3_S1_S2_sequence,LSTM,2,Wheat,Lentil
586,A3_S1_S2_sequence,LSTM,2,No crop/Fallow,Wheat
587,A3_S1_S2_sequence,LSTM,2,Wheat,Lentil
588,A3_S1_S2_sequence,LSTM,2,Wheat,Lentil
589,A3_S1_S2_sequence,LSTM,2,Wheat,Lentil
591,A3_S1_S2_sequence,LSTM,2,Wheat,Green pea
592,A3_S1_S2_sequence,LSTM,2,Wheat,Garlic
631,A3_S1_S2_sequence,LSTM,2,Wheat,Green pea
632,A3_S1_S2_sequence,LSTM,2,Wheat,Wheat
633,A3_S1_S2_sequence,LSTM,2,No crop/Fallow,Wheat
643,A3_S1_S2_sequence,LSTM,2,No crop/Fallow,Lentil
644,A3_S1_S2_sequence,LSTM,2,No crop/Fallow,Lentil
645,A3_S1_S2_sequence,LSTM,2,No crop/Fallow,Sugarcane
682,A3_S1_S2_sequence,LSTM,2,Wheat,Lentil
683,A3_S1_S2_sequence,LSTM,2,No crop/Fallow,Sugarcane
684,A3_S1_S2_sequence,LSTM,2,Mustard,Potato
685,A3_S1_S2_sequence,LSTM,2,Wheat,Wheat
686,A3_S1_S2_sequence,LSTM,2,No crop/Fallow,Sugarcane
693,A3_S1_S2_sequence,LSTM,2,Mustard,Green pea
694,A3_S1_S2_sequence,LSTM,2,Wheat,Mustard
725,A3_S1_S2_sequence,LSTM,2,No crop/Fallow,Potato
726,A3_S1_S2_sequence,LSTM,2,Mustard,Lentil
745,A3_S1_S2_sequence,LSTM,2,Wheat,Green pea
765,A3_S1_S2_sequence,LSTM,2,Wheat,Sugarcane
766,A3_S1_S2_sequence,LSTM,2,Coriander,Sugarcane
781,A3_S1_S2_sequence,LSTM,2,Wheat,Wheat
782,A3_S1_S2_sequence,LSTM,2,Wheat,Wheat
795,A3_S1_S2_sequence,LSTM,2,Wheat,Lentil
796,A3_S1_S2_sequence,LSTM,2,Mustard,Sugarcane
797,A3_S1_S2_sequence,LSTM,2,Mustard,Mustard
798,A3_S1_S2_sequence,LSTM,2,Sugarcane,Sugarcane
799,A3_S1_S2_sequence,LSTM,2,No crop/Fallow,Lentil
800,A3_S1_S2_sequence,LSTM,2,Mustard,Lentil
801,A3_S1_S2_sequence,LSTM,2,No crop/Fallow,Green pea
802,A3_S1_S2_sequence,LSTM,2,Wheat,Green pea
803,A3_S1_S2_sequence,LSTM,2,Wheat,Wheat
804,A3_S1_S2_sequence,LSTM,2,Lentil,Mustard
809,A3_S1_S2_sequence,LSTM,2,Wheat,Wheat
810,A3_S1_S2_sequence,LSTM,2,Wheat,Wheat
818,A3_S1_S2_sequence,LSTM,2,Mustard,Wheat
820,A3_S1_S2_sequence,LSTM,2,Mustard,Green pea
821,A3_S1_S2_sequence,LSTM,2,Wheat,Green pea
822,A3_S1_S2_sequence,LSTM,2,Wheat,Wheat
843,A3_S1_S2_sequence,LSTM,2,Lentil,Sugarcane
844,A3_S1_S2_sequence,LSTM,2,Wheat,Sugarcane
887,A3_S1_S2_sequence,LSTM,2,Mustard,Sugarcane
895,A3_S1_S2_sequence,LSTM,2,No crop/Fallow,Sugarcane
907,A3_S1_S2_sequence,LSTM,2,Wheat,Lentil
908,A3_S1_S2_sequence,LSTM,2,Lentil,Lentil
909,A3_S1_S2_sequence,LSTM,2,Wheat,Wheat
919,A3_S1_S2_sequence,LSTM,2,No crop/Fallow,Coriander
920,A3_S1_S2_sequence,LSTM,2,No crop/Fallow,Wheat
921,A3_S1_S2_sequence,LSTM,2,No crop/Fallow,Sugarcane
922,A3_S1_S2_sequence,LSTM,2,No crop/Fallow,Bersem
927,A3_S1_S2_sequence,LSTM,2,Wheat,Sugarcane
929,A3_S1_S2_sequence,LSTM,2,No crop/Fallow,Sugarcane
931,A3_S1_S2_sequence,LSTM,2,Wheat,Wheat
932,A3_S1_S2_sequence,LSTM,2,Sugarcane,Sugarcane
933,A3_S1_S2_sequence,LSTM,2,Mustard,Sugarcane
938,A3_S1_S2_sequence,LSTM,2,Wheat,Lentil
942,A3_S1_S2_sequence,LSTM,2,Wheat,Mustard
948,A3_S1_S2_sequence,LSTM,2,Lentil,Lentil
958,A3_S1_S2_sequence,LSTM,2,Wheat,Mustard
960,A3_S1_S2_sequence,LSTM,2,Wheat,No crop/Fallow
961,A3_S1_S2_sequence,LSTM,2,Wheat,Lentil
962,A3_S1_S2_sequence,LSTM,2,Mustard,Sugarcane
963,A3_S1_S2_sequence,LSTM,2,Wheat,Lentil
965,A3_S1_S2_sequence,LSTM,2,Wheat,Lentil
976,A3_S1_S2_sequence,LSTM,2,Wheat,Wheat
977,A3_S1_S2_sequence,LSTM,2,Wheat,Wheat
978,A3_S1_S2_sequence,LSTM,2,Sugarcane,Sugarcane
1015,A3_S1_S2_sequence,LSTM,2,Mustard,Lentil
1018,A3_S1_S2_sequence,LSTM,2,No crop/Fallow,Wheat
1019,A3_S1_S2_sequence,LSTM,2,Wheat,Wheat
1020,A3_S1_S2_sequence,LSTM,2,Lentil,Sugarcane
1021,A3_S1_S2_sequence,LSTM,2,Wheat,Wheat
1025,A3_S1_S2_sequence,LSTM,2,Wheat,Sugarcane
1026,A3_S1_S2_sequence,LSTM,2,Wheat,Sugarcane
1045,A3_S1_S2_sequence,LSTM,2,Wheat,Wheat
1046,A3_S1_S2_sequence,LSTM,2,Wheat,Wheat
1060,A3_S1_S2_sequence,LSTM,2,Wheat,Sugarcane
1061,A3_S1_S2_sequence,LSTM,2,Mustard,Mustard
1062,A3_S1_S2_sequence,LSTM,2,Wheat,Wheat
1063,A3_S1_S2_sequence,LSTM,2,No crop/Fallow,Lentil
1064,A3_S1_S2_sequence,LSTM,2,Wheat,Wheat
1065,A3_S1_S2_sequence,LSTM,2,No crop/Fallow,Lentil
1072,A3_S1_S2_sequence,LSTM,2,No crop/Fallow,Mustard
1073,A3_S1_S2_sequence,LSTM,2,No crop/Fallow,Mustard
1074,A3_S1_S2_sequence,LSTM,2,No crop/Fallow,Mustard
1075,A3_S1_S2_sequence,LSTM,2,No crop/Fallow,Lentil
1076,A3_S1_S2_sequence,LSTM,2,No crop/Fallow,Lentil
1077,A3_S1_S2_sequence,LSTM,2,No crop/Fallow,Mustard
1078,A3_S1_S2_sequence,LSTM,2,Mustard,Mustard
1079,A3_S1_S2_sequence,LSTM,2,Mustard,Sugarcane
1103,A3_S1_S2_sequence,LSTM,2,Mustard,Sugarcane
1104,A3_S1_S2_sequence,LSTM,2,Mustard,Sugarcane
1120,A3_S1_S2_sequence,LSTM,2,Wheat,Wheat
1129,A3_S1_S2_sequence,LSTM,2,Bersem,Sugarcane
1141,A3_S1_S2_sequence,LSTM,2,Green pea,Lentil
1162,A3_S1_S2_sequence,LSTM,2,No crop/Fallow,Bersem
1164,A3_S1_S2_sequence,LSTM,2,Sugarcane,Sugarcane
1166,A3_S1_S2_sequence,LSTM,2,Wheat,Sugarcane
1170,A3_S1_S2_sequence,LSTM,2,Wheat,Mustard
1171,A3_S1_S2_sequence,LSTM,2,Wheat,Wheat
1185,A3_S1_S2_sequence,LSTM,2,No crop/Fallow,Sugarcane
1187,A3_S1_S2_sequence,LSTM,2,Mustard,Sugarcane
1188,A3_S1_S2_sequence,LSTM,2,Wheat,Lentil
1200,A3_S1_S2_sequence,LSTM,2,Wheat,Mustard
1201,A3_S1_S2_sequence,LSTM,2,Wheat,Lentil
1236,A3_S1_S2_sequence,LSTM,2,Lentil,Lentil
1238,A3_S1_S2_sequence,LSTM,2,Wheat,Lentil
1239,A3_S1_S2_sequence,LSTM,2,Mustard,Lentil
1240,A3_S1_S2_sequence,LSTM,2,Wheat,Lentil
1241,A3_S1_S2_sequence,LSTM,2,Wheat,Wheat
1243,A3_S1_S2_sequence,LSTM,2,Wheat,Lentil
1244,A3_S1_S2_sequence,LSTM,2,Mustard,Sugarcane
1246,A3_S1_S2_sequence,LSTM,2,No crop/Fallow,Sugarcane
1250,A3_S1_S2_sequence,LSTM,2,Wheat,Wheat
1266,A3_S1_S2_sequence,LSTM,2,Lentil,Lentil
1279,A3_S1_S2_sequence,LSTM,2,Sugarcane,Sugarcane
1281,A3_S1_S2_sequence,LSTM,2,Wheat,Sugarcane
1282,A3_S1_S2_sequence,LSTM,2,Wheat,Sugarcane
1283,A3_S1_S2_sequence,LSTM,2,Mustard,Sugarcane
1284,A3_S1_S2_sequence,LSTM,2,Mustard,Bersem
1285,A3_S1_S2_sequence,LSTM,2,No crop/Fallow,Bersem
1286,A3_S1_S2_sequence,LSTM,2,Mustard,Sugarcane
1295,A3_S1_S2_sequence,LSTM,2,Wheat,Wheat
1296,A3_S1_S2_sequence,LSTM,2,Wheat,Wheat
1298,A3_S1_S2_sequence,LSTM,2,Wheat,Lentil
1299,A3_S1_S2_sequence,LSTM,2,Wheat,Wheat
1323,A3_S1_S2_sequence,LSTM,2,No crop/Fallow,Wheat
1324,A3_S1_S2_sequence,LSTM,2,Wheat,Mustard
1325,A3_S1_S2_sequence,LSTM,2,No crop/Fallow,Sugarcane
1326,A3_S1_S2_sequence,LSTM,2,No crop/Fallow,Sugarcane
1328,A3_S1_S2_sequence,LSTM,2,Mustard,Sugarcane
1329,A3_S1_S2_sequence,LSTM,2,Mustard,Mustard
1331,A3_S1_S2_sequence,LSTM,2,Mustard,Mustard
1335,A3_S1_S2_sequence,LSTM,2,Lentil,Sugarcane
1337,A3_S1_S2_sequence,LSTM,2,Mustard,Mustard
1338,A3_S1_S2_sequence,LSTM,2,Mustard,Sugarcane
1340,A3_S1_S2_sequence,LSTM,2,Lentil,Potato
1341,A3_S1_S2_sequence,LSTM,2,No crop/Fallow,Sugarcane
1346,A3_S1_S2_sequence,LSTM,2,Wheat,Wheat
1348,A3_S1_S2_sequence,LSTM,2,Wheat,Wheat
1349,A3_S1_S2_sequence,LSTM,2,Wheat,Sugarcane
1378,A3_S1_S2_sequence,LSTM,2,Wheat,Wheat
1379,A3_S1_S2_sequence,LSTM,2,Sugarcane,Sugarcane
1380,A3_S1_S2_sequence,LSTM,2,Sugarcane,Sugarcane
1393,A3_S1_S2_sequence,LSTM,2,Lentil,Lentil
1402,A3_S1_S2_sequence,LSTM,2,Mustard,Lentil
1403,A3_S1_S2_sequence,LSTM,2,Mustard,Potato
1404,A3_S1_S2_sequence,LSTM,2,Sugarcane,Sugarcane
1431,A3_S1_S2_sequence,LSTM,2,Lentil,Lentil
1439,A3_S1_S2_sequence,LSTM,2,No crop/Fallow,Mustard
1440,A3_S1_S2_sequence,LSTM,2,No crop/Fallow,Wheat
1441,A3_S1_S2_sequence,LSTM,2,No crop/Fallow,Wheat
1442,A3_S1_S2_sequence,LSTM,2,No crop/Fallow,Wheat
1445,A3_S1_S2_sequence,LSTM,2,Wheat,Wheat
1446,A3_S1_S2_sequence,LSTM,2,No crop/Fallow,Wheat
1448,A3_S1_S2_sequence,LSTM,2,Wheat,Lentil
1449,A3_S1_S2_sequence,LSTM,2,Wheat,Wheat
1450,A3_S1_S2_sequence,LSTM,2,Wheat,Green pea
1451,A3_S1_S2_sequence,LSTM,2,Wheat,Wheat
1452,A3_S1_S2_sequence,LSTM,2,Wheat,Wheat
1454,A3_S1_S2_sequence,LSTM,2,Wheat,Lentil
1455,A3_S1_S2_sequence,LSTM,2,Wheat,Lentil
1456,A3_S1_S2_sequence,LSTM,2,Wheat,Lentil
1457,A3_S1_S2_sequence,LSTM,2,Wheat,Lentil
1458,A3_S1_S2_sequence,LSTM,2,Wheat,Lentil
1459,A3_S1_S2_sequence,LSTM,2,Wheat,Lentil
1463,A3_S1_S2_sequence,LSTM,2,No crop/Fallow,Lentil
1464,A3_S1_S2_sequence,LSTM,2,Wheat,Lentil
1465,A3_S1_S2_sequence,LSTM,2,Wheat,Lentil
1466,A3_S1_S2_sequence,LSTM,2,Wheat,Lentil
1467,A3_S1_S2_sequence,LSTM,2,Wheat,Lentil
1468,A3_S1_S2_sequence,LSTM,2,Wheat,Lentil
1469,A3_S1_S2_sequence,LSTM,2,Sugarcane,Sugarcane
1470,A3_S1_S2_sequence,LSTM,2,Wheat,Coriander
1483,A3_S1_S2_sequence,LSTM,2,Green pea,Lentil
1484,A3_S1_S2_sequence,LSTM,2,Wheat,Wheat
1486,A3_S1_S2_sequence,LSTM,2,Gram,Sugarcane
1487,A3_S1_S2_sequence,LSTM,2,Wheat,Green pea
1511,A3_S1_S2_sequence,LSTM,2,Mustard,Mustard
1512,A3_S1_S2_sequence,LSTM,2,No crop/Fallow,Lentil
1514,A3_S1_S2_sequence,LSTM,2,No crop/Fallow,Sugarcane
1515,A3_S1_S2_sequence,LSTM,2,Mustard,Sugarcane
1516,A3_S1_S2_sequence,LSTM,2,Mustard,Bersem
1518,A3_S1_S2_sequence,LSTM,2,No crop/Fallow,Lentil
1554,A3_S1_S2_sequence,LSTM,2,Sugarcane,Sugarcane
1555,A3_S1_S2_sequence,LSTM,2,Sugarcane,Lentil
1556,A3_S1_S2_sequence,LSTM,2,Mustard,Mustard
1558,A3_S1_S2_sequence,LSTM,2,Mustard,Mustard
1565,A3_S1_S2_sequence,LSTM,2,Lentil,Mustard
1566,A3_S1_S2_sequence,LSTM,2,No crop/Fallow,Sugarcane
1586,A3_S1_S2_sequence,LSTM,2,Mustard,Sugarcane
1587,A3_S1_S2_sequence,LSTM,2,Wheat,Lentil
1588,A3_S1_S2_sequence,LSTM,2,Mustard,Lentil
1590,A3_S1_S2_sequence,LSTM,2,Mustard,Sugarcane
1592,A3_S1_S2_sequence,LSTM,2,Mustard,Lentil
1593,A3_S1_S2_sequence,LSTM,2,No crop/Fallow,Sugarcane
1594,A3_S1_S2_sequence,LSTM,2,Wheat,Lentil
1595,A3_S1_S2_sequence,LSTM,2,Wheat,Lentil
1638,A3_S1_S2_sequence,LSTM,2,Wheat,Potato
1660,A3_S1_S2_sequence,LSTM,2,Sugarcane,Sugarcane
1673,A3_S1_S2_sequence,LSTM,2,No crop/Fallow,Lentil
1674,A3_S1_S2_sequence,LSTM,2,Wheat,Lentil
1675,A3_S1_S2_sequence,LSTM,2,No crop/Fallow,Lentil
1693,A3_S1_S2_sequence,LSTM,2,Wheat,Wheat
1694,A3_S1_S2_sequence,LSTM,2,Maize,Bersem
1695,A3_S1_S2_sequence,LSTM,2,Wheat,Wheat
1696,A3_S1_S2_sequence,LSTM,2,Mustard,Lentil
1697,A3_S1_S2_sequence,LSTM,2,Wheat,Wheat
1698,A3_S1_S2_sequence,LSTM,2,Wheat,Lentil
1699,A3_S1_S2_sequence,LSTM,2,Wheat,Wheat
1701,A3_S1_S2_sequence,LSTM,2,Wheat,Lentil
1719,A3_S1_S2_sequence,LSTM,2,Wheat,Coriander
1720,A3_S1_S2_sequence,LSTM,2,Wheat,Mustard
1721,A3_S1_S2_sequence,LSTM,2,Wheat,Coriander
1722,A3_S1_S2_sequence,LSTM,2,Wheat,Coriander
1723,A3_S1_S2_sequence,LSTM,2,Wheat,Mustard
1724,A3_S1_S2_sequence,LSTM,2,Wheat,Lentil
1725,A3_S1_S2_sequence,LSTM,2,Wheat,Wheat
1726,A3_S1_S2_sequence,LSTM,2,Wheat,Lentil
1727,A3_S1_S2_sequence,LSTM,2,Maize,Maize
1728,A3_S1_S2_sequence,LSTM,2,Wheat,Wheat
1747,A3_S1_S2_sequence,LSTM,2,Wheat,Wheat
1748,A3_S1_S2_sequence,LSTM,2,Wheat,Wheat
1750,A3_S1_S2_sequence,LSTM,2,Wheat,Wheat
1753,A3_S1_S2_sequence,LSTM,2,Wheat,Green pea
1762,A3_S1_S2_sequence,LSTM,2,No crop/Fallow,Lentil
1763,A3_S1_S2_sequence,LSTM,2,Mustard,Sugarcane
1764,A3_S1_S2_sequence,LSTM,2,Lentil,Lentil
1765,A3_S1_S2_sequence,LSTM,2,Wheat,Bersem
1767,A3_S1_S2_sequence,LSTM,2,Wheat,Lentil
1774,A3_S1_S2_sequence,LSTM,2,Wheat,Wheat
1775,A3_S1_S2_sequence,LSTM,2,No crop/Fallow,Lentil
1777,A3_S1_S2_sequence,LSTM,2,Wheat,Wheat
1785,A3_S1_S2_sequence,LSTM,2,Wheat,Wheat
1788,A3_S1_S2_sequence,LSTM,2,Wheat,Wheat
1789,A3_S1_S2_sequence,LSTM,2,Wheat,Coriander
1790,A3_S1_S2_sequence,LSTM,2,Wheat,Wheat
1806,A3_S1_S2_sequence,LSTM,2,Wheat,Wheat
1807,A3_S1_S2_sequence,LSTM,2,Wheat,Green pea
1830,A3_S1_S2_sequence,LSTM,2,Wheat,Bersem
1831,A3_S1_S2_sequence,LSTM,2,Wheat,Wheat
1832,A3_S1_S2_sequence,LSTM,2,Wheat,Wheat
1841,A3_S1_S2_sequence,LSTM,2,No crop/Fallow,Wheat
1898,A3_S1_S2_sequence,LSTM,2,Wheat,Wheat
1907,A3_S1_S2_sequence,LSTM,2,Wheat,Wheat
1908,A3_S1_S2_sequence,LSTM,2,Wheat,Wheat
1909,A3_S1_S2_sequence,LSTM,2,Lentil,Green pea
1914,A3_S1_S2_sequence,LSTM,2,Wheat,Wheat
1916,A3_S1_S2_sequence,LSTM,2,No crop/Fallow,Green pea
1931,A3_S1_S2_sequence,LSTM,2,Wheat,Wheat
1933,A3_S1_S2_sequence,LSTM,2,Wheat,Wheat
1934,A3_S1_S2_sequence,LSTM,2,Wheat,Wheat
1937,A3_S1_S2_sequence,LSTM,2,Wheat,Green pea
1938,A3_S1_S2_sequence,LSTM,2,Wheat,Green pea
1939,A3_S1_S2_sequence,LSTM,2,Wheat,Green pea
1970,A3_S1_S2_sequence,LSTM,2,Wheat,Lentil
1973,A3_S1_S2_sequence,LSTM,2,Garlic,Wheat
1974,A3_S1_S2_sequence,LSTM,2,Mustard,Potato
1975,A3_S1_S2_sequence,LSTM,2,Wheat,Bersem
1977,A3_S1_S2_sequence,LSTM,2,Wheat,Wheat
1978,A3_S1_S2_sequence,LSTM,2,Wheat,Wheat
1980,A3_S1_S2_sequence,LSTM,2,Potato,Potato
1981,A3_S1_S2_sequence,LSTM,2,Sugarcane,Sugarcane
1982,A3_S1_S2_sequence,LSTM,2,Wheat,Wheat
1983,A3_S1_S2_sequence,LSTM,2,Wheat,Wheat
1990,A3_S1_S2_sequence,LSTM,2,Wheat,Wheat
2041,A3_S1_S2_sequence,LSTM,2,Mustard,Sugarcane
2043,A3_S1_S2_sequence,LSTM,2,Mustard,Sugarcane
2044,A3_S1_S2_sequence,LSTM,2,Wheat,Wheat
2084,A3_S1_S2_sequence,LSTM,2,Maize,Maize
2094,A3_S1_S2_sequence,LSTM,2,Wheat,Wheat
2095,A3_S1_S2_sequence,LSTM,2,Sugarcane,Sugarcane
2099,A3_S1_S2_sequence,LSTM,2,Wheat,Wheat
2124,A3_S1_S2_sequence,LSTM,2,Wheat,Green pea
2125,A3_S1_S2_sequence,LSTM,2,Wheat,Wheat
2150,A3_S1_S2_sequence,LSTM,2,No crop/Fallow,Sugarcane
2172,A3_S1_S2_sequence,LSTM,2,Wheat,Lentil
2173,A3_S1_S2_sequence,LSTM,2,Mustard,Mustard
2197,A3_S1_S2_sequence,LSTM,2,Wheat,Lentil
2215,A3_S1_S2_sequence,LSTM,2,Wheat,Wheat
2240,A3_S1_S2_sequence,LSTM,2,Mustard,Green pea
2241,A3_S1_S2_sequence,LSTM,2,Mustard,Green pea
2256,A3_S1_S2_sequence,LSTM,2,Wheat,Lentil
2257,A3_S1_S2_sequence,LSTM,2,Wheat,Wheat
2267,A3_S1_S2_sequence,LSTM,2,Mustard,Lentil
2268,A3_S1_S2_sequence,LSTM,2,Wheat,Green pea
2272,A3_S1_S2_sequence,LSTM,2,Wheat,Lentil
2273,A3_S1_S2_sequence,LSTM,2,Mustard,Lentil
2297,A3_S1_S2_sequence,LSTM,2,No crop/Fallow,Sugarcane
2298,A3_S1_S2_sequence,LSTM,2,Wheat,Green pea
2299,A3_S1_S2_sequence,LSTM,2,Wheat,Wheat
2300,A3_S1_S2_sequence,LSTM,2,No crop/Fallow,Lentil
2305,A3_S1_S2_sequence,LSTM,2,Bersem,Bersem
2307,A3_S1_S2_sequence,LSTM,2,Mustard,Sugarcane
2308,A3_S1_S2_sequence,LSTM,2,Mustard,Bersem
2309,A3_S1_S2_sequence,LSTM,2,Mustard,Mustard
2310,A3_S1_S2_sequence,LSTM,2,Mustard,Sugarcane
2320,A3_S1_S2_sequence,LSTM,2,Mustard,Mustard
2321,A3_S1_S2_sequence,LSTM,2,Sugarcane,Sugarcane
2322,A3_S1_S2_sequence,LSTM,2,Sugarcane,Sugarcane
2342,A3_S1_S2_sequence,LSTM,2,Wheat,Wheat
2343,A3_S1_S2_sequence,LSTM,2,Mustard,Lentil
2347,A3_S1_S2_sequence,LSTM,2,Wheat,Wheat
2357,A3_S1_S2_sequence,LSTM,2,Mustard,Mustard
2378,A3_S1_S2_sequence,LSTM,2,Sugarcane,Sugarcane
2380,A3_S1_S2_sequence,LSTM,2,Sugarcane,Sugarcane
2388,A3_S1_S2_sequence,LSTM,2,Wheat,Wheat
2389,A3_S1_S2_sequence,LSTM,2,Wheat,Wheat
2398,A3_S1_S2_sequence,LSTM,2,Wheat,Wheat
2400,A3_S1_S2_sequence,LSTM,2,Wheat,Wheat
2405,A3_S1_S2_sequence,LSTM,2,Wheat,Wheat
2407,A3_S1_S2_sequence,LSTM,2,Mustard,Mustard
2412,A3_S1_S2_sequence,LSTM,2,Wheat,Wheat
2441,A3_S1_S2_sequence,LSTM,2,Wheat,Bersem
2442,A3_S1_S2_sequence,LSTM,2,Wheat,Wheat
2443,A3_S1_S2_sequence,LSTM,2,Wheat,Bersem
2445,A3_S1_S2_sequence,LSTM,2,Wheat,Sugarcane
2446,A3_S1_S2_sequence,LSTM,2,No crop/Fallow,Bersem
2447,A3_S1_S2_sequence,LSTM,2,No crop/Fallow,Sugarcane
2469,A3_S1_S2_sequence,LSTM,2,Mustard,Garlic
2477,A3_S1_S2_sequence,LSTM,2,Wheat,Green pea
2478,A3_S1_S2_sequence,LSTM,2,Mustard,Mustard
2479,A3_S1_S2_sequence,LSTM,2,Potato,Sugarcane
2480,A3_S1_S2_sequence,LSTM,2,Mustard,Green pea
2487,A3_S1_S2_sequence,LSTM,2,No crop/Fallow,Mustard
2489,A3_S1_S2_sequence,LSTM,2,Wheat,Wheat
2490,A3_S1_S2_sequence,LSTM,2,Wheat,Coriander
2491,A3_S1_S2_sequence,LSTM,2,Wheat,Lentil
2497,A3_S1_S2_sequence,LSTM,2,Wheat,Sugarcane
2498,A3_S1_S2_sequence,LSTM,2,Wheat,Wheat
2499,A3_S1_S2_sequence,LSTM,2,Wheat,Wheat
2500,A3_S1_S2_sequence,LSTM,2,Mustard,Green pea
2506,A3_S1_S2_sequence,LSTM,2,Mustard,Wheat
2507,A3_S1_S2_sequence,LSTM,2,Mustard,Mustard
2508,A3_S1_S2_sequence,LSTM,2,Wheat,Wheat
2546,A3_S1_S2_sequence,LSTM,2,Wheat,Wheat
2553,A3_S1_S2_sequence,LSTM,2,Wheat,Wheat
2554,A3_S1_S2_sequence,LSTM,2,Wheat,Wheat
2555,A3_S1_S2_sequence,LSTM,2,No crop/Fallow,Sugarcane
2557,A3_S1_S2_sequence,LSTM,2,Wheat,Green pea
2569,A3_S1_S2_sequence,LSTM,2,Wheat,Wheat
2570,A3_S1_S2_sequence,LSTM,2,Wheat,Wheat
2571,A3_S1_S2_sequence,LSTM,2,Wheat,Wheat
2572,A3_S1_S2_sequence,LSTM,2,Wheat,Green pea
2573,A3_S1_S2_sequence,LSTM,2,Wheat,Wheat
2574,A3_S1_S2_sequence,LSTM,2,Wheat,Wheat
2593,A3_S1_S2_sequence,LSTM,2,Mustard,Green pea
2594,A3_S1_S2_sequence,LSTM,2,Wheat,Wheat
2595,A3_S1_S2_sequence,LSTM,2,Wheat,Wheat
2597,A3_S1_S2_sequence,LSTM,2,Mustard,Mustard
2598,A3_S1_S2_sequence,LSTM,2,Wheat,Green pea
2604,A3_S1_S2_sequence,LSTM,2,Wheat,Green pea
2605,A3_S1_S2_sequence,LSTM,2,Wheat,Wheat
2606,A3_S1_S2_sequence,LSTM,2,Wheat,Wheat
2607,A3_S1_S2_sequence,LSTM,2,Wheat,Wheat
2629,A3_S1_S2_sequence,LSTM,2,Sugarcane,Sugarcane
2630,A3_S1_S2_sequence,LSTM,2,Wheat,Lentil
2640,A3_S1_S2_sequence,LSTM,2,Wheat,Wheat
2646,A3_S1_S2_sequence,LSTM,2,Wheat,Wheat
2652,A3_S1_S2_sequence,LSTM,2,Mustard,Sugarcane
2653,A3_S1_S2_sequence,LSTM,2,Wheat,Sugarcane
2678,A3_S1_S2_sequence,LSTM,2,Wheat,Wheat
2679,A3_S1_S2_sequence,LSTM,2,Wheat,Wheat
2695,A3_S1_S2_sequence,LSTM,2,Wheat,Wheat
2697,A3_S1_S2_sequence,LSTM,2,Sugarcane,Sugarcane
2699,A3_S1_S2_sequence,LSTM,2,Wheat,Wheat
2718,A3_S1_S2_sequence,LSTM,2,No crop/Fallow,Sugarcane
2719,A3_S1_S2_sequence,LSTM,2,Wheat,Coriander
2720,A3_S1_S2_sequence,LSTM,2,Wheat,Wheat
2721,A3_S1_S2_sequence,LSTM,2,Lentil,Wheat
2722,A3_S1_S2_sequence,LSTM,2,Wheat,Wheat
2723,A3_S1_S2_sequence,LSTM,2,No crop/Fallow,Wheat
2724,A3_S1_S2_sequence,LSTM,2,Wheat,Lentil
2750,A3_S1_S2_sequence,LSTM,2,Wheat,Green pea
2751,A3_S1_S2_sequence,LSTM,2,Wheat,Wheat
2752,A3_S1_S2_sequence,LSTM,2,Wheat,Lentil
2753,A3_S1_S2_sequence,LSTM,2,Wheat,Wheat
2754,A3_S1_S2_sequence,LSTM,2,Mustard,Wheat
2770,A3_S1_S2_sequence,LSTM,2,Bersem,Mustard
2772,A3_S1_S2_sequence,LSTM,2,Wheat,Wheat
2773,A3_S1_S2_sequence,LSTM,2,Wheat,Wheat
2781,A3_S1_S2_sequence,LSTM,2,Lentil,Sugarcane
2783,A3_S1_S2_sequence,LSTM,2,Wheat,Lentil
2784,A3_S1_S2_sequence,LSTM,2,Mustard,Sugarcane
2786,A3_S1_S2_sequence,LSTM,2,Mustard,Sugarcane
2787,A3_S1_S2_sequence,LSTM,2,Sugarcane,Sugarcane
2788,A3_S1_S2_sequence,LSTM,2,Wheat,Sugarcane
2789,A3_S1_S2_sequence,LSTM,2,Wheat,Lentil
2790,A3_S1_S2_sequence,LSTM,2,Wheat,Mustard
2806,A3_S1_S2_sequence,LSTM,2,Wheat,Garlic
2808,A3_S1_S2_sequence,LSTM,2,Mustard,Lentil
2813,A3_S1_S2_sequence,LSTM,2,Mustard,Mustard
2814,A3_S1_S2_sequence,LSTM,2,Wheat,Wheat
2815,A3_S1_S2_sequence,LSTM,2,Wheat,Wheat
2820,A3_S1_S2_sequence,LSTM,2,Wheat,Bersem
2824,A3_S1_S2_sequence,LSTM,2,Wheat,Coriander
2826,A3_S1_S2_sequence,LSTM,2,Wheat,Wheat
2836,A3_S1_S2_sequence,LSTM,2,Wheat,Wheat
2837,A3_S1_S2_sequence,LSTM,2,Wheat,Wheat
2860,A3_S1_S2_sequence,LSTM,2,Wheat,Wheat
2861,A3_S1_S2_sequence,LSTM,2,Wheat,Wheat
2869,A3_S1_S2_sequence,LSTM,2,Wheat,Wheat
2870,A3_S1_S2_sequence,LSTM,2,Sugarcane,Sugarcane
2881,A3_S1_S2_sequence,LSTM,2,Wheat,Mustard
2882,A3_S1_S2_sequence,LSTM,2,Mustard,Lentil
2904,A3_S1_S2_sequence,LSTM,2,Sugarcane,Sugarcane
2906,A3_S1_S2_sequence,LSTM,2,Sugarcane,Potato
2907,A3_S1_S2_sequence,LSTM,2,Wheat,Wheat
2908,A3_S1_S2_sequence,LSTM,2,Mustard,Mustard
2922,A3_S1_S2_sequence,LSTM,2,Mustard,Green pea
2923,A3_S1_S2_sequence,LSTM,2,Wheat,Wheat
2924,A3_S1_S2_sequence,LSTM,2,Wheat,Wheat
2925,A3_S1_S2_sequence,LSTM,2,Wheat,Wheat
2938,A3_S1_S2_sequence,LSTM,2,Mustard,Wheat
2940,A3_S1_S2_sequence,LSTM,2,Sugarcane,Sugarcane
2941,A3_S1_S2_sequence,LSTM,2,No crop/Fallow,No crop/Fallow
2965,A3_S1_S2_sequence,LSTM,2,Mustard,Mustard
2966,A3_S1_S2_sequence,LSTM,2,Sugarcane,Sugarcane
2967,A3_S1_S2_sequence,LSTM,2,Wheat,Bersem
2970,A3_S1_S2_sequence,LSTM,2,Wheat,Wheat
2971,A3_S1_S2_sequence,LSTM,2,No crop/Fallow,Lentil
2972,A3_S1_S2_sequence,LSTM,2,Wheat,Wheat
2973,A3_S1_S2_sequence,LSTM,2,Wheat,Wheat
2983,A3_S1_S2_sequence,LSTM,2,Wheat,Lentil
3016,A3_S1_S2_sequence,LSTM,2,Wheat,Wheat
3017,A3_S1_S2_sequence,LSTM,2,Wheat,Wheat
3019,A3_S1_S2_sequence,LSTM,2,Wheat,Wheat
3020,A3_S1_S2_sequence,LSTM,2,Wheat,Wheat
3021,A3_S1_S2_sequence,LSTM,2,Mustard,Mustard
3022,A3_S1_S2_sequence,LSTM,2,Wheat,Wheat
3023,A3_S1_S2_sequence,LSTM,2,Wheat,Wheat
3024,A3_S1_S2_sequence,LSTM,2,Sugarcane,Sugarcane
3025,A3_S1_S2_sequence,LSTM,2,Mustard,Mustard
3041,A3_S1_S2_sequence,LSTM,2,Wheat,Wheat
3042,A3_S1_S2_sequence,LSTM,2,Mustard,Coriander
3043,A3_S1_S2_sequence,LSTM,2,Wheat,Wheat
3066,A3_S1_S2_sequence,LSTM,2,Maize,Garlic
3067,A3_S1_S2_sequence,LSTM,2,Wheat,Wheat
3089,A3_S1_S2_sequence,LSTM,2,Wheat,Wheat
3108,A3_S1_S2_sequence,LSTM,2,Mustard,Wheat
3109,A3_S1_S2_sequence,LSTM,2,Wheat,Wheat
3110,A3_S1_S2_sequence,LSTM,2,Mustard,Lentil
3111,A3_S1_S2_sequence,LSTM,2,Wheat,Lentil
3112,A3_S1_S2_sequence,LSTM,2,Wheat,Wheat
3114,A3_S1_S2_sequence,LSTM,2,Wheat,Green pea
3146,A3_S1_S2_sequence,LSTM,2,Wheat,Green pea
3148,A3_S1_S2_sequence,LSTM,2,Wheat,Wheat
3149,A3_S1_S2_sequence,LSTM,2,Mustard,Mustard
3150,A3_S1_S2_sequence,LSTM,2,Wheat,Garlic
3154,A3_S1_S2_sequence,LSTM,2,Wheat,Lentil
3155,A3_S1_S2_sequence,LSTM,2,Wheat,Wheat
3157,A3_S1_S2_sequence,LSTM,2,Wheat,Lentil
3167,A3_S1_S2_sequence,LSTM,2,Wheat,Lentil
3168,A3_S1_S2_sequence,LSTM,2,Wheat,Wheat
3169,A3_S1_S2_sequence,LSTM,2,Lentil,Lentil
3182,A3_S1_S2_sequence,LSTM,2,Wheat,Wheat
3202,A3_S1_S2_sequence,LSTM,2,No crop/Fallow,Lentil
3203,A3_S1_S2_sequence,LSTM,2,Sugarcane,Sugarcane
3236,A3_S1_S2_sequence,LSTM,2,Green pea,Potato
3237,A3_S1_S2_sequence,LSTM,2,Wheat,Green pea
3238,A3_S1_S2_sequence,LSTM,2,Wheat,Coriander
3257,A3_S1_S2_sequence,LSTM,2,Wheat,Wheat
3258,A3_S1_S2_sequence,LSTM,2,Bersem,Bersem
3259,A3_S1_S2_sequence,LSTM,2,Wheat,Wheat
3260,A3_S1_S2_sequence,LSTM,2,Lentil,Wheat
3261,A3_S1_S2_sequence,LSTM,2,Lentil,Lentil
3262,A3_S1_S2_sequence,LSTM,2,Wheat,Wheat
3263,A3_S1_S2_sequence,LSTM,2,Wheat,Wheat
3266,A3_S1_S2_sequence,LSTM,2,Wheat,Green pea
3268,A3_S1_S2_sequence,LSTM,2,Wheat,Green pea
3269,A3_S1_S2_sequence,LSTM,2,Mustard,Mustard
3278,A3_S1_S2_sequence,LSTM,2,Mustard,Lentil
3280,A3_S1_S2_sequence,LSTM,2,Wheat,Wheat
3281,A3_S1_S2_sequence,LSTM,2,Mustard,Wheat
3282,A3_S1_S2_sequence,LSTM,2,Wheat,Wheat
3283,A3_S1_S2_sequence,LSTM,2,Wheat,Wheat
3284,A3_S1_S2_sequence,LSTM,2,Wheat,Wheat
3285,A3_S1_S2_sequence,LSTM,2,Wheat,Wheat
3288,A3_S1_S2_sequence,LSTM,2,Wheat,Wheat
3289,A3_S1_S2_sequence,LSTM,2,Wheat,Wheat
3300,A3_S1_S2_sequence,LSTM,2,Mustard,Coriander
3301,A3_S1_S2_sequence,LSTM,2,Wheat,Wheat
3302,A3_S1_S2_sequence,LSTM,2,Wheat,Wheat
3308,A3_S1_S2_sequence,LSTM,2,Wheat,Wheat
3309,A3_S1_S2_sequence,LSTM,2,Wheat,Bersem
3310,A3_S1_S2_sequence,LSTM,2,Wheat,Bersem
3324,A3_S1_S2_sequence,LSTM,2,Mustard,Wheat
3325,A3_S1_S2_sequence,LSTM,2,Wheat,Wheat
3326,A3_S1_S2_sequence,LSTM,2,Wheat,Wheat
3330,A3_S1_S2_sequence,LSTM,2,Sugarcane,Sugarcane
3377,A3_S1_S2_sequence,LSTM,2,Potato,Potato
3378,A3_S1_S2_sequence,LSTM,2,Sugarcane,Sugarcane
3384,A3_S1_S2_sequence,LSTM,2,Wheat,Potato
3385,A3_S1_S2_sequence,LSTM,2,Wheat,Bersem
3386,A3_S1_S2_sequence,LSTM,2,Wheat,Bersem
3392,A3_S1_S2_sequence,LSTM,2,Mustard,Mustard
3393,A3_S1_S2_sequence,LSTM,2,Wheat,Wheat
3394,A3_S1_S2_sequence,LSTM,2,Wheat,Wheat
3432,A3_S1_S2_sequence,LSTM,2,Wheat,Wheat
3433,A3_S1_S2_sequence,LSTM,2,Wheat,Green pea
3476,A3_S1_S2_sequence,LSTM,2,Wheat,Wheat
3477,A3_S1_S2_sequence,LSTM,2,Wheat,Wheat
3486,A3_S1_S2_sequence,LSTM,2,No crop/Fallow,Sugarcane
3491,A3_S1_S2_sequence,LSTM,2,Wheat,Green pea
3503,A3_S1_S2_sequence,LSTM,2,Wheat,Wheat
3504,A3_S1_S2_sequence,LSTM,2,Coriander,Lentil
3512,A3_S1_S2_sequence,LSTM,2,Wheat,Green pea
3513,A3_S1_S2_sequence,LSTM,2,Wheat,Wheat
3514,A3_S1_S2_sequence,LSTM,2,Wheat,Wheat
3515,A3_S1_S2_sequence,LSTM,2,Wheat,Wheat
3522,A3_S1_S2_sequence,LSTM,2,Mustard,Sugarcane
3523,A3_S1_S2_sequence,LSTM,2,No crop/Fallow,Sugarcane
3524,A3_S1_S2_sequence,LSTM,2,Wheat,Wheat
3525,A3_S1_S2_sequence,LSTM,2,Wheat,Wheat
3526,A3_S1_S2_sequence,LSTM,2,Lentil,Mustard
3567,A3_S1_S2_sequence,LSTM,2,Mustard,Lentil
3568,A3_S1_S2_sequence,LSTM,2,Wheat,Wheat
3569,A3_S1_S2_sequence,LSTM,2,Wheat,Wheat
3580,A3_S1_S2_sequence,LSTM,2,Wheat,Wheat
3581,A3_S1_S2_sequence,LSTM,2,Wheat,Lentil
3587,A3_S1_S2_sequence,LSTM,2,Wheat,Wheat
3588,A3_S1_S2_sequence,LSTM,2,Wheat,Green pea
3589,A3_S1_S2_sequence,LSTM,2,Wheat,Wheat
3594,A3_S1_S2_sequence,LSTM,2,Sugarcane,Sugarcane
3603,A3_S1_S2_sequence,LSTM,2,Mustard,Lentil
3604,A3_S1_S2_sequence,LSTM,2,Wheat,Wheat
3606,A3_S1_S2_sequence,LSTM,2,Mustard,Lentil
3607,A3_S1_S2_sequence,LSTM,2,Wheat,Wheat
3655,A3_S1_S2_sequence,LSTM,2,No crop/Fallow,No crop/Fallow
3661,A3_S1_S2_sequence,LSTM,2,No crop/Fallow,No crop/Fallow
3662,A3_S1_S2_sequence,LSTM,2,No crop/Fallow,No crop/Fallow
3663,A3_S1_S2_sequence,LSTM,2,No crop/Fallow,No crop/Fallow
3669,A3_S1_S2_sequence,LSTM,2,No crop/Fallow,No crop/Fallow
3670,A3_S1_S2_sequence,LSTM,2,No crop/Fallow,No crop/Fallow
3691,A3_S1_S2_sequence,LSTM,2,No crop/Fallow,Rice
3692,A3_S1_S2_sequence,LSTM,2,No crop/Fallow,Rice
3693,A3_S1_S2_sequence,LSTM,2,No crop/Fallow,Rice
3694,A3_S1_S2_sequence,LSTM,2,No crop/Fallow,No crop/Fallow
3695,A3_S1_S2_sequence,LSTM,2,No crop/Fallow,Rice
3696,A3_S1_S2_sequence,LSTM,2,No crop/Fallow,Rice
3704,A3_S1_S2_sequence,LSTM,2,No crop/Fallow,No crop/Fallow
3705,A3_S1_S2_sequence,LSTM,2,No crop/Fallow,No crop/Fallow
3708,A3_S1_S2_sequence,LSTM,2,No crop/Fallow,Rice
3709,A3_S1_S2_sequence,LSTM,2,No crop/Fallow,No crop/Fallow
3710,A3_S1_S2_sequence,LSTM,2,No crop/Fallow,Rice
3718,A3_S1_S2_sequence,LSTM,2,Maize,No crop/Fallow
3719,A3_S1_S2_sequence,LSTM,2,Rice,No crop/Fallow
3740,A3_S1_S2_sequence,LSTM,2,No crop/Fallow,Rice
3741,A3_S1_S2_sequence,LSTM,2,Rice,Rice
3742,A3_S1_S2_sequence,LSTM,2,No crop/Fallow,Rice
3743,A3_S1_S2_sequence,LSTM,2,No crop/Fallow,Rice
3744,A3_S1_S2_sequence,LSTM,2,No crop/Fallow,No crop/Fallow
3756,A3_S1_S2_sequence,LSTM,2,No crop/Fallow,No crop/Fallow
3802,A3_S1_S2_sequence,LSTM,2,No crop/Fallow,No crop/Fallow
3803,A3_S1_S2_sequence,LSTM,2,No crop/Fallow,No crop/Fallow
3810,A3_S1_S2_sequence,LSTM,2,No crop/Fallow,No crop/Fallow
3827,A3_S1_S2_sequence,LSTM,2,No crop/Fallow,No crop/Fallow
3828,A3_S1_S2_sequence,LSTM,2,No crop/Fallow,Rice
3829,A3_S1_S2_sequence,LSTM,2,No crop/Fallow,No crop/Fallow
3837,A3_S1_S2_sequence,LSTM,2,No crop/Fallow,No crop/Fallow
3839,A3_S1_S2_sequence,LSTM,2,No crop/Fallow,No crop/Fallow
3840,A3_S1_S2_sequence,LSTM,2,No crop/Fallow,No crop/Fallow
3841,A3_S1_S2_sequence,LSTM,2,No crop/Fallow,No crop/Fallow
3842,A3_S1_S2_sequence,LSTM,2,No crop/Fallow,No crop/Fallow
3843,A3_S1_S2_sequence,LSTM,2,No crop/Fallow,No crop/Fallow
3852,A3_S1_S2_sequence,LSTM,2,No crop/Fallow,No crop/Fallow
3853,A3_S1_S2_sequence,LSTM,2,No crop/Fallow,No crop/Fallow
3854,A3_S1_S2_sequence,LSTM,2,No crop/Fallow,No crop/Fallow
3877,A3_S1_S2_sequence,LSTM,2,No crop/Fallow,No crop/Fallow
3882,A3_S1_S2_sequence,LSTM,2,No crop/Fallow,No crop/Fallow
3883,A3_S1_S2_sequence,LSTM,2,No crop/Fallow,No crop/Fallow
3890,A3_S1_S2_sequence,LSTM,2,No crop/Fallow,Rice
3891,A3_S1_S2_sequence,LSTM,2,No crop/Fallow,Rice
3892,A3_S1_S2_sequence,LSTM,2,No crop/Fallow,No crop/Fallow
3894,A3_S1_S2_sequence,LSTM,2,No crop/Fallow,Rice
3895,A3_S1_S2_sequence,LSTM,2,No crop/Fallow,Rice
3916,A3_S1_S2_sequence,LSTM,2,No crop/Fallow,No crop/Fallow
3917,A3_S1_S2_sequence,LSTM,2,No crop/Fallow,No crop/Fallow
3918,A3_S1_S2_sequence,LSTM,2,No crop/Fallow,Rice
3919,A3_S1_S2_sequence,LSTM,2,No crop/Fallow,No crop/Fallow
3920,A3_S1_S2_sequence,LSTM,2,No crop/Fallow,No crop/Fallow
3921,A3_S1_S2_sequence,LSTM,2,No crop/Fallow,No crop/Fallow
3947,A3_S1_S2_sequence,LSTM,2,No crop/Fallow,Rice
3948,A3_S1_S2_sequence,LSTM,2,No crop/Fallow,No crop/Fallow
3950,A3_S1_S2_sequence,LSTM,2,No crop/Fallow,No crop/Fallow
3951,A3_S1_S2_sequence,LSTM,2,No crop/Fallow,Rice
3962,A3_S1_S2_sequence,LSTM,2,No crop/Fallow,No crop/Fallow
3963,A3_S1_S2_sequence,LSTM,2,No crop/Fallow,Rice
3964,A3_S1_S2_sequence,LSTM,2,No crop/Fallow,No crop/Fallow
3965,A3_S1_S2_sequence,LSTM,2,No crop/Fallow,No crop/Fallow
3966,A3_S1_S2_sequence,LSTM,2,No crop/Fallow,Rice
3972,A3_S1_S2_sequence,LSTM,2,Potato,No crop/Fallow
3976,A3_S1_S2_sequence,LSTM,2,No crop/Fallow,Rice
3977,A3_S1_S2_sequence,LSTM,2,No crop/Fallow,No crop/Fallow
3985,A3_S1_S2_sequence,LSTM,2,Maize,No crop/Fallow
3986,A3_S1_S2_sequence,LSTM,2,No crop/Fallow,No crop/Fallow
3987,A3_S1_S2_sequence,LSTM,2,No crop/Fallow,Rice
3988,A3_S1_S2_sequence,LSTM,2,No crop/Fallow,No crop/Fallow
4000,A3_S1_S2_sequence,LSTM,2,No crop/Fallow,No crop/Fallow
4001,A3_S1_S2_sequence,LSTM,2,No crop/Fallow,No crop/Fallow
4004,A3_S1_S2_sequence,LSTM,2,No crop/Fallow,No crop/Fallow
4005,A3_S1_S2_sequence,LSTM,2,No crop/Fallow,Rice
4009,A3_S1_S2_sequence,LSTM,2,No crop/Fallow,No crop/Fallow
4010,A3_S1_S2_sequence,LSTM,2,No crop/Fallow,No crop/Fallow
4012,A3_S1_S2_sequence,LSTM,2,No crop/Fallow,No crop/Fallow
4013,A3_S1_S2_sequence,LSTM,2,No crop/Fallow,No crop/Fallow
4014,A3_S1_S2_sequence,LSTM,2,No crop/Fallow,No crop/Fallow
4019,A3_S1_S2_sequence,LSTM,2,No crop/Fallow,No crop/Fallow
4021,A3_S1_S2_sequence,LSTM,2,No crop/Fallow,Rice
4022,A3_S1_S2_sequence,LSTM,2,No crop/Fallow,No crop/Fallow
4023,A3_S1_S2_sequence,LSTM,2,No crop/Fallow,No crop/Fallow
4033,A3_S1_S2_sequence,LSTM,2,No crop/Fallow,No crop/Fallow
4034,A3_S1_S2_sequence,LSTM,2,No crop/Fallow,No crop/Fallow
4035,A3_S1_S2_sequence,LSTM,2,No crop/Fallow,No crop/Fallow
4036,A3_S1_S2_sequence,LSTM,2,No crop/Fallow,No crop/Fallow
4037,A3_S1_S2_sequence,LSTM,2,No crop/Fallow,No crop/Fallow
4047,A3_S1_S2_sequence,LSTM,2,No crop/Fallow,No crop/Fallow
4048,A3_S1_S2_sequence,LSTM,2,No crop/Fallow,No crop/Fallow
4050,A3_S1_S2_sequence,LSTM,2,No crop/Fallow,No crop/Fallow
4088,A3_S1_S2_sequence,LSTM,2,No crop/Fallow,No crop/Fallow
4091,A3_S1_S2_sequence,LSTM,2,No crop/Fallow,No crop/Fallow
4092,A3_S1_S2_sequence,LSTM,2,No crop/Fallow,Rice
4093,A3_S1_S2_sequence,LSTM,2,No crop/Fallow,Rice
4102,A3_S1_S2_sequence,LSTM,2,No crop/Fallow,Rice
4103,A3_S1_S2_sequence,LSTM,2,No crop/Fallow,Rice
4119,A3_S1_S2_sequence,LSTM,2,No crop/Fallow,Rice
4120,A3_S1_S2_sequence,LSTM,2,Rice,Rice
4130,A3_S1_S2_sequence,LSTM,2,No crop/Fallow,Rice
4131,A3_S1_S2_sequence,LSTM,2,No crop/Fallow,Rice
4132,A3_S1_S2_sequence,LSTM,2,No crop/Fallow,Rice
4135,A3_S1_S2_sequence,LSTM,2,No crop/Fallow,Rice
4142,A3_S1_S2_sequence,LSTM,2,No crop/Fallow,No crop/Fallow
4146,A3_S1_S2_sequence,LSTM,2,No crop/Fallow,No crop/Fallow
4147,A3_S1_S2_sequence,LSTM,2,No crop/Fallow,No crop/Fallow
4149,A3_S1_S2_sequence,LSTM,2,No crop/Fallow,No crop/Fallow
4151,A3_S1_S2_sequence,LSTM,2,No crop/Fallow,No crop/Fallow
4156,A3_S1_S2_sequence,LSTM,2,No crop/Fallow,No crop/Fallow
4158,A3_S1_S2_sequence,LSTM,2,No crop/Fallow,No crop/Fallow
4159,A3_S1_S2_sequence,LSTM,2,No crop/Fallow,No crop/Fallow
4160,A3_S1_S2_sequence,LSTM,2,No crop/Fallow,No crop/Fallow
4167,A3_S1_S2_sequence,LSTM,2,No crop/Fallow,No crop/Fallow
4168,A3_S1_S2_sequence,LSTM,2,No crop/Fallow,No crop/Fallow
4187,A3_S1_S2_sequence,LSTM,2,Rice,No crop/Fallow
4188,A3_S1_S2_sequence,LSTM,2,Rice,No crop/Fallow
4209,A3_S1_S2_sequence,LSTM,2,No crop/Fallow,No crop/Fallow
4211,A3_S1_S2_sequence,LSTM,2,No crop/Fallow,No crop/Fallow
4218,A3_S1_S2_sequence,LSTM,2,No crop/Fallow,Rice
4219,A3_S1_S2_sequence,LSTM,2,No crop/Fallow,Rice
4220,A3_S1_S2_sequence,LSTM,2,No crop/Fallow,Rice
4221,A3_S1_S2_sequence,LSTM,2,No crop/Fallow,Rice
4222,A3_S1_S2_sequence,LSTM,2,No crop/Fallow,Rice
4223,A3_S1_S2_sequence,LSTM,2,No crop/Fallow,Rice
4224,A3_S1_S2_sequence,LSTM,2,No crop/Fallow,Rice
4225,A3_S1_S2_sequence,LSTM,2,No crop/Fallow,No crop/Fallow
4226,A3_S1_S2_sequence,LSTM,2,No crop/Fallow,No crop/Fallow
4227,A3_S1_S2_sequence,LSTM,2,No crop/Fallow,No crop/Fallow
4250,A3_S1_S2_sequence,LSTM,2,No crop/Fallow,No crop/Fallow
4251,A3_S1_S2_sequence,LSTM,2,No crop/Fallow,No crop/Fallow
4252,A3_S1_S2_sequence,LSTM,2,No crop/Fallow,No crop/Fallow
4253,A3_S1_S2_sequence,LSTM,2,No crop/Fallow,No crop/Fallow
4264,A3_S1_S2_sequence,LSTM,2,Maize,No crop/Fallow
4273,A3_S1_S2_sequence,LSTM,2,No crop/Fallow,No crop/Fallow
4287,A3_S1_S2_sequence,LSTM,2,No crop/Fallow,No crop/Fallow
4288,A3_S1_S2_sequence,LSTM,2,No crop/Fallow,No crop/Fallow
4298,A3_S1_S2_sequence,LSTM,2,No crop/Fallow,Rice
4299,A3_S1_S2_sequence,LSTM,2,No crop/Fallow,No crop/Fallow
4301,A3_S1_S2_sequence,LSTM,2,No crop/Fallow,No crop/Fallow
4306,A3_S1_S2_sequence,LSTM,2,No crop/Fallow,Rice
4307,A3_S1_S2_sequence,LSTM,2,No crop/Fallow,Rice
4308,A3_S1_S2_sequence,LSTM,2,No crop/Fallow,No crop/Fallow
4309,A3_S1_S2_sequence,LSTM,2,No crop/Fallow,No crop/Fallow
4310,A3_S1_S2_sequence,LSTM,2,No crop/Fallow,No crop/Fallow
4311,A3_S1_S2_sequence,LSTM,2,No crop/Fallow,No crop/Fallow
4327,A3_S1_S2_sequence,LSTM,2,No crop/Fallow,No crop/Fallow
4368,A3_S1_S2_sequence,LSTM,2,Rice,Rice
4379,A3_S1_S2_sequence,LSTM,2,No crop/Fallow,Rice
4380,A3_S1_S2_sequence,LSTM,2,No crop/Fallow,Rice
4381,A3_S1_S2_sequence,LSTM,2,No crop/Fallow,Rice
4382,A3_S1_S2_sequence,LSTM,2,No crop/Fallow,Rice
4383,A3_S1_S2_sequence,LSTM,2,No crop/Fallow,Rice
4386,A3_S1_S2_sequence,LSTM,2,Rice,Rice
4387,A3_S1_S2_sequence,LSTM,2,Rice,Rice
4388,A3_S1_S2_sequence,LSTM,2,Rice,Rice
4416,A3_S1_S2_sequence,LSTM,2,No crop/Fallow,Maize
4421,A3_S1_S2_sequence,LSTM,2,No crop/Fallow,Rice
4423,A3_S1_S2_sequence,LSTM,2,No crop/Fallow,Rice
4424,A3_S1_S2_sequence,LSTM,2,No crop/Fallow,No crop/Fallow
4425,A3_S1_S2_sequence,LSTM,2,No crop/Fallow,Rice
4427,A3_S1_S2_sequence,LSTM,2,No crop/Fallow,No crop/Fallow
4434,A3_S1_S2_sequence,LSTM,2,No crop/Fallow,No crop/Fallow
4481,A3_S1_S2_sequence,LSTM,2,No crop/Fallow,No crop/Fallow
4495,A3_S1_S2_sequence,LSTM,2,No crop/Fallow,Rice
4497,A3_S1_S2_sequence,LSTM,2,No crop/Fallow,Rice
4498,A3_S1_S2_sequence,LSTM,2,No crop/Fallow,Rice
4499,A3_S1_S2_sequence,LSTM,2,No crop/Fallow,Rice
4500,A3_S1_S2_sequence,LSTM,2,No crop/Fallow,Rice
4524,A3_S1_S2_sequence,LSTM,2,No crop/Fallow,No crop/Fallow
4525,A3_S1_S2_sequence,LSTM,2,No crop/Fallow,No crop/Fallow
4535,A3_S1_S2_sequence,LSTM,2,No crop/Fallow,Rice
4536,A3_S1_S2_sequence,LSTM,2,No crop/Fallow,No crop/Fallow
4547,A3_S1_S2_sequence,LSTM,2,No crop/Fallow,No crop/Fallow
4548,A3_S1_S2_sequence,LSTM,2,No crop/Fallow,No crop/Fallow
4552,A3_S1_S2_sequence,LSTM,2,No crop/Fallow,No crop/Fallow
4553,A3_S1_S2_sequence,LSTM,2,No crop/Fallow,No crop/Fallow
4554,A3_S1_S2_sequence,LSTM,2,No crop/Fallow,No crop/Fallow
4564,A3_S1_S2_sequence,LSTM,2,No crop/Fallow,No crop/Fallow
4565,A3_S1_S2_sequence,LSTM,2,No crop/Fallow,No crop/Fallow
4567,A3_S1_S2_sequence,LSTM,2,No crop/Fallow,No crop/Fallow
4568,A3_S1_S2_sequence,LSTM,2,No crop/Fallow,No crop/Fallow
4608,A3_S1_S2_sequence,LSTM,2,No crop/Fallow,No crop/Fallow
4613,A3_S1_S2_sequence,LSTM,2,No crop/Fallow,No crop/Fallow
4615,A3_S1_S2_sequence,LSTM,2,No crop/Fallow,No crop/Fallow
4636,A3_S1_S2_sequence,LSTM,2,No crop/Fallow,Rice
4640,A3_S1_S2_sequence,LSTM,2,No crop/Fallow,Rice
4641,A3_S1_S2_sequence,LSTM,2,No crop/Fallow,Rice
4642,A3_S1_S2_sequence,LSTM,2,No crop/Fallow,Rice
4643,A3_S1_S2_sequence,LSTM,2,No crop/Fallow,No crop/Fallow
4645,A3_S1_S2_sequence,LSTM,2,No crop/Fallow,Rice
4649,A3_S1_S2_sequence,LSTM,2,No crop/Fallow,Rice
4658,A3_S1_S2_sequence,LSTM,2,No crop/Fallow,No crop/Fallow
4659,A3_S1_S2_sequence,LSTM,2,No crop/Fallow,Rice
4660,A3_S1_S2_sequence,LSTM,2,No crop/Fallow,Rice
4661,A3_S1_S2_sequence,LSTM,2,No crop/Fallow,Rice
4663,A3_S1_S2_sequence,LSTM,2,No crop/Fallow,Rice
4664,A3_S1_S2_sequence,LSTM,2,No crop/Fallow,No crop/Fallow
4670,A3_S1_S2_sequence,LSTM,2,No crop/Fallow,No crop/Fallow
4672,A3_S1_S2_sequence,LSTM,2,No crop/Fallow,No crop/Fallow
4674,A3_S1_S2_sequence,LSTM,2,No crop/Fallow,No crop/Fallow
4677,A3_S1_S2_sequence,LSTM,2,No crop/Fallow,Rice
4678,A3_S1_S2_sequence,LSTM,2,No crop/Fallow,Rice
4681,A3_S1_S2_sequence,LSTM,2,No crop/Fallow,Rice
4683,A3_S1_S2_sequence,LSTM,2,No crop/Fallow,No crop/Fallow
4684,A3_S1_S2_sequence,LSTM,2,No crop/Fallow,No crop/Fallow
4685,A3_S1_S2_sequence,LSTM,2,No crop/Fallow,No crop/Fallow
4691,A3_S1_S2_sequence,LSTM,2,No crop/Fallow,Rice
4692,A3_S1_S2_sequence,LSTM,2,No crop/Fallow,Rice
4693,A3_S1_S2_sequence,LSTM,2,No crop/Fallow,No crop/Fallow
4694,A3_S1_S2_sequence,LSTM,2,No crop/Fallow,No crop/Fallow
4700,A3_S1_S2_sequence,LSTM,2,No crop/Fallow,No crop/Fallow
4701,A3_S1_S2_sequence,LSTM,2,No crop/Fallow,Rice
4711,A3_S1_S2_sequence,LSTM,2,Rice,Rice
4712,A3_S1_S2_sequence,LSTM,2,No crop/Fallow,No crop/Fallow
4713,A3_S1_S2_sequence,LSTM,2,Rice,Rice
4732,A3_S1_S2_sequence,LSTM,2,Rice,Rice
4737,A3_S1_S2_sequence,LSTM,2,No crop/Fallow,No crop/Fallow
4753,A3_S1_S2_sequence,LSTM,2,No crop/Fallow,Rice
4754,A3_S1_S2_sequence,LSTM,2,No crop/Fallow,Rice
4755,A3_S1_S2_sequence,LSTM,2,No crop/Fallow,Rice
4774,A3_S1_S2_sequence,LSTM,2,No crop/Fallow,No crop/Fallow
4777,A3_S1_S2_sequence,LSTM,2,No crop/Fallow,No crop/Fallow
4782,A3_S1_S2_sequence,LSTM,2,No crop/Fallow,No crop/Fallow
4816,A3_S1_S2_sequence,LSTM,2,No crop/Fallow,Rice
4818,A3_S1_S2_sequence,LSTM,2,No crop/Fallow,Rice
4819,A3_S1_S2_sequence,LSTM,2,No crop/Fallow,No crop/Fallow
4820,A3_S1_S2_sequence,LSTM,2,No crop/Fallow,Rice
4846,A3_S1_S2_sequence,LSTM,2,No crop/Fallow,No crop/Fallow
4863,A3_S1_S2_sequence,LSTM,2,Rice,Rice
4886,A3_S1_S2_sequence,LSTM,2,No crop/Fallow,Rice
4887,A3_S1_S2_sequence,LSTM,2,No crop/Fallow,Rice
4888,A3_S1_S2_sequence,LSTM,2,No crop/Fallow,No crop/Fallow
4891,A3_S1_S2_sequence,LSTM,2,No crop/Fallow,Rice
4894,A3_S1_S2_sequence,LSTM,2,Potato,Rice
4896,A3_S1_S2_sequence,LSTM,2,Potato,No crop/Fallow
4908,A3_S1_S2_sequence,LSTM,2,No crop/Fallow,No crop/Fallow
4910,A3_S1_S2_sequence,LSTM,2,No crop/Fallow,Rice
4911,A3_S1_S2_sequence,LSTM,2,No crop/Fallow,No crop/Fallow
4913,A3_S1_S2_sequence,LSTM,2,No crop/Fallow,Rice
4918,A3_S1_S2_sequence,LSTM,2,No crop/Fallow,No crop/Fallow
4919,A3_S1_S2_sequence,LSTM,2,No crop/Fallow,No crop/Fallow
4941,A3_S1_S2_sequence,LSTM,2,No crop/Fallow,Rice
4942,A3_S1_S2_sequence,LSTM,2,No crop/Fallow,Rice
4944,A3_S1_S2_sequence,LSTM,2,Rice,Rice
4945,A3_S1_S2_sequence,LSTM,2,Rice,Rice
4946,A3_S1_S2_sequence,LSTM,2,Rice,Rice
4948,A3_S1_S2_sequence,LSTM,2,Rice,Rice
4949,A3_S1_S2_sequence,LSTM,2,No crop/Fallow,Rice
4950,A3_S1_S2_sequence,LSTM,2,No crop/Fallow,Rice
4951,A3_S1_S2_sequence,LSTM,2,No crop/Fallow,Rice
4952,A3_S1_S2_sequence,LSTM,2,No crop/Fallow,Rice
4953,A3_S1_S2_sequence,LSTM,2,No crop/Fallow,Rice
4978,A3_S1_S2_sequence,LSTM,2,No crop/Fallow,Rice
4979,A3_S1_S2_sequence,LSTM,2,No crop/Fallow,Rice
4981,A3_S1_S2_sequence,LSTM,2,No crop/Fallow,Rice
4982,A3_S1_S2_sequence,LSTM,2,No crop/Fallow,Green pea
4983,A3_S1_S2_sequence,LSTM,2,No crop/Fallow,Rice
4984,A3_S1_S2_sequence,LSTM,2,No crop/Fallow,No crop/Fallow
4985,A3_S1_S2_sequence,LSTM,2,No crop/Fallow,Rice
4987,A3_S1_S2_sequence,LSTM,2,No crop/Fallow,Rice
4988,A3_S1_S2_sequence,LSTM,2,No crop/Fallow,Rice
4989,A3_S1_S2_sequence,LSTM,2,No crop/Fallow,Rice
4993,A3_S1_S2_sequence,LSTM,2,No crop/Fallow,Rice
4994,A3_S1_S2_sequence,LSTM,2,No crop/Fallow,No crop/Fallow
4995,A3_S1_S2_sequence,LSTM,2,No crop/Fallow,No crop/Fallow
4996,A3_S1_S2_sequence,LSTM,2,No crop/Fallow,Rice
5009,A3_S1_S2_sequence,LSTM,2,No crop/Fallow,No crop/Fallow
5010,A3_S1_S2_sequence,LSTM,2,No crop/Fallow,Rice
5011,A3_S1_S2_sequence,LSTM,2,No crop/Fallow,No crop/Fallow
5012,A3_S1_S2_sequence,LSTM,2,No crop/Fallow,No crop/Fallow
5013,A3_S1_S2_sequence,LSTM,2,No crop/Fallow,No crop/Fallow
5028,A3_S1_S2_sequence,LSTM,2,No crop/Fallow,Maize
5029,A3_S1_S2_sequence,LSTM,2,No crop/Fallow,Rice
5030,A3_S1_S2_sequence,LSTM,2,No crop/Fallow,Rice
5037,A3_S1_S2_sequence,LSTM,2,No crop/Fallow,No crop/Fallow
5038,A3_S1_S2_sequence,LSTM,2,No crop/Fallow,Rice
5039,A3_S1_S2_sequence,LSTM,2,No crop/Fallow,Rice
5050,A3_S1_S2_sequence,LSTM,2,No crop/Fallow,Rice
5055,A3_S1_S2_sequence,LSTM,2,No crop/Fallow,Rice
5056,A3_S1_S2_sequence,LSTM,2,No crop/Fallow,Rice
5057,A3_S1_S2_sequence,LSTM,2,No crop/Fallow,Rice
5058,A3_S1_S2_sequence,LSTM,2,No crop/Fallow,Rice
5059,A3_S1_S2_sequence,LSTM,2,No crop/Fallow,Rice
5060,A3_S1_S2_sequence,LSTM,2,No crop/Fallow,No crop/Fallow
5062,A3_S1_S2_sequence,LSTM,2,No crop/Fallow,No crop/Fallow
5065,A3_S1_S2_sequence,LSTM,2,No crop/Fallow,No crop/Fallow
5066,A3_S1_S2_sequence,LSTM,2,No crop/Fallow,No crop/Fallow
5067,A3_S1_S2_sequence,LSTM,2,No crop/Fallow,No crop/Fallow
5069,A3_S1_S2_sequence,LSTM,2,No crop/Fallow,No crop/Fallow
5070,A3_S1_S2_sequence,LSTM,2,No crop/Fallow,No crop/Fallow
5071,A3_S1_S2_sequence,LSTM,2,No crop/Fallow,No crop/Fallow
5072,A3_S1_S2_sequence,LSTM,2,No crop/Fallow,No crop/Fallow
5090,A3_S1_S2_sequence,LSTM,2,No crop/Fallow,No crop/Fallow
5091,A3_S1_S2_sequence,LSTM,2,No crop/Fallow,No crop/Fallow
5093,A3_S1_S2_sequence,LSTM,2,No crop/Fallow,No crop/Fallow
5094,A3_S1_S2_sequence,LSTM,2,No crop/Fallow,No crop/Fallow
5095,A3_S1_S2_sequence,LSTM,2,No crop/Fallow,No crop/Fallow
5144,A3_S1_S2_sequence,LSTM,2,No crop/Fallow,Rice
5145,A3_S1_S2_sequence,LSTM,2,No crop/Fallow,Rice
5146,A3_S1_S2_sequence,LSTM,2,No crop/Fallow,Rice
5147,A3_S1_S2_sequence,LSTM,2,No crop/Fallow,Rice
5148,A3_S1_S2_sequence,LSTM,2,No crop/Fallow,Rice
5149,A3_S1_S2_sequence,LSTM,2,No crop/Fallow,Rice
5151,A3_S1_S2_sequence,LSTM,2,No crop/Fallow,No crop/Fallow
5152,A3_S1_S2_sequence,LSTM,2,No crop/Fallow,Rice
5169,A3_S1_S2_sequence,LSTM,2,No crop/Fallow,No crop/Fallow
5171,A3_S1_S2_sequence,LSTM,2,No crop/Fallow,No crop/Fallow
5172,A3_S1_S2_sequence,LSTM,2,No crop/Fallow,No crop/Fallow
5174,A3_S1_S2_sequence,LSTM,2,No crop/Fallow,No crop/Fallow
5177,A3_S1_S2_sequence,LSTM,2,No crop/Fallow,No crop/Fallow
5178,A3_S1_S2_sequence,LSTM,2,No crop/Fallow,No crop/Fallow
5210,A3_S1_S2_sequence,LSTM,2,No crop/Fallow,No crop/Fallow
5211,A3_S1_S2_sequence,LSTM,2,No crop/Fallow,Rice
5212,A3_S1_S2_sequence,LSTM,2,No crop/Fallow,Rice
5213,A3_S1_S2_sequence,LSTM,2,No crop/Fallow,Rice
5215,A3_S1_S2_sequence,LSTM,2,No crop/Fallow,No crop/Fallow
5237,A3_S1_S2_sequence,LSTM,2,No crop/Fallow,No crop/Fallow
5238,A3_S1_S2_sequence,LSTM,2,No crop/Fallow,No crop/Fallow
5239,A3_S1_S2_sequence,LSTM,2,No crop/Fallow,Rice
5260,A3_S1_S2_sequence,LSTM,2,No crop/Fallow,No crop/Fallow
5267,A3_S1_S2_sequence,LSTM,2,Gram,Garlic
5268,A3_S1_S2_sequence,LSTM,2,Mustard,Mustard
5273,A3_S1_S2_sequence,LSTM,2,Wheat,Wheat
5276,A3_S1_S2_sequence,LSTM,2,No crop/Fallow,Garlic
5277,A3_S1_S2_sequence,LSTM,2,Wheat,Garlic
5298,A3_S1_S2_sequence,LSTM,2,Mustard,Mustard
5303,A3_S1_S2_sequence,LSTM,2,Wheat,Gram
5305,A3_S1_S2_sequence,LSTM,2,Wheat,Gram
5306,A3_S1_S2_sequence,LSTM,2,Wheat,Gram
5307,A3_S1_S2_sequence,LSTM,2,Mustard,Gram
5308,A3_S1_S2_sequence,LSTM,2,Garlic,Garlic
5310,A3_S1_S2_sequence,LSTM,2,Wheat,Garlic
5311,A3_S1_S2_sequence,LSTM,2,Mustard,Mustard
5312,A3_S1_S2_sequence,LSTM,2,Mustard,Mustard
5313,A3_S1_S2_sequence,LSTM,2,Mustard,Mustard
5314,A3_S1_S2_sequence,LSTM,2,Mustard,Mustard
5315,A3_S1_S2_sequence,LSTM,2,Wheat,Wheat
5316,A3_S1_S2_sequence,LSTM,2,Mustard,Mustard
5317,A3_S1_S2_sequence,LSTM,2,Mustard,Mustard
5318,A3_S1_S2_sequence,LSTM,2,Garlic,Garlic
5319,A3_S1_S2_sequence,LSTM,2,Mustard,Mustard
5327,A3_S1_S2_sequence,LSTM,2,Mustard,Mustard
5328,A3_S1_S2_sequence,LSTM,2,Mustard,Wheat
5331,A3_S1_S2_sequence,LSTM,2,Gram,Gram
5332,A3_S1_S2_sequence,LSTM,2,Mustard,Mustard
5333,A3_S1_S2_sequence,LSTM,2,Mustard,Mustard
5335,A3_S1_S2_sequence,LSTM,2,Wheat,Garlic
5336,A3_S1_S2_sequence,LSTM,2,Wheat,Gram
5337,A3_S1_S2_sequence,LSTM,2,Wheat,Garlic
5338,A3_S1_S2_sequence,LSTM,2,Mustard,Garlic
5344,A3_S1_S2_sequence,LSTM,2,Wheat,Garlic
5345,A3_S1_S2_sequence,LSTM,2,Wheat,Wheat
5346,A3_S1_S2_sequence,LSTM,2,Mustard,Garlic
5347,A3_S1_S2_sequence,LSTM,2,Garlic,Garlic
5364,A3_S1_S2_sequence,LSTM,2,Gram,Gram
5374,A3_S1_S2_sequence,LSTM,2,Mustard,Mustard
5375,A3_S1_S2_sequence,LSTM,2,Mustard,Mustard
5376,A3_S1_S2_sequence,LSTM,2,Mustard,Mustard
5384,A3_S1_S2_sequence,LSTM,2,Mustard,Mustard
5385,A3_S1_S2_sequence,LSTM,2,Mustard,Mustard
5386,A3_S1_S2_sequence,LSTM,2,Mustard,Mustard
5391,A3_S1_S2_sequence,LSTM,2,Mustard,Mustard
5392,A3_S1_S2_sequence,LSTM,2,Mustard,Garlic
5393,A3_S1_S2_sequence,LSTM,2,Wheat,Garlic
5398,A3_S1_S2_sequence,LSTM,2,Wheat,Wheat
5399,A3_S1_S2_sequence,LSTM,2,Wheat,Bersem
5423,A3_S1_S2_sequence,LSTM,2,Mustard,Mustard
5442,A3_S1_S2_sequence,LSTM,2,Mustard,Mustard
5469,A3_S1_S2_sequence,LSTM,2,Mustard,Wheat
5512,A3_S1_S2_sequence,LSTM,2,Lentil,Gram
5524,A3_S1_S2_sequence,LSTM,2,Mustard,Mustard
5525,A3_S1_S2_sequence,LSTM,2,Mustard,Garlic
5526,A3_S1_S2_sequence,LSTM,2,Wheat,Garlic
5527,A3_S1_S2_sequence,LSTM,2,Wheat,Bersem
5530,A3_S1_S2_sequence,LSTM,2,Mustard,Mustard
5534,A3_S1_S2_sequence,LSTM,2,Mustard,Garlic
5535,A3_S1_S2_sequence,LSTM,2,Wheat,Wheat
5536,A3_S1_S2_sequence,LSTM,2,Mustard,Garlic
5537,A3_S1_S2_sequence,LSTM,2,Wheat,Wheat
5539,A3_S1_S2_sequence,LSTM,2,Mustard,Mustard
5547,A3_S1_S2_sequence,LSTM,2,Wheat,Garlic
5548,A3_S1_S2_sequence,LSTM,2,Mustard,Mustard
5552,A3_S1_S2_sequence,LSTM,2,Wheat,Garlic
5553,A3_S1_S2_sequence,LSTM,2,Wheat,Wheat
5559,A3_S1_S2_sequence,LSTM,2,Coriander,Garlic
5560,A3_S1_S2_sequence,LSTM,2,Wheat,Wheat
5561,A3_S1_S2_sequence,LSTM,2,Mustard,Mustard
5562,A3_S1_S2_sequence,LSTM,2,Gram,Gram
5563,A3_S1_S2_sequence,LSTM,2,Wheat,Wheat
5565,A3_S1_S2_sequence,LSTM,2,Wheat,Wheat
5568,A3_S1_S2_sequence,LSTM,2,Wheat,Wheat
5569,A3_S1_S2_sequence,LSTM,2,Wheat,Wheat
5571,A3_S1_S2_sequence,LSTM,2,Wheat,Gram
5572,A3_S1_S2_sequence,LSTM,2,Wheat,Wheat
5573,A3_S1_S2_sequence,LSTM,2,Gram,Gram
5574,A3_S1_S2_sequence,LSTM,2,Wheat,Gram
5575,A3_S1_S2_sequence,LSTM,2,Wheat,Wheat
5576,A3_S1_S2_sequence,LSTM,2,Mustard,Wheat
5586,A3_S1_S2_sequence,LSTM,2,Wheat,Wheat
5589,A3_S1_S2_sequence,LSTM,2,Mustard,Mustard
5609,A3_S1_S2_sequence,LSTM,2,Mustard,Mustard
5615,A3_S1_S2_sequence,LSTM,2,Mustard,Mustard
5621,A3_S1_S2_sequence,LSTM,2,Wheat,Garlic
5624,A3_S1_S2_sequence,LSTM,2,Mustard,Mustard
5628,A3_S1_S2_sequence,LSTM,2,Mustard,Garlic
5629,A3_S1_S2_sequence,LSTM,2,Wheat,Garlic
5630,A3_S1_S2_sequence,LSTM,2,Garlic,Wheat
5634,A3_S1_S2_sequence,LSTM,2,Mustard,Garlic
5639,A3_S1_S2_sequence,LSTM,2,Wheat,Gram
5640,A3_S1_S2_sequence,LSTM,2,Wheat,Wheat
5641,A3_S1_S2_sequence,LSTM,2,Mustard,Mustard
5642,A3_S1_S2_sequence,LSTM,2,Wheat,Rice
5644,A3_S1_S2_sequence,LSTM,2,Mustard,Mustard
5645,A3_S1_S2_sequence,LSTM,2,Mustard,Mustard
5653,A3_S1_S2_sequence,LSTM,2,Gram,Maize
5655,A3_S1_S2_sequence,LSTM,2,Mustard,Mustard
5656,A3_S1_S2_sequence,LSTM,2,Wheat,Mustard
5660,A3_S1_S2_sequence,LSTM,2,Wheat,Wheat
5661,A3_S1_S2_sequence,LSTM,2,Wheat,Wheat
5662,A3_S1_S2_sequence,LSTM,2,Wheat,Garlic
5665,A3_S1_S2_sequence,LSTM,2,Mustard,Garlic
5667,A3_S1_S2_sequence,LSTM,2,Mustard,Mustard
5670,A3_S1_S2_sequence,LSTM,2,Mustard,Mustard
5671,A3_S1_S2_sequence,LSTM,2,Mustard,Mustard
5673,A3_S1_S2_sequence,LSTM,2,Mustard,Wheat
5674,A3_S1_S2_sequence,LSTM,2,Wheat,Wheat
5675,A3_S1_S2_sequence,LSTM,2,Wheat,Gram
5680,A3_S1_S2_sequence,LSTM,2,Mustard,Mustard
5682,A3_S1_S2_sequence,LSTM,2,Mustard,Wheat
5683,A3_S1_S2_sequence,LSTM,2,Wheat,Garlic
5688,A3_S1_S2_sequence,LSTM,2,Wheat,Wheat
5709,A3_S1_S2_sequence,LSTM,2,Wheat,Garlic
5715,A3_S1_S2_sequence,LSTM,2,Wheat,Garlic
5716,A3_S1_S2_sequence,LSTM,2,Garlic,Garlic
5721,A3_S1_S2_sequence,LSTM,2,Wheat,Garlic
5729,A3_S1_S2_sequence,LSTM,2,Wheat,Wheat
5732,A3_S1_S2_sequence,LSTM,2,Mustard,Wheat
5735,A3_S1_S2_sequence,LSTM,2,Mustard,Mustard
5736,A3_S1_S2_sequence,LSTM,2,Mustard,Mustard
5738,A3_S1_S2_sequence,LSTM,2,Wheat,Wheat
5742,A3_S1_S2_sequence,LSTM,2,Wheat,Wheat
5752,A3_S1_S2_sequence,LSTM,2,Wheat,Wheat
5765,A3_S1_S2_sequence,LSTM,2,Wheat,Wheat
5774,A3_S1_S2_sequence,LSTM,2,Wheat,Garlic
5775,A3_S1_S2_sequence,LSTM,2,Wheat,Garlic
5776,A3_S1_S2_sequence,LSTM,2,Wheat,Garlic
5777,A3_S1_S2_sequence,LSTM,2,Wheat,Garlic
5778,A3_S1_S2_sequence,LSTM,2,Wheat,Garlic
5779,A3_S1_S2_sequence,LSTM,2,Wheat,Garlic
5780,A3_S1_S2_sequence,LSTM,2,No crop/Fallow,Garlic
5790,A3_S1_S2_sequence,LSTM,2,Mustard,Mustard
5791,A3_S1_S2_sequence,LSTM,2,Mustard,Mustard
5795,A3_S1_S2_sequence,LSTM,2,Gram,Gram
5798,A3_S1_S2_sequence,LSTM,2,Wheat,Wheat
5799,A3_S1_S2_sequence,LSTM,2,Wheat,Mustard
5800,A3_S1_S2_sequence,LSTM,2,Garlic,Garlic
5802,A3_S1_S2_sequence,LSTM,2,Mustard,Garlic
5803,A3_S1_S2_sequence,LSTM,2,No crop/Fallow,Lentil
5804,A3_S1_S2_sequence,LSTM,2,No crop/Fallow,Lentil
5807,A3_S1_S2_sequence,LSTM,2,Mustard,Mustard
5808,A3_S1_S2_sequence,LSTM,2,Mustard,Mustard
5809,A3_S1_S2_sequence,LSTM,2,Mustard,Mustard
5810,A3_S1_S2_sequence,LSTM,2,Mustard,Gram
5811,A3_S1_S2_sequence,LSTM,2,Mustard,Mustard
5812,A3_S1_S2_sequence,LSTM,2,Wheat,Wheat
5814,A3_S1_S2_sequence,LSTM,2,Mustard,Mustard
5815,A3_S1_S2_sequence,LSTM,2,Mustard,Mustard
5816,A3_S1_S2_sequence,LSTM,2,Mustard,Mustard
5817,A3_S1_S2_sequence,LSTM,2,Wheat,Garlic
5827,A3_S1_S2_sequence,LSTM,2,Mustard,Garlic
5829,A3_S1_S2_sequence,LSTM,2,Mustard,Gram
5834,A3_S1_S2_sequence,LSTM,2,Wheat,Wheat
5835,A3_S1_S2_sequence,LSTM,2,Wheat,Garlic
5836,A3_S1_S2_sequence,LSTM,2,Wheat,Garlic
5837,A3_S1_S2_sequence,LSTM,2,Mustard,Wheat
5838,A3_S1_S2_sequence,LSTM,2,Mustard,Garlic
5839,A3_S1_S2_sequence,LSTM,2,Wheat,Mustard
5848,A3_S1_S2_sequence,LSTM,2,Mustard,Garlic
5849,A3_S1_S2_sequence,LSTM,2,Mustard,Mustard
5850,A3_S1_S2_sequence,LSTM,2,Mustard,Mustard
5851,A3_S1_S2_sequence,LSTM,2,Mustard,Mustard
5852,A3_S1_S2_sequence,LSTM,2,Mustard,Bersem
5853,A3_S1_S2_sequence,LSTM,2,Wheat,Wheat
5877,A3_S1_S2_sequence,LSTM,2,Wheat,Gram
5878,A3_S1_S2_sequence,LSTM,2,Mustard,Mustard
5879,A3_S1_S2_sequence,LSTM,2,Mustard,Gram
5880,A3_S1_S2_sequence,LSTM,2,Wheat,Gram
5882,A3_S1_S2_sequence,LSTM,2,Garlic,Gram
5886,A3_S1_S2_sequence,LSTM,2,Mustard,Mustard
5888,A3_S1_S2_sequence,LSTM,2,Mustard,Wheat
5889,A3_S1_S2_sequence,LSTM,2,Mustard,Garlic
5902,A3_S1_S2_sequence,LSTM,2,Mustard,Garlic
5903,A3_S1_S2_sequence,LSTM,2,Wheat,Gram
5904,A3_S1_S2_sequence,LSTM,2,Gram,Gram
5905,A3_S1_S2_sequence,LSTM,2,Wheat,Wheat
5906,A3_S1_S2_sequence,LSTM,2,Gram,Gram
5910,A3_S1_S2_sequence,LSTM,2,Wheat,Wheat
5925,A3_S1_S2_sequence,LSTM,2,Wheat,Gram
5926,A3_S1_S2_sequence,LSTM,2,Wheat,Wheat
5927,A3_S1_S2_sequence,LSTM,2,Mustard,Garlic
5928,A3_S1_S2_sequence,LSTM,2,Wheat,Wheat
5930,A3_S1_S2_sequence,LSTM,2,Mustard,Garlic
5931,A3_S1_S2_sequence,LSTM,2,Mustard,Gram
5936,A3_S1_S2_sequence,LSTM,2,Wheat,Garlic
5937,A3_S1_S2_sequence,LSTM,2,Mustard,Mustard
5941,A3_S1_S2_sequence,LSTM,2,Wheat,Wheat
5946,A3_S1_S2_sequence,LSTM,2,Garlic,Garlic
5947,A3_S1_S2_sequence,LSTM,2,Wheat,Wheat
5961,A3_S1_S2_sequence,LSTM,2,No crop/Fallow,Maize
5962,A3_S1_S2_sequence,LSTM,2,Wheat,Garlic
5967,A3_S1_S2_sequence,LSTM,2,Wheat,Mustard
5968,A3_S1_S2_sequence,LSTM,2,Mustard,Wheat
5973,A3_S1_S2_sequence,LSTM,2,Mustard,Garlic
5974,A3_S1_S2_sequence,LSTM,2,Wheat,Wheat
5975,A3_S1_S2_sequence,LSTM,2,Mustard,Mustard
5977,A3_S1_S2_sequence,LSTM,2,Mustard,Gram
5978,A3_S1_S2_sequence,LSTM,2,Mustard,Garlic
5980,A3_S1_S2_sequence,LSTM,2,Mustard,Mustard
5981,A3_S1_S2_sequence,LSTM,2,Mustard,Mustard
5982,A3_S1_S2_sequence,LSTM,2,Mustard,Mustard
5984,A3_S1_S2_sequence,LSTM,2,Mustard,Mustard
5986,A3_S1_S2_sequence,LSTM,2,Gram,Gram
5987,A3_S1_S2_sequence,LSTM,2,Mustard,Mustard
5988,A3_S1_S2_sequence,LSTM,2,Gram,Gram
5989,A3_S1_S2_sequence,LSTM,2,Wheat,Wheat
5990,A3_S1_S2_sequence,LSTM,2,Wheat,Wheat
5991,A3_S1_S2_sequence,LSTM,2,Wheat,Garlic
5992,A3_S1_S2_sequence,LSTM,2,No crop/Fallow,Wheat
6001,A3_S1_S2_sequence,LSTM,2,Mustard,Mustard
6002,A3_S1_S2_sequence,LSTM,2,Mustard,Mustard
6009,A3_S1_S2_sequence,LSTM,2,Mustard,Mustard
6010,A3_S1_S2_sequence,LSTM,2,Mustard,Mustard
6011,A3_S1_S2_sequence,LSTM,2,Mustard,Mustard
6018,A3_S1_S2_sequence,LSTM,2,Wheat,Mustard
6022,A3_S1_S2_sequence,LSTM,2,Wheat,Wheat
6023,A3_S1_S2_sequence,LSTM,2,Wheat,Wheat
6038,A3_S1_S2_sequence,LSTM,2,Gram,Garlic
6039,A3_S1_S2_sequence,LSTM,2,Mustard,Garlic
6054,A3_S1_S2_sequence,LSTM,2,Mustard,Mustard
6055,A3_S1_S2_sequence,LSTM,2,Mustard,Mustard
6056,A3_S1_S2_sequence,LSTM,2,Wheat,Wheat
6057,A3_S1_S2_sequence,LSTM,2,Mustard,Mustard
6060,A3_S1_S2_sequence,LSTM,2,Garlic,Garlic
6073,A3_S1_S2_sequence,LSTM,2,Gram,Gram
6074,A3_S1_S2_sequence,LSTM,2,Gram,Gram
6087,A3_S1_S2_sequence,LSTM,2,Wheat,Wheat
6094,A3_S1_S2_sequence,LSTM,2,Mustard,Mustard
6095,A3_S1_S2_sequence,LSTM,2,Mustard,Mustard
6096,A3_S1_S2_sequence,LSTM,2,Mustard,Garlic
6099,A3_S1_S2_sequence,LSTM,2,Wheat,Garlic
6101,A3_S1_S2_sequence,LSTM,2,Mustard,Mustard
6102,A3_S1_S2_sequence,LSTM,2,Wheat,Wheat
6109,A3_S1_S2_sequence,LSTM,2,No crop/Fallow,Garlic
6110,A3_S1_S2_sequence,LSTM,2,Mustard,Mustard
6111,A3_S1_S2_sequence,LSTM,2,No crop/Fallow,No crop/Fallow
6112,A3_S1_S2_sequence,LSTM,2,Garlic,Garlic
6113,A3_S1_S2_sequence,LSTM,2,No crop/Fallow,Green pea
6118,A3_S1_S2_sequence,LSTM,2,Mustard,Mustard
6119,A3_S1_S2_sequence,LSTM,2,Mustard,Mustard
6124,A3_S1_S2_sequence,LSTM,2,Wheat,Garlic
6125,A3_S1_S2_sequence,LSTM,2,Wheat,Maize
6164,A3_S1_S2_sequence,LSTM,2,Garlic,Garlic
6165,A3_S1_S2_sequence,LSTM,2,Wheat,Gram
6166,A3_S1_S2_sequence,LSTM,2,Wheat,Garlic
6167,A3_S1_S2_sequence,LSTM,2,Wheat,Garlic
6170,A3_S1_S2_sequence,LSTM,2,Mustard,Garlic
6177,A3_S1_S2_sequence,LSTM,2,Wheat,Garlic
6203,A3_S1_S2_sequence,LSTM,2,No crop/Fallow,Garlic
6204,A3_S1_S2_sequence,LSTM,2,Wheat,Wheat
6205,A3_S1_S2_sequence,LSTM,2,Mustard,Garlic
6206,A3_S1_S2_sequence,LSTM,2,Wheat,Garlic
6207,A3_S1_S2_sequence,LSTM,2,Mustard,Wheat
6211,A3_S1_S2_sequence,LSTM,2,Wheat,Wheat
6212,A3_S1_S2_sequence,LSTM,2,Wheat,Wheat
6256,A3_S1_S2_sequence,LSTM,2,Wheat,Garlic
6276,A3_S1_S2_sequence,LSTM,2,Mustard,Mustard
6281,A3_S1_S2_sequence,LSTM,2,Wheat,Gram
6282,A3_S1_S2_sequence,LSTM,2,Mustard,Gram
6283,A3_S1_S2_sequence,LSTM,2,Mustard,Mustard
6284,A3_S1_S2_sequence,LSTM,2,Wheat,Wheat
6289,A3_S1_S2_sequence,LSTM,2,Wheat,Wheat
6290,A3_S1_S2_sequence,LSTM,2,Wheat,Garlic
6291,A3_S1_S2_sequence,LSTM,2,Wheat,Garlic
6292,A3_S1_S2_sequence,LSTM,2,Wheat,Wheat
6293,A3_S1_S2_sequence,LSTM,2,Wheat,Wheat
6294,A3_S1_S2_sequence,LSTM,2,Mustard,Mustard
6326,A3_S1_S2_sequence,LSTM,2,Potato,Wheat
6328,A3_S1_S2_sequence,LSTM,2,Wheat,Wheat
6342,A3_S1_S2_sequence,LSTM,2,Wheat,Wheat
6344,A3_S1_S2_sequence,LSTM,2,Wheat,Wheat
6345,A3_S1_S2_sequence,LSTM,2,Wheat,Wheat
6369,A3_S1_S2_sequence,LSTM,2,Maize,Maize
6370,A3_S1_S2_sequence,LSTM,2,Maize,Rice
6372,A3_S1_S2_sequence,LSTM,2,Maize,Maize
6374,A3_S1_S2_sequence,LSTM,2,Maize,Maize
6375,A3_S1_S2_sequence,LSTM,2,Maize,Maize
6376,A3_S1_S2_sequence,LSTM,2,Maize,Potato
6389,A3_S1_S2_sequence,LSTM,2,Wheat,Maize
6390,A3_S1_S2_sequence,LSTM,2,Maize,Maize
6392,A3_S1_S2_sequence,LSTM,2,Maize,Maize
6401,A3_S1_S2_sequence,LSTM,2,Rice,Rice
6402,A3_S1_S2_sequence,LSTM,2,Maize,Maize
6415,A3_S1_S2_sequence,LSTM,2,Potato,Maize
6418,A3_S1_S2_sequence,LSTM,2,No crop/Fallow,Maize
6419,A3_S1_S2_sequence,LSTM,2,No crop/Fallow,Maize
6420,A3_S1_S2_sequence,LSTM,2,No crop/Fallow,Maize
6422,A3_S1_S2_sequence,LSTM,2,Wheat,Wheat
6423,A3_S1_S2_sequence,LSTM,2,Wheat,Wheat
6425,A3_S1_S2_sequence,LSTM,2,Wheat,Maize
6462,A3_S1_S2_sequence,LSTM,2,Maize,Potato
6463,A3_S1_S2_sequence,LSTM,2,No crop/Fallow,Maize
6464,A3_S1_S2_sequence,LSTM,2,Maize,Maize
6465,A3_S1_S2_sequence,LSTM,2,Maize,Maize
6466,A3_S1_S2_sequence,LSTM,2,Maize,Maize
6502,A3_S1_S2_sequence,LSTM,2,Wheat,Wheat
6504,A3_S1_S2_sequence,LSTM,2,Wheat,Wheat
6505,A3_S1_S2_sequence,LSTM,2,Maize,Maize
6506,A3_S1_S2_sequence,LSTM,2,Wheat,Maize
6518,A3_S1_S2_sequence,LSTM,2,Wheat,Maize
6541,A3_S1_S2_sequence,LSTM,2,No crop/Fallow,Rice
6553,A3_S1_S2_sequence,LSTM,2,Wheat,Wheat
6554,A3_S1_S2_sequence,LSTM,2,Rice,Maize
6555,A3_S1_S2_sequence,LSTM,2,Coriander,Potato
6556,A3_S1_S2_sequence,LSTM,2,Wheat,Wheat
6558,A3_S1_S2_sequence,LSTM,2,No crop/Fallow,Maize
6559,A3_S1_S2_sequence,LSTM,2,Mustard,Maize
6560,A3_S1_S2_sequence,LSTM,2,Wheat,Rice
6561,A3_S1_S2_sequence,LSTM,2,Maize,Rice
6562,A3_S1_S2_sequence,LSTM,2,Mustard,Maize
6566,A3_S1_S2_sequence,LSTM,2,Mustard,Potato
6567,A3_S1_S2_sequence,LSTM,2,Mustard,Rice
6568,A3_S1_S2_sequence,LSTM,2,Mustard,Potato
6569,A3_S1_S2_sequence,LSTM,2,Mustard,Rice
6571,A3_S1_S2_sequence,LSTM,2,Wheat,Wheat
6572,A3_S1_S2_sequence,LSTM,2,Wheat,Wheat
6585,A3_S1_S2_sequence,LSTM,2,Maize,Maize
6586,A3_S1_S2_sequence,LSTM,2,Potato,Potato
6588,A3_S1_S2_sequence,LSTM,2,No crop/Fallow,Maize
6594,A3_S1_S2_sequence,LSTM,2,Wheat,Wheat
6600,A3_S1_S2_sequence,LSTM,2,Maize,Potato
6602,A3_S1_S2_sequence,LSTM,2,Maize,No crop/Fallow
6610,A3_S1_S2_sequence,LSTM,2,Rice,Potato
6629,A3_S1_S2_sequence,LSTM,2,No crop/Fallow,Rice
6632,A3_S1_S2_sequence,LSTM,2,Mustard,Potato
6653,A3_S1_S2_sequence,LSTM,2,Wheat,Maize
6698,A3_S1_S2_sequence,LSTM,2,No crop/Fallow,Rice
6707,A3_S1_S2_sequence,LSTM,2,No crop/Fallow,Potato
6709,A3_S1_S2_sequence,LSTM,2,No crop/Fallow,Potato
6711,A3_S1_S2_sequence,LSTM,2,Wheat,Wheat
6712,A3_S1_S2_sequence,LSTM,2,Wheat,Wheat
6713,A3_S1_S2_sequence,LSTM,2,Wheat,Wheat
6723,A3_S1_S2_sequence,LSTM,2,Wheat,Wheat
6724,A3_S1_S2_sequence,LSTM,2,Wheat,Wheat
6725,A3_S1_S2_sequence,LSTM,2,Wheat,Wheat
6726,A3_S1_S2_sequence,LSTM,2,Wheat,Wheat
6727,A3_S1_S2_sequence,LSTM,2,Wheat,Wheat
6728,A3_S1_S2_sequence,LSTM,2,Wheat,Wheat
6738,A3_S1_S2_sequence,LSTM,2,Maize,Maize
6740,A3_S1_S2_sequence,LSTM,2,Maize,Maize
6746,A3_S1_S2_sequence,LSTM,2,Maize,Maize
6748,A3_S1_S2_sequence,LSTM,2,Maize,Maize
6752,A3_S1_S2_sequence,LSTM,2,Maize,Maize
6753,A3_S1_S2_sequence,LSTM,2,Maize,Maize
6761,A3_S1_S2_sequence,LSTM,2,Maize,Maize
6762,A3_S1_S2_sequence,LSTM,2,No crop/Fallow,Potato
6763,A3_S1_S2_sequence,LSTM,2,Mustard,Potato
6764,A3_S1_S2_sequence,LSTM,2,Maize,Maize
6768,A3_S1_S2_sequence,LSTM,2,Maize,Maize
6769,A3_S1_S2_sequence,LSTM,2,No crop/Fallow,Potato
6770,A3_S1_S2_sequence,LSTM,2,Rice,Rice
6796,A3_S1_S2_sequence,LSTM,2,Maize,Maize
6797,A3_S1_S2_sequence,LSTM,2,Maize,Maize
6798,A3_S1_S2_sequence,LSTM,2,Maize,Maize
6799,A3_S1_S2_sequence,LSTM,2,Maize,Maize
6801,A3_S1_S2_sequence,LSTM,2,Maize,Maize
6803,A3_S1_S2_sequence,LSTM,2,Maize,Maize
6804,A3_S1_S2_sequence,LSTM,2,Maize,Maize
6808,A3_S1_S2_sequence,LSTM,2,Wheat,Mustard
6809,A3_S1_S2_sequence,LSTM,2,Rice,Rice
6810,A3_S1_S2_sequence,LSTM,2,Rice,Rice
6813,A3_S1_S2_sequence,LSTM,2,Rice,Rice
6827,A3_S1_S2_sequence,LSTM,2,Rice,Garlic
6838,A3_S1_S2_sequence,LSTM,2,Wheat,Maize
6839,A3_S1_S2_sequence,LSTM,2,Wheat,Wheat
6840,A3_S1_S2_sequence,LSTM,2,Wheat,Wheat
6841,A3_S1_S2_sequence,LSTM,2,No crop/Fallow,Maize
6864,A3_S1_S2_sequence,LSTM,2,Sugarcane,Potato
6881,A3_S1_S2_sequence,LSTM,2,No crop/Fallow,Rice
6882,A3_S1_S2_sequence,LSTM,2,No crop/Fallow,Rice
6883,A3_S1_S2_sequence,LSTM,2,No crop/Fallow,Rice
6885,A3_S1_S2_sequence,LSTM,2,Maize,Maize
6888,A3_S1_S2_sequence,LSTM,2,Mustard,Maize
6889,A3_S1_S2_sequence,LSTM,2,No crop/Fallow,Maize
6890,A3_S1_S2_sequence,LSTM,2,Maize,Maize
6901,A3_S1_S2_sequence,LSTM,2,Rice,Rice
6902,A3_S1_S2_sequence,LSTM,2,Rice,Rice
6904,A3_S1_S2_sequence,LSTM,2,No crop/Fallow,Wheat
6906,A3_S1_S2_sequence,LSTM,2,Wheat,Wheat
6907,A3_S1_S2_sequence,LSTM,2,Wheat,Wheat
6908,A3_S1_S2_sequence,LSTM,2,Wheat,Maize
6909,A3_S1_S2_sequence,LSTM,2,Wheat,Wheat
6932,A3_S1_S2_sequence,LSTM,2,Maize,Maize
6933,A3_S1_S2_sequence,LSTM,2,Maize,Maize
6934,A3_S1_S2_sequence,LSTM,2,Maize,Maize
6935,A3_S1_S2_sequence,LSTM,2,Maize,Maize
6936,A3_S1_S2_sequence,LSTM,2,Maize,Maize
6940,A3_S1_S2_sequence,LSTM,2,No crop/Fallow,Rice
6942,A3_S1_S2_sequence,LSTM,2,No crop/Fallow,Rice
6950,A3_S1_S2_sequence,LSTM,2,Wheat,Maize
6953,A3_S1_S2_sequence,LSTM,2,Mustard,No crop/Fallow
6956,A3_S1_S2_sequence,LSTM,2,Wheat,Maize
6971,A3_S1_S2_sequence,LSTM,2,Maize,No crop/Fallow
7028,A3_S1_S2_sequence,LSTM,2,Mustard,Maize
7029,A3_S1_S2_sequence,LSTM,2,Wheat,Rice
7030,A3_S1_S2_sequence,LSTM,2,Wheat,Wheat
7031,A3_S1_S2_sequence,LSTM,2,No crop/Fallow,Rice
7032,A3_S1_S2_sequence,LSTM,2,No crop/Fallow,Rice
7042,A3_S1_S2_sequence,LSTM,2,Mustard,Mustard
7044,A3_S1_S2_sequence,LSTM,2,Mustard,Potato
7051,A3_S1_S2_sequence,LSTM,2,Maize,Maize
7067,A3_S1_S2_sequence,LSTM,2,Rice,Rice
7076,A3_S1_S2_sequence,LSTM,2,Rice,Rice
7077,A3_S1_S2_sequence,LSTM,2,Rice,Rice
7104,A3_S1_S2_sequence,LSTM,2,Wheat,Wheat
7105,A3_S1_S2_sequence,LSTM,2,Wheat,Wheat
7106,A3_S1_S2_sequence,LSTM,2,Wheat,Wheat
7107,A3_S1_S2_sequence,LSTM,2,Wheat,Wheat
7121,A3_S1_S2_sequence,LSTM,2,Maize,Maize
7122,A3_S1_S2_sequence,LSTM,2,Maize,Maize
7123,A3_S1_S2_sequence,LSTM,2,Maize,Maize
7184,A3_S1_S2_sequence,LSTM,2,Potato,Potato
7186,A3_S1_S2_sequence,LSTM,2,Potato,Potato
7187,A3_S1_S2_sequence,LSTM,2,Maize,Potato
7188,A3_S1_S2_sequence,LSTM,2,Maize,Maize
7190,A3_S1_S2_sequence,LSTM,2,No crop/Fallow,Maize
7199,A3_S1_S2_sequence,LSTM,2,Wheat,Wheat
7200,A3_S1_S2_sequence,LSTM,2,Wheat,Wheat
7202,A3_S1_S2_sequence,LSTM,2,Maize,Maize
7203,A3_S1_S2_sequence,LSTM,2,Maize,Maize
7208,A3_S1_S2_sequence,LSTM,2,Wheat,Maize
7209,A3_S1_S2_sequence,LSTM,2,Maize,Maize
7219,A3_S1_S2_sequence,LSTM,2,No crop/Fallow,Maize
7220,A3_S1_S2_sequence,LSTM,2,Maize,Rice
7226,A3_S1_S2_sequence,LSTM,2,Maize,Maize
7232,A3_S1_S2_sequence,LSTM,2,Rice,No crop/Fallow
7233,A3_S1_S2_sequence,LSTM,2,Maize,Maize
7235,A3_S1_S2_sequence,LSTM,2,Maize,Rice
7236,A3_S1_S2_sequence,LSTM,2,Maize,Maize
7253,A3_S1_S2_sequence,LSTM,2,Maize,Maize
7254,A3_S1_S2_sequence,LSTM,2,Maize,Maize
7255,A3_S1_S2_sequence,LSTM,2,Mustard,Potato
7258,A3_S1_S2_sequence,LSTM,2,Maize,Maize
7260,A3_S1_S2_sequence,LSTM,2,Maize,Maize
7275,A3_S1_S2_sequence,LSTM,2,Maize,Maize
7276,A3_S1_S2_sequence,LSTM,2,Maize,Maize
7284,A3_S1_S2_sequence,LSTM,2,No crop/Fallow,Mustard
7286,A3_S1_S2_sequence,LSTM,2,No crop/Fallow,Mustard
7289,A3_S1_S2_sequence,LSTM,2,Maize,Maize
7290,A3_S1_S2_sequence,LSTM,2,Maize,Maize
7291,A3_S1_S2_sequence,LSTM,2,Maize,Maize
7308,A3_S1_S2_sequence,LSTM,2,Mustard,Maize
7309,A3_S1_S2_sequence,LSTM,2,Wheat,Wheat
7310,A3_S1_S2_sequence,LSTM,2,Wheat,Wheat
7311,A3_S1_S2_sequence,LSTM,2,Wheat,Wheat
7332,A3_S1_S2_sequence,LSTM,2,Rice,Rice
15,A3_S1_S2_sequence,LSTM,3,Mustard,Lentil
16,A3_S1_S2_sequence,LSTM,3,Wheat,Lentil
17,A3_S1_S2_sequence,LSTM,3,Wheat,Sugarcane
23,A3_S1_S2_sequence,LSTM,3,No crop/Fallow,Lentil
24,A3_S1_S2_sequence,LSTM,3,No crop/Fallow,Lentil
70,A3_S1_S2_sequence,LSTM,3,No crop/Fallow,Lentil
71,A3_S1_S2_sequence,LSTM,3,No crop/Fallow,Wheat
72,A3_S1_S2_sequence,LSTM,3,No crop/Fallow,Sugarcane
82,A3_S1_S2_sequence,LSTM,3,Wheat,Wheat
97,A3_S1_S2_sequence,LSTM,3,Sugarcane,Sugarcane
98,A3_S1_S2_sequence,LSTM,3,Sugarcane,Potato
100,A3_S1_S2_sequence,LSTM,3,Mustard,Sugarcane
101,A3_S1_S2_sequence,LSTM,3,No crop/Fallow,Wheat
102,A3_S1_S2_sequence,LSTM,3,No crop/Fallow,Wheat
103,A3_S1_S2_sequence,LSTM,3,Wheat,Green pea
106,A3_S1_S2_sequence,LSTM,3,No crop/Fallow,Lentil
121,A3_S1_S2_sequence,LSTM,3,Wheat,Wheat
122,A3_S1_S2_sequence,LSTM,3,Wheat,Wheat
134,A3_S1_S2_sequence,LSTM,3,Sugarcane,Sugarcane
135,A3_S1_S2_sequence,LSTM,3,No crop/Fallow,Wheat
136,A3_S1_S2_sequence,LSTM,3,Wheat,Lentil
137,A3_S1_S2_sequence,LSTM,3,No crop/Fallow,Wheat
138,A3_S1_S2_sequence,LSTM,3,No crop/Fallow,Wheat
145,A3_S1_S2_sequence,LSTM,3,No crop/Fallow,Sugarcane
147,A3_S1_S2_sequence,LSTM,3,No crop/Fallow,Wheat
159,A3_S1_S2_sequence,LSTM,3,Mustard,Sugarcane
164,A3_S1_S2_sequence,LSTM,3,No crop/Fallow,Lentil
165,A3_S1_S2_sequence,LSTM,3,Wheat,Wheat
167,A3_S1_S2_sequence,LSTM,3,Wheat,Lentil
176,A3_S1_S2_sequence,LSTM,3,Sugarcane,Sugarcane
177,A3_S1_S2_sequence,LSTM,3,Mustard,Sugarcane
193,A3_S1_S2_sequence,LSTM,3,No crop/Fallow,Sugarcane
194,A3_S1_S2_sequence,LSTM,3,Sugarcane,Sugarcane
195,A3_S1_S2_sequence,LSTM,3,No crop/Fallow,Sugarcane
197,A3_S1_S2_sequence,LSTM,3,No crop/Fallow,Wheat
198,A3_S1_S2_sequence,LSTM,3,Wheat,Wheat
201,A3_S1_S2_sequence,LSTM,3,No crop/Fallow,Lentil
202,A3_S1_S2_sequence,LSTM,3,No crop/Fallow,Lentil
203,A3_S1_S2_sequence,LSTM,3,Wheat,Wheat
204,A3_S1_S2_sequence,LSTM,3,No crop/Fallow,Green pea
223,A3_S1_S2_sequence,LSTM,3,Sugarcane,Lentil
224,A3_S1_S2_sequence,LSTM,3,Mustard,Lentil
225,A3_S1_S2_sequence,LSTM,3,Mustard,Sugarcane
227,A3_S1_S2_sequence,LSTM,3,Wheat,Sugarcane
230,A3_S1_S2_sequence,LSTM,3,Wheat,Sugarcane
245,A3_S1_S2_sequence,LSTM,3,Wheat,Wheat
246,A3_S1_S2_sequence,LSTM,3,Wheat,Wheat
247,A3_S1_S2_sequence,LSTM,3,Wheat,Wheat
248,A3_S1_S2_sequence,LSTM,3,Wheat,Wheat
249,A3_S1_S2_sequence,LSTM,3,Wheat,Wheat
253,A3_S1_S2_sequence,LSTM,3,Wheat,Lentil
254,A3_S1_S2_sequence,LSTM,3,Wheat,Lentil
255,A3_S1_S2_sequence,LSTM,3,Wheat,Wheat
257,A3_S1_S2_sequence,LSTM,3,Wheat,Wheat
258,A3_S1_S2_sequence,LSTM,3,Wheat,Wheat
259,A3_S1_S2_sequence,LSTM,3,Potato,Wheat
261,A3_S1_S2_sequence,LSTM,3,Wheat,Wheat
263,A3_S1_S2_sequence,LSTM,3,Wheat,Sugarcane
298,A3_S1_S2_sequence,LSTM,3,No crop/Fallow,Sugarcane
299,A3_S1_S2_sequence,LSTM,3,Sugarcane,Sugarcane
300,A3_S1_S2_sequence,LSTM,3,Sugarcane,Sugarcane
304,A3_S1_S2_sequence,LSTM,3,No crop/Fallow,Green pea
305,A3_S1_S2_sequence,LSTM,3,No crop/Fallow,Wheat
307,A3_S1_S2_sequence,LSTM,3,No crop/Fallow,Lentil
308,A3_S1_S2_sequence,LSTM,3,No crop/Fallow,Lentil
309,A3_S1_S2_sequence,LSTM,3,No crop/Fallow,Lentil
326,A3_S1_S2_sequence,LSTM,3,Wheat,Wheat
327,A3_S1_S2_sequence,LSTM,3,Sugarcane,Sugarcane
328,A3_S1_S2_sequence,LSTM,3,Wheat,Wheat
329,A3_S1_S2_sequence,LSTM,3,Wheat,Wheat
330,A3_S1_S2_sequence,LSTM,3,Wheat,Wheat
331,A3_S1_S2_sequence,LSTM,3,Mustard,Sugarcane
363,A3_S1_S2_sequence,LSTM,3,Mustard,Lentil
364,A3_S1_S2_sequence,LSTM,3,Wheat,Green pea
365,A3_S1_S2_sequence,LSTM,3,No crop/Fallow,Potato
366,A3_S1_S2_sequence,LSTM,3,Wheat,Lentil
367,A3_S1_S2_sequence,LSTM,3,Wheat,Green pea
378,A3_S1_S2_sequence,LSTM,3,Sugarcane,Sugarcane
383,A3_S1_S2_sequence,LSTM,3,Wheat,Lentil
384,A3_S1_S2_sequence,LSTM,3,No crop/Fallow,Sugarcane
385,A3_S1_S2_sequence,LSTM,3,Mustard,Sugarcane
388,A3_S1_S2_sequence,LSTM,3,No crop/Fallow,Bersem
390,A3_S1_S2_sequence,LSTM,3,Wheat,Wheat
421,A3_S1_S2_sequence,LSTM,3,Sugarcane,Sugarcane
423,A3_S1_S2_sequence,LSTM,3,Mustard,Mustard
432,A3_S1_S2_sequence,LSTM,3,Wheat,Lentil
435,A3_S1_S2_sequence,LSTM,3,Wheat,Sugarcane
440,A3_S1_S2_sequence,LSTM,3,Wheat,Wheat
441,A3_S1_S2_sequence,LSTM,3,No crop/Fallow,Lentil
442,A3_S1_S2_sequence,LSTM,3,Mustard,Sugarcane
470,A3_S1_S2_sequence,LSTM,3,Wheat,Wheat
481,A3_S1_S2_sequence,LSTM,3,No crop/Fallow,Lentil
484,A3_S1_S2_sequence,LSTM,3,No crop/Fallow,Bersem
485,A3_S1_S2_sequence,LSTM,3,No crop/Fallow,Sugarcane
486,A3_S1_S2_sequence,LSTM,3,Wheat,Lentil
518,A3_S1_S2_sequence,LSTM,3,Wheat,Lentil
522,A3_S1_S2_sequence,LSTM,3,Wheat,Wheat
523,A3_S1_S2_sequence,LSTM,3,Mustard,Lentil
524,A3_S1_S2_sequence,LSTM,3,Sugarcane,Sugarcane
525,A3_S1_S2_sequence,LSTM,3,No crop/Fallow,Bersem
526,A3_S1_S2_sequence,LSTM,3,No crop/Fallow,Green pea
581,A3_S1_S2_sequence,LSTM,3,Wheat,Lentil
582,A3_S1_S2_sequence,LSTM,3,No crop/Fallow,Lentil
594,A3_S1_S2_sequence,LSTM,3,No crop/Fallow,Wheat
601,A3_S1_S2_sequence,LSTM,3,Wheat,Wheat
602,A3_S1_S2_sequence,LSTM,3,Wheat,Wheat
604,A3_S1_S2_sequence,LSTM,3,Wheat,Lentil
624,A3_S1_S2_sequence,LSTM,3,No crop/Fallow,Sugarcane
625,A3_S1_S2_sequence,LSTM,3,No crop/Fallow,Sugarcane
627,A3_S1_S2_sequence,LSTM,3,No crop/Fallow,Sugarcane
629,A3_S1_S2_sequence,LSTM,3,Wheat,Wheat
634,A3_S1_S2_sequence,LSTM,3,Sugarcane,Sugarcane
637,A3_S1_S2_sequence,LSTM,3,Wheat,Lentil
638,A3_S1_S2_sequence,LSTM,3,Mustard,Lentil
649,A3_S1_S2_sequence,LSTM,3,No crop/Fallow,Wheat
653,A3_S1_S2_sequence,LSTM,3,No crop/Fallow,Lentil
654,A3_S1_S2_sequence,LSTM,3,No crop/Fallow,Lentil
655,A3_S1_S2_sequence,LSTM,3,Mustard,Lentil
674,A3_S1_S2_sequence,LSTM,3,Mustard,Lentil
676,A3_S1_S2_sequence,LSTM,3,Wheat,Wheat
680,A3_S1_S2_sequence,LSTM,3,Wheat,Lentil
681,A3_S1_S2_sequence,LSTM,3,Wheat,Lentil
688,A3_S1_S2_sequence,LSTM,3,No crop/Fallow,Lentil
689,A3_S1_S2_sequence,LSTM,3,No crop/Fallow,Mustard
690,A3_S1_S2_sequence,LSTM,3,No crop/Fallow,Lentil
691,A3_S1_S2_sequence,LSTM,3,Wheat,Lentil
692,A3_S1_S2_sequence,LSTM,3,Mustard,Lentil
697,A3_S1_S2_sequence,LSTM,3,Sugarcane,Sugarcane
698,A3_S1_S2_sequence,LSTM,3,Wheat,Sugarcane
702,A3_S1_S2_sequence,LSTM,3,No crop/Fallow,Coriander
703,A3_S1_S2_sequence,LSTM,3,Wheat,Lentil
704,A3_S1_S2_sequence,LSTM,3,No crop/Fallow,Coriander
705,A3_S1_S2_sequence,LSTM,3,No crop/Fallow,Lentil
706,A3_S1_S2_sequence,LSTM,3,No crop/Fallow,Lentil
707,A3_S1_S2_sequence,LSTM,3,No crop/Fallow,Lentil
717,A3_S1_S2_sequence,LSTM,3,Wheat,Wheat
718,A3_S1_S2_sequence,LSTM,3,Mustard,Mustard
719,A3_S1_S2_sequence,LSTM,3,Sugarcane,Sugarcane
720,A3_S1_S2_sequence,LSTM,3,No crop/Fallow,Sugarcane
727,A3_S1_S2_sequence,LSTM,3,Wheat,Wheat
728,A3_S1_S2_sequence,LSTM,3,Wheat,Wheat
731,A3_S1_S2_sequence,LSTM,3,Wheat,Lentil
733,A3_S1_S2_sequence,LSTM,3,Mustard,Sugarcane
735,A3_S1_S2_sequence,LSTM,3,Wheat,Sugarcane
736,A3_S1_S2_sequence,LSTM,3,Wheat,Wheat
739,A3_S1_S2_sequence,LSTM,3,No crop/Fallow,Potato
740,A3_S1_S2_sequence,LSTM,3,Mustard,Lentil
746,A3_S1_S2_sequence,LSTM,3,Green pea,Coriander
747,A3_S1_S2_sequence,LSTM,3,Wheat,Wheat
749,A3_S1_S2_sequence,LSTM,3,Lentil,Lentil
750,A3_S1_S2_sequence,LSTM,3,Wheat,Lentil
751,A3_S1_S2_sequence,LSTM,3,Wheat,Mustard
756,A3_S1_S2_sequence,LSTM,3,Sugarcane,Sugarcane
757,A3_S1_S2_sequence,LSTM,3,Sugarcane,Sugarcane
762,A3_S1_S2_sequence,LSTM,3,Mustard,Sugarcane
763,A3_S1_S2_sequence,LSTM,3,No crop/Fallow,Sugarcane
764,A3_S1_S2_sequence,LSTM,3,Wheat,Sugarcane
774,A3_S1_S2_sequence,LSTM,3,Mustard,Sugarcane
775,A3_S1_S2_sequence,LSTM,3,Wheat,Sugarcane
777,A3_S1_S2_sequence,LSTM,3,No crop/Fallow,Sugarcane
778,A3_S1_S2_sequence,LSTM,3,Wheat,Wheat
779,A3_S1_S2_sequence,LSTM,3,Mustard,Coriander
780,A3_S1_S2_sequence,LSTM,3,Mustard,Lentil
794,A3_S1_S2_sequence,LSTM,3,Wheat,Wheat
811,A3_S1_S2_sequence,LSTM,3,Sugarcane,Sugarcane
824,A3_S1_S2_sequence,LSTM,3,No crop/Fallow,Lentil
825,A3_S1_S2_sequence,LSTM,3,No crop/Fallow,Coriander
826,A3_S1_S2_sequence,LSTM,3,No crop/Fallow,Potato
827,A3_S1_S2_sequence,LSTM,3,No crop/Fallow,Lentil
828,A3_S1_S2_sequence,LSTM,3,No crop/Fallow,Lentil
835,A3_S1_S2_sequence,LSTM,3,No crop/Fallow,Wheat
837,A3_S1_S2_sequence,LSTM,3,No crop/Fallow,Wheat
838,A3_S1_S2_sequence,LSTM,3,Mustard,Bersem
839,A3_S1_S2_sequence,LSTM,3,Wheat,Wheat
840,A3_S1_S2_sequence,LSTM,3,Wheat,Wheat
868,A3_S1_S2_sequence,LSTM,3,Wheat,Wheat
869,A3_S1_S2_sequence,LSTM,3,Wheat,Green pea
870,A3_S1_S2_sequence,LSTM,3,Wheat,Lentil
871,A3_S1_S2_sequence,LSTM,3,No crop/Fallow,Wheat
872,A3_S1_S2_sequence,LSTM,3,Sugarcane,Sugarcane
879,A3_S1_S2_sequence,LSTM,3,Wheat,Green pea
880,A3_S1_S2_sequence,LSTM,3,No crop/Fallow,Lentil
900,A3_S1_S2_sequence,LSTM,3,No crop/Fallow,Lentil
934,A3_S1_S2_sequence,LSTM,3,Wheat,Wheat
935,A3_S1_S2_sequence,LSTM,3,Sugarcane,Sugarcane
936,A3_S1_S2_sequence,LSTM,3,Mustard,Lentil
937,A3_S1_S2_sequence,LSTM,3,Wheat,Bersem
943,A3_S1_S2_sequence,LSTM,3,Mustard,Lentil
944,A3_S1_S2_sequence,LSTM,3,Wheat,Lentil
952,A3_S1_S2_sequence,LSTM,3,No crop/Fallow,Lentil
953,A3_S1_S2_sequence,LSTM,3,No crop/Fallow,Lentil
954,A3_S1_S2_sequence,LSTM,3,No crop/Fallow,Lentil
955,A3_S1_S2_sequence,LSTM,3,Wheat,Wheat
966,A3_S1_S2_sequence,LSTM,3,Wheat,Wheat
967,A3_S1_S2_sequence,LSTM,3,No crop/Fallow,Sugarcane
968,A3_S1_S2_sequence,LSTM,3,Sugarcane,Sugarcane
969,A3_S1_S2_sequence,LSTM,3,Wheat,Sugarcane
970,A3_S1_S2_sequence,LSTM,3,Wheat,Sugarcane
972,A3_S1_S2_sequence,LSTM,3,Wheat,Lentil
974,A3_S1_S2_sequence,LSTM,3,Wheat,Wheat
975,A3_S1_S2_sequence,LSTM,3,Wheat,Wheat
987,A3_S1_S2_sequence,LSTM,3,No crop/Fallow,Wheat
988,A3_S1_S2_sequence,LSTM,3,Wheat,Lentil
990,A3_S1_S2_sequence,LSTM,3,No crop/Fallow,Lentil
991,A3_S1_S2_sequence,LSTM,3,Wheat,Wheat
992,A3_S1_S2_sequence,LSTM,3,Lentil,Lentil
994,A3_S1_S2_sequence,LSTM,3,No crop/Fallow,Wheat
995,A3_S1_S2_sequence,LSTM,3,No crop/Fallow,Wheat
996,A3_S1_S2_sequence,LSTM,3,No crop/Fallow,Wheat
997,A3_S1_S2_sequence,LSTM,3,No crop/Fallow,Wheat
998,A3_S1_S2_sequence,LSTM,3,No crop/Fallow,Lentil
999,A3_S1_S2_sequence,LSTM,3,Wheat,Green pea
1028,A3_S1_S2_sequence,LSTM,3,No crop/Fallow,Bersem
1029,A3_S1_S2_sequence,LSTM,3,Wheat,Wheat
1030,A3_S1_S2_sequence,LSTM,3,No crop/Fallow,Lentil
1031,A3_S1_S2_sequence,LSTM,3,Mustard,Sugarcane
1037,A3_S1_S2_sequence,LSTM,3,No crop/Fallow,Lentil
1038,A3_S1_S2_sequence,LSTM,3,No crop/Fallow,Wheat
1039,A3_S1_S2_sequence,LSTM,3,No crop/Fallow,Lentil
1047,A3_S1_S2_sequence,LSTM,3,Wheat,Wheat
1048,A3_S1_S2_sequence,LSTM,3,Wheat,Wheat
1080,A3_S1_S2_sequence,LSTM,3,Wheat,Lentil
1081,A3_S1_S2_sequence,LSTM,3,Mustard,Lentil
1082,A3_S1_S2_sequence,LSTM,3,Wheat,Lentil
1083,A3_S1_S2_sequence,LSTM,3,Bersem,Lentil
1084,A3_S1_S2_sequence,LSTM,3,Mustard,Wheat
1089,A3_S1_S2_sequence,LSTM,3,Mustard,Lentil
1091,A3_S1_S2_sequence,LSTM,3,No crop/Fallow,Sugarcane
1093,A3_S1_S2_sequence,LSTM,3,Wheat,Lentil
1094,A3_S1_S2_sequence,LSTM,3,No crop/Fallow,Lentil
1100,A3_S1_S2_sequence,LSTM,3,Mustard,Lentil
1102,A3_S1_S2_sequence,LSTM,3,Wheat,Wheat
1117,A3_S1_S2_sequence,LSTM,3,Wheat,Wheat
1118,A3_S1_S2_sequence,LSTM,3,Wheat,Lentil
1119,A3_S1_S2_sequence,LSTM,3,Wheat,Wheat
1121,A3_S1_S2_sequence,LSTM,3,No crop/Fallow,Wheat
1130,A3_S1_S2_sequence,LSTM,3,Wheat,Wheat
1131,A3_S1_S2_sequence,LSTM,3,Lentil,Mustard
1132,A3_S1_S2_sequence,LSTM,3,No crop/Fallow,Wheat
1134,A3_S1_S2_sequence,LSTM,3,Wheat,Wheat
1135,A3_S1_S2_sequence,LSTM,3,Lentil,Lentil
1136,A3_S1_S2_sequence,LSTM,3,Wheat,Lentil
1137,A3_S1_S2_sequence,LSTM,3,Wheat,Lentil
1138,A3_S1_S2_sequence,LSTM,3,Mustard,Sugarcane
1157,A3_S1_S2_sequence,LSTM,3,No crop/Fallow,Wheat
1158,A3_S1_S2_sequence,LSTM,3,No crop/Fallow,Lentil
1161,A3_S1_S2_sequence,LSTM,3,Wheat,Wheat
1178,A3_S1_S2_sequence,LSTM,3,No crop/Fallow,Sugarcane
1179,A3_S1_S2_sequence,LSTM,3,Wheat,Wheat
1180,A3_S1_S2_sequence,LSTM,3,Wheat,Wheat
1181,A3_S1_S2_sequence,LSTM,3,Wheat,Wheat
1220,A3_S1_S2_sequence,LSTM,3,No crop/Fallow,Gram
1222,A3_S1_S2_sequence,LSTM,3,Sugarcane,Sugarcane
1223,A3_S1_S2_sequence,LSTM,3,Sugarcane,Sugarcane
1224,A3_S1_S2_sequence,LSTM,3,Wheat,Lentil
1225,A3_S1_S2_sequence,LSTM,3,Mustard,Lentil
1226,A3_S1_S2_sequence,LSTM,3,Wheat,Wheat
1230,A3_S1_S2_sequence,LSTM,3,Mustard,Sugarcane
1232,A3_S1_S2_sequence,LSTM,3,Wheat,Wheat
1253,A3_S1_S2_sequence,LSTM,3,Wheat,Wheat
1255,A3_S1_S2_sequence,LSTM,3,Wheat,Wheat
1256,A3_S1_S2_sequence,LSTM,3,No crop/Fallow,Wheat
1257,A3_S1_S2_sequence,LSTM,3,No crop/Fallow,Wheat
1258,A3_S1_S2_sequence,LSTM,3,No crop/Fallow,Lentil
1259,A3_S1_S2_sequence,LSTM,3,No crop/Fallow,Lentil
1260,A3_S1_S2_sequence,LSTM,3,Wheat,Wheat
1261,A3_S1_S2_sequence,LSTM,3,No crop/Fallow,Wheat
1268,A3_S1_S2_sequence,LSTM,3,Sugarcane,Lentil
1269,A3_S1_S2_sequence,LSTM,3,Wheat,Wheat
1270,A3_S1_S2_sequence,LSTM,3,Wheat,Lentil
1271,A3_S1_S2_sequence,LSTM,3,Wheat,Lentil
1272,A3_S1_S2_sequence,LSTM,3,Wheat,Lentil
1293,A3_S1_S2_sequence,LSTM,3,No crop/Fallow,Wheat
1294,A3_S1_S2_sequence,LSTM,3,No crop/Fallow,Wheat
1300,A3_S1_S2_sequence,LSTM,3,Lentil,Lentil
1301,A3_S1_S2_sequence,LSTM,3,Mustard,Lentil
1308,A3_S1_S2_sequence,LSTM,3,No crop/Fallow,Lentil
1311,A3_S1_S2_sequence,LSTM,3,No crop/Fallow,Lentil
1313,A3_S1_S2_sequence,LSTM,3,No crop/Fallow,Lentil
1319,A3_S1_S2_sequence,LSTM,3,Wheat,Wheat
1320,A3_S1_S2_sequence,LSTM,3,Lentil,Lentil
1321,A3_S1_S2_sequence,LSTM,3,Lentil,Wheat
1332,A3_S1_S2_sequence,LSTM,3,Lentil,Lentil
1350,A3_S1_S2_sequence,LSTM,3,Wheat,Wheat
1351,A3_S1_S2_sequence,LSTM,3,No crop/Fallow,Lentil
1357,A3_S1_S2_sequence,LSTM,3,No crop/Fallow,Wheat
1358,A3_S1_S2_sequence,LSTM,3,No crop/Fallow,Wheat
1359,A3_S1_S2_sequence,LSTM,3,No crop/Fallow,Lentil
1360,A3_S1_S2_sequence,LSTM,3,No crop/Fallow,Lentil
1361,A3_S1_S2_sequence,LSTM,3,No crop/Fallow,Green pea
1363,A3_S1_S2_sequence,LSTM,3,Wheat,Wheat
1364,A3_S1_S2_sequence,LSTM,3,Wheat,Mustard
1365,A3_S1_S2_sequence,LSTM,3,Lentil,Lentil
1366,A3_S1_S2_sequence,LSTM,3,Wheat,Wheat
1367,A3_S1_S2_sequence,LSTM,3,Wheat,Wheat
1372,A3_S1_S2_sequence,LSTM,3,Green pea,Wheat
1373,A3_S1_S2_sequence,LSTM,3,Sugarcane,Sugarcane
1374,A3_S1_S2_sequence,LSTM,3,Wheat,Wheat
1397,A3_S1_S2_sequence,LSTM,3,No crop/Fallow,Lentil
1399,A3_S1_S2_sequence,LSTM,3,No crop/Fallow,Lentil
1400,A3_S1_S2_sequence,LSTM,3,Wheat,Wheat
1401,A3_S1_S2_sequence,LSTM,3,Wheat,Lentil
1408,A3_S1_S2_sequence,LSTM,3,No crop/Fallow,Wheat
1409,A3_S1_S2_sequence,LSTM,3,No crop/Fallow,Wheat
1410,A3_S1_S2_sequence,LSTM,3,No crop/Fallow,Wheat
1411,A3_S1_S2_sequence,LSTM,3,No crop/Fallow,Wheat
1413,A3_S1_S2_sequence,LSTM,3,No crop/Fallow,Lentil
1418,A3_S1_S2_sequence,LSTM,3,No crop/Fallow,No crop/Fallow
1419,A3_S1_S2_sequence,LSTM,3,No crop/Fallow,Lentil
1426,A3_S1_S2_sequence,LSTM,3,No crop/Fallow,Green pea
1427,A3_S1_S2_sequence,LSTM,3,No crop/Fallow,Green pea
1428,A3_S1_S2_sequence,LSTM,3,No crop/Fallow,Green pea
1429,A3_S1_S2_sequence,LSTM,3,No crop/Fallow,Wheat
1430,A3_S1_S2_sequence,LSTM,3,No crop/Fallow,Green pea
1443,A3_S1_S2_sequence,LSTM,3,Lentil,Lentil
1444,A3_S1_S2_sequence,LSTM,3,Wheat,Wheat
1460,A3_S1_S2_sequence,LSTM,3,Garlic,Sugarcane
1461,A3_S1_S2_sequence,LSTM,3,Wheat,Wheat
1462,A3_S1_S2_sequence,LSTM,3,No crop/Fallow,Sugarcane
1488,A3_S1_S2_sequence,LSTM,3,No crop/Fallow,Sugarcane
1490,A3_S1_S2_sequence,LSTM,3,Wheat,Lentil
1491,A3_S1_S2_sequence,LSTM,3,No crop/Fallow,Wheat
1492,A3_S1_S2_sequence,LSTM,3,Wheat,Lentil
1502,A3_S1_S2_sequence,LSTM,3,No crop/Fallow,Lentil
1503,A3_S1_S2_sequence,LSTM,3,No crop/Fallow,Lentil
1506,A3_S1_S2_sequence,LSTM,3,No crop/Fallow,Lentil
1507,A3_S1_S2_sequence,LSTM,3,Wheat,Lentil
1513,A3_S1_S2_sequence,LSTM,3,Wheat,Wheat
1519,A3_S1_S2_sequence,LSTM,3,Mustard,Sugarcane
1521,A3_S1_S2_sequence,LSTM,3,Wheat,Wheat
1522,A3_S1_S2_sequence,LSTM,3,Mustard,Sugarcane
1533,A3_S1_S2_sequence,LSTM,3,Wheat,Lentil
1535,A3_S1_S2_sequence,LSTM,3,Sugarcane,Sugarcane
1539,A3_S1_S2_sequence,LSTM,3,Wheat,Wheat
1540,A3_S1_S2_sequence,LSTM,3,Wheat,Wheat
1541,A3_S1_S2_sequence,LSTM,3,Mustard,Lentil
1547,A3_S1_S2_sequence,LSTM,3,No crop/Fallow,Wheat
1548,A3_S1_S2_sequence,LSTM,3,No crop/Fallow,Lentil
1549,A3_S1_S2_sequence,LSTM,3,Lentil,Wheat
1550,A3_S1_S2_sequence,LSTM,3,Wheat,Wheat
1551,A3_S1_S2_sequence,LSTM,3,Wheat,Bersem
1552,A3_S1_S2_sequence,LSTM,3,Wheat,Lentil
1561,A3_S1_S2_sequence,LSTM,3,Wheat,Lentil
1573,A3_S1_S2_sequence,LSTM,3,Wheat,Wheat
1575,A3_S1_S2_sequence,LSTM,3,Wheat,Wheat
1580,A3_S1_S2_sequence,LSTM,3,No crop/Fallow,Lentil
1582,A3_S1_S2_sequence,LSTM,3,No crop/Fallow,Sugarcane
1583,A3_S1_S2_sequence,LSTM,3,No crop/Fallow,Sugarcane
1585,A3_S1_S2_sequence,LSTM,3,Wheat,Lentil
1589,A3_S1_S2_sequence,LSTM,3,Mustard,Lentil
1596,A3_S1_S2_sequence,LSTM,3,No crop/Fallow,Lentil
1598,A3_S1_S2_sequence,LSTM,3,Wheat,Lentil
1599,A3_S1_S2_sequence,LSTM,3,No crop/Fallow,Lentil
1603,A3_S1_S2_sequence,LSTM,3,Wheat,Sugarcane
1605,A3_S1_S2_sequence,LSTM,3,Wheat,Wheat
1606,A3_S1_S2_sequence,LSTM,3,Mustard,Garlic
1610,A3_S1_S2_sequence,LSTM,3,No crop/Fallow,Green pea
1611,A3_S1_S2_sequence,LSTM,3,No crop/Fallow,Wheat
1613,A3_S1_S2_sequence,LSTM,3,No crop/Fallow,Wheat
1614,A3_S1_S2_sequence,LSTM,3,No crop/Fallow,Mustard
1626,A3_S1_S2_sequence,LSTM,3,No crop/Fallow,Sugarcane
1627,A3_S1_S2_sequence,LSTM,3,No crop/Fallow,Mustard
1628,A3_S1_S2_sequence,LSTM,3,No crop/Fallow,Sugarcane
1631,A3_S1_S2_sequence,LSTM,3,Sugarcane,Sugarcane
1639,A3_S1_S2_sequence,LSTM,3,No crop/Fallow,Lentil
1658,A3_S1_S2_sequence,LSTM,3,Wheat,Sugarcane
1677,A3_S1_S2_sequence,LSTM,3,No crop/Fallow,Lentil
1679,A3_S1_S2_sequence,LSTM,3,No crop/Fallow,Wheat
1680,A3_S1_S2_sequence,LSTM,3,No crop/Fallow,Lentil
1690,A3_S1_S2_sequence,LSTM,3,Wheat,Wheat
1703,A3_S1_S2_sequence,LSTM,3,Sugarcane,Sugarcane
1736,A3_S1_S2_sequence,LSTM,3,Wheat,Wheat
1743,A3_S1_S2_sequence,LSTM,3,Wheat,Wheat
1744,A3_S1_S2_sequence,LSTM,3,Wheat,Wheat
1745,A3_S1_S2_sequence,LSTM,3,Wheat,Wheat
1746,A3_S1_S2_sequence,LSTM,3,Wheat,Wheat
1799,A3_S1_S2_sequence,LSTM,3,Mustard,Wheat
1800,A3_S1_S2_sequence,LSTM,3,Mustard,Mustard
1805,A3_S1_S2_sequence,LSTM,3,Wheat,Wheat
1811,A3_S1_S2_sequence,LSTM,3,Mustard,Lentil
1812,A3_S1_S2_sequence,LSTM,3,Lentil,Lentil
1813,A3_S1_S2_sequence,LSTM,3,Coriander,Lentil
1814,A3_S1_S2_sequence,LSTM,3,Mustard,Lentil
1815,A3_S1_S2_sequence,LSTM,3,Coriander,Lentil
1827,A3_S1_S2_sequence,LSTM,3,Wheat,Sugarcane
1829,A3_S1_S2_sequence,LSTM,3,Wheat,Wheat
1860,A3_S1_S2_sequence,LSTM,3,Coriander,Lentil
1863,A3_S1_S2_sequence,LSTM,3,Wheat,Sugarcane
1864,A3_S1_S2_sequence,LSTM,3,Wheat,Wheat
1867,A3_S1_S2_sequence,LSTM,3,No crop/Fallow,Sugarcane
1873,A3_S1_S2_sequence,LSTM,3,Wheat,Wheat
1875,A3_S1_S2_sequence,LSTM,3,Wheat,Bersem
1876,A3_S1_S2_sequence,LSTM,3,Wheat,Potato
1883,A3_S1_S2_sequence,LSTM,3,Wheat,Wheat
1892,A3_S1_S2_sequence,LSTM,3,Mustard,Mustard
1899,A3_S1_S2_sequence,LSTM,3,Wheat,Wheat
1900,A3_S1_S2_sequence,LSTM,3,Wheat,Wheat
1901,A3_S1_S2_sequence,LSTM,3,Wheat,Wheat
1902,A3_S1_S2_sequence,LSTM,3,Wheat,Green pea
1903,A3_S1_S2_sequence,LSTM,3,Wheat,Wheat
1905,A3_S1_S2_sequence,LSTM,3,No crop/Fallow,Lentil
1906,A3_S1_S2_sequence,LSTM,3,Wheat,Wheat
1919,A3_S1_S2_sequence,LSTM,3,Sugarcane,Lentil
1920,A3_S1_S2_sequence,LSTM,3,Wheat,Bersem
1921,A3_S1_S2_sequence,LSTM,3,Lentil,Wheat
1922,A3_S1_S2_sequence,LSTM,3,Wheat,Wheat
1923,A3_S1_S2_sequence,LSTM,3,Mustard,Mustard
1924,A3_S1_S2_sequence,LSTM,3,Mustard,Mustard
1936,A3_S1_S2_sequence,LSTM,3,Wheat,Wheat
1940,A3_S1_S2_sequence,LSTM,3,Wheat,Wheat
1941,A3_S1_S2_sequence,LSTM,3,Wheat,Wheat
1942,A3_S1_S2_sequence,LSTM,3,Wheat,Wheat
1943,A3_S1_S2_sequence,LSTM,3,No crop/Fallow,Sugarcane
1944,A3_S1_S2_sequence,LSTM,3,Wheat,Wheat
1946,A3_S1_S2_sequence,LSTM,3,Mustard,Lentil
1950,A3_S1_S2_sequence,LSTM,3,Wheat,Wheat
1956,A3_S1_S2_sequence,LSTM,3,Wheat,Wheat
1957,A3_S1_S2_sequence,LSTM,3,Wheat,Wheat
1958,A3_S1_S2_sequence,LSTM,3,Wheat,Wheat
1959,A3_S1_S2_sequence,LSTM,3,Wheat,Wheat
1965,A3_S1_S2_sequence,LSTM,3,Lentil,Lentil
1966,A3_S1_S2_sequence,LSTM,3,Green pea,Bersem
1967,A3_S1_S2_sequence,LSTM,3,Mustard,Lentil
1968,A3_S1_S2_sequence,LSTM,3,Wheat,Wheat
1979,A3_S1_S2_sequence,LSTM,3,Wheat,Wheat
1986,A3_S1_S2_sequence,LSTM,3,No crop/Fallow,Lentil
1988,A3_S1_S2_sequence,LSTM,3,Mustard,Green pea
1991,A3_S1_S2_sequence,LSTM,3,Wheat,Wheat
1992,A3_S1_S2_sequence,LSTM,3,Wheat,Wheat
2001,A3_S1_S2_sequence,LSTM,3,No crop/Fallow,Green pea
2002,A3_S1_S2_sequence,LSTM,3,Wheat,Wheat
2003,A3_S1_S2_sequence,LSTM,3,Mustard,Lentil
2004,A3_S1_S2_sequence,LSTM,3,Mustard,Lentil
2005,A3_S1_S2_sequence,LSTM,3,Mustard,Lentil
2006,A3_S1_S2_sequence,LSTM,3,Wheat,Wheat
2007,A3_S1_S2_sequence,LSTM,3,Wheat,Wheat
2008,A3_S1_S2_sequence,LSTM,3,Mustard,Wheat
2009,A3_S1_S2_sequence,LSTM,3,Lentil,Wheat
2015,A3_S1_S2_sequence,LSTM,3,Mustard,Lentil
2016,A3_S1_S2_sequence,LSTM,3,Mustard,Lentil
2017,A3_S1_S2_sequence,LSTM,3,Mustard,Lentil
2019,A3_S1_S2_sequence,LSTM,3,Wheat,Mustard
2021,A3_S1_S2_sequence,LSTM,3,Wheat,Wheat
2022,A3_S1_S2_sequence,LSTM,3,Wheat,Wheat
2050,A3_S1_S2_sequence,LSTM,3,Wheat,Bersem
2051,A3_S1_S2_sequence,LSTM,3,Wheat,Wheat
2052,A3_S1_S2_sequence,LSTM,3,Wheat,Sugarcane
2053,A3_S1_S2_sequence,LSTM,3,Wheat,Wheat
2054,A3_S1_S2_sequence,LSTM,3,Wheat,Potato
2055,A3_S1_S2_sequence,LSTM,3,Wheat,Wheat
2056,A3_S1_S2_sequence,LSTM,3,Lentil,Wheat
2060,A3_S1_S2_sequence,LSTM,3,Wheat,Wheat
2062,A3_S1_S2_sequence,LSTM,3,Wheat,Wheat
2078,A3_S1_S2_sequence,LSTM,3,Wheat,Wheat
2117,A3_S1_S2_sequence,LSTM,3,No crop/Fallow,Wheat
2118,A3_S1_S2_sequence,LSTM,3,Wheat,Sugarcane
2130,A3_S1_S2_sequence,LSTM,3,Wheat,Wheat
2131,A3_S1_S2_sequence,LSTM,3,Wheat,Wheat
2145,A3_S1_S2_sequence,LSTM,3,Wheat,Lentil
2159,A3_S1_S2_sequence,LSTM,3,Wheat,Wheat
2174,A3_S1_S2_sequence,LSTM,3,Wheat,Wheat
2182,A3_S1_S2_sequence,LSTM,3,Wheat,Lentil
2183,A3_S1_S2_sequence,LSTM,3,Mustard,Lentil
2185,A3_S1_S2_sequence,LSTM,3,Wheat,Lentil
2186,A3_S1_S2_sequence,LSTM,3,Wheat,Lentil
2187,A3_S1_S2_sequence,LSTM,3,Wheat,Wheat
2188,A3_S1_S2_sequence,LSTM,3,Lentil,Lentil
2189,A3_S1_S2_sequence,LSTM,3,Wheat,Mustard
2190,A3_S1_S2_sequence,LSTM,3,Lentil,Sugarcane
2217,A3_S1_S2_sequence,LSTM,3,Wheat,Lentil
2218,A3_S1_S2_sequence,LSTM,3,Wheat,Wheat
2219,A3_S1_S2_sequence,LSTM,3,Wheat,Lentil
2220,A3_S1_S2_sequence,LSTM,3,Wheat,Wheat
2221,A3_S1_S2_sequence,LSTM,3,Wheat,Wheat
2228,A3_S1_S2_sequence,LSTM,3,Wheat,Wheat
2229,A3_S1_S2_sequence,LSTM,3,Wheat,Wheat
2234,A3_S1_S2_sequence,LSTM,3,Wheat,Wheat
2236,A3_S1_S2_sequence,LSTM,3,Wheat,Wheat
2243,A3_S1_S2_sequence,LSTM,3,Wheat,Lentil
2245,A3_S1_S2_sequence,LSTM,3,Wheat,Wheat
2246,A3_S1_S2_sequence,LSTM,3,Wheat,Wheat
2247,A3_S1_S2_sequence,LSTM,3,Wheat,Wheat
2259,A3_S1_S2_sequence,LSTM,3,Wheat,Wheat
2280,A3_S1_S2_sequence,LSTM,3,Wheat,Wheat
2281,A3_S1_S2_sequence,LSTM,3,Sugarcane,Sugarcane
2282,A3_S1_S2_sequence,LSTM,3,Sugarcane,Sugarcane
2283,A3_S1_S2_sequence,LSTM,3,Wheat,Lentil
2285,A3_S1_S2_sequence,LSTM,3,Wheat,Potato
2286,A3_S1_S2_sequence,LSTM,3,Wheat,Wheat
2317,A3_S1_S2_sequence,LSTM,3,Wheat,Wheat
2318,A3_S1_S2_sequence,LSTM,3,Wheat,Wheat
2319,A3_S1_S2_sequence,LSTM,3,Wheat,Lentil
2324,A3_S1_S2_sequence,LSTM,3,Sugarcane,Sugarcane
2339,A3_S1_S2_sequence,LSTM,3,No crop/Fallow,Lentil
2340,A3_S1_S2_sequence,LSTM,3,No crop/Fallow,Lentil
2341,A3_S1_S2_sequence,LSTM,3,Wheat,Wheat
2361,A3_S1_S2_sequence,LSTM,3,Wheat,Green pea
2362,A3_S1_S2_sequence,LSTM,3,Wheat,Wheat
2363,A3_S1_S2_sequence,LSTM,3,Wheat,Wheat
2364,A3_S1_S2_sequence,LSTM,3,Mustard,Wheat
2365,A3_S1_S2_sequence,LSTM,3,Wheat,Bersem
2366,A3_S1_S2_sequence,LSTM,3,Mustard,Sugarcane
2390,A3_S1_S2_sequence,LSTM,3,Wheat,Wheat
2392,A3_S1_S2_sequence,LSTM,3,Wheat,Wheat
2393,A3_S1_S2_sequence,LSTM,3,Lentil,Lentil
2394,A3_S1_S2_sequence,LSTM,3,Wheat,Green pea
2395,A3_S1_S2_sequence,LSTM,3,Wheat,Wheat
2397,A3_S1_S2_sequence,LSTM,3,Mustard,Lentil
2401,A3_S1_S2_sequence,LSTM,3,Wheat,Wheat
2402,A3_S1_S2_sequence,LSTM,3,Wheat,Wheat
2403,A3_S1_S2_sequence,LSTM,3,Wheat,Wheat
2404,A3_S1_S2_sequence,LSTM,3,Wheat,Wheat
2415,A3_S1_S2_sequence,LSTM,3,Wheat,Lentil
2417,A3_S1_S2_sequence,LSTM,3,No crop/Fallow,Sugarcane
2418,A3_S1_S2_sequence,LSTM,3,Green pea,Lentil
2419,A3_S1_S2_sequence,LSTM,3,Mustard,Lentil
2440,A3_S1_S2_sequence,LSTM,3,Wheat,Wheat
2444,A3_S1_S2_sequence,LSTM,3,Wheat,Wheat
2449,A3_S1_S2_sequence,LSTM,3,Mustard,Sugarcane
2450,A3_S1_S2_sequence,LSTM,3,Wheat,Wheat
2451,A3_S1_S2_sequence,LSTM,3,Wheat,Lentil
2452,A3_S1_S2_sequence,LSTM,3,Wheat,Wheat
2453,A3_S1_S2_sequence,LSTM,3,Wheat,Wheat
2454,A3_S1_S2_sequence,LSTM,3,Wheat,Wheat
2464,A3_S1_S2_sequence,LSTM,3,Green pea,Wheat
2465,A3_S1_S2_sequence,LSTM,3,Wheat,Wheat
2466,A3_S1_S2_sequence,LSTM,3,Lentil,Green pea
2492,A3_S1_S2_sequence,LSTM,3,Mustard,Sugarcane
2493,A3_S1_S2_sequence,LSTM,3,Wheat,Wheat
2523,A3_S1_S2_sequence,LSTM,3,Wheat,Lentil
2543,A3_S1_S2_sequence,LSTM,3,Wheat,Wheat
2544,A3_S1_S2_sequence,LSTM,3,Lentil,Mustard
2558,A3_S1_S2_sequence,LSTM,3,Wheat,Wheat
2559,A3_S1_S2_sequence,LSTM,3,Mustard,Wheat
2560,A3_S1_S2_sequence,LSTM,3,Wheat,Lentil
2561,A3_S1_S2_sequence,LSTM,3,Sugarcane,Sugarcane
2562,A3_S1_S2_sequence,LSTM,3,Wheat,Wheat
2563,A3_S1_S2_sequence,LSTM,3,No crop/Fallow,Green pea
2566,A3_S1_S2_sequence,LSTM,3,Wheat,Lentil
2567,A3_S1_S2_sequence,LSTM,3,No crop/Fallow,Lentil
2568,A3_S1_S2_sequence,LSTM,3,Wheat,Wheat
2600,A3_S1_S2_sequence,LSTM,3,Wheat,Wheat
2601,A3_S1_S2_sequence,LSTM,3,Wheat,Wheat
2602,A3_S1_S2_sequence,LSTM,3,Wheat,Wheat
2603,A3_S1_S2_sequence,LSTM,3,Wheat,Wheat
2608,A3_S1_S2_sequence,LSTM,3,Wheat,Wheat
2609,A3_S1_S2_sequence,LSTM,3,Lentil,Lentil
2615,A3_S1_S2_sequence,LSTM,3,Sugarcane,Sugarcane
2616,A3_S1_S2_sequence,LSTM,3,Wheat,Wheat
2617,A3_S1_S2_sequence,LSTM,3,Sugarcane,Lentil
2636,A3_S1_S2_sequence,LSTM,3,Wheat,Wheat
2637,A3_S1_S2_sequence,LSTM,3,Sugarcane,Sugarcane
2638,A3_S1_S2_sequence,LSTM,3,Mustard,Lentil
2680,A3_S1_S2_sequence,LSTM,3,Wheat,Wheat
2681,A3_S1_S2_sequence,LSTM,3,Wheat,Wheat
2682,A3_S1_S2_sequence,LSTM,3,Wheat,Wheat
2689,A3_S1_S2_sequence,LSTM,3,Mustard,Lentil
2690,A3_S1_S2_sequence,LSTM,3,Mustard,Lentil
2691,A3_S1_S2_sequence,LSTM,3,Wheat,Wheat
2692,A3_S1_S2_sequence,LSTM,3,Wheat,Wheat
2693,A3_S1_S2_sequence,LSTM,3,Wheat,Wheat
2694,A3_S1_S2_sequence,LSTM,3,Mustard,Green pea
2709,A3_S1_S2_sequence,LSTM,3,Wheat,Wheat
2710,A3_S1_S2_sequence,LSTM,3,Wheat,Lentil
2712,A3_S1_S2_sequence,LSTM,3,Mustard,Lentil
2716,A3_S1_S2_sequence,LSTM,3,Wheat,Wheat
2727,A3_S1_S2_sequence,LSTM,3,Wheat,Wheat
2728,A3_S1_S2_sequence,LSTM,3,Wheat,Lentil
2729,A3_S1_S2_sequence,LSTM,3,Wheat,Wheat
2730,A3_S1_S2_sequence,LSTM,3,Wheat,Wheat
2731,A3_S1_S2_sequence,LSTM,3,Wheat,Wheat
2740,A3_S1_S2_sequence,LSTM,3,Mustard,Lentil
2741,A3_S1_S2_sequence,LSTM,3,Wheat,Wheat
2763,A3_S1_S2_sequence,LSTM,3,Mustard,Mustard
2764,A3_S1_S2_sequence,LSTM,3,Wheat,Green pea
2782,A3_S1_S2_sequence,LSTM,3,Wheat,Wheat
2785,A3_S1_S2_sequence,LSTM,3,Wheat,Wheat
2796,A3_S1_S2_sequence,LSTM,3,Wheat,Wheat
2811,A3_S1_S2_sequence,LSTM,3,Wheat,Wheat
2838,A3_S1_S2_sequence,LSTM,3,Wheat,Wheat
2839,A3_S1_S2_sequence,LSTM,3,Wheat,Wheat
2840,A3_S1_S2_sequence,LSTM,3,Wheat,Wheat
2853,A3_S1_S2_sequence,LSTM,3,Wheat,Wheat
2854,A3_S1_S2_sequence,LSTM,3,Wheat,Wheat
2855,A3_S1_S2_sequence,LSTM,3,Wheat,Wheat
2856,A3_S1_S2_sequence,LSTM,3,Wheat,Wheat
2871,A3_S1_S2_sequence,LSTM,3,Mustard,Green pea
2872,A3_S1_S2_sequence,LSTM,3,Wheat,Wheat
2878,A3_S1_S2_sequence,LSTM,3,Lentil,Green pea
2880,A3_S1_S2_sequence,LSTM,3,Wheat,Wheat
2885,A3_S1_S2_sequence,LSTM,3,Bersem,Sugarcane
2900,A3_S1_S2_sequence,LSTM,3,Mustard,Sugarcane
2901,A3_S1_S2_sequence,LSTM,3,Mustard,Sugarcane
2913,A3_S1_S2_sequence,LSTM,3,No crop/Fallow,Coriander
2914,A3_S1_S2_sequence,LSTM,3,Wheat,Wheat
2915,A3_S1_S2_sequence,LSTM,3,Mustard,Bersem
2920,A3_S1_S2_sequence,LSTM,3,Wheat,Wheat
2921,A3_S1_S2_sequence,LSTM,3,Wheat,Wheat
2929,A3_S1_S2_sequence,LSTM,3,Mustard,Lentil
2930,A3_S1_S2_sequence,LSTM,3,Wheat,Wheat
2931,A3_S1_S2_sequence,LSTM,3,Bersem,Potato
2932,A3_S1_S2_sequence,LSTM,3,Wheat,Wheat
2933,A3_S1_S2_sequence,LSTM,3,Wheat,Wheat
2934,A3_S1_S2_sequence,LSTM,3,Wheat,Wheat
2950,A3_S1_S2_sequence,LSTM,3,Wheat,Lentil
2955,A3_S1_S2_sequence,LSTM,3,Mustard,Green pea
2956,A3_S1_S2_sequence,LSTM,3,Wheat,Wheat
2957,A3_S1_S2_sequence,LSTM,3,Wheat,Wheat
2958,A3_S1_S2_sequence,LSTM,3,Wheat,Wheat
2961,A3_S1_S2_sequence,LSTM,3,Wheat,Sugarcane
3010,A3_S1_S2_sequence,LSTM,3,Wheat,Wheat
3011,A3_S1_S2_sequence,LSTM,3,No crop/Fallow,Bersem
3026,A3_S1_S2_sequence,LSTM,3,Wheat,Wheat
3027,A3_S1_S2_sequence,LSTM,3,Wheat,Wheat
3028,A3_S1_S2_sequence,LSTM,3,Wheat,Wheat
3037,A3_S1_S2_sequence,LSTM,3,Mustard,Sugarcane
3038,A3_S1_S2_sequence,LSTM,3,Mustard,Lentil
3039,A3_S1_S2_sequence,LSTM,3,Sugarcane,Lentil
3050,A3_S1_S2_sequence,LSTM,3,Wheat,Wheat
3051,A3_S1_S2_sequence,LSTM,3,Wheat,Wheat
3058,A3_S1_S2_sequence,LSTM,3,Wheat,Wheat
3068,A3_S1_S2_sequence,LSTM,3,Wheat,Wheat
3069,A3_S1_S2_sequence,LSTM,3,Wheat,Wheat
3070,A3_S1_S2_sequence,LSTM,3,Mustard,Lentil
3085,A3_S1_S2_sequence,LSTM,3,Wheat,Green pea
3086,A3_S1_S2_sequence,LSTM,3,Wheat,Wheat
3105,A3_S1_S2_sequence,LSTM,3,Wheat,Wheat
3106,A3_S1_S2_sequence,LSTM,3,Wheat,Wheat
3107,A3_S1_S2_sequence,LSTM,3,Wheat,No crop/Fallow
3122,A3_S1_S2_sequence,LSTM,3,Wheat,Lentil
3123,A3_S1_S2_sequence,LSTM,3,Wheat,Wheat
3124,A3_S1_S2_sequence,LSTM,3,Wheat,Lentil
3125,A3_S1_S2_sequence,LSTM,3,Wheat,Wheat
3138,A3_S1_S2_sequence,LSTM,3,No crop/Fallow,Lentil
3140,A3_S1_S2_sequence,LSTM,3,Mustard,Coriander
3141,A3_S1_S2_sequence,LSTM,3,Wheat,Green pea
3142,A3_S1_S2_sequence,LSTM,3,Wheat,Wheat
3143,A3_S1_S2_sequence,LSTM,3,Wheat,Green pea
3144,A3_S1_S2_sequence,LSTM,3,Wheat,Wheat
3145,A3_S1_S2_sequence,LSTM,3,Mustard,Lentil
3164,A3_S1_S2_sequence,LSTM,3,No crop/Fallow,Lentil
3165,A3_S1_S2_sequence,LSTM,3,Wheat,Wheat
3166,A3_S1_S2_sequence,LSTM,3,Lentil,Lentil
3178,A3_S1_S2_sequence,LSTM,3,Wheat,Wheat
3193,A3_S1_S2_sequence,LSTM,3,Wheat,Wheat
3194,A3_S1_S2_sequence,LSTM,3,Wheat,Wheat
3206,A3_S1_S2_sequence,LSTM,3,Mustard,Lentil
3207,A3_S1_S2_sequence,LSTM,3,Wheat,Wheat
3208,A3_S1_S2_sequence,LSTM,3,Sugarcane,Lentil
3209,A3_S1_S2_sequence,LSTM,3,Mustard,Lentil
3210,A3_S1_S2_sequence,LSTM,3,Sugarcane,Sugarcane
3223,A3_S1_S2_sequence,LSTM,3,Wheat,Wheat
3225,A3_S1_S2_sequence,LSTM,3,Wheat,Wheat
3253,A3_S1_S2_sequence,LSTM,3,Mustard,Wheat
3254,A3_S1_S2_sequence,LSTM,3,Mustard,Lentil
3264,A3_S1_S2_sequence,LSTM,3,Wheat,Wheat
3265,A3_S1_S2_sequence,LSTM,3,Wheat,Wheat
3287,A3_S1_S2_sequence,LSTM,3,Wheat,Wheat
3293,A3_S1_S2_sequence,LSTM,3,Wheat,Lentil
3312,A3_S1_S2_sequence,LSTM,3,Mustard,Wheat
3313,A3_S1_S2_sequence,LSTM,3,Wheat,Wheat
3314,A3_S1_S2_sequence,LSTM,3,Mustard,Lentil
3317,A3_S1_S2_sequence,LSTM,3,Wheat,Wheat
3318,A3_S1_S2_sequence,LSTM,3,Wheat,Bersem
3338,A3_S1_S2_sequence,LSTM,3,Mustard,Lentil
3339,A3_S1_S2_sequence,LSTM,3,Wheat,Wheat
3340,A3_S1_S2_sequence,LSTM,3,Wheat,Lentil
3350,A3_S1_S2_sequence,LSTM,3,Wheat,Wheat
3351,A3_S1_S2_sequence,LSTM,3,Wheat,Wheat
3362,A3_S1_S2_sequence,LSTM,3,Wheat,Mustard
3363,A3_S1_S2_sequence,LSTM,3,Wheat,Green pea
3367,A3_S1_S2_sequence,LSTM,3,Wheat,Lentil
3369,A3_S1_S2_sequence,LSTM,3,Mustard,Lentil
3370,A3_S1_S2_sequence,LSTM,3,Wheat,Lentil
3371,A3_S1_S2_sequence,LSTM,3,Wheat,Lentil
3372,A3_S1_S2_sequence,LSTM,3,Wheat,Wheat
3373,A3_S1_S2_sequence,LSTM,3,Mustard,Lentil
3374,A3_S1_S2_sequence,LSTM,3,Coriander,Lentil
3375,A3_S1_S2_sequence,LSTM,3,Mustard,Lentil
3376,A3_S1_S2_sequence,LSTM,3,Wheat,Wheat
3380,A3_S1_S2_sequence,LSTM,3,Wheat,Lentil
3381,A3_S1_S2_sequence,LSTM,3,Mustard,Mustard
3389,A3_S1_S2_sequence,LSTM,3,Wheat,Lentil
3390,A3_S1_S2_sequence,LSTM,3,Mustard,Lentil
3395,A3_S1_S2_sequence,LSTM,3,Wheat,Wheat
3414,A3_S1_S2_sequence,LSTM,3,Mustard,Sugarcane
3415,A3_S1_S2_sequence,LSTM,3,Mustard,Sugarcane
3427,A3_S1_S2_sequence,LSTM,3,Wheat,Wheat
3428,A3_S1_S2_sequence,LSTM,3,Mustard,Lentil
3429,A3_S1_S2_sequence,LSTM,3,Wheat,Wheat
3430,A3_S1_S2_sequence,LSTM,3,Mustard,Mustard
3431,A3_S1_S2_sequence,LSTM,3,Wheat,Wheat
3436,A3_S1_S2_sequence,LSTM,3,Mustard,Lentil
3446,A3_S1_S2_sequence,LSTM,3,Wheat,Lentil
3447,A3_S1_S2_sequence,LSTM,3,Wheat,Lentil
3463,A3_S1_S2_sequence,LSTM,3,Wheat,Wheat
3464,A3_S1_S2_sequence,LSTM,3,Wheat,Wheat
3471,A3_S1_S2_sequence,LSTM,3,Wheat,Wheat
3472,A3_S1_S2_sequence,LSTM,3,Wheat,Wheat
3482,A3_S1_S2_sequence,LSTM,3,Wheat,Lentil
3484,A3_S1_S2_sequence,LSTM,3,Wheat,Lentil
3487,A3_S1_S2_sequence,LSTM,3,Wheat,Lentil
3488,A3_S1_S2_sequence,LSTM,3,Wheat,Wheat
3489,A3_S1_S2_sequence,LSTM,3,Wheat,Lentil
3492,A3_S1_S2_sequence,LSTM,3,Mustard,Lentil
3493,A3_S1_S2_sequence,LSTM,3,Wheat,Wheat
3494,A3_S1_S2_sequence,LSTM,3,Wheat,Wheat
3500,A3_S1_S2_sequence,LSTM,3,Wheat,Wheat
3501,A3_S1_S2_sequence,LSTM,3,Wheat,Wheat
3502,A3_S1_S2_sequence,LSTM,3,Wheat,Wheat
3516,A3_S1_S2_sequence,LSTM,3,Mustard,Green pea
3517,A3_S1_S2_sequence,LSTM,3,Wheat,Wheat
3533,A3_S1_S2_sequence,LSTM,3,Wheat,Wheat
3534,A3_S1_S2_sequence,LSTM,3,Lentil,Green pea
3537,A3_S1_S2_sequence,LSTM,3,No crop/Fallow,Lentil
3538,A3_S1_S2_sequence,LSTM,3,Sugarcane,Sugarcane
3539,A3_S1_S2_sequence,LSTM,3,No crop/Fallow,Sugarcane
3540,A3_S1_S2_sequence,LSTM,3,Wheat,Sugarcane
3541,A3_S1_S2_sequence,LSTM,3,Wheat,Wheat
3542,A3_S1_S2_sequence,LSTM,3,Wheat,Wheat
3550,A3_S1_S2_sequence,LSTM,3,Wheat,Wheat
3551,A3_S1_S2_sequence,LSTM,3,Wheat,Wheat
3576,A3_S1_S2_sequence,LSTM,3,Wheat,Wheat
3577,A3_S1_S2_sequence,LSTM,3,Mustard,Sugarcane
3578,A3_S1_S2_sequence,LSTM,3,Mustard,Lentil
3579,A3_S1_S2_sequence,LSTM,3,Lentil,Wheat
3609,A3_S1_S2_sequence,LSTM,3,Wheat,Wheat
3631,A3_S1_S2_sequence,LSTM,3,Bersem,Sugarcane
3632,A3_S1_S2_sequence,LSTM,3,Sugarcane,Lentil
3633,A3_S1_S2_sequence,LSTM,3,Wheat,Lentil
3635,A3_S1_S2_sequence,LSTM,3,No crop/Fallow,Wheat
3640,A3_S1_S2_sequence,LSTM,3,No crop/Fallow,No crop/Fallow
3641,A3_S1_S2_sequence,LSTM,3,No crop/Fallow,No crop/Fallow
3642,A3_S1_S2_sequence,LSTM,3,No crop/Fallow,No crop/Fallow
3648,A3_S1_S2_sequence,LSTM,3,No crop/Fallow,No crop/Fallow
3649,A3_S1_S2_sequence,LSTM,3,No crop/Fallow,Potato
3650,A3_S1_S2_sequence,LSTM,3,No crop/Fallow,No crop/Fallow
3651,A3_S1_S2_sequence,LSTM,3,No crop/Fallow,Green pea
3652,A3_S1_S2_sequence,LSTM,3,No crop/Fallow,Rice
3653,A3_S1_S2_sequence,LSTM,3,No crop/Fallow,Rice
3654,A3_S1_S2_sequence,LSTM,3,No crop/Fallow,Rice
3657,A3_S1_S2_sequence,LSTM,3,No crop/Fallow,Rice
3658,A3_S1_S2_sequence,LSTM,3,No crop/Fallow,No crop/Fallow
3702,A3_S1_S2_sequence,LSTM,3,No crop/Fallow,No crop/Fallow
3703,A3_S1_S2_sequence,LSTM,3,No crop/Fallow,No crop/Fallow
3721,A3_S1_S2_sequence,LSTM,3,No crop/Fallow,No crop/Fallow
3722,A3_S1_S2_sequence,LSTM,3,No crop/Fallow,No crop/Fallow
3727,A3_S1_S2_sequence,LSTM,3,No crop/Fallow,No crop/Fallow
3728,A3_S1_S2_sequence,LSTM,3,No crop/Fallow,No crop/Fallow
3730,A3_S1_S2_sequence,LSTM,3,No crop/Fallow,No crop/Fallow
3737,A3_S1_S2_sequence,LSTM,3,Rice,No crop/Fallow
3739,A3_S1_S2_sequence,LSTM,3,Maize,Rice
3771,A3_S1_S2_sequence,LSTM,3,No crop/Fallow,No crop/Fallow
3772,A3_S1_S2_sequence,LSTM,3,No crop/Fallow,No crop/Fallow
3784,A3_S1_S2_sequence,LSTM,3,No crop/Fallow,No crop/Fallow
3793,A3_S1_S2_sequence,LSTM,3,No crop/Fallow,Green pea
3794,A3_S1_S2_sequence,LSTM,3,No crop/Fallow,Green pea
3808,A3_S1_S2_sequence,LSTM,3,No crop/Fallow,No crop/Fallow
3847,A3_S1_S2_sequence,LSTM,3,No crop/Fallow,No crop/Fallow
3848,A3_S1_S2_sequence,LSTM,3,No crop/Fallow,No crop/Fallow
3849,A3_S1_S2_sequence,LSTM,3,No crop/Fallow,No crop/Fallow
3850,A3_S1_S2_sequence,LSTM,3,No crop/Fallow,Rice
3851,A3_S1_S2_sequence,LSTM,3,No crop/Fallow,No crop/Fallow
3864,A3_S1_S2_sequence,LSTM,3,Rice,No crop/Fallow
3875,A3_S1_S2_sequence,LSTM,3,Rice,Rice
3880,A3_S1_S2_sequence,LSTM,3,Rice,Rice
3922,A3_S1_S2_sequence,LSTM,3,No crop/Fallow,No crop/Fallow
3923,A3_S1_S2_sequence,LSTM,3,No crop/Fallow,No crop/Fallow
3924,A3_S1_S2_sequence,LSTM,3,No crop/Fallow,No crop/Fallow
3925,A3_S1_S2_sequence,LSTM,3,No crop/Fallow,No crop/Fallow
3926,A3_S1_S2_sequence,LSTM,3,No crop/Fallow,No crop/Fallow
3927,A3_S1_S2_sequence,LSTM,3,No crop/Fallow,No crop/Fallow
3928,A3_S1_S2_sequence,LSTM,3,No crop/Fallow,Rice
3929,A3_S1_S2_sequence,LSTM,3,No crop/Fallow,No crop/Fallow
3930,A3_S1_S2_sequence,LSTM,3,No crop/Fallow,Rice
3945,A3_S1_S2_sequence,LSTM,3,Potato,Potato
3967,A3_S1_S2_sequence,LSTM,3,No crop/Fallow,No crop/Fallow
3970,A3_S1_S2_sequence,LSTM,3,No crop/Fallow,No crop/Fallow
3974,A3_S1_S2_sequence,LSTM,3,Rice,Rice
3982,A3_S1_S2_sequence,LSTM,3,No crop/Fallow,Maize
3991,A3_S1_S2_sequence,LSTM,3,No crop/Fallow,No crop/Fallow
3992,A3_S1_S2_sequence,LSTM,3,No crop/Fallow,Potato
3993,A3_S1_S2_sequence,LSTM,3,No crop/Fallow,No crop/Fallow
3995,A3_S1_S2_sequence,LSTM,3,No crop/Fallow,No crop/Fallow
3996,A3_S1_S2_sequence,LSTM,3,No crop/Fallow,No crop/Fallow
3997,A3_S1_S2_sequence,LSTM,3,No crop/Fallow,No crop/Fallow
3999,A3_S1_S2_sequence,LSTM,3,No crop/Fallow,No crop/Fallow
4025,A3_S1_S2_sequence,LSTM,3,No crop/Fallow,Potato
4026,A3_S1_S2_sequence,LSTM,3,No crop/Fallow,No crop/Fallow
4040,A3_S1_S2_sequence,LSTM,3,Maize,Rice
4041,A3_S1_S2_sequence,LSTM,3,No crop/Fallow,Rice
4043,A3_S1_S2_sequence,LSTM,3,Rice,Green pea
4045,A3_S1_S2_sequence,LSTM,3,No crop/Fallow,No crop/Fallow
4046,A3_S1_S2_sequence,LSTM,3,No crop/Fallow,No crop/Fallow
4072,A3_S1_S2_sequence,LSTM,3,Rice,Rice
4073,A3_S1_S2_sequence,LSTM,3,Rice,Rice
4086,A3_S1_S2_sequence,LSTM,3,No crop/Fallow,Rice
4087,A3_S1_S2_sequence,LSTM,3,No crop/Fallow,Rice
4109,A3_S1_S2_sequence,LSTM,3,No crop/Fallow,Rice
4110,A3_S1_S2_sequence,LSTM,3,No crop/Fallow,No crop/Fallow
4111,A3_S1_S2_sequence,LSTM,3,No crop/Fallow,No crop/Fallow
4112,A3_S1_S2_sequence,LSTM,3,No crop/Fallow,No crop/Fallow
4128,A3_S1_S2_sequence,LSTM,3,No crop/Fallow,No crop/Fallow
4189,A3_S1_S2_sequence,LSTM,3,No crop/Fallow,Rice
4190,A3_S1_S2_sequence,LSTM,3,No crop/Fallow,Green pea
4191,A3_S1_S2_sequence,LSTM,3,No crop/Fallow,No crop/Fallow
4192,A3_S1_S2_sequence,LSTM,3,Mustard,No crop/Fallow
4193,A3_S1_S2_sequence,LSTM,3,No crop/Fallow,Potato
4194,A3_S1_S2_sequence,LSTM,3,No crop/Fallow,No crop/Fallow
4199,A3_S1_S2_sequence,LSTM,3,No crop/Fallow,Potato
4235,A3_S1_S2_sequence,LSTM,3,Rice,Rice
4246,A3_S1_S2_sequence,LSTM,3,No crop/Fallow,No crop/Fallow
4247,A3_S1_S2_sequence,LSTM,3,No crop/Fallow,No crop/Fallow
4248,A3_S1_S2_sequence,LSTM,3,No crop/Fallow,No crop/Fallow
4249,A3_S1_S2_sequence,LSTM,3,No crop/Fallow,No crop/Fallow
4255,A3_S1_S2_sequence,LSTM,3,No crop/Fallow,No crop/Fallow
4256,A3_S1_S2_sequence,LSTM,3,No crop/Fallow,No crop/Fallow
4257,A3_S1_S2_sequence,LSTM,3,No crop/Fallow,No crop/Fallow
4258,A3_S1_S2_sequence,LSTM,3,No crop/Fallow,Maize
4262,A3_S1_S2_sequence,LSTM,3,Rice,Rice
4263,A3_S1_S2_sequence,LSTM,3,Rice,Rice
4270,A3_S1_S2_sequence,LSTM,3,Mustard,Green pea
4274,A3_S1_S2_sequence,LSTM,3,Rice,Rice
4275,A3_S1_S2_sequence,LSTM,3,Rice,Rice
4276,A3_S1_S2_sequence,LSTM,3,Rice,Rice
4283,A3_S1_S2_sequence,LSTM,3,No crop/Fallow,No crop/Fallow
4284,A3_S1_S2_sequence,LSTM,3,No crop/Fallow,Rice
4291,A3_S1_S2_sequence,LSTM,3,Rice,Rice
4292,A3_S1_S2_sequence,LSTM,3,No crop/Fallow,No crop/Fallow
4294,A3_S1_S2_sequence,LSTM,3,No crop/Fallow,Rice
4295,A3_S1_S2_sequence,LSTM,3,No crop/Fallow,No crop/Fallow
4323,A3_S1_S2_sequence,LSTM,3,Rice,No crop/Fallow
4324,A3_S1_S2_sequence,LSTM,3,Rice,Rice
4330,A3_S1_S2_sequence,LSTM,3,No crop/Fallow,No crop/Fallow
4331,A3_S1_S2_sequence,LSTM,3,No crop/Fallow,No crop/Fallow
4332,A3_S1_S2_sequence,LSTM,3,No crop/Fallow,No crop/Fallow
4333,A3_S1_S2_sequence,LSTM,3,No crop/Fallow,No crop/Fallow
4340,A3_S1_S2_sequence,LSTM,3,No crop/Fallow,No crop/Fallow
4341,A3_S1_S2_sequence,LSTM,3,No crop/Fallow,No crop/Fallow
4342,A3_S1_S2_sequence,LSTM,3,No crop/Fallow,No crop/Fallow
4343,A3_S1_S2_sequence,LSTM,3,No crop/Fallow,Rice
4344,A3_S1_S2_sequence,LSTM,3,No crop/Fallow,No crop/Fallow
4393,A3_S1_S2_sequence,LSTM,3,Rice,No crop/Fallow
4396,A3_S1_S2_sequence,LSTM,3,Rice,Rice
4398,A3_S1_S2_sequence,LSTM,3,Rice,Rice
4405,A3_S1_S2_sequence,LSTM,3,No crop/Fallow,Potato
4407,A3_S1_S2_sequence,LSTM,3,No crop/Fallow,No crop/Fallow
4409,A3_S1_S2_sequence,LSTM,3,No crop/Fallow,No crop/Fallow
4449,A3_S1_S2_sequence,LSTM,3,Potato,Maize
4458,A3_S1_S2_sequence,LSTM,3,No crop/Fallow,Rice
4459,A3_S1_S2_sequence,LSTM,3,No crop/Fallow,No crop/Fallow
4460,A3_S1_S2_sequence,LSTM,3,No crop/Fallow,No crop/Fallow
4461,A3_S1_S2_sequence,LSTM,3,No crop/Fallow,No crop/Fallow
4464,A3_S1_S2_sequence,LSTM,3,No crop/Fallow,No crop/Fallow
4465,A3_S1_S2_sequence,LSTM,3,No crop/Fallow,No crop/Fallow
4466,A3_S1_S2_sequence,LSTM,3,No crop/Fallow,No crop/Fallow
4467,A3_S1_S2_sequence,LSTM,3,No crop/Fallow,No crop/Fallow
4468,A3_S1_S2_sequence,LSTM,3,No crop/Fallow,No crop/Fallow
4469,A3_S1_S2_sequence,LSTM,3,No crop/Fallow,No crop/Fallow
4488,A3_S1_S2_sequence,LSTM,3,No crop/Fallow,No crop/Fallow
4489,A3_S1_S2_sequence,LSTM,3,No crop/Fallow,No crop/Fallow
4490,A3_S1_S2_sequence,LSTM,3,No crop/Fallow,No crop/Fallow
4491,A3_S1_S2_sequence,LSTM,3,No crop/Fallow,No crop/Fallow
4492,A3_S1_S2_sequence,LSTM,3,No crop/Fallow,No crop/Fallow
4493,A3_S1_S2_sequence,LSTM,3,No crop/Fallow,No crop/Fallow
4494,A3_S1_S2_sequence,LSTM,3,No crop/Fallow,No crop/Fallow
4501,A3_S1_S2_sequence,LSTM,3,No crop/Fallow,No crop/Fallow
4502,A3_S1_S2_sequence,LSTM,3,No crop/Fallow,No crop/Fallow
4503,A3_S1_S2_sequence,LSTM,3,No crop/Fallow,No crop/Fallow
4504,A3_S1_S2_sequence,LSTM,3,No crop/Fallow,No crop/Fallow
4506,A3_S1_S2_sequence,LSTM,3,No crop/Fallow,Green pea
4508,A3_S1_S2_sequence,LSTM,3,No crop/Fallow,Green pea
4509,A3_S1_S2_sequence,LSTM,3,No crop/Fallow,Green pea
4520,A3_S1_S2_sequence,LSTM,3,No crop/Fallow,Green pea
4522,A3_S1_S2_sequence,LSTM,3,No crop/Fallow,Green pea
4523,A3_S1_S2_sequence,LSTM,3,No crop/Fallow,No crop/Fallow
4526,A3_S1_S2_sequence,LSTM,3,No crop/Fallow,No crop/Fallow
4527,A3_S1_S2_sequence,LSTM,3,No crop/Fallow,Rice
4528,A3_S1_S2_sequence,LSTM,3,No crop/Fallow,No crop/Fallow
4532,A3_S1_S2_sequence,LSTM,3,No crop/Fallow,Green pea
4533,A3_S1_S2_sequence,LSTM,3,No crop/Fallow,No crop/Fallow
4534,A3_S1_S2_sequence,LSTM,3,Rice,No crop/Fallow
4570,A3_S1_S2_sequence,LSTM,3,No crop/Fallow,Rice
4571,A3_S1_S2_sequence,LSTM,3,No crop/Fallow,No crop/Fallow
4576,A3_S1_S2_sequence,LSTM,3,No crop/Fallow,No crop/Fallow
4577,A3_S1_S2_sequence,LSTM,3,No crop/Fallow,Rice
4578,A3_S1_S2_sequence,LSTM,3,No crop/Fallow,Rice
4579,A3_S1_S2_sequence,LSTM,3,No crop/Fallow,Rice
4586,A3_S1_S2_sequence,LSTM,3,No crop/Fallow,Rice
4587,A3_S1_S2_sequence,LSTM,3,No crop/Fallow,No crop/Fallow
4588,A3_S1_S2_sequence,LSTM,3,No crop/Fallow,No crop/Fallow
4591,A3_S1_S2_sequence,LSTM,3,No crop/Fallow,No crop/Fallow
4617,A3_S1_S2_sequence,LSTM,3,Potato,No crop/Fallow
4619,A3_S1_S2_sequence,LSTM,3,No crop/Fallow,Rice
4621,A3_S1_S2_sequence,LSTM,3,Rice,Rice
4622,A3_S1_S2_sequence,LSTM,3,No crop/Fallow,Rice
4623,A3_S1_S2_sequence,LSTM,3,No crop/Fallow,No crop/Fallow
4624,A3_S1_S2_sequence,LSTM,3,No crop/Fallow,No crop/Fallow
4625,A3_S1_S2_sequence,LSTM,3,No crop/Fallow,No crop/Fallow
4646,A3_S1_S2_sequence,LSTM,3,No crop/Fallow,No crop/Fallow
4647,A3_S1_S2_sequence,LSTM,3,No crop/Fallow,No crop/Fallow
4653,A3_S1_S2_sequence,LSTM,3,No crop/Fallow,No crop/Fallow
4654,A3_S1_S2_sequence,LSTM,3,No crop/Fallow,No crop/Fallow
4657,A3_S1_S2_sequence,LSTM,3,No crop/Fallow,No crop/Fallow
4668,A3_S1_S2_sequence,LSTM,3,No crop/Fallow,Rice
4679,A3_S1_S2_sequence,LSTM,3,No crop/Fallow,Maize
4687,A3_S1_S2_sequence,LSTM,3,No crop/Fallow,Rice
4688,A3_S1_S2_sequence,LSTM,3,No crop/Fallow,No crop/Fallow
4690,A3_S1_S2_sequence,LSTM,3,No crop/Fallow,No crop/Fallow
4702,A3_S1_S2_sequence,LSTM,3,No crop/Fallow,Rice
4703,A3_S1_S2_sequence,LSTM,3,No crop/Fallow,No crop/Fallow
4710,A3_S1_S2_sequence,LSTM,3,No crop/Fallow,No crop/Fallow
4725,A3_S1_S2_sequence,LSTM,3,No crop/Fallow,Green pea
4726,A3_S1_S2_sequence,LSTM,3,No crop/Fallow,Rice
4748,A3_S1_S2_sequence,LSTM,3,No crop/Fallow,No crop/Fallow
4763,A3_S1_S2_sequence,LSTM,3,No crop/Fallow,No crop/Fallow
4764,A3_S1_S2_sequence,LSTM,3,No crop/Fallow,Rice
4765,A3_S1_S2_sequence,LSTM,3,No crop/Fallow,No crop/Fallow
4766,A3_S1_S2_sequence,LSTM,3,No crop/Fallow,Rice
4767,A3_S1_S2_sequence,LSTM,3,No crop/Fallow,Rice
4789,A3_S1_S2_sequence,LSTM,3,No crop/Fallow,No crop/Fallow
4790,A3_S1_S2_sequence,LSTM,3,No crop/Fallow,No crop/Fallow
4791,A3_S1_S2_sequence,LSTM,3,No crop/Fallow,No crop/Fallow
4793,A3_S1_S2_sequence,LSTM,3,No crop/Fallow,No crop/Fallow
4797,A3_S1_S2_sequence,LSTM,3,Mustard,Green pea
4805,A3_S1_S2_sequence,LSTM,3,No crop/Fallow,Rice
4806,A3_S1_S2_sequence,LSTM,3,No crop/Fallow,Rice
4807,A3_S1_S2_sequence,LSTM,3,No crop/Fallow,No crop/Fallow
4814,A3_S1_S2_sequence,LSTM,3,No crop/Fallow,No crop/Fallow
4815,A3_S1_S2_sequence,LSTM,3,No crop/Fallow,Rice
4823,A3_S1_S2_sequence,LSTM,3,Potato,No crop/Fallow
4825,A3_S1_S2_sequence,LSTM,3,Rice,Rice
4830,A3_S1_S2_sequence,LSTM,3,No crop/Fallow,Rice
4831,A3_S1_S2_sequence,LSTM,3,No crop/Fallow,No crop/Fallow
4832,A3_S1_S2_sequence,LSTM,3,No crop/Fallow,No crop/Fallow
4833,A3_S1_S2_sequence,LSTM,3,No crop/Fallow,No crop/Fallow
4834,A3_S1_S2_sequence,LSTM,3,No crop/Fallow,No crop/Fallow
4835,A3_S1_S2_sequence,LSTM,3,No crop/Fallow,Rice
4850,A3_S1_S2_sequence,LSTM,3,Rice,Rice
4875,A3_S1_S2_sequence,LSTM,3,No crop/Fallow,Rice
4876,A3_S1_S2_sequence,LSTM,3,No crop/Fallow,Rice
4877,A3_S1_S2_sequence,LSTM,3,No crop/Fallow,Rice
4881,A3_S1_S2_sequence,LSTM,3,Rice,No crop/Fallow
4882,A3_S1_S2_sequence,LSTM,3,Maize,Rice
4883,A3_S1_S2_sequence,LSTM,3,Rice,Rice
4898,A3_S1_S2_sequence,LSTM,3,No crop/Fallow,No crop/Fallow
4901,A3_S1_S2_sequence,LSTM,3,No crop/Fallow,No crop/Fallow
4902,A3_S1_S2_sequence,LSTM,3,No crop/Fallow,No crop/Fallow
4903,A3_S1_S2_sequence,LSTM,3,No crop/Fallow,Rice
4904,A3_S1_S2_sequence,LSTM,3,No crop/Fallow,No crop/Fallow
4906,A3_S1_S2_sequence,LSTM,3,No crop/Fallow,No crop/Fallow
4926,A3_S1_S2_sequence,LSTM,3,Rice,No crop/Fallow
4962,A3_S1_S2_sequence,LSTM,3,Rice,Rice
4968,A3_S1_S2_sequence,LSTM,3,No crop/Fallow,No crop/Fallow
4969,A3_S1_S2_sequence,LSTM,3,No crop/Fallow,Rice
4970,A3_S1_S2_sequence,LSTM,3,No crop/Fallow,Rice
5019,A3_S1_S2_sequence,LSTM,3,No crop/Fallow,No crop/Fallow
5020,A3_S1_S2_sequence,LSTM,3,No crop/Fallow,No crop/Fallow
5021,A3_S1_S2_sequence,LSTM,3,No crop/Fallow,No crop/Fallow
5022,A3_S1_S2_sequence,LSTM,3,No crop/Fallow,No crop/Fallow
5023,A3_S1_S2_sequence,LSTM,3,No crop/Fallow,No crop/Fallow
5040,A3_S1_S2_sequence,LSTM,3,No crop/Fallow,No crop/Fallow
5041,A3_S1_S2_sequence,LSTM,3,No crop/Fallow,No crop/Fallow
5077,A3_S1_S2_sequence,LSTM,3,No crop/Fallow,No crop/Fallow
5078,A3_S1_S2_sequence,LSTM,3,No crop/Fallow,Rice
5084,A3_S1_S2_sequence,LSTM,3,No crop/Fallow,No crop/Fallow
5085,A3_S1_S2_sequence,LSTM,3,No crop/Fallow,No crop/Fallow
5087,A3_S1_S2_sequence,LSTM,3,No crop/Fallow,No crop/Fallow
5088,A3_S1_S2_sequence,LSTM,3,No crop/Fallow,No crop/Fallow
5089,A3_S1_S2_sequence,LSTM,3,No crop/Fallow,Rice
5102,A3_S1_S2_sequence,LSTM,3,No crop/Fallow,Potato
5104,A3_S1_S2_sequence,LSTM,3,No crop/Fallow,Potato
5124,A3_S1_S2_sequence,LSTM,3,No crop/Fallow,Green pea
5125,A3_S1_S2_sequence,LSTM,3,No crop/Fallow,Potato
5126,A3_S1_S2_sequence,LSTM,3,No crop/Fallow,No crop/Fallow
5161,A3_S1_S2_sequence,LSTM,3,No crop/Fallow,No crop/Fallow
5162,A3_S1_S2_sequence,LSTM,3,No crop/Fallow,No crop/Fallow
5163,A3_S1_S2_sequence,LSTM,3,Rice,Rice
5164,A3_S1_S2_sequence,LSTM,3,No crop/Fallow,No crop/Fallow
5179,A3_S1_S2_sequence,LSTM,3,No crop/Fallow,No crop/Fallow
5180,A3_S1_S2_sequence,LSTM,3,No crop/Fallow,No crop/Fallow
5227,A3_S1_S2_sequence,LSTM,3,No crop/Fallow,Rice
5228,A3_S1_S2_sequence,LSTM,3,No crop/Fallow,No crop/Fallow
5229,A3_S1_S2_sequence,LSTM,3,No crop/Fallow,Rice
5231,A3_S1_S2_sequence,LSTM,3,No crop/Fallow,Rice
5232,A3_S1_S2_sequence,LSTM,3,No crop/Fallow,No crop/Fallow
5241,A3_S1_S2_sequence,LSTM,3,No crop/Fallow,No crop/Fallow
5242,A3_S1_S2_sequence,LSTM,3,No crop/Fallow,No crop/Fallow
5243,A3_S1_S2_sequence,LSTM,3,No crop/Fallow,No crop/Fallow
5244,A3_S1_S2_sequence,LSTM,3,No crop/Fallow,Rice
5245,A3_S1_S2_sequence,LSTM,3,Rice,No crop/Fallow
5246,A3_S1_S2_sequence,LSTM,3,No crop/Fallow,No crop/Fallow
5247,A3_S1_S2_sequence,LSTM,3,No crop/Fallow,Rice
5248,A3_S1_S2_sequence,LSTM,3,No crop/Fallow,Rice
5249,A3_S1_S2_sequence,LSTM,3,No crop/Fallow,Rice
5258,A3_S1_S2_sequence,LSTM,3,Rice,Rice
5269,A3_S1_S2_sequence,LSTM,3,Mustard,Mustard
5270,A3_S1_S2_sequence,LSTM,3,Garlic,Garlic
5271,A3_S1_S2_sequence,LSTM,3,Garlic,Garlic
5272,A3_S1_S2_sequence,LSTM,3,Wheat,Mustard
5275,A3_S1_S2_sequence,LSTM,3,Wheat,Wheat
5283,A3_S1_S2_sequence,LSTM,3,Mustard,Mustard
5284,A3_S1_S2_sequence,LSTM,3,Mustard,Mustard
5285,A3_S1_S2_sequence,LSTM,3,Wheat,Wheat
5286,A3_S1_S2_sequence,LSTM,3,Mustard,Mustard
5309,A3_S1_S2_sequence,LSTM,3,Mustard,Mustard
5339,A3_S1_S2_sequence,LSTM,3,Wheat,Wheat
5340,A3_S1_S2_sequence,LSTM,3,Gram,Gram
5358,A3_S1_S2_sequence,LSTM,3,Garlic,Garlic
5359,A3_S1_S2_sequence,LSTM,3,Mustard,Mustard
5361,A3_S1_S2_sequence,LSTM,3,Mustard,Mustard
5362,A3_S1_S2_sequence,LSTM,3,Mustard,Mustard
5365,A3_S1_S2_sequence,LSTM,3,Mustard,Garlic
5366,A3_S1_S2_sequence,LSTM,3,Mustard,Mustard
5367,A3_S1_S2_sequence,LSTM,3,Wheat,Mustard
5369,A3_S1_S2_sequence,LSTM,3,Mustard,Garlic
5394,A3_S1_S2_sequence,LSTM,3,Mustard,Mustard
5396,A3_S1_S2_sequence,LSTM,3,Wheat,Wheat
5397,A3_S1_S2_sequence,LSTM,3,Wheat,Wheat
5428,A3_S1_S2_sequence,LSTM,3,Mustard,Garlic
5430,A3_S1_S2_sequence,LSTM,3,Wheat,Garlic
5431,A3_S1_S2_sequence,LSTM,3,Wheat,Wheat
5433,A3_S1_S2_sequence,LSTM,3,Wheat,Wheat
5434,A3_S1_S2_sequence,LSTM,3,Wheat,Wheat
5435,A3_S1_S2_sequence,LSTM,3,Gram,Gram
5436,A3_S1_S2_sequence,LSTM,3,Wheat,Wheat
5437,A3_S1_S2_sequence,LSTM,3,Wheat,Wheat
5439,A3_S1_S2_sequence,LSTM,3,Wheat,Wheat
5446,A3_S1_S2_sequence,LSTM,3,Wheat,Gram
5447,A3_S1_S2_sequence,LSTM,3,Mustard,Mustard
5448,A3_S1_S2_sequence,LSTM,3,Garlic,Wheat
5449,A3_S1_S2_sequence,LSTM,3,Mustard,Garlic
5450,A3_S1_S2_sequence,LSTM,3,Mustard,Garlic
5451,A3_S1_S2_sequence,LSTM,3,Mustard,Mustard
5453,A3_S1_S2_sequence,LSTM,3,Mustard,Mustard
5454,A3_S1_S2_sequence,LSTM,3,Mustard,Garlic
5455,A3_S1_S2_sequence,LSTM,3,Mustard,Wheat
5456,A3_S1_S2_sequence,LSTM,3,Mustard,Mustard
5457,A3_S1_S2_sequence,LSTM,3,Wheat,Wheat
5458,A3_S1_S2_sequence,LSTM,3,Mustard,Coriander
5460,A3_S1_S2_sequence,LSTM,3,Mustard,Coriander
5462,A3_S1_S2_sequence,LSTM,3,Garlic,Garlic
5464,A3_S1_S2_sequence,LSTM,3,Garlic,Garlic
5465,A3_S1_S2_sequence,LSTM,3,Mustard,Mustard
5467,A3_S1_S2_sequence,LSTM,3,Wheat,Wheat
5468,A3_S1_S2_sequence,LSTM,3,Wheat,Wheat
5470,A3_S1_S2_sequence,LSTM,3,Wheat,Potato
5474,A3_S1_S2_sequence,LSTM,3,Mustard,Garlic
5483,A3_S1_S2_sequence,LSTM,3,Mustard,Gram
5484,A3_S1_S2_sequence,LSTM,3,Mustard,Wheat
5485,A3_S1_S2_sequence,LSTM,3,Mustard,Gram
5486,A3_S1_S2_sequence,LSTM,3,Mustard,Wheat
5487,A3_S1_S2_sequence,LSTM,3,Mustard,Wheat
5498,A3_S1_S2_sequence,LSTM,3,Gram,Gram
5499,A3_S1_S2_sequence,LSTM,3,Wheat,Wheat
5503,A3_S1_S2_sequence,LSTM,3,Wheat,Wheat
5504,A3_S1_S2_sequence,LSTM,3,Mustard,Mustard
5540,A3_S1_S2_sequence,LSTM,3,Wheat,Mustard
5541,A3_S1_S2_sequence,LSTM,3,Mustard,Mustard
5542,A3_S1_S2_sequence,LSTM,3,Wheat,Garlic
5543,A3_S1_S2_sequence,LSTM,3,Wheat,Garlic
5554,A3_S1_S2_sequence,LSTM,3,Wheat,Wheat
5555,A3_S1_S2_sequence,LSTM,3,Wheat,Garlic
5578,A3_S1_S2_sequence,LSTM,3,Wheat,Gram
5579,A3_S1_S2_sequence,LSTM,3,Gram,Gram
5599,A3_S1_S2_sequence,LSTM,3,Wheat,Mustard
5602,A3_S1_S2_sequence,LSTM,3,Mustard,Mustard
5603,A3_S1_S2_sequence,LSTM,3,Wheat,Mustard
5604,A3_S1_S2_sequence,LSTM,3,Mustard,Garlic
5617,A3_S1_S2_sequence,LSTM,3,Wheat,Garlic
5618,A3_S1_S2_sequence,LSTM,3,Wheat,Wheat
5620,A3_S1_S2_sequence,LSTM,3,Wheat,Garlic
5626,A3_S1_S2_sequence,LSTM,3,Mustard,Mustard
5627,A3_S1_S2_sequence,LSTM,3,Wheat,Wheat
5631,A3_S1_S2_sequence,LSTM,3,Mustard,Mustard
5633,A3_S1_S2_sequence,LSTM,3,Mustard,Mustard
5635,A3_S1_S2_sequence,LSTM,3,Mustard,Wheat
5637,A3_S1_S2_sequence,LSTM,3,Wheat,Wheat
5646,A3_S1_S2_sequence,LSTM,3,Mustard,Mustard
5672,A3_S1_S2_sequence,LSTM,3,Mustard,Gram
5677,A3_S1_S2_sequence,LSTM,3,Mustard,Mustard
5678,A3_S1_S2_sequence,LSTM,3,Mustard,Mustard
5679,A3_S1_S2_sequence,LSTM,3,Mustard,Mustard
5689,A3_S1_S2_sequence,LSTM,3,Mustard,Garlic
5692,A3_S1_S2_sequence,LSTM,3,Mustard,Mustard
5693,A3_S1_S2_sequence,LSTM,3,Gram,Gram
5696,A3_S1_S2_sequence,LSTM,3,Mustard,Mustard
5708,A3_S1_S2_sequence,LSTM,3,Wheat,Wheat
5710,A3_S1_S2_sequence,LSTM,3,Wheat,Wheat
5720,A3_S1_S2_sequence,LSTM,3,Wheat,Wheat
5739,A3_S1_S2_sequence,LSTM,3,Mustard,Garlic
5740,A3_S1_S2_sequence,LSTM,3,Mustard,Mustard
5741,A3_S1_S2_sequence,LSTM,3,Wheat,Garlic
5744,A3_S1_S2_sequence,LSTM,3,Mustard,Mustard
5746,A3_S1_S2_sequence,LSTM,3,Wheat,Garlic
5747,A3_S1_S2_sequence,LSTM,3,Wheat,Garlic
5748,A3_S1_S2_sequence,LSTM,3,Mustard,Mustard
5749,A3_S1_S2_sequence,LSTM,3,Mustard,Mustard
5751,A3_S1_S2_sequence,LSTM,3,Mustard,Wheat
5753,A3_S1_S2_sequence,LSTM,3,Wheat,Gram
5754,A3_S1_S2_sequence,LSTM,3,Mustard,Wheat
5755,A3_S1_S2_sequence,LSTM,3,Wheat,Wheat
5766,A3_S1_S2_sequence,LSTM,3,No crop/Fallow,Bersem
5767,A3_S1_S2_sequence,LSTM,3,Wheat,Wheat
5768,A3_S1_S2_sequence,LSTM,3,Wheat,Wheat
5781,A3_S1_S2_sequence,LSTM,3,Wheat,Mustard
5782,A3_S1_S2_sequence,LSTM,3,Mustard,Mustard
5783,A3_S1_S2_sequence,LSTM,3,Mustard,Mustard
5784,A3_S1_S2_sequence,LSTM,3,Mustard,Mustard
5786,A3_S1_S2_sequence,LSTM,3,Mustard,Mustard
5792,A3_S1_S2_sequence,LSTM,3,Gram,Gram
5794,A3_S1_S2_sequence,LSTM,3,Gram,Gram
5796,A3_S1_S2_sequence,LSTM,3,Gram,Gram
5797,A3_S1_S2_sequence,LSTM,3,Gram,Gram
5831,A3_S1_S2_sequence,LSTM,3,Gram,Mustard
5842,A3_S1_S2_sequence,LSTM,3,Wheat,Mustard
5843,A3_S1_S2_sequence,LSTM,3,Mustard,Mustard
5844,A3_S1_S2_sequence,LSTM,3,Mustard,Wheat
5845,A3_S1_S2_sequence,LSTM,3,Wheat,Wheat
5855,A3_S1_S2_sequence,LSTM,3,Mustard,Mustard
5856,A3_S1_S2_sequence,LSTM,3,Mustard,Mustard
5857,A3_S1_S2_sequence,LSTM,3,Mustard,Mustard
5858,A3_S1_S2_sequence,LSTM,3,Mustard,Wheat
5859,A3_S1_S2_sequence,LSTM,3,Wheat,Wheat
5861,A3_S1_S2_sequence,LSTM,3,Wheat,Wheat
5862,A3_S1_S2_sequence,LSTM,3,Wheat,Wheat
5874,A3_S1_S2_sequence,LSTM,3,Gram,Gram
5875,A3_S1_S2_sequence,LSTM,3,Mustard,Mustard
5876,A3_S1_S2_sequence,LSTM,3,Garlic,Garlic
5884,A3_S1_S2_sequence,LSTM,3,Wheat,Gram
5885,A3_S1_S2_sequence,LSTM,3,Mustard,Gram
5890,A3_S1_S2_sequence,LSTM,3,Mustard,Mustard
5891,A3_S1_S2_sequence,LSTM,3,Mustard,Mustard
5892,A3_S1_S2_sequence,LSTM,3,Mustard,Mustard
5907,A3_S1_S2_sequence,LSTM,3,Wheat,Wheat
5918,A3_S1_S2_sequence,LSTM,3,Wheat,Wheat
5919,A3_S1_S2_sequence,LSTM,3,Wheat,Garlic
5920,A3_S1_S2_sequence,LSTM,3,Wheat,Wheat
5921,A3_S1_S2_sequence,LSTM,3,Wheat,Wheat
5922,A3_S1_S2_sequence,LSTM,3,Wheat,Wheat
5932,A3_S1_S2_sequence,LSTM,3,Mustard,Garlic
5934,A3_S1_S2_sequence,LSTM,3,Mustard,Garlic
5938,A3_S1_S2_sequence,LSTM,3,Mustard,Mustard
5950,A3_S1_S2_sequence,LSTM,3,Garlic,Wheat
5951,A3_S1_S2_sequence,LSTM,3,Mustard,Garlic
5953,A3_S1_S2_sequence,LSTM,3,Wheat,Wheat
5954,A3_S1_S2_sequence,LSTM,3,Wheat,Wheat
5955,A3_S1_S2_sequence,LSTM,3,Gram,Wheat
5956,A3_S1_S2_sequence,LSTM,3,Wheat,Wheat
5957,A3_S1_S2_sequence,LSTM,3,Wheat,Garlic
5959,A3_S1_S2_sequence,LSTM,3,Mustard,Mustard
5960,A3_S1_S2_sequence,LSTM,3,Gram,Gram
5963,A3_S1_S2_sequence,LSTM,3,Mustard,Mustard
5964,A3_S1_S2_sequence,LSTM,3,Mustard,Mustard
5965,A3_S1_S2_sequence,LSTM,3,Wheat,Wheat
5966,A3_S1_S2_sequence,LSTM,3,Mustard,Mustard
5969,A3_S1_S2_sequence,LSTM,3,Wheat,Gram
5970,A3_S1_S2_sequence,LSTM,3,Gram,Gram
5971,A3_S1_S2_sequence,LSTM,3,Wheat,Wheat
6000,A3_S1_S2_sequence,LSTM,3,Wheat,Wheat
6006,A3_S1_S2_sequence,LSTM,3,Mustard,Mustard
6008,A3_S1_S2_sequence,LSTM,3,Mustard,Mustard
6012,A3_S1_S2_sequence,LSTM,3,Garlic,Garlic
6013,A3_S1_S2_sequence,LSTM,3,Wheat,Wheat
6015,A3_S1_S2_sequence,LSTM,3,Mustard,Mustard
6019,A3_S1_S2_sequence,LSTM,3,Mustard,Wheat
6049,A3_S1_S2_sequence,LSTM,3,Mustard,Mustard
6051,A3_S1_S2_sequence,LSTM,3,Mustard,Mustard
6097,A3_S1_S2_sequence,LSTM,3,Mustard,Mustard
6098,A3_S1_S2_sequence,LSTM,3,Wheat,Wheat
6106,A3_S1_S2_sequence,LSTM,3,Wheat,Gram
6116,A3_S1_S2_sequence,LSTM,3,Wheat,Wheat
6123,A3_S1_S2_sequence,LSTM,3,Wheat,Wheat
6131,A3_S1_S2_sequence,LSTM,3,Wheat,Wheat
6132,A3_S1_S2_sequence,LSTM,3,Mustard,Mustard
6133,A3_S1_S2_sequence,LSTM,3,Mustard,Wheat
6134,A3_S1_S2_sequence,LSTM,3,Garlic,Wheat
6135,A3_S1_S2_sequence,LSTM,3,Mustard,Mustard
6138,A3_S1_S2_sequence,LSTM,3,Wheat,Wheat
6139,A3_S1_S2_sequence,LSTM,3,Mustard,Wheat
6142,A3_S1_S2_sequence,LSTM,3,Wheat,Garlic
6143,A3_S1_S2_sequence,LSTM,3,Wheat,Wheat
6144,A3_S1_S2_sequence,LSTM,3,Wheat,Wheat
6145,A3_S1_S2_sequence,LSTM,3,Wheat,Wheat
6146,A3_S1_S2_sequence,LSTM,3,Wheat,Wheat
6147,A3_S1_S2_sequence,LSTM,3,Mustard,Mustard
6152,A3_S1_S2_sequence,LSTM,3,Mustard,Mustard
6153,A3_S1_S2_sequence,LSTM,3,Mustard,Mustard
6155,A3_S1_S2_sequence,LSTM,3,Mustard,Garlic
6156,A3_S1_S2_sequence,LSTM,3,Mustard,Garlic
6176,A3_S1_S2_sequence,LSTM,3,Mustard,Mustard
6179,A3_S1_S2_sequence,LSTM,3,Wheat,Mustard
6180,A3_S1_S2_sequence,LSTM,3,Wheat,Mustard
6181,A3_S1_S2_sequence,LSTM,3,Mustard,Mustard
6186,A3_S1_S2_sequence,LSTM,3,Wheat,Wheat
6188,A3_S1_S2_sequence,LSTM,3,Mustard,Mustard
6190,A3_S1_S2_sequence,LSTM,3,Mustard,Mustard
6191,A3_S1_S2_sequence,LSTM,3,Mustard,Mustard
6194,A3_S1_S2_sequence,LSTM,3,Wheat,Wheat
6196,A3_S1_S2_sequence,LSTM,3,Wheat,Wheat
6197,A3_S1_S2_sequence,LSTM,3,Wheat,Wheat
6198,A3_S1_S2_sequence,LSTM,3,Wheat,Wheat
6199,A3_S1_S2_sequence,LSTM,3,Wheat,Wheat
6201,A3_S1_S2_sequence,LSTM,3,Wheat,Wheat
6213,A3_S1_S2_sequence,LSTM,3,Wheat,Garlic
6214,A3_S1_S2_sequence,LSTM,3,Mustard,Mustard
6215,A3_S1_S2_sequence,LSTM,3,Mustard,Mustard
6216,A3_S1_S2_sequence,LSTM,3,Garlic,Wheat
6232,A3_S1_S2_sequence,LSTM,3,Wheat,Wheat
6233,A3_S1_S2_sequence,LSTM,3,Wheat,Garlic
6238,A3_S1_S2_sequence,LSTM,3,Gram,Gram
6239,A3_S1_S2_sequence,LSTM,3,Wheat,Wheat
6240,A3_S1_S2_sequence,LSTM,3,Mustard,Garlic
6242,A3_S1_S2_sequence,LSTM,3,Mustard,Mustard
6243,A3_S1_S2_sequence,LSTM,3,Mustard,Mustard
6244,A3_S1_S2_sequence,LSTM,3,Mustard,Mustard
6268,A3_S1_S2_sequence,LSTM,3,Wheat,Garlic
6271,A3_S1_S2_sequence,LSTM,3,Wheat,Mustard
6272,A3_S1_S2_sequence,LSTM,3,Mustard,Mustard
6273,A3_S1_S2_sequence,LSTM,3,Mustard,Mustard
6296,A3_S1_S2_sequence,LSTM,3,Mustard,Mustard
6297,A3_S1_S2_sequence,LSTM,3,Mustard,Mustard
6298,A3_S1_S2_sequence,LSTM,3,Mustard,Mustard
6308,A3_S1_S2_sequence,LSTM,3,No crop/Fallow,Rice
6312,A3_S1_S2_sequence,LSTM,3,Maize,Wheat
6313,A3_S1_S2_sequence,LSTM,3,Maize,Potato
6317,A3_S1_S2_sequence,LSTM,3,Maize,Maize
6330,A3_S1_S2_sequence,LSTM,3,Mustard,Mustard
6335,A3_S1_S2_sequence,LSTM,3,Wheat,Maize
6336,A3_S1_S2_sequence,LSTM,3,Maize,Maize
6337,A3_S1_S2_sequence,LSTM,3,Mustard,Maize
6338,A3_S1_S2_sequence,LSTM,3,No crop/Fallow,Rice
6340,A3_S1_S2_sequence,LSTM,3,Maize,Maize
6341,A3_S1_S2_sequence,LSTM,3,Maize,Maize
6347,A3_S1_S2_sequence,LSTM,3,Maize,Maize
6348,A3_S1_S2_sequence,LSTM,3,Mustard,Mustard
6350,A3_S1_S2_sequence,LSTM,3,Mustard,Mustard
6362,A3_S1_S2_sequence,LSTM,3,Wheat,Wheat
6363,A3_S1_S2_sequence,LSTM,3,Wheat,Wheat
6364,A3_S1_S2_sequence,LSTM,3,Potato,Rice
6365,A3_S1_S2_sequence,LSTM,3,Potato,Mustard
6380,A3_S1_S2_sequence,LSTM,3,Maize,Maize
6385,A3_S1_S2_sequence,LSTM,3,Wheat,Wheat
6386,A3_S1_S2_sequence,LSTM,3,Wheat,Wheat
6396,A3_S1_S2_sequence,LSTM,3,No crop/Fallow,No crop/Fallow
6397,A3_S1_S2_sequence,LSTM,3,Mustard,Mustard
6405,A3_S1_S2_sequence,LSTM,3,Wheat,Rice
6406,A3_S1_S2_sequence,LSTM,3,Wheat,No crop/Fallow
6413,A3_S1_S2_sequence,LSTM,3,Mustard,Rice
6426,A3_S1_S2_sequence,LSTM,3,Mustard,Rice
6428,A3_S1_S2_sequence,LSTM,3,Wheat,Mustard
6429,A3_S1_S2_sequence,LSTM,3,Wheat,No crop/Fallow
6436,A3_S1_S2_sequence,LSTM,3,Maize,Maize
6440,A3_S1_S2_sequence,LSTM,3,Mustard,Potato
6441,A3_S1_S2_sequence,LSTM,3,Mustard,Mustard
6455,A3_S1_S2_sequence,LSTM,3,Maize,Mustard
6456,A3_S1_S2_sequence,LSTM,3,Maize,Maize
6472,A3_S1_S2_sequence,LSTM,3,Wheat,Maize
6473,A3_S1_S2_sequence,LSTM,3,Maize,Maize
6474,A3_S1_S2_sequence,LSTM,3,Maize,Maize
6475,A3_S1_S2_sequence,LSTM,3,Potato,Maize
6476,A3_S1_S2_sequence,LSTM,3,Wheat,Potato
6480,A3_S1_S2_sequence,LSTM,3,Wheat,Maize
6481,A3_S1_S2_sequence,LSTM,3,Wheat,Rice
6487,A3_S1_S2_sequence,LSTM,3,Maize,Maize
6517,A3_S1_S2_sequence,LSTM,3,Maize,Maize
6564,A3_S1_S2_sequence,LSTM,3,Maize,Maize
6565,A3_S1_S2_sequence,LSTM,3,Mustard,Maize
6599,A3_S1_S2_sequence,LSTM,3,Potato,Maize
6604,A3_S1_S2_sequence,LSTM,3,Maize,Maize
6606,A3_S1_S2_sequence,LSTM,3,Mustard,Maize
6607,A3_S1_S2_sequence,LSTM,3,Mustard,Coriander
6609,A3_S1_S2_sequence,LSTM,3,Maize,Maize
6627,A3_S1_S2_sequence,LSTM,3,Maize,Maize
6628,A3_S1_S2_sequence,LSTM,3,No crop/Fallow,Rice
6630,A3_S1_S2_sequence,LSTM,3,Mustard,Mustard
6631,A3_S1_S2_sequence,LSTM,3,No crop/Fallow,Maize
6633,A3_S1_S2_sequence,LSTM,3,No crop/Fallow,Rice
6635,A3_S1_S2_sequence,LSTM,3,Maize,Potato
6650,A3_S1_S2_sequence,LSTM,3,Maize,Rice
6661,A3_S1_S2_sequence,LSTM,3,No crop/Fallow,Mustard
6674,A3_S1_S2_sequence,LSTM,3,No crop/Fallow,Rice
6716,A3_S1_S2_sequence,LSTM,3,Maize,Maize
6717,A3_S1_S2_sequence,LSTM,3,Mustard,Rice
6730,A3_S1_S2_sequence,LSTM,3,Maize,Rice
6731,A3_S1_S2_sequence,LSTM,3,No crop/Fallow,Rice
6741,A3_S1_S2_sequence,LSTM,3,Wheat,Maize
6743,A3_S1_S2_sequence,LSTM,3,Green pea,Potato
6750,A3_S1_S2_sequence,LSTM,3,Maize,Maize
6757,A3_S1_S2_sequence,LSTM,3,Maize,Potato
6758,A3_S1_S2_sequence,LSTM,3,Mustard,Mustard
6759,A3_S1_S2_sequence,LSTM,3,Maize,Maize
6772,A3_S1_S2_sequence,LSTM,3,Maize,Maize
6773,A3_S1_S2_sequence,LSTM,3,Maize,Maize
6774,A3_S1_S2_sequence,LSTM,3,Maize,Maize
6775,A3_S1_S2_sequence,LSTM,3,No crop/Fallow,Maize
6777,A3_S1_S2_sequence,LSTM,3,Maize,Maize
6782,A3_S1_S2_sequence,LSTM,3,No crop/Fallow,Rice
6802,A3_S1_S2_sequence,LSTM,3,Rice,No crop/Fallow
6822,A3_S1_S2_sequence,LSTM,3,Mustard,Mustard
6823,A3_S1_S2_sequence,LSTM,3,Mustard,Mustard
6824,A3_S1_S2_sequence,LSTM,3,Mustard,Mustard
6844,A3_S1_S2_sequence,LSTM,3,No crop/Fallow,Mustard
6849,A3_S1_S2_sequence,LSTM,3,No crop/Fallow,Rice
6862,A3_S1_S2_sequence,LSTM,3,No crop/Fallow,Rice
6865,A3_S1_S2_sequence,LSTM,3,Mustard,Maize
6867,A3_S1_S2_sequence,LSTM,3,Maize,Maize
6868,A3_S1_S2_sequence,LSTM,3,Mustard,No crop/Fallow
6869,A3_S1_S2_sequence,LSTM,3,Maize,Maize
6870,A3_S1_S2_sequence,LSTM,3,Mustard,Maize
6893,A3_S1_S2_sequence,LSTM,3,Wheat,Maize
6894,A3_S1_S2_sequence,LSTM,3,Maize,Maize
6895,A3_S1_S2_sequence,LSTM,3,Maize,Maize
6896,A3_S1_S2_sequence,LSTM,3,Maize,Maize
6897,A3_S1_S2_sequence,LSTM,3,Maize,Mustard
6916,A3_S1_S2_sequence,LSTM,3,Mustard,Potato
6917,A3_S1_S2_sequence,LSTM,3,Maize,Maize
6919,A3_S1_S2_sequence,LSTM,3,Maize,Mustard
6920,A3_S1_S2_sequence,LSTM,3,Maize,Maize
6921,A3_S1_S2_sequence,LSTM,3,Maize,Maize
6931,A3_S1_S2_sequence,LSTM,3,Wheat,Maize
6944,A3_S1_S2_sequence,LSTM,3,Maize,Maize
6945,A3_S1_S2_sequence,LSTM,3,Potato,Maize
6946,A3_S1_S2_sequence,LSTM,3,Maize,Maize
6960,A3_S1_S2_sequence,LSTM,3,Maize,Maize
6961,A3_S1_S2_sequence,LSTM,3,Maize,Maize
6966,A3_S1_S2_sequence,LSTM,3,Wheat,Maize
6967,A3_S1_S2_sequence,LSTM,3,Wheat,Rice
6968,A3_S1_S2_sequence,LSTM,3,Mustard,Maize
6976,A3_S1_S2_sequence,LSTM,3,Mustard,No crop/Fallow
6977,A3_S1_S2_sequence,LSTM,3,Maize,Rice
6978,A3_S1_S2_sequence,LSTM,3,Wheat,Maize
6980,A3_S1_S2_sequence,LSTM,3,No crop/Fallow,Rice
6981,A3_S1_S2_sequence,LSTM,3,Wheat,Wheat
6988,A3_S1_S2_sequence,LSTM,3,Maize,Maize
6991,A3_S1_S2_sequence,LSTM,3,Maize,Maize
6994,A3_S1_S2_sequence,LSTM,3,Maize,Maize
6995,A3_S1_S2_sequence,LSTM,3,Maize,Maize
7010,A3_S1_S2_sequence,LSTM,3,Mustard,Potato
7022,A3_S1_S2_sequence,LSTM,3,Maize,Maize
7023,A3_S1_S2_sequence,LSTM,3,Maize,Maize
7024,A3_S1_S2_sequence,LSTM,3,Maize,Maize
7033,A3_S1_S2_sequence,LSTM,3,Wheat,Maize
7035,A3_S1_S2_sequence,LSTM,3,Mustard,Mustard
7036,A3_S1_S2_sequence,LSTM,3,No crop/Fallow,Rice
7062,A3_S1_S2_sequence,LSTM,3,No crop/Fallow,Rice
7063,A3_S1_S2_sequence,LSTM,3,No crop/Fallow,Rice
7082,A3_S1_S2_sequence,LSTM,3,Maize,Potato
7084,A3_S1_S2_sequence,LSTM,3,No crop/Fallow,Maize
7085,A3_S1_S2_sequence,LSTM,3,Maize,Rice
7086,A3_S1_S2_sequence,LSTM,3,No crop/Fallow,Potato
7093,A3_S1_S2_sequence,LSTM,3,Wheat,Wheat
7108,A3_S1_S2_sequence,LSTM,3,Wheat,Wheat
7116,A3_S1_S2_sequence,LSTM,3,Maize,Maize
7143,A3_S1_S2_sequence,LSTM,3,Maize,Maize
7145,A3_S1_S2_sequence,LSTM,3,Maize,Maize
7150,A3_S1_S2_sequence,LSTM,3,Wheat,No crop/Fallow
7151,A3_S1_S2_sequence,LSTM,3,Lentil,Rice
7153,A3_S1_S2_sequence,LSTM,3,Wheat,Sugarcane
7161,A3_S1_S2_sequence,LSTM,3,Maize,Maize
7162,A3_S1_S2_sequence,LSTM,3,Maize,Maize
7167,A3_S1_S2_sequence,LSTM,3,Wheat,Maize
7196,A3_S1_S2_sequence,LSTM,3,Mustard,Mustard
7198,A3_S1_S2_sequence,LSTM,3,Wheat,Wheat
7212,A3_S1_S2_sequence,LSTM,3,Maize,Maize
7214,A3_S1_S2_sequence,LSTM,3,Maize,Maize
7227,A3_S1_S2_sequence,LSTM,3,Wheat,Maize
7228,A3_S1_S2_sequence,LSTM,3,Maize,Mustard
7238,A3_S1_S2_sequence,LSTM,3,No crop/Fallow,Rice
7239,A3_S1_S2_sequence,LSTM,3,Mustard,Rice
7240,A3_S1_S2_sequence,LSTM,3,Mustard,Rice
7241,A3_S1_S2_sequence,LSTM,3,Wheat,Mustard
7242,A3_S1_S2_sequence,LSTM,3,Maize,Maize
7243,A3_S1_S2_sequence,LSTM,3,No crop/Fallow,No crop/Fallow
7244,A3_S1_S2_sequence,LSTM,3,Maize,Maize
7248,A3_S1_S2_sequence,LSTM,3,Maize,Maize
7249,A3_S1_S2_sequence,LSTM,3,Maize,Maize
7250,A3_S1_S2_sequence,LSTM,3,Maize,Maize
7256,A3_S1_S2_sequence,LSTM,3,Maize,Potato
7266,A3_S1_S2_sequence,LSTM,3,Wheat,Wheat
7269,A3_S1_S2_sequence,LSTM,3,Maize,Maize
7270,A3_S1_S2_sequence,LSTM,3,Maize,Maize
7272,A3_S1_S2_sequence,LSTM,3,Maize,Maize
7277,A3_S1_S2_sequence,LSTM,3,Wheat,Wheat
7278,A3_S1_S2_sequence,LSTM,3,Maize,Maize
7294,A3_S1_S2_sequence,LSTM,3,No crop/Fallow,Potato
7303,A3_S1_S2_sequence,LSTM,3,Mustard,Mustard
7304,A3_S1_S2_sequence,LSTM,3,Mustard,Mustard
7305,A3_S1_S2_sequence,LSTM,3,Mustard,Mustard
7306,A3_S1_S2_sequence,LSTM,3,Mustard,Potato
